:020000040800F2
:1000000050510024AD02000849A90008B59E00081F
:1000100029A90008B90E000845CC0008000000001E
:100020000000000000000000000000008DB2000889
:10003000AD1D0008000000005DA9000825B40008FF
:10004000C7020008C7020008C7020008C70200086C
:10005000C7020008C7020008C7020008C70200085C
:10006000C7020008C7020008C7020008391A0008C2
:10007000C7020008C7020008C7020008C70200083C
:10008000C7020008C7020008C7020008C70200082C
:10009000C7020008C7020008C70200083120000894
:1000A000C7020008C7020008C7020008C70200080C
:1000B000C7020008C7020008C7020008C7020008FC
:1000C000C7020008C7020008C702000831B10008D3
:1000D000C702000835CC0008C7020008C7020008A4
:1000E000C7020008C702000800000000C70200089D
:1000F0002DB60008C7020008C7020008C7020008A2
:10010000C70200082DAE0008C7020008C702000899
:10011000C7020008C7020008C70200081DB6000891
:10012000C7020008C7020008C7020008C70200088B
:10013000C7020008C7020008C7020008C70200087B
:1001400000000000000000000000000000000000AF
:10015000C7020008C7020008C7020008C70200085B
:10016000C7020008C7020008C7020008C70200084B
:10017000C7020008C7020008C7020008C70200083B
:10018000C7020008C7020008C7020008C70200082B
:10019000C7020008C7020008C7020008C70200081B
:1001A000C7020008C7020008C7020008C70200080B
:1001B000C7020008C7020008C7020008C7020008FB
:1001C000C7020008C7020008C7020008C7020008EB
:1001D000C7020008C7020008C7020008C7020008DB
:1001E000C7020008C7020008C7020008C7020008CB
:1001F000C7020008C7020008C7020008C7020008BB
:10020000C7020008C7020008C7020008C7020008AA
:10021000C7020008C70200080DB60008C7020008A0
:10022000C7020008C7020008C7020008000000005B
:10023000C7020008C702000800000000C70200084B
:10024000C7020008C7020008C7020008C70200086A
:10025000C7020008C7020008C7020008C70200085A
:10026000C7020008C7020008C7020008C70200084A
:10027000C7020008C7020008C7020008000000000B
:10028000C7020008C7020008C702000800000000FB
:1002900000000000C7020008DFF80CD000F084FB6B
:1002A0000048004719DE00085051002406488047E6
:1002B00006480047FEE7FEE7FEE7FEE7FEE7FEE74B
:1002C000FEE7FEE7FEE7FEE711B500089902000829
:1002D0002DE9F05F0546002092469B46884606467B
:1002E000814640241BE0284641464746224600F00E
:1002F0008CFA53465A46C01A914110D311461846FB
:10030000224600F073FA2D1A67EB01084F46224689
:100310000120002100F06AFA17EB00094E41201E6F
:10032000A4F10104DFDC484631462A464346BDE8D5
:10033000F09F40EA01039B0703D009E008C9121FA0
:1003400008C0042AFAD203E011F8013B00F8013B8F
:10035000521EF9D27047D2B201E000F8012B491EBB
:10036000FBD270470022F6E710B513460A46044652
:100370001946FFF7F0FF204610BD421E12F8013F5C
:10038000002BFBD111F8013B02F8013B002BF9D106
:100390007047421C10F8011B0029FBD1801A7047DE
:1003A000034611F8012B00F8012B002AF9D1184659
:1003B00070472DE9FE4F804681EA0300C00F0C46CE
:1003C000009021F0004123F00045B8EB0200A94164
:1003D00005D24046214690461C460B46024623F075
:1003E0000040104347D0270DC7F30A00C3F30A515A
:1003F0000290401A019040286BDAC3F3130040F4D6
:10040000801B0098924620B10023D2EB030A63EBD5
:100410000B0B01985946C0F14002504600F0E6F936
:1004200006460D4650465946019A00F0FEF910EB7B
:1004300008006141002487EA115284EAE7731A43F5
:1004400040D0009A62B3019A012A4FEA075215DCA4
:10045000001B61EB02014FF0004202EA0752CDE9B6
:100460000042001C41F5801132462B4600F035FA5F
:1004700003B0BDE8F08F40462146F9E7001B61EB71
:100480000201001C41F5801300185B412018A2F501
:10049000001747EB030140EAD570B6196D4111E032
:1004A0006D084FEA360645EAC0754FEA0752001B51
:1004B00061EB0201001C41F5801149084FEA300050
:1004C0000019514132462B4603B0BDE8F04F00F011
:1004D000F5B90098012240000023D0EB020263EB43
:1004E000E073009821464FEAE074B8EB000061EB3E
:1004F0000401E9E783F000435BE781F0004158E73E
:100500002DE9FE4F81EA030404F0004421F000418C
:1005100000944FF0000B23F0004350EA01045ED03A
:1005200052EA03045BD0C3F30A54C1F30A552C44C6
:10053000A4F2F3340194A0FB0254C1F3130141F47B
:100540008011C3F3130343F4801301FB024400FB47
:10055000034E840A970A44EA815447EA8357A4FB6E
:10056000076802958D0A05FB07854FEA932C04FB6B
:100570000C542705029D4FEA065847EA1637B5EB9B
:1005800008056EEB070C870E920E47EA811742EAC8
:100590008312A7FB0201B6EB0B0164EB00042B0DE9
:1005A00043EA0C335E1844EB1C50DA465146E7FB35
:1005B0000201C5F313044FEA0B3343EA14534FEA25
:1005C0000432019C43EA0603A4F10C040294009C4B
:1005D000CDE900B400F081F903B0BDE8F08F002050
:1005E0000146F9E72DE9F04D81EA030404F0004BE0
:1005F00021F0004514464FF0000A23F0004150EA74
:10060000050220D054EA01021DD0C5F30A57024664
:10061000C5F31303C1F31300C1F30A5640F4801568
:1006200043F48013A7EB0608101BD64608F2FD38EA
:1006300073EB050002D308F1010801E092185B4159
:10064000B8F1000F03DA00200146BDE8F08D00206C
:100650004FF48011064684460EE0171B73EB050726
:1006600005D3121B63EB050306434CEA010C490852
:100670004FEA300092185B4150EA0107EDD152EA8F
:10068000030012D082EA040083EA0501084305D082
:10069000101BAB4106D20122002306E000224FF0DE
:1006A000004302E06FF0010253101AEB06004CEB1E
:1006B000085110EB0A0041EB0B01BDE8F04D00F0D2
:1006C000FDB80EB5C10F80EAE0700844CA070021EA
:1006D00040F233438DE80E000A460B4600F0FDF869
:1006E00003B000BD0EB540F2334102910021CDE9C7
:1006F00000110A460B4600F0F0F803B000BDC1F34C
:100700000A5210B5C1F3130140F2FF3341F48011D6
:100710009A4201DA002010BD40F233439A42A2F21D
:10072000334203DC524200F070F810BD904010BD1F
:1007300000F0004230F000400AD0C10D01F56071B8
:10074000C0F3160042EA0151C20840071143704746
:10075000002001467047000030B5041E71F100040E
:1007600004DB4FF00044404264EB0101141E73F1BE
:10077000000405DB1C464FF00043524263EB0403C8
:10078000994208BF904230BD01F0004330B421F0DF
:10079000004150EA010206D00A0DA2F56072C1F3D1
:1007A0001301002A02DC30BC00207047440F44EAE9
:1007B000C104C100E01830BC00EBC25000F047B8E3
:1007C00030B50B46014600202022012409E021FA21
:1007D00002F59D4205D303FA02F5491B04FA02F51E
:1007E0002844151EA2F10102F1DC30BD202A04DBF1
:1007F000203A00FA02F1002070479140C2F1200334
:1008000020FA03F3194390407047202A04DB203A72
:1008100021FA02F00021704721FA02F3D040C2F120
:1008200020029140084319467047202A06DBCB1767
:10083000203A41FA02F043EAE07306E041FA02F39B
:10084000D040C2F120029140084319467047002968
:10085000A8BF7047401C490008BF20F00100704746
:1008600010B4B0FA80FC00FA0CF050EA010404BFA6
:1008700010BC704749B1CCF1200421FA04F411FAFC
:100880000CF118BF012121430843A3EB0C01CB1D40
:100890004FEA00614FEA102042BF002010BC7047B1
:1008A00000EBC35010440029A4BF10BC7047401C8B
:1008B000490008BF20F0010010BC704710B5141E9D
:1008C00073F1000408DA401C41F1000192185B4109
:1008D0001A4301D120F0010010BD2DE9F04D9246E0
:1008E0009B4611B1B1FA81F202E0B0FA80F22032F7
:1008F0009046FFF77BFF04460F4640EA0A0041EAB4
:100900000B0153465A46084313D0114653EA0100DF
:1009100019D0C8F140025046FFF777FF05460E4652
:10092000504659464246FFF761FF084305D0012073
:1009300004E020463946BDE8F08D0020054346EA34
:10094000E0762C4337430A986305E40AA0EB0800DD
:100950000022FD0A44EA47540A3002D5002001462D
:10096000E9E7010510196941DDE908450019694108
:10097000BDE8F04DA2E7C1F30A52C1F3130140F202
:10098000FF3341F480119A4202DA00200146704799
:1009900040F233439A42A2F2334202DC5242FFF762
:1009A00034BFFFF723BF0000064C074D06E0E068A8
:1009B00040F0010394E8070098471034AC42F6D3A6
:1009C000FFF76EFC04FC000824FC000870B58C18CE
:1009D00010F8015B15F0070301D110F8013B2A1153
:1009E00006D110F8012B03E010F8016B01F8016B40
:1009F0005B1EF9D12B0705D40023521E0DD401F83C
:100A0000013BFAE710F8013BCB1A921C03E013F804
:100A1000015B01F8015B521EF9D5A142D8D3002039
:100A200070BD000070B504464E492068884203D06E
:100A30004D492068884208D14C48006800F4403095
:100A400008B1012009E0002007E04948006800F4EF
:100A5000403008B1012000E00020B8B106F09CF859
:100A600005466068B0F5803F06D0B0F5003F04D081
:100A7000B0F5403F08D105E000BF6068000CB5FB51
:100A8000F0F502E0AD0800E000BF2AE04FF40020DE
:100A900004F096FD05466068C0F31101F9B98014B1
:100AA0000C281CD2DFE800F01B060708090A0B110E
:100AB0001315171900BF00BF00BF00BF00BF60685B
:100AC000800C4000B5FBF0F50AE02D0908E06D0947
:100AD00006E0AD0904E0ED0902E02D0A00E000BFE8
:100AE00000BF04F071F841F20301884210D8214898
:100AF000854206D92068806840F48070216888604B
:100B00002FE02068806820F480702168886028E0E9
:100B10006D081948854206D82068806820F4407026
:100B2000216888601DE01548854208D820688068E3
:100B300020F4407040F480702168886011E0104813
:100B4000854208D82068806820F4407040F4007026
:100B50002168886005E02068806840F44070216862
:100B6000886070BD0020024000210240082302403E
:100B700008630258002D3101105E5F0020BCBE00EA
:100B800040787D012DE9F05F044688464FF000096A
:100B90004746206809F016FA8246206809F0FEF9F7
:100BA0008346BAF1000F02D1BBF1000F72D020686A
:100BB000C06800F0007000B3607D01281DD1207D69
:100BC00001281AD101270FE0334881450AD3606D0F
:100BD00040F010006065A06D40F00100A0650120AC
:100BE000BDE8F09F09F1010920680068C0F380109A
:100BF0000028E9D0402021680860022F10D020682A
:100C000009F0E0F960B1206809F0CDF940B9206839
:100C10008168224A114041F01001816000BF00BF8D
:100C2000012F10D0206809F0B9F960B1206809F0EF
:100C3000BAF940B920688168184A114041F0200192
:100C4000816000BF00BF022F03D0032F03D10C250A
:100C500003E0082501E0042500BF00BF03F0BAFF50
:100C6000064612E003F0B6FF801B05280DD9206868
:100C70008068284048B1606D40F010006065A06D4C
:100C800040F00100A0650120AAE7206880682840A4
:100C90000028E7D10020A3E700DC0C00C0FFFF7FA5
:100CA00070B50446206809F07EF90646206809F010
:100CB0007FF998B396BB2068806800F00D0001288A
:100CC0000AD1206881681A4A1140891C816000BFDE
:100CD00003202168086009E0606D40F01000606545
:100CE000A06D40F00100A065012070BD03F072FF0F
:100CF000054614E003F06EFF401B02280FD9206860
:100D0000806800F0010050B1606D40F01000606537
:100D1000A06D40F00100A0650120E6E705E0206835
:100D2000806800F001000028E4D10020DDE7000029
:100D3000C0FFFF7F70B50446206809F039F900282C
:100D400051D1206880682949084048B1606D40F061
:100D500010006065A06D40F00100A065012070BD2D
:100D6000206809F009F903F035FF0546204A21689B
:100D7000914203D01F4A2168914201D11E4900E0EF
:100D80001E49084609F005F906461A4920688842B6
:100D900001D1174800E020682168884200D00EBBCE
:100DA0001AE0206809F004F910B9206809F0E4F8A5
:100DB00003F010FF401B02280ED92068006800F0E5
:100DC000010048B9606D40F010006065A06D40F012
:100DD0000100A0650120C2E72068006800F0010062
:100DE0000028DED000BF0020B9E700003F000080EF
:100DF000002002400021024000230240006302580C
:100E000010B52DED028B18480BF01EFF00224FF499
:100E10000041164803F0D2FE09F088F80CF060FD9E
:100E2000134801F071FFFF21114801F0BBFE0920BA
:100E300009F0A4FF10EE104A2046FFF779FC41ECC0
:100E4000180B53EC182B0BA00BF0FEFE6FF00100FB
:100E50000D49096808610C4807F074FC09F008FFA7
:100E6000BDEC028B10BD00002C000024000C0258C9
:100E7000B4020024B5E7B3D8B5E7D1B9203D2025A9
:100E8000302E3366560D0A007805002410B509F09F
:100E900023FC044609F016FD08F0DAFF10BD00003F
:100EA0000120014908607047140000240120014915
:100EB000086070471000002400BFFEE770B50546CB
:100EC000402009F0AFF80B2D14D2DFE805F09206B0
:100ED0001422303E4C5A68768400002408E04649CB
:100EE000085D09F0BBF8022003F014FC601CC4B2DA
:100EF000202CF4DB7DE0002408E04049085D09F087
:100F0000ADF8022003F006FC601CC4B2202CF4DB18
:100F10006FE0002408E03A49085D09F09FF80220DC
:100F200003F0F8FB601CC4B2202CF4DB61E0002469
:100F300008E03449085D09F091F8022003F0EAFB6B
:100F4000601CC4B2202CF4DB53E0002408E02E49DE
:100F5000085D09F083F8022003F0DCFB601CC4B2DA
:100F6000202CF4DB45E0002408E02849085D09F066
:100F700075F8022003F0CEFB601CC4B2202CF4DB19
:100F800037E0002408E02249085D09F067F80220F4
:100F900003F0C0FB601CC4B2202CF4DB29E0002469
:100FA00008E01C49085D09F059F8022003F0B2FB83
:100FB000601CC4B2202CF4DB1BE0002408E01649BE
:100FC000085D09F04BF8022003F0A4FB601CC4B2DA
:100FD000202CF4DB0DE0002408E01049085D09F046
:100FE0003DF8022003F096FB601CC4B2202CF4DB19
:100FF00000BF00BF70BD0000D4010024B401002474
:1010000094010024740100245401002434010024BC
:1010100014010024F4000024D4000024B4000024AF
:1010200000B52DED068B85B07A4A07CA02AB07C31F
:1010300002A80CF0D9FA9FED780AB0EE408A0020A1
:10104000019076A00BF000FE77A2002104200CF0A6
:1010500079FE02A800F0ACFE0CF08CFA1420754961
:1010600008706FF00100744909680861724807F060
:1010700069FB032104200CF093FE70A203210420DD
:101080000CF060FE70A00BF0DFFD96E00DF060F854
:101090000128FAD16F490870032102200CF080FE6C
:1010A0006D4A032102200CF04DFE6CA00BF0CCFD2C
:1010B00037206049087000206649087000BF0DF0B5
:1010C000C3F80028FBD069480078642110FB01F0C8
:1010D0006749097801EB810100EB41006549097816
:1010E000084400EE100AB8EEC00ADFED630A80EE95
:1010F000201A624880ED001A012056490870032129
:1011000004200CF04DFE5EA2032104200CF01AFE18
:101110005EA00BF099FD59480068FFF709FB41EC10
:10112000190B53EC192B5DA00BF08EFD534890ED7D
:10113000000AF2EE020AB4EEE00AF1EE10FA02DD65
:101140005CA00BF081FD4D480068FFF7F1FA41EC1F
:101150001A0B9FED5C0B53EC102BFFF743FA41EC9D
:10116000190BFFF711FB08EE100A0A2201A9BDEEC8
:10117000C80A10EE100A0CF063FD032108460CF0BB
:101180000FFE01AA032108460CF0DCFD0CF0B4FAB6
:101190000020284908702F4908709FED1F0A374822
:1011A00080ED000A244807F040FB01A947A00BF09E
:1011B0004BFD05B0BDEC068B00BD4948007800280A
:1011C0003FF464AF46480078012821D145480078B3
:1011D000F0B90020424908709FED0F0A274880EDC2
:1011E000000A0020134908701A49087003210420DE
:1011F0000CF0D6FD3CA2032104200CF0A3FD0CF062
:101200007BFA0D4807F011FB3AA00BF01DFDD0E76B
:1012100000BFCEE770E8000800000000D7CBCCACE0
:1012200034370D0A00000000D7CBCCAC3437A3BA5A
:10123000000000002502002410060024B5C8B4FDFB
:10124000D3A6B4F000000000B5C8B4FDD3A6B4F036
:101250000D0A000024020024690200243437CAD594
:10126000B5BDD3A6B4F00D0A000000006B00002449
:101270006A000024690000240000C84264000024C1
:10128000B9A6C4DCD3A6B4F0000000003437B9A678
:10129000C4DCD3A6B4F00D0A00000000D7CBCCAC60
:1012A000CAB1BCE4203D2025302E316620530D0A02
:1012B00000000000D7CBCCACB3ACB3F6B7B6CEA72A
:1012C0000D0A00009A9999999999A93FD7CBCCAC6E
:1012D000BDC7B6C8203D202573200D0A00000000C0
:1012E0002002002422020024CDA8D0C5CAA7B0DC69
:1012F00000000000CDA8D0C5CAA7B0DC0D0A0000D0
:1013000000B52DED068B85B0774A07CA02AB07C33F
:1013100002A80CF069F99FED750AB0EE408A002032
:10132000019073A00BF090FC74A2002104200CF03B
:1013300009FD02A800F03CFD0CF01CF914207249D4
:1013400008706FF001007149096808616F4807F083
:10135000F9F9032104200CF023FD6DA203210420E0
:101360000CF0F0FC6DA00BF06FFC92E00CF0F0FEC6
:101370000128FAD16C490870032102200CF010FDFD
:101380006A4A032102200CF0DDFC69A00BF05CFC32
:1013900037205D49087000206349087000BF0CF0D9
:1013A00053FF0028FBD066480078642110FB01F051
:1013B0006449097801EB810100EB41006249097839
:1013C000084400EE100AB8EEC00ADFED600A80EEB5
:1013D000201A5F4880ED001A01205349087003214C
:1013E00004200CF0DDFC5BA2032104200CF0AAFC1D
:1013F0005BA00BF029FC56480068FFF799F941EC17
:10140000190B53EC192B5AA00BF01EFC5048006826
:10141000FFF78EF99FED5C0B53EC102BFFF79CF957
:1014200002D25BA00BF010FC49480068FFF780F97E
:1014300041EC1A0B9FED5A0B53EC102BFFF760F8A1
:1014400041EC190BFFF7A0F908EE100A0A2201A9D6
:10145000BDEEC80A10EE100A0CF0F2FB032108469C
:101460000CF09EFC01AA032108460CF06BFC002046
:10147000254908702C4908700CF03EF9234807F004
:10148000D4F901A948A00BF0DFFB05B0BDEC068B39
:1014900000BD4A48007800283FF468AF474800780C
:1014A00001281ED10020454908709FED100A2848E8
:1014B00080ED000A0020144908701B4908700321C0
:1014C00004200CF06DFC3EA2032104200CF03AFC39
:1014D0000CF012F90D4807F0A8F93CA00BF0B4FB92
:1014E000D3E700BFD1E7000064E800080000000077
:1014F000B5E7D1B934380D0A00000000B5E7D1B91D
:101500003438A3BA0000000025020024100600248D
:10151000B5C8B4FDD3A6B4F000000000B5C8B4FD52
:10152000D3A6B4F00D0A00002402002469020024AE
:101530003438CAD5B5BDD3A6B4F00D0A00000000FA
:101540006B0000246A000024690000240000C842E7
:1015500064000024B9A6C4DCD3A6B4F000000000E7
:101560003438B9A6C4DCD3A6B4F00D0A00000000DC
:10157000B5E7D1B9CAB1BCE4203D2025302E316693
:1015800020530D0A000000006666666666660A4023
:10159000B5E7D1B9B3ACB3F6B7B6CEA70D0A000024
:1015A000C3F5285C8FC20540B5E7B3D8B5E7D1B91C
:1015B000203D202573200D0A000000002002002499
:1015C000CDA8D0C5CAA7B0DC00000000CDA8D0C50A
:1015D000CAA7B0DC0D0A000000B52DED048B85B064
:1015E000654AD2E900109268CDE90302029102A88F
:1015F0000BF0FAFF9FED610AB0EE408A00200190E7
:101600005FA00BF021FB61A2002104200CF09AFBEB
:1016100002A809F06BFE02A800F0CAFB0BF0AAFFBB
:1016200014205D4908706FF001005C490968086189
:101630005A4807F087F8032104200CF0B1FB58A2A8
:10164000032104200CF07EFB58A00BF0FDFA69E0AA
:101650000CF07EFD012865D157480078642110FB0D
:1016600001F05649097801EB810100EB4100544932
:101670000978084400EE100AB8EEC00ADFED510AFE
:1016800080EE201A504880ED001A01204F49087062
:10169000032104200CF084FB4DA2032104200CF054
:1016A00051FB4EA00BF0D0FA47480068FFF740F816
:1016B00041EC190B53EC192B4CA00BF0C5FA424826
:1016C00090ED000ADFED4F0A20EE200AF0EE000A4E
:1016D00080EE208A0A2201A9BDEEC80A10EE100A87
:1016E0000CF0AEFA032108460CF05AFB01AA0321C4
:1016F00008460CF027FB0BF0FFFF0020264908707E
:1017000032490870254807F090F89FED1C0A2E48D2
:1017100080ED000A01A93CA00BF096FA05B0BDECE3
:10172000048B00BD3D480078002891D03B480078EC
:1017300001281ED10020394908709FED100A224867
:1017400080ED000A002014490870204908700BF051
:10175000D3FF124807F069F8032104200CF020FBA6
:101760002FA2032104200CF0EDFA30A00BF06CFA4C
:10177000D4E700BFD2E7000058E8000800000000EE
:10178000B2E2BEE034390D0A00000000B2E2BEE071
:101790003439A3BA000000002502002410060024FA
:1017A000B5C8B4FDD3A6B4F000000000B5C8B4FDC0
:1017B000D3A6B4F00D0A00006B0000246A000024D8
:1017C000690000240000C8426400002424020024B0
:1017D000CAD5B5BDD3A6B4F0000000003439CAD5CF
:1017E000B5BDD3A6B4F00D0A00000000B2E2BEE021
:1017F000CAB1BCE4203D2025302E316620530D0AAD
:10180000000000000080BB44B2E2BEE0BEE0C0EBDE
:10181000203D202573200D0A000000002002002436
:10182000CDA8D0C5CAA7B0DC000000003439CDA8CF
:10183000D0C5CAA7B0DC0D0A000000000EB5504AA2
:1018400007CA8DE8070068460BF0CEFE4DA00BF0EE
:10185000FBF94FA2002104200CF074FA684600F056
:10186000A7FA0BF087FED0204C4908706FF00100FA
:101870004B49096808614A4806F064FF03210420C7
:101880000CF08EFA47A2032104200CF05BFA48A06A
:101890000BF0DAF951E00CF0D7FC01284DD14749A3
:1018A0000870032102200CF07BFA454A0321022034
:1018B0000CF048FA43A00BF0C7F9E820374908704C
:1018C00000203E49087017E00CF0BEFC012813D13F
:1018D0003A490870032104200CF062FA3CA203216B
:1018E00004200CF02FFA3DA00BF0AEF900202B499C
:1018F0000870324908700EBD3B4800780028E3D0DC
:1019000039480078012818D1002037490870234948
:1019100008702A490870032104200CF041FA33A210
:10192000032104200CF00EFA0BF0E6FE1C4806F032
:101930007CFF31A00BF088F9DDE733480078002800
:10194000A9D031480078012818D100202E4908700C
:101950001249087019490870032104200CF020FA7C
:101960002AA2032104200CF0EDF90BF0C5FE0C486F
:1019700006F05BFF28A00BF067F9BCE700BFBAE7F1
:101980004CE80008CACDB7C535350D0A0000000087
:10199000CACDB7C53535A3BA000000002502002422
:1019A00010060024B5C8B4FDD3A6B4F000000000B2
:1019B000B5C8B4FDD3A6B4F00D0A0000240200247B
:1019C00069020024CAD5B5BDD3A6B4F00D0A000043
:1019D000CACDB7C5B3C9B9A600000000CACDB7C506
:1019E000B3C9B9A60D0A000021020024CACDB7C5AB
:1019F000CAA7B0DC000000003535CACDB7C5CAA7FC
:101A0000B0DC0D0A0000000020020024CDA8D0C5E3
:101A1000CAA7B0DC000000003535CDA8D0C5CAA7E4
:101A2000B0DC0D0A0000000010B50021014807F0ED
:101A3000FDFB10BD9404002410B5024801F05EFEC9
:101A400010BD00001C0400240146374A086890427B
:101A500049D0354A18320868904244D0324A303270
:101A6000086890423FD0304A4832086890423AD0E5
:101A70002D4A60320868904235D02B4A7832086887
:101A8000904230D0284A9032086890422BD0264AA3
:101A9000A8320868904226D0244A0868904222D092
:101AA000224A1832086890421DD0204A3032086815
:101AB000904218D01D4A48320868904213D01B4A01
:101AC0006032086890420ED0184A78320868904216
:101AD00009D0164A90320868904204D0134AA832BE
:101AE0000868904201D1012000E00020B0B10A78DE
:101AF000103A1823B2FBF3F000F007020C4B9A5C8B
:101B0000CA65032805D90A686FF30902121D8A65A0
:101B100003E00A686FF309028A6503E0086820F0B1
:101B2000FF008865886D7047100002401004024075
:101B300006E5000810B502682B4C0368A34222D0CA
:101B4000294C14340368A3421DD0274C2834036861
:101B5000A34218D0244C3C340368A34213D0224C37
:101B600050340368A3420ED01F4C64340368A34270
:101B700009D01D4C78340368A34204D01A4C8C342D
:101B80000368A34201D1012300E000238BB1037855
:101B9000083B1424B3FBF4F1144B03EB81030366FD
:101BA000124B8033436601F01F040123A340836678
:101BB00018E00378103B1824B3FBF4F10C4B9A4265
:101BC00004D80B4BA83B9A4200D30831094B03EBD6
:101BD00081030366074B8033436601F01F04012332
:101BE000A340836610BD00000854025800580258F4
:101BF000B8040240000802400179A9B3082940D87E
:101C0000204B02689A4222D01E4B143302689A423B
:101C10001DD01C4B283302689A4218D0194B3C3314
:101C200002689A4213D0174B503302689A420ED082
:101C3000144B643302689A4209D0124B783302681D
:101C40009A4204D00F4B8C3302689A4201D1012290
:101C500000E000224AB14A1E0B4B03EB8202C2662F
:101C6000094A4032026708E00BE04A1E074B03EBCB
:101C70008202C266054A403202674A1E012393402F
:101C8000436770470854025800590258000902403F
:101C9000014600208A69D2B98A6A32B1012A0DD080
:101CA000022A03D0032A10D10EE000BFCA6A02F054
:101CB0008072B2F1807F00D1012007E0CA6AB2F1E0
:101CC000C07F00D1012001E000E000BF36E08A695A
:101CD000B2F5005F1BD18A6A32B1012A07D0022A0D
:101CE00003D0032A11D10AE000BF01200EE0CA6A26
:101CF00002F08072B2F1807F00D1012006E0CA6A52
:101D0000B2F1C07F00D1012000E000BF16E08A6A76
:101D100032B1012A05D0022A04D0032A0CD103E0F3
:101D200000BF00BF012008E0CA6A02F08072B2F171
:101D3000807F00D1012000E000BF00BF704700009D
:101D400010B5044600220121154802F037FF002299
:101D50004FF48071134802F031FF012002F0DAFCE9
:101D6000012211460E4802F029FF00BF09F046FB90
:101D700020460BF07DFE09F02DFB0BF039FE0A49E1
:101D8000087000220121064802F018FF00224FF4DB
:101D90008071044802F012FF0348007810BD000073
:101DA00000100258000402589300002470470000FD
:101DB00010B504460122D103164802F0FFFE172099
:101DC00002F0ECFF00224FF40051124802F0F6FE40
:101DD00009F0E2FA012251030E4802F0EFFE322030
:101DE00000F01AF800224FF400510A4802F0E6FE13
:101DF000204609F07BFA01225103064802F0DEFE7C
:101E0000322000F009F800224FF40041014802F0AE
:101E1000D5FE10BD000C025870B504466FF00100ED
:101E200012490968086100201049096848620F4892
:101E300006F088FC4FF6FF7510E04FF6FF7500BF07
:101E40000B48007818B9281EA5F10105F8D105B98D
:101E500006E0601E84B2002005490870002CECD119
:101E600000BF024806F0E1FC70BD0000100600242F
:101E70006000002401B50020154909684862144833
:101E80000068006840F0010011490968086000BF5F
:101E90000F480068406ABDF800108842F8D300BFC0
:101EA0000B480068006A41F21111084068B90848FF
:101EB0000068006A8910084038B905480068006861
:101EC00020F0010002490968086000BF08BD000059
:101ED0002C05002410B50446544800780B280CD279
:101EE000DFE800F0948C7C6C5C4C3C2C1C0C0600F5
:101EF0005C2C02DA09204D49087087E0522C05DA83
:101F00004A480078401E4949087006E0612C04DD0B
:101F100046480078401C4549087077E0482C05DAAF
:101F200042480078401E4149087006E0572C04DD05
:101F30003E480078401C3D49087067E03E2C05DAB9
:101F40003A480078401E3949087006E04D2C04DDFF
:101F500036480078401C3549087057E0342C05DAC3
:101F600032480078401E3149087006E0432C04DDF9
:101F70002E480078401C2D49087047E02A2C05DACD
:101F80002A480078401E2949087006E0392C04DDF3
:101F900026480078401C2549087037E0202C05DAD7
:101FA00022480078401E2149087006E02F2C04DDED
:101FB0001E480078401C1D49087027E0162C05DAE1
:101FC0001A480078401E1949087006E0252C04DDE7
:101FD00016480078401C1549087017E00C2C05DAEB
:101FE00012480078401E1149087006E01B2C04DDE1
:101FF0000E480078401C0D49087007E0112C04DDE4
:102000000A480078401C0949087000BF00BF074813
:102010000078FEF753FF072101200BF0D3FE0020CC
:1020200008F01CF8002008F019F810BD1402002474
:1020300010B5202002F0AEFC10BD72B600BFFEE766
:1020400070B52DED088B40F2FF720021684800F05A
:1020500035F9012002F05EFB654800F055FE64484A
:1020600000F02AFC85B240F6E44005FB00F4E117DD
:1020700004EB11510813FEF724FB9FED5E0B53ECAC
:10208000102BFEF73DFA9FED5D0B53EC102BFEF786
:10209000A9FA9FED5C0B53EC102BFEF7A3FAFEF7A9
:1020A00073FB5A49086008460068FEF741FB9FED44
:1020B000580B53EC102BFEF74FFB5AD253480068D5
:1020C000FEF736FB41EC190B9FED510B53EC102B37
:1020D000FEF710FA41EC180BFEF756FB4B4908606F
:1020E00008460068FEF724FB41EC190B9FED4A0BF4
:1020F00053EC102BFEF776FA41EC180BFEF744FB7D
:102100004249086008460068FEF712FB41EC1A0BD2
:102110009FED430B53EC102BFEF7F2F941EC190B3A
:102120009FED410B53EC102BFEF743F941EC180BDC
:10213000FEF72AFB35490860084690ED000ADFEDFE
:102140003C0AB4EEE00AF1EE10FA03DB9FED380A28
:1021500080ED000A2D4890ED000AF7EE000AB4EE7B
:10216000E00AF1EE10FA3AD8B7EE000A80ED000A64
:1021700035E026480068FEF7DBFA41EC190B9FEDCD
:102180002D0B53EC102BFEF7B5F941EC180BFEF7B5
:10219000FBFA1E49086008460068FEF7C9FA41ECE0
:1021A000190B9FED260B53EC102BFEF71BFA41EC9D
:1021B000180BFEF7E9FA1549086008460068FEF7B3
:1021C000B7FA41EC190B9FED180B53EC102BFEF7EF
:1021D00097F941EC180BFEF7D7FA0C490860044850
:1021E00000F02CFE094890ED000ABDEC088B70BD94
:1021F000B402002466666666666622405A643BDF67
:102200004F8DEF3F0000000000408F401802002477
:102210009A99999999993540CDCCCCCCCCCC0840A1
:1022200000000000002057400000000000001E4099
:102230000000C84266666666666632409A99999959
:10224000999909405F2803DB0A211B4A117032E08B
:10225000552803DB0921184A11702CE04B2803DBB9
:102260000821154A117026E0412803DB0721124A94
:10227000117020E0372803DB06210F4A11701AE0A5
:102280002D2803DB05210C4A117014E0232803DB01
:102290000421094A11700EE0192803DB0321064AC4
:1022A000117008E00F2803DB0221034A117002E0DD
:1022B0000121014A1170704714020024F8B5044648
:1022C0000D4616460020009000BF94F850000128EB
:1022D00001D10220F8BD012084F8500000BF204643
:1022E000FEF7DEFC0746A7BB606D20F4885040F087
:1022F00002006065206805F4803141F0004106F07D
:10230000804211438268194B1A401143816000BF1B
:1023100013E00098401C00901549009888420CD3A7
:10232000606D20F0020040F01000606500BF0020EA
:1023300084F8500000BF0120CCE720688168C90FF5
:102340000029E6D1606D20F0020040F001006065D8
:1023500004E0FFE7606D40F01000606500BF002002
:1023600084F8500000BF3846B4E70000C0FFFE3FCD
:1023700000F8C3252DE9F84F04460D464FF0000A3A
:102380000020009094F83800012800D100E000BF40
:10239000F849E868884200D00EE0F7492068884292
:1023A00000D100BFF5492068884200D100BFF44940
:1023B0002068884200D100BF00BF94F85000012877
:1023C00002D10220BDE8F88F012084F8500000BF40
:1023D000206807F0F7FD00287ED12068C1692868D1
:1023E000C0F3130018B92868C0F3846004E02868BB
:1023F00090FAA0F0B0FA80F000F01F0201209040A7
:1024000001432068C1612168D5E9002001F1300C49
:10241000C0F3012B0CEB8B03D3F800C000F01F0EB0
:102420004FF01F0B0BFA0EFB2CEA0B0C00F01F0BEE
:10243000C2F3846E0EFA0BFE4CEA0E0CC3F800C019
:1024400000BF206807F0BEFD8146206807F0A6FDAA
:102450008046B9F1000F6FD1B8F1000FFBD1AA6827
:102460002968206807F0C4FDC648006800F0704085
:10247000B0F1805F07D168692168C968C1F3820142
:102480004900884014E02068C06800F0100038B9A6
:1024900068692168C968C1F382014900884007E082
:1024A00068692168C96801F01001890849008840FD
:1024B00007462869042840D020682A68296900F165
:1024C000600C0CEB8103D3F800C00CF0004C02F060
:1024D000F84B4BEA070B00E0CCE14CEA0B0CC3F8DD
:1024E00000C000BF20686A7E2969012A01D1D20795
:1024F00000E00022134600F1600C0CEB8102D2F8E0
:1025000000C02CF0004C4CEA030CC2F800C000BF25
:1025100020682B7E2969012B01D1DB0200E000231A
:102520001A46036923F4F04301F01F0C02FA0CFC75
:1025300043EA0C03036100BF37E02068006E00F03F
:10254000F8402978B0EB816F05D12068006E20F04B
:102550000040216808662068406E00F0F840297845
:10256000B0EB816F05D12068406E20F000402168FB
:1025700048662068806E00F0F8402978B0EB816FE3
:1025800005D12068806E20F00040216888662068B0
:10259000C06E00F0F8402978B0EB816F05D120685B
:1025A000C06E20F000402168C866206807F000FD7A
:1025B000002872D12068EA682968D0F8C030C1F3D9
:1025C000130C23EA0C0302F0180BDFF8BCC12CFA41
:1025D0000BFC0CEA010C43EA0C03C0F8C03000BF4E
:1025E0006449E86888427DD12B68C3F313031BB9A3
:1025F0002B68C3F3846304E02B6893FAA3F3B3FA64
:1026000083F35B1C03F01F03092B3ED82B68C3F335
:1026100013031BB92B68C3F3846304E02B6893FA9C
:10262000A3F3B3FA83F35B1C03F01F034FF0010C19
:102630000CFA03FC2B68C3F313031BB92B68C3F319
:10264000846304E02B6893FAA3F3B3FA83F35B1C6F
:1026500003F01F034CEA836C2B68C3F313031BB90D
:102660002B68C3F3846304E02B6893FAA3F3B3FAF3
:1026700083F35B1C03F01F0303EB43034FF0000BDA
:102680004BEA03534CEA030341E02B68C3F3130303
:1026900023B92B68C3F3846305E0A9E02B6893FAA0
:1026A000A3F3B3FA83F35B1C03F01F034FF0010C99
:1026B0000CFA03FC2B68C3F313031BB92B68C3F399
:1026C000846304E02B6893FAA3F3B3FA83F35B1CEF
:1026D00003F01F034CEA836C2B68C3F313032BB97D
:1026E0002B6800E018E0C3F3846304E02B6893FADE
:1026F000A3F3B3FA83F35B1C03F01F030A3B03EB62
:1027000043034FF0007B4BEA03534CEA03031946A3
:10271000AA68206807F06CFC286800F000400028D8
:1027200066D0154A2168914203D0144A216891422B
:1027300001D1164900E016490846816801F0E076AB
:1027400000BF0D492068884203D00C4920688842A8
:1027500001D10E4800E00E480C4988421AD10648C3
:1027600007F026FC8346054807F022FC4BEA0000F0
:1027700013E000000000FF4700200240002102405B
:10278000006002580010005CFFFF0F0000230240B1
:10279000006302583E4807F00BFCE8BB3D4928683F
:1027A000884226D106F4000018BB394920688842C7
:1027B00066D1394B22689A4203D0384B22689A423C
:1027C00001D1374A00E0374A104646F4000107F0CD
:1027D00023FC354800683549B0FBF1F0401C40004F
:1027E000009002E00098401E009000980028F9D167
:1027F00046E02F492868884219D106F08070B0B9A8
:102800002349206888423BD1234B22689A4205D055
:10281000224B22689A4200E025E001D1204A00E0E4
:10282000204A104646F0807107F0F6FB28E0214967
:102830002868884224D106F4800008BB1449206827
:1028400088421DD1144B22689A4203D0134B226850
:102850009A4201D1124A00E0124A104646F4800121
:1028600007F0DAFB0CE0606D40F0200060654FF08F
:10287000010A05E0606D40F0200060654FF0010A3C
:1028800000BF002084F8500000BF50469AE50000C9
:1028900000600258000084CB00200240002102406A
:1028A000002302400063025824000024400D03006E
:1028B000000052C70000B8CF01460868006C70479E
:1028C0002DE9F84F04464FF000090020009014B99C
:1028D0000120BDE8F88FE06818B1207F012800D101
:1028E00000BF606D30B9204600F030F90020A065CF
:1028F00084F8500020688168C1F3407131B12068CC
:102900008168874A1140816000BF00BF206807F0DE
:1029100054FBA8B920688168824A114041F0805177
:10292000816000BF804800688049B0FBF1F0401C26
:10293000009002E00098401E009000980028F9D115
:10294000206807F03AFB48B9606D40F01000606500
:10295000A06D40F00100A0654FF00109206807F06C
:1029600031FB0646606D00F0100000287ED1002E7D
:10297000FCD1606D20F4807040F00200606520683A
:1029800007F016FB78BB6A492068884203D0694982
:102990002068884201D1684800E06848664988425A
:1029A00009D1634807F004FB8246624807F000FB48
:1029B0004AEA000002E0624807F0FAFA98B95C4B74
:1029C00022689A4203D05B4B22689A4201D15A4A4C
:1029D00000E05A4A10466168826822F47C120A4379
:1029E000826000BF00BF02F0EFF841F203018842AD
:1029F0000ED9A06810280BD1607D216B41EA4030D0
:102A0000A168084340F00C01207F41EA004508E03E
:102A1000607D216B41EA4030A1680843217F40EA94
:102A20000145207F012803D1208C401E45EA404506
:102A3000606A28B1A08C00F47870A16A084305434D
:102A40002068C0683F49084028432168C860206862
:102A500007F0B8FA8046206807F0A0FA0746B8F1F8
:102A6000000F3BD1D7BB207DE16A00E050E041EA96
:102A700080352068C06844F20301884328432168F8
:102A8000C86094F83800012817D1606A08B1A06ABC
:102A900000B900BFA08F401E012141EA0041206C17
:102AA0000843616C0843A16C084321680969264A00
:102AB000114008432168086105E02068006920F0A2
:102AC0000100216808612068006920F07040616B96
:102AD0000843216808612046FDF7A4FFE06801284B
:102AE00009D12068006B20F00F00A169491E08433E
:102AF0002168086305E02068006B20F00F00216862
:102B00000863606D20F0020040F00100606505E0A0
:102B1000606D40F0100060654FF001094846D8E64E
:102B2000C0FFFF5FC0FFFF7F24000024400D0300B3
:102B300000200240002102400023024000630258AE
:102B40000060025803C0F0FF1EF800FC38B50446D0
:102B50001249206888421FD100BF1148006840F028
:102B600080700F4908600846006800F0807000908F
:102B700000BF00BF00BF0846006840F004000860C6
:102B80000846006800F00400009000BF00BF4FF04E
:102B90000061084605F09EFC38BD00000060025848
:102BA000E04402582DE9F04704460F46524A216896
:102BB000914203D0514A2168914201D1504900E02D
:102BC0005049084607F0E5F905462069082801D173
:102BD000082628E01DB1052D01D0092D0DD1206852
:102BE000C06800F0010030B1606D40F02000606509
:102BF0000120BDE8F087042615E03F4A2168914294
:102C000003D03E4A2168914201D13D4900E03D494F
:102C1000084607F0B9F928B1606D40F02000606502
:102C20000120E6E7042601F0D5FF804617E0781C76
:102C3000A8B101F0CFFFA0EB0800B84200D877B9E7
:102C400020680068304050B9606D40F00400606555
:102C500000BF002084F8500000BF0320C9E72068AF
:102C6000006830400028E2D0606D40F4007060657C
:102C7000206807F0ACF998B1607D88B920680068D9
:102C800000F0080008280BD1606D20F480706065AA
:102C9000606D00F4805018B9606D40F0010060650F
:102CA00016492068884201D1134800E02068216855
:102CB000884204D01DB1052D01D0092D03D1206813
:102CC000D0F80C9009E00D492068884201D10A48EB
:102CD00000E020688246DAF80C90082E03D1082024
:102CE0002168086005E009F4804010B90C202168D3
:102CF000086000207DE70000002002400021024023
:102D000000230240006302582DE9F0410446474A7F
:102D10002168914203D0464A2168914201D1454938
:102D200000E04549084607F034F90546206807F0F9
:102D300049F9002877D100BF94F85000012802D14A
:102D40000220BDE8F081012084F8500000BF204639
:102D5000FDF7F0FF0646002E60D1606D40F6016180
:102D6000884340F48070606531492068884201D111
:102D70002E4800E020682168884200D01DB9606DAF
:102D800020F480106065606D00F48050B0F5805FC5
:102D900004D1A06D20F00600A06501E00020A06530
:102DA0001C202168086000BF002084F8500000BF8C
:102DB0001F492068884201D11C4800E02068216832
:102DC000884204D01DB1052D01D0092D0ED12068F7
:102DD000C06800F0007028B1606D20F4005040F42D
:102DE00080506065206807F0FBF81DE0606D40F4DE
:102DF000801060650E492068884201D10B4800E0D0
:102E000020680746F86800F0007068B1606D20F433
:102E1000005040F48050606506E004E000BF0020F0
:102E200084F8500000E0022630468AE70020024085
:102E300000210240002302400063025870B504469E
:102E400000BF94F85000012801D1022070BD01207C
:102E500084F8500000BF03212046FDF793FE05468D
:102E600055B92046FDF71CFF05462DB9606D20F4CD
:102E7000885040F00100606500BF002084F85000D9
:102E800000BF2846E2E700002DE9F041044601F0CA
:102E9000A1FE804614B90120BDE8F08194F8350008
:102EA000022808D08020606500BF002084F834002C
:102EB00000BF0120F0E7FE492068884249D0FC4964
:102EC00018312068884244D0F9493031206888425E
:102ED0003FD0F7494831206888423AD0F449603100
:102EE0002068884235D0F24978312068884230D055
:102EF000EF499031206888422BD0ED49A8312068F5
:102F0000884226D0EB492068884222D0E94918310E
:102F1000206888421DD0E74930312068884218D0A7
:102F2000E44948312068884213D0E2496031206882
:102F300088420ED0DF4978312068884209D0DD49C7
:102F400090312068884204D0DA49A831206888424C
:102F500001D1012000E0002068B12068006820F065
:102F60001E00216808602068406920F08000216808
:102F70004861256806E02068006820F00E0021689E
:102F800008602568CA492068884270D0C84918314D
:102F9000206888426BD0C64930312068884266D0AC
:102FA000C34948312068884261D0C14960312068F6
:102FB00088425CD0BE4978312068884257D0BC49ED
:102FC00090312068884252D0B949A831206888429F
:102FD0004DD0B8492068884249D0B6491831206898
:102FE000884244D0B3493031206888423FD0B1494B
:102FF0004831206888423AD0AE4960312068884222
:1030000035D0AC4978312068884230D0A949903118
:10301000206888422BD0A749A8312068884226D052
:10302000A5492068884222D0A349143120688842EB
:103030001DD0A14928312068884218D09E493C31D2
:103040002068884213D09C495031206888420ED0B5
:10305000994964312068884209D0974978312068BD
:10306000884204D094498C312068884201D10120E3
:1030700000E0002028B1206E006820F48070216EEE
:1030800008608B492068884249D0894918312068F6
:10309000884244D086493031206888423FD08449F4
:1030A0004831206888423AD081496031206888429E
:1030B00035D07F4978312068884230D07C499031C2
:1030C000206888422BD07A49A8312068884226D0CF
:1030D00078492068884222D0764918312068884291
:1030E0001DD0744930312068884218D07149483168
:1030F0002068884213D06F496031206888420ED022
:103100006C4978312068884209D06A49903120683A
:10311000884204D06749A8312068884206D12068D7
:10312000006820F001002168086005E02068006860
:1031300020F001002168086011E001F04BFDA0EBD8
:10314000080005280BD920206065032084F835008D
:1031500000BF002084F8340000BF01209CE62868EE
:1031600000F001000028E8D151492068884249D088
:103170004F4918312068884244D04D493031206889
:1031800088423FD04A494831206888423AD048496D
:1031900060312068884235D04549783120688842BE
:1031A00030D043499031206888422BD04049A83123
:1031B0002068884226D03F492068884222D03D4975
:1031C0001831206888421DD03A4930312068884241
:1031D00018D0384948312068884213D035496031C9
:1031E000206888420ED0334978312068884209D05F
:1031F000304990312068884204D02E49A831206897
:10320000884201D1012000E0002040B1A66D94F871
:103210005C0000F01F013F208840B06007E0A76D10
:1032200094F85C0000F01F0101208840786020497C
:103230002068884276D01E4918312068884271D0B3
:103240001B493031206888426CD0194948312068C8
:10325000884267D0164960312068884262D014499C
:103260007831206888425DD01149903120688842C9
:1032700058D00F49A8312068884253D00D492068A2
:1032800088424FD00B491831206888424AD00949FA
:1032900030312068884245D006494831206888424C
:1032A00040D004496031206888423BD0014905E0A4
:1032B000100002401004024008540258783120687F
:1032C00088422FD02549206888422BD023491831C5
:1032D0002068884226D022492068884222D020498E
:1032E0001431206888421DD01D4928312068884249
:1032F00018D01B493C312068884213D018495031FE
:10330000206888420ED0164964312068884209D06E
:10331000134978312068884204D011498C312068E3
:10332000884201D1012000E0002068B1D4E91910E1
:103330004860E06E40B1E06E006820F48070E16E9D
:103340000860D4E91C104860012084F8350000BFF3
:10335000002084F8340000BF00BF9DE5A0040240B7
:103360000854025870B504460CB9012070BD94F899
:103370003500022803D0802060650120F6E7DC4993
:103380002068884249D0DA4918312068884244D000
:10339000D7493031206888423FD0D549483120682C
:1033A00088423AD0D24960312068884235D0D0492D
:1033B00078312068884230D0CD49903120688842E9
:1033C0002BD0CB49A8312068884226D0C949206833
:1033D000884222D0C7491831206888421DD0C5498B
:1033E00030312068884218D0C2494831206888426C
:1033F00013D0C0496031206888420ED0BD49783171
:103400002068884209D0BB4990312068884204D0A6
:10341000B849A8312068884201D1012000E000208D
:10342000F0B3042084F83500B149206888424BD0BD
:10343000AF4918312068884246D0AD493031206804
:10344000884241D0AA494831206888423CD0A849E6
:1034500060312068884237D0A54978312068884299
:1034600032D0A3499031206888422DD0A049A8319C
:103470002068884228D09F492068884224D09D49EE
:103480001831206888421FD09A493031206888421C
:103490001AD0984948312068884215D0954900E0F3
:1034A00020E06031206888420ED09249783120684F
:1034B000884209D08F4990312068884204D08D49D4
:1034C000A8312068884206D12068006820F00100F9
:1034D0002168086009E12068006820F00100216887
:1034E000086002E12068006820F00E002168086092
:1034F0007F492068884249D07D4918312068884238
:1035000044D07B493031206888423FD078494831E7
:10351000206888423AD0764960312068884235D0A8
:10352000734978312068884230D0714990312068E1
:1035300088422BD06E49A8312068884226D06D4938
:103540002068884222D06B491831206888421DD0FB
:10355000684930312068884218D06649483120686F
:10356000884213D063496031206888420ED0614997
:1035700078312068884209D05E49903120688842BD
:1035800004D05C49A8312068884206D120680068D0
:1035900020F001002168086005E02068006820F044
:1035A00001002168086052492068884270D0504963
:1035B0001831206888426BD04D49303120688842EC
:1035C00066D04B4948312068884261D04849603113
:1035D000206888425CD0464978312068884257D0BC
:1035E000434990312068884252D04149A83120682F
:1035F00088424DD03F492068884249D03D49183122
:103600002068884244D03B493031206888423FD00E
:1036100038494831206888423AD0364960312068BC
:10362000884235D0334978312068884230D03149DA
:103630009031206888422BD02E49A83120688842DA
:1036400026D02D492068884222D02B491431206889
:1036500088421DD0284928312068884218D0264940
:103660003C312068884213D0234950312068884279
:103670000ED0214964312068884209D01E49783132
:103680002068884204D01C498C312068884201D1CE
:10369000012000E00020D8B1206E006820F4807086
:1036A000216E0860A56D94F85C0000F01F010120F8
:1036B00088406860D4E919104860E06E40B1E06E5F
:1036C000006820F48070E16E0860D4E91C10486046
:1036D000012084F8350000BF002084F8340000BFCA
:1036E000206D10B12046216D884700203EE6000085
:1036F0001000024010040240085402582DE9F84F0F
:10370000044600200090FE4800684FF41651B0FBBC
:10371000F1FAA66DD4F858803768D8F80090F949C6
:103720002068884249D0F74918312068884244D03F
:10373000F4493031206888423FD0F249483120684E
:1037400088423AD0EF4960312068884235D0ED494F
:1037500078312068884230D0EA4990312068884228
:103760002BD0E849A8312068884226D0E649206855
:10377000884222D0E4491831206888421DD0E249AD
:1037800030312068884218D0DF49483120688842AB
:1037900013D0DD496031206888420ED0DA49783193
:1037A0002068884209D0D84990312068884204D0E6
:1037B000D549A8312068884201D1012000E00020CD
:1037C00000287DD094F85C0000F01F01082088409C
:1037D0003840002868D0CB492068884249D0C94980
:1037E00018312068884244D0C64930312068884268
:1037F0003FD0C4494831206888423AD0C14960313D
:103800002068884235D0BF4978312068884230D05E
:10381000BC499031206888422BD0BA49A831206831
:10382000884226D0B8492068884222D0B64918314B
:10383000206888421DD0B44930312068884218D0B1
:10384000B14948312068884213D0AF4960312068BF
:1038500088420ED0AC4978312068884209D0AA4904
:1038600090312068884204D0A749A8312068884256
:1038700004D12068006800F0040003E020680068BC
:1038800000F0080080B12068006820F00400216882
:10389000086094F85C0000F01F0108208840B060C8
:1038A000606D40F00100606594F85C0000F01F015D
:1038B000012088403840E8B392492068884200E0FF
:1038C000B7E24BD08F4918312068884246D08D49E5
:1038D00030312068884241D08A4948312068884286
:1038E0003CD0884960312068884237D0854978319A
:1038F0002068884232D083499031206888422DD098
:103900008049A8312068884228D07F4920688842B1
:1039100024D07D491831206888421FD07A4930313F
:10392000206888421AD0784948312068884215D0EA
:10393000754900E026E06031206888420ED0724967
:1039400078312068884209D06F49903120688842D8
:1039500004D06D49A8312068884204D120684069AC
:1039600000F0800002E020680068002050B194F868
:103970005C0000F01F0101208840B060606D40F0E5
:103980000200606594F85C0000F01F01042088408C
:103990003840E8B35B49206888424BD05949183118
:1039A0002068884246D0574930312068884241D04B
:1039B00054494831206888423CD0524960312068DF
:1039C000884237D04F4978312068884232D04D49FB
:1039D0009031206888422DD04A49A8312068884219
:1039E00028D049492068884224D0474918312068A6
:1039F00088421FD044493031206888421AD0424959
:103A000048312068884215D03F496031206800E085
:103A100024E088420ED03C4978312068884209D0A1
:103A2000394990312068884204D03749A83120684C
:103A3000884204D12068006800F0020002E020689B
:103A40000068002050B194F85C0000F01F010420D1
:103A50008840B060606D40F00400606594F85C00E0
:103A600000F01F01102088403840E8B32549206845
:103A7000884251D023491831206888424CD02149CE
:103A800030312068884247D01E494831206888423A
:103A900042D01C496031206888423DD019497831B4
:103AA0002068884238D0174990312068884233D046
:103AB0001449A831206888422ED0134920688842D2
:103AC0002AD0114918312068884225D00E4930315A
:103AD0002068884220D00C494831206888421BD099
:103AE00009496031206800E04DE0884214D0064961
:103AF0007831206888420FD003499031206805E072
:103B0000240000241000024010040240884203D028
:103B1000FE492068884204D12068006800F008004F
:103B200003E02068006800F0040060B394F85C00D3
:103B300000F01F0110208840B0602068006800F489
:103B4000802080B12068006800F4002028B9206C33
:103B5000C8B12046216C884715E0A06C98B120467A
:103B6000A16C88470FE02068006800F4807028B9D5
:103B70002068006820F0080021680860206C10B1FF
:103B80002046216C884794F85C0000F01F0120203B
:103B90008840384000287DD0DD492068884249D0DF
:103BA000DB4918312068884244D0D9493031206837
:103BB00088423FD0D6494831206888423AD0D4491B
:103BC00060312068884235D0D149783120688842F8
:103BD00030D0CF499031206888422BD0CC49A831D1
:103BE0002068884226D0C949A8392068884221D057
:103BF000C6499039206888421CD0C4497839206869
:103C0000884217D0C14960392068884212D0BF4924
:103C10004839206888420DD0BC4930392068884234
:103C200008D0BA4918392068884203D0B7492068BB
:103C3000884204D12068006800F0100003E020688A
:103C4000006800F0020028B394F85C0000F01F0147
:103C500020208840B06094F8350004282DD12068D9
:103C6000006820F01600216808602068406920F094
:103C7000800021684861206C08B9A06C28B12068D8
:103C8000006820F008002168086094F85C0000F0EB
:103C90001F0100E03FE03F208840B060012084F831
:103CA000350000BF002084F8340000BF206D10B143
:103CB0002046216D8847BDE8F88F2068006800F431
:103CC000802080B12068006800F4002028B9606C72
:103CD00008B32046616C88471DE0E06BD8B12046F0
:103CE000E16B884717E02068006800F4807068B9CD
:103CF0002068006820F0100021680860012084F826
:103D0000350000BF002084F8340000BFE06B10B124
:103D10002046E16B8847606D00287AD0606D00F026
:103D20000100E8B3042084F835007949206888420E
:103D30004BD0774918312068884246D074493031D9
:103D40002068884241D072494831206888423CD07E
:103D50006F4960312068884237D06D4978312068DA
:103D6000884232D06A499031206888422DD0684913
:103D7000A8312068884228D06449A8392068884240
:103D800023D062499039206888421ED05F49783933
:103D90002068884219D05D4960392068884200E077
:103DA00040E012D059494839206888420DD057491F
:103DB00030392068884208D0544918392068884230
:103DC00003D052492068884206D12068006820F05C
:103DD00001002168086005E02068006820F001000B
:103DE0002168086000BF0098401C0090504500D931
:103DF00005E02068006800F001000028F3D100BF52
:103E00002068006800F0010020B1032084F835002C
:103E100003E00DE0012084F8350000BF002084F8A5
:103E2000340000BFE06C002802D02046E16C8847D7
:103E3000D9E138492068884222D0364914312068B7
:103E400088421DD0334928312068884218D0314932
:103E50003C312068884213D02E4950312068884276
:103E60000ED02C4964312068884209D02949783124
:103E70002068884204D027498C312068884201D1CB
:103E8000012000E000200028D2D02068056894F8C6
:103E90005C0000F01F010420884000EA0900D8B34C
:103EA00005F00400C0B394F85C0000F01F0104208A
:103EB0008840C8F8040005F4004080B105F4803063
:103EC00030B9A06C0028B3D02046A16C88478AE1A5
:103ED000206C0028ACD02046216C884783E105F097
:103EE0002000E8BB0A492068884253D008491831AD
:103EF000206888424ED0064930312068884249D037
:103F0000034948312068884244D006E0B8040240A2
:103F100010000240085402584FE0B4496031206854
:103F2000884237D0B14978312068884232D0AF49D1
:103F30009031206888422DD0AC49A8312068884251
:103F400028D0AB492068884224D0A949183120687C
:103F500088421FD0A6493031206888421AD000E03C
:103F600025E0A34948312068884213D0A049603138
:103F7000206888420ED09E4978312068884209D056
:103F80009B4990312068884204D09949A831206823
:103F9000884206D12068006820F008002168086087
:103FA00005E02068006820F0040021680860206CAB
:103FB00010B32046216C884715E194F85C0000F0AE
:103FC0001F010220884000EA0900E8B305F0020062
:103FD000D0B394F85C0000F01F0102208840C8F8BC
:103FE000040005F4004070B105F4803028B9606C1D
:103FF00010B12046616C8847F5E0E06BF0B32046D5
:10400000E16B8847EFE005F02000C0BB77492068EE
:1040100088424ED0754918312068884249D073498A
:1040200030312068884244D0704948312068884245
:104030003FD06E496031206888423AD06B49783170
:104040002068884235D000E04EE068499031206811
:1040500088422ED06549A8312068884229D0644919
:104060002068884225D0624918312068884220D0D3
:104070005F493031206888421BD001E06EE02DE0BE
:104080005B4948312068884213D059496031206823
:1040900088420ED0564978312068884209D0544968
:1040A00090312068884204D05149A8312068884264
:1040B00006D12068006820F014002168086005E03F
:1040C0002068006820F00A0021680860012084F858
:1040D000350000BF002084F8340000BFE06BE8B377
:1040E0002046E16B88477EE094F85C0000F01F01F9
:1040F0000820884000EA090080B305F0080068B392
:104100003A49206888424BD03849183120688842A3
:1041100046D0364930312068884241D03349483151
:10412000206888423CD0314960312068884237D0CD
:104130002E4978312068884232D02C49903120684D
:1041400088422DD02949A8312068884228D02849A2
:104150002068884224D02649183100E043E02068D6
:1041600088421DD0224930312068884218D0204929
:1041700048312068884213D01D4960312068884248
:104180000ED01B4978312068884209D018499031F7
:104190002068884204D01649A8312068884206D198
:1041A0002068006820F01C002168086005E0206895
:1041B000006820F00E002168086094F85C0000F0B0
:1041C0001F0101208840C8F804000120606584F8C0
:1041D000350000BF002084F8340000BFE06C10B14F
:1041E0002046E16C884700BF65E5000010000240F2
:1041F000100402402DE9F041044600F0EBFC80463B
:1042000014B90120BDE8F081FE492068884249D0F8
:10421000FC4918312068884244D0FA49303120687E
:1042200088423FD0F7494831206888423AD0F54962
:1042300060312068884235D0F24978312068884260
:1042400030D0F0499031206888422BD0ED49A83118
:104250002068884226D0EC492068884222D0EA496A
:104260001831206888421DD0E749303120688842E3
:1042700018D0E54948312068884213D0E2496031BE
:10428000206888420ED0E04978312068884209D001
:10429000DD4990312068884204D0DB49A83120688C
:1042A000884201D1012000E00020002873D0606A1C
:1042B00000B100BF022084F8350000BF002084F860
:1042C000340000BFCF492068884249D0CD49183119
:1042D0002068884244D0CB493031206888423FD0A2
:1042E000C8494831206888423AD0C64960312068C0
:1042F000884235D0C34978312068884230D0C149DE
:104300009031206888422BD0BE49A831206888426D
:1043100026D0BD492068884222D0BB491831206888
:1043200088421DD0B84930312068884218D0B6493B
:1043300048312068884213D0B349603120688842F0
:104340000ED0B14978312068884209D0AE49903109
:104350002068884204D0AC49A8312068884206D140
:104360002068006820F001002168086005E02068EE
:10437000006820F00100216808600DE000F02AFCD0
:10438000A0EB0800052807D920206065032084F8E9
:104390003500012036E76AE02068006800F001007F
:1043A0000028EBD12068056898480540D4E902014F
:1043B00008432169084361690843A1690843E16929
:1043C0000843216A08430543606A042803D1D4E9FD
:1043D0000B01084305438E4800686FF30F00B0F1EE
:1043E000005F1DD36068292802D360682E2811D988
:1043F00060683F2802D3606842280BD9606847286C
:1044000002D36068482805D960684F2804D36068E3
:10441000522801D8012000E0002008B145F48015A1
:10442000206805602068456925F00705606A054336
:10443000606A04280DD1A06A0543E06A48B12046AD
:10444000FDF726FC28B140206065012084F8350086
:10445000D8E6206845612046FDF7F6FA064694F84E
:104460005C0000F01F013F208840B0609EE0694979
:104470002068884222D067491431206888421DD0C4
:10448000644928312068884218D062493C3120684C
:10449000884213D05F495031206888420ED05D4970
:1044A00064312068884209D05A49783120688842AE
:1044B00004D058498C312068884201D1012000E0A5
:1044C0000020E0B353492068884222D0514914317A
:1044D000206888421DD04F4928312068884218D072
:1044E0004C493C312068884213D04A4950312068F9
:1044F00088420ED0474964312068884209D0454936
:1045000078312068884204D042498C312068884242
:1045100001D1012000E0002000B100BF022084F89A
:10452000350000BF002084F8340000BF2068056813
:1045300039480540A068402802D1102106E02EE04D
:10454000A068802801D1C10100E00021E06841EAB3
:10455000D001206941EAD001606941EAD001A06937
:1045600041EAD001E06941EAD001206A41EA101035
:1045700005432068056027492068401A1421B0FBD4
:10458000F1F08000E0652046FDF75EFA074694F8FA
:104590005C0000F01F0101208840786006E04020A8
:1045A0006065032084F8350001202BE6154920685A
:1045B00088427FD013491831206888427AD0114947
:1045C00030312068884275D00E49483120688842D1
:1045D00070D00C496031206888426BD0094978312D
:1045E0002068884266D0074990312068884261D0AF
:1045F0000449A831206888425CD003492068884279
:1046000058D00BE010000240100402403F8010FE22
:104610000010005C085402580F00FEFF3B4918319F
:104620002068884246D0394930312068884241D0DC
:1046300036494831206888423CD03449603120688E
:10464000884237D0314978312068884232D02F49AA
:104650009031206888422DD02C49A83120688842AA
:1046600028D02B492068884224D029491431206859
:1046700088421FD026492831206888421AD0244910
:104680003C312068884215D0214950312068884249
:1046900010D01F496431206888420BD01C49783102
:1046A0002068884206D01A498C312068884200E090
:1046B00000E001D1012000E0002000B32046FDF71A
:1046C00039FAA068802801D1002060602079216E2D
:1046D0000860D4E919104860606860B16068082813
:1046E00009D82046FDF788FA0020E16E0860D4E979
:1046F0001C10486003E00020E0662067606700202F
:104700006065012084F8350000207BE5100402403C
:104710000854025870B5044600F05CFA0646254677
:10472000681C10B104480078054400BF00F052FA3C
:10473000801BA842FAD370BD20000024F0B50C46BF
:104740000021504B98E001268E4006EA0402002A20
:104750007ED04D4E8F0856F827508E07370F0F2604
:10476000BE403540494EB04201D100262DE0484EB2
:10477000B04201D1012628E0464EB04201D10226C6
:1047800023E0454EB04201D103261EE0434EB04225
:1047900001D1042619E0424EB04201D1052614E0B1
:1047A000404EB04201D106260FE03F4EB04201D14B
:1047B00007260AE03D4EB04201D1082605E03C4EF6
:1047C000B04201D1092600E00A268F073F0FBE4004
:1047D000AE421FD11E6896431E605E6896435E60BF
:1047E0004FF0B046766896434FF0B0477E603E4645
:1047F000366896433E608E07370F0F2606FA07F598
:10480000214E8F0856F82760AE431F4F4FEA910C98
:1048100047F82C6006684FEA410C032707FA0CF7AB
:104820003E430660CF0800F1200656F827604F0788
:104830004FEAD76C0F2707FA0CF7BE434FEAD10CAB
:1048400000F1200747F82C60C6684FEA410C00E0F1
:1048500011E0032707FA0CF7BE43C660476801263C
:104860008E40B743476086684FEA410C032707FA3A
:104870000CF7BE438660491C24FA01F6002E7FF433
:1048800062AFF0BD800000580804005800000258D4
:104890000004025800080258000C02580010025888
:1048A0000014025800180258001C02580020025838
:1048B0000024025810B50446202C56D100BF00BF7A
:1048C00000BF00BF00BF00BF00BF00BF00BF00BFF0
:1048D0002021274800F06AF9012800D110BD0122EB
:1048E0001021244800F06AF9002003E000BF00BF57
:1048F00000BF401C0528F9DB002210211D4800F0F4
:104900005DF9022303221C491C4803F07BFA0122B3
:104910001021184800F052F9174800780004164991
:10492000497840EA0120144989780843144908600D
:1049300008460068134908401149086008460068A5
:10494000001200B21049088010480088401C0F492E
:1049500008800B4800680E49096808600C48006828
:10496000001D0B49086008F049FE00BFB6E70000D3
:104970000008025800000258880000249403002414
:104980008000002400FFFF00840000248E0000242B
:104990007C00002410B5044604480068204020B183
:1049A000024804602046FFF785FF10BD88000058CC
:1049B000F8B502460B4600216F4DD7E001278F4026
:1049C0001E6806EA0704002C72D01E7906F0030662
:1049D000012E04D01E7906F00306022E13D1906832
:1049E0004F000326BE40B0434F00DE68BE40304358
:1049F0009060506801268E40B0431E79C6F30016C1
:104A00008E40304350601E7906F00306032E09D015
:104A1000D0684F000326BE40B0434F009E68BE40A2
:104A20003043D0601E7906F00306022E13D1CF0862
:104A300002F1200656F827004E07F70E0F26BE405B
:104A4000B0434F07FF0E1E69BE403043CF0802F14E
:104A5000200646F8270010684F000326BE40B043EA
:104A60001E7906F003064F00BE40304310605E68BA
:104A700006F44036002E78D000BF404E366846F02F
:104A800002063E4F3E603E46366806F0020600963D
:104A900000BF00BF3A4E8F0856F827008E07370F29
:104AA0000F26BE40B043374EB24202D100262EE060
:104AB0005BE0354EB24201D1012628E0334EB242CE
:104AC00001D1022623E0324EB24201D103261EE07C
:104AD000304EB24201D1042619E02F4EB24201D12C
:104AE000052614E02D4EB24201D106260FE02C4ED1
:104AF000B24201D107260AE02A4EB24201D108266D
:104B000005E0294EB24201D1092600E00A268F07AE
:104B10003F0FBE4030431A4E8F0846F827004FF033
:104B2000B0463068A0435E6806F4801606B12043A4
:104B30004FF0B04630607068A0435E6806F400161F
:104B400006B120434FF0B04670606868A0435E68CD
:104B500006F4003606B1204368602868A0435E680A
:104B600006F4803606B120432860491C1E68CE40FA
:104B7000002E7FF423AFF8BD80000058F4440258A3
:104B800008040058000002580004025800080258A7
:104B9000000C025800100258001402580018025865
:104BA000001C0258002002580024025802461369D3
:104BB0000B400BB1012000E0002070470AB1816179
:104BC00001E00B048361704701480068000C7047E6
:104BD0000010005C014800687047000018000024C5
:104BE0000348006803490978084401490860704790
:104BF000180000242000002410B5032000F042F922
:104C000002F014F810490968C1F303210F4A515CFE
:104C100001F01F0120FA01F40B48006800F00F00BA
:104C20001146085C00F01F0024FA00F008490860F3
:104C3000084804600F2000F00FF808B1012010BDF3
:104C400000F09AF80020FAE71844025836E5000808
:104C5000280000242400002470B504461148007880
:104C600008B9012070BD0F4800784FF47A71B1FB8C
:104C7000F0F00D490968B1FBF0F5284603F034FC6B
:104C800008B10120EEE7102C07D200222146501E69
:104C900000F0BAF80548046001E00120E2E70020D6
:104CA000E0E7000020000024240000241C00002471
:104CB0004178154A11600178F9B1121D41681160FF
:104CC000017B0907C27A41EA0261827A41EAC24164
:104CD000427B41EA8241827B41EA4241C27B41EA16
:104CE0000241427A41EA0221027A41EA4201027813
:104CF0001143054A0832116005E00021024A121DE5
:104D00001160121D1160704798ED00E000BF00BFF8
:104D100000BFBFF35F8F00BF00BF00BF0548006842
:104D200020F4803003490860002002497031086097
:104D30007047000024ED00E040F001010D4A1160D1
:104D40000C497039096841F480310A4A703A11609F
:104D500000BF00BF00BFBFF34F8F00BF00BF00BF49
:104D600000BF00BF00BFBFF36F8F00BF00BF00BF19
:104D70007047000094ED00E008B500BF06480068E9
:104D800040F00200044908600846006800F0020094
:104D9000009000BF00BF08BDF444025810B50146A2
:104DA0000846002817DB00F01F0301229A400B4B36
:104DB000440943F8242000BF00BF00BFBFF34F8F5A
:104DC00000BF00BF00BF00BF00BF00BFBFF36F8FB9
:104DD00000BF00BF00BF00BF10BD000080E100E0C9
:104DE0000146084600280DDB00BF00BF00F01F038E
:104DF00001229A4043099B0003F1E023C3F80021FC
:104E000000BF00BF00BF70472DE9F05F80460D4630
:104E1000164607F029FF074639462A46334601F071
:104E20000700C0F1070ABAF1040F02D94FF0040AD3
:104E300001E0C0F1070AD14600F1040ABAF1070FF8
:104E400002D24FF0000A01E0A0F1030AD4464FF06D
:104E5000010A0AFA09FAAAF1010A0AEA020A0AFA96
:104E60000CFA4FF0010B0BFA0CFBABF1010B0BEA48
:104E7000030B4AEA0B042146404607F0FDFEBDE85D
:104E8000F09F000000BF00F00702064B19684FF6C4
:104E9000FF031940044B0B4343EA0221014B196005
:104EA00000BF70470CED00E00000FA0570B5044645
:104EB00015480068C0F3800048B91348006800F046
:104EC0000700A04201D0012070BD0020FCE70E4881
:104ED000006820F0070020430B490860FFF77AFEC6
:104EE000054607E0FFF776FE401BB0F57A7F01D953
:104EF0000120E9E7044808380068C0F34030002882
:104F0000F0D00020E0E700000C48025810B501F096
:104F100043FE05490968C1F30211044A515C01F0DE
:104F20001F01C84010BD00002044025836E50008AB
:104F300070B50146844D2D6805F00303824D2D6840
:104F4000C5F30510804D2D1D2D6805F001047E4D23
:104F50000C352D68C5F3CC0515FB04F501EE105A90
:104F6000B8EE411AF0EE410A00286FD023B1012BB0
:104F70004ED0022B6BD16BE0734D283D2D68C5F3ED
:104F800040153DB3704D283D2D68C5F3C1066F4DEA
:104F900025FA06F201EE102AF8EE411A01EE100A87
:104FA000B8EE411A81EE812A9FED691AC0EE811A8E
:104FB000654D08352D68C5F3080501EE105AB8EEA9
:104FC000411A31EE811AF7EE001A31EE211A22EE63
:104FD000010A1CE001EE100AB8EE411ADFED5D1A7D
:104FE00081EE812A9FED5A1AC0EE811A564D08357E
:104FF0002D68C5F3080501EE105AB8EE411A31EEDE
:10500000811AF7EE001A31EE211A22EE010A5BE056
:1050100001EE100AB8EE411ADFED4F1A81EE812A37
:105020009FED4B1AC0EE811A474D08352D68C5F328
:10503000080501EE105AB8EE411A31EE811AF7EE6A
:10504000001A31EE211A22EE010A3DE077E01DE060
:1050500001EE100AB8EE411A9FED402AC2EE011A85
:105060009FED3B1A80EE812A374D08352D68C5F338
:10507000080501EE105AB8EE411A32EE011AB7EEE9
:10508000002A31EE021A21EE810A1DE001EE100A1B
:10509000B8EE411ADFED2F1A81EE812A9FED2C1A0E
:1050A000C0EE811A284D08352D68C5F3080501EEBC
:1050B000105AB8EE411A31EE811AF7EE001A31EEAD
:1050C000211A22EE010A00BF00BF1F4D08352D68CE
:1050D000C5F3462501EE105AB8EE411AF7EE001A54
:1050E00031EE211AC0EE011ABCEEE11A81ED001A70
:1050F000154D08352D68C5F3064501EE105AB8EE7A
:10510000411AF7EE001A31EE211AC0EE011ABCEE78
:10511000E11A81ED011A0C4D08352D68C5F30665BD
:1051200001EE105AB8EE411AF7EE001A31EE211ACC
:10513000C0EE011ABCEEE11A81ED021A03E000256F
:105140000D604D608D6070BD284402580090D00302
:10515000000000460024744C0024744A001BB74B26
:1051600070B50146844D2D6805F00303824D2D680E
:10517000C5F30530804D2D1D2D68C5F300147E4DFF
:1051800014352D68C5F3CC0515FB04F501EE105A56
:10519000B8EE411AF0EE410A00286FD023B1012B7E
:1051A0004ED0022B6BD16BE0734D283D2D68C5F3BB
:1051B00040153DB3704D283D2D68C5F3C1066F4DB8
:1051C00025FA06F201EE102AF8EE411A01EE100A55
:1051D000B8EE411A81EE812A9FED691AC0EE811A5C
:1051E000654D10352D68C5F3080501EE105AB8EE6F
:1051F000411A31EE811AF7EE001A31EE211A22EE31
:10520000010A1CE001EE100AB8EE411ADFED5D1A4A
:1052100081EE812A9FED5A1AC0EE811A564D103543
:105220002D68C5F3080501EE105AB8EE411A31EEAB
:10523000811AF7EE001A31EE211A22EE010A5BE024
:1052400001EE100AB8EE411ADFED4F1A81EE812A05
:105250009FED4B1AC0EE811A474D10352D68C5F3EE
:10526000080501EE105AB8EE411A31EE811AF7EE38
:10527000001A31EE211A22EE010A3DE077E01DE02E
:1052800001EE100AB8EE411A9FED402AC2EE011A53
:105290009FED3B1A80EE812A374D10352D68C5F3FE
:1052A000080501EE105AB8EE411A32EE011AB7EEB7
:1052B000002A31EE021A21EE810A1DE001EE100AE9
:1052C000B8EE411ADFED301A81EE812A9FED2C1ADB
:1052D000C0EE811A284D10352D68C5F3080501EE82
:1052E000105AB8EE411A31EE811AF7EE001A31EE7B
:1052F000211A22EE010A00BF00BF1F4D10352D6894
:10530000C5F3462501EE105AB8EE411AF7EE001A21
:1053100031EE211AC0EE011ABCEEE11A81ED001A3D
:10532000154D10352D68C5F3064501EE105AB8EE3F
:10533000411AF7EE001A31EE211AC0EE011ABCEE46
:10534000E11A81ED011A0C4D10352D68C5F3066583
:1053500001EE105AB8EE411AF7EE001A31EE211A9A
:10536000C0EE011ABCEEE11A81ED021A03E000253D
:105370000D604D608D6070BD284402580090D003D0
:10538000000000460024744C0024744A001BB74BF4
:1053900070B50146844D2D6805F00303824D2D68DC
:1053A000C5F30550804D2D1D2D68C5F300247E4D9D
:1053B0001C352D68C5F3CC0515FB04F501EE105A1C
:1053C000B8EE411AF0EE410A00286FD023B1012B4C
:1053D0004ED0022B6BD16BE0734D283D2D68C5F389
:1053E00040153DB3704D283D2D68C5F3C1066F4D86
:1053F00025FA06F201EE102AF8EE411A01EE100A23
:10540000B8EE411A81EE812A9FED691AC0EE811A29
:10541000654D18352D68C5F3080501EE105AB8EE34
:10542000411A31EE811AF7EE001A31EE211A22EEFE
:10543000010A1CE001EE100AB8EE411ADFED5D1A18
:1054400081EE812A9FED5A1AC0EE811A564D183509
:105450002D68C5F3080501EE105AB8EE411A31EE79
:10546000811AF7EE001A31EE211A22EE010A5BE0F2
:1054700001EE100AB8EE411ADFED4F1A81EE812AD3
:105480009FED4B1AC0EE811A474D18352D68C5F3B4
:10549000080501EE105AB8EE411A31EE811AF7EE06
:1054A000001A31EE211A22EE010A3DE077E01DE0FC
:1054B00001EE100AB8EE411A9FED402AC2EE011A21
:1054C0009FED3B1A80EE812A374D18352D68C5F3C4
:1054D000080501EE105AB8EE411A32EE011AB7EE85
:1054E000002A31EE021A21EE810A1DE001EE100AB7
:1054F000B8EE411ADFED301A81EE812A9FED2C1AA9
:10550000C0EE811A284D18352D68C5F3080501EE47
:10551000105AB8EE411A31EE811AF7EE001A31EE48
:10552000211A22EE010A00BF00BF1F4D18352D6859
:10553000C5F3462501EE105AB8EE411AF7EE001AEF
:1055400031EE211AC0EE011ABCEEE11A81ED001A0B
:10555000154D18352D68C5F3064501EE105AB8EE05
:10556000411AF7EE001A31EE211AC0EE011ABCEE14
:10557000E11A81ED011A0C4D18352D68C5F3066549
:1055800001EE105AB8EE411AF7EE001A31EE211A68
:10559000C0EE011ABCEEE11A81ED021A03E000250B
:1055A0000D604D608D6070BD284402580090D0039E
:1055B000000000460024744C0024744A001BB74BC2
:1055C0002DE9F0418AB00646B6F5807F70D1FE48DD
:1055D000006800F00708B8F1050F65D2DFE808F0B1
:1055E000031221623000F8485038006800F0007063
:1055F000B0F1007F04D107A8FFF79AFC089C00E0F7
:10560000002453E0F0485038006800F00060B0F12A
:10561000006F04D104A8FFF7A3FD049C00E0002460
:1056200044E0E9485038006800F00050B0F1005FF5
:1056300004D101A8FFF7ACFE019C00E0002435E096
:10564000E148001F006800F04055DF48503800680E
:1056500000F00400042809D145B9DB48503800683F
:10566000C0F3C101D94820FA01F41AE0D6485038F5
:10567000006800F48070B0F5807F04D1B5F1805FE0
:1056800001D1D34C0DE0D0485038006800F4003010
:10569000B0F5003F04D1B5F1005F01D1CD4C00E081
:1056A000002403E0CC4C01E0002400BF24E3FFE72A
:1056B000B6F5007F7AD1C448006800F4E078B8F10C
:1056C000800F2CD006DCB8F1000F0AD0B8F1400FE3
:1056D00069D115E0B8F1C00F63D0B8F5807F62D111
:1056E0002CE0B9485038006800F00070B0F1007F3D
:1056F00004D107A8FFF71CFC089C00E0002454E03C
:10570000B1485038006800F00060B0F1006F04D17B
:1057100004A8FFF725FD049C00E0002445E0AA480A
:105720005038006800F00050B0F1005F04D101A8CB
:10573000FFF72EFE019C00E0002436E0A248001F87
:10574000006800F04055A0485038006800F00400A0
:10575000042809D145B99C4850380068C0F3C101FC
:105760009A4820FA01F41BE097485038006800F48A
:105770008070B0F5807F04D1B5F1805F01D1944C89
:105780000EE091485038006800F40030B0F5003F5A
:1057900005D1B5F1005F02D18E4C01E006E0002496
:1057A00003E08D4C01E0002400BFA5E2B6F5806F58
:1057B0007BD185480830006800F46008B8F5800F98
:1057C0002CD006DCB8F1000F0AD0B8F5001F69D163
:1057D00015E0B8F5C00F63D0B8F5000F62D12CE02A
:1057E00079485038006800F00070B0F1007F04D1B3
:1057F00007A8FFF79DFB089C00E0002454E07248D6
:105800005038006800F00060B0F1006F04D104A8C7
:10581000FFF7A6FC049C00E0002445E06A485038ED
:10582000006800F00050B0F1005F04D101A8FFF75C
:10583000AFFD019C00E0002436E06348001F0068D3
:1058400000F0405560485038006800F0040004281B
:1058500009D145B95C4850380068C0F3C1015B48C4
:1058600020FA01F41BE058485038006800F48070BA
:10587000B0F5807F04D1B5F1805F01D1544C0EE0CA
:1058800051485038006800F40030B0F5003F05D1B1
:10589000B5F1005F02D14F4C01E006E0002403E0C7
:1058A0004D4C01E0002400BF26E2B6F5006F7BD12D
:1058B00045480830006800F0E068B8F1007F2CD05F
:1058C00006DCB8F1000F0AD0B8F1807F69D115E08D
:1058D000B8F1407F63D0B8F1806F62D12CE03A48D4
:1058E0005038006800F00070B0F1007F04D107A8C4
:1058F000FFF71EFB089C00E0002454E032485038BB
:10590000006800F00060B0F1006F04D104A8FFF758
:1059100027FC049C00E0002445E02B485038006838
:1059200000F00050B0F1005F04D101A8FFF730FD96
:10593000019C00E0002436E02348001F006800F0CE
:10594000405521485038006800F00400042809D16F
:1059500045B91D4850380068C0F3C1011B4820FA02
:1059600001F41BE018485038006800F48070B0F56E
:10597000807F04D1B5F1805F01D1154C0EE0124853
:105980005038006800F40030B0F5003F05D1B5F1A3
:10599000005F02D10F4C01E006E0002403E00E4C52
:1059A00001E0002400BFA7E1B6F5805F7CD1064886
:1059B000006800F4E047B7F5005F32D00EDCA7B115
:1059C000B7F5805F6DD11EE0504402580090D003BF
:1059D00000093D0000366E010080BB00B7F5405F56
:1059E0005DD0B7F5804F5CD129E0C548006800F074
:1059F0000070B0F1007F04D107A8FFF799FA089C66
:105A000000E000244FE0BE48006800F00060B0F104
:105A1000006F04D104A8FFF7A3FB049C00E000245E
:105A200041E0B748006800F00050B0F1005F04D1D9
:105A300001A8FFF7ADFC019C00E0002433E0B04872
:105A40004C30006800F04055AD48006800F004009C
:105A5000042808D13DB9AA480068C0F3C101A9488B
:105A600020FA01F41AE0A648006800F48070B0F54E
:105A7000807F04D1B5F1805F01D1A34C0EE0A04836
:105A8000006800F40030B0F5003F06D1B5F1005FCA
:105A900003D19E4C02E007E003E0002403E09C4CAD
:105AA00001E0002400BF27E1B6F5002F59D194484A
:105AB0005830006800F4403737B1B7F5803F11D057
:105AC000B7F5003F4AD11BE08D48006800F0006048
:105AD000B0F1006F04D104A8FFF742FB049C00E082
:105AE00000243DE08648006800F00050B0F1005FFF
:105AF00004D101A8FFF74CFC039C00E000242FE038
:105B00007F484C30006800F040557D48006800F048
:105B10000400042808D13DB979480068C0F3C101E8
:105B2000784820FA01F418E07548006800F48070A5
:105B3000B0F5807F04D1B5F1805F01D1724C0CE0EB
:105B40006F48006800F40030B0F5003F04D1B5F1B3
:105B5000005F01D16D4C00E0002401E0002400BF93
:105B6000CAE0B6F5803F28D165484C30006800F4A3
:105B700080371FB1B7F5803F1CD10DE06048006849
:105B800000F00070B0F1007F04D107A8FFF7D0F952
:105B9000089C00E000240FE05948006800F0006015
:105BA000B0F1006F04D104A8FFF7DAFA069C00E018
:105BB000002401E0002400BF9EE0B6F5804F60D1D4
:105BC0004F485830006800F0E047B7F1405F2FD0F1
:105BD00007DC6FB1B7F1805F0ED0B7F1005F4DD138
:105BE00018E0B7F1804F33D0B7F1A04F46D13AE07B
:105BF000FFF78CF9044643E04148006800F000607C
:105C0000B0F1006F04D104A8FFF7AAFA059C00E0E8
:105C1000002435E03A48006800F00050B0F1005F21
:105C200004D101A8FFF7B4FB029C00E0002427E0A8
:105C30003348006800F00400042807D130480068A9
:105C4000C0F3C1012F4820FA01F400E0002417E05E
:105C50002B48006800F48070B0F5807F01D12A4C99
:105C600000E000240CE02648006800F40030B0F5A5
:105C7000003F01D1254C00E0002401E0002400BFDA
:105C80003AE0B6F5004F36D11D485030006800F0BC
:105C9000405737B1B7F1805F0ED0B7F1005F27D121
:105CA00018E01748006800F40030B0F5003F01D15B
:105CB000164C00E000241DE01148006800F0007060
:105CC000B0F1007F04D107A8FFF732F9089C00E08B
:105CD00000240FE00A48006800F00060B0F1006F97
:105CE00004D104A8FFF73CFA059C00E0002401E081
:105CF000002400BF00E0002420460AB0BDE8F08187
:105D0000004402580090D00300093D0000366E01A7
:105D10000080BB002DE9F04104460025A84620681C
:105D200000F00060B0F1006F30D1606E48B1B0F5A6
:105D3000801F0DD0B0F5001F10D0B0F5401F15D159
:105D400013E0F948006840F40030F74908600FE0BC
:105D50000221201D04F028FE054609E0022104F17D
:105D6000240004F0D3FE054602E001E0012500BF57
:105D700000BF55B9EC482430006820F44010616E33
:105D80000843E9492431086000E0A846208800F46F
:105D90008070B0F5807F2DD1606D05281AD2DFE8C4
:105DA00000F0030A10171800DF48006840F40030C4
:105DB000DD49086010E00021201D04F0F5FD0546D6
:105DC0000AE0002104F1240004F0A0FE054603E0EF
:105DD00002E001E0012500BF00BF55B9D2482430E0
:105DE000006820F00700616D0843CF492431086046
:105DF00000E0A846208800F40070B0F5007F33D1A1
:105E0000A06D802817D003DC40B140281CD10CE0E5
:105E1000C02817D0B0F5807F16D114E0C2480068C2
:105E200040F40030C049086010E00021201D04F05B
:105E3000BBFD05460AE0002104F1240004F066FEE3
:105E4000054603E002E001E0012500BF00BF55B9AF
:105E5000B5482430006820F4E070A16D0843B249D1
:105E60002431086000E0A846208800F48060B0F586
:105E7000806F38D1D4F8A400B0F5800F19D004DCBD
:105E800050B1B0F5001F1DD10DE0B0F5C00F17D017
:105E9000B0F5000F16D114E0A348006840F40030BC
:105EA000A149086010E00021201D04F07DFD054699
:105EB0000AE0002104F1240004F028FE054603E076
:105EC00002E001E0012500BF00BF5DB996482C301B
:105ED000006820F46000D4F8A410084392492C31E3
:105EE000086000E0A846208800F40060B0F5006F6C
:105EF00038D1D4F8A800B0F1007F19D004DC50B13B
:105F0000B0F1807F1DD10DE0B0F1407F17D0B0F12E
:105F1000806F16D114E08448006840F40030824954
:105F2000086010E00021201D04F03EFD05460AE057
:105F3000002104F1240004F0E9FD054603E002E03D
:105F400001E0012500BF00BF5DB977482C30006833
:105F500020F0E060D4F8A810084373492C310860A1
:105F600000E0A846206800F00070B0F1007F27D163
:105F7000A06CA0B1102804D0202809D030280FD15F
:105F80000CE06948006840F400306749086009E0A7
:105F90000221201D04F008FD054603E002E001E0B7
:105FA000012500BF00BF55B95F482030006820F0D0
:105FB0003000A16C08435C492031086000E0A8462D
:105FC000208800F48050B0F5805F36D1E06DB0F5E8
:105FD000005F19D004DC50B1B0F5805F1DD10DE039
:105FE000B0F5405F17D0B0F5804F16D114E04E48A1
:105FF000006840F400304C49086010E00021201D8A
:1060000004F0D2FC05460AE0002104F1240004F06B
:106010007DFD054603E002E001E0012500BF00BF71
:1060200055B941482430006820F4E040E16D084350
:106030003D492431086000E0A846208800F4005063
:10604000B0F5005F34D1206EB0F5403F1DD007DCC5
:1060500068B1B0F5803F0BD0B0F5003F18D10DE02E
:10606000B0F5802F12D0B0F5A02F11D10FE011E0C4
:106070000121201D04F098FC05460BE0012104F1EC
:10608000240004F043FD054604E003E002E001E0E3
:10609000012500BF00BF55B923482430006820F413
:1060A000E020216E084320492431086000E0A84622
:1060B000208800F48040B0F5804F38D1D4F8AC008F
:1060C000B0F1405F1DD007DC68B1B0F1805F0BD04C
:1060D000B0F1005F18D10DE0B0F1804F12D0B0F1F7
:1060E000A04F11D10FE011E00121201D04F05CFC54
:1060F00005460BE0012104F1240004F007FD0546EC
:1061000004E003E002E001E0012500BF00BF6DB93B
:1061100005482C30006820F0E040D4F8AC1008436B
:1061200001492C31086002E02C440258A84620881E
:1061300000F40040B0F5004F26D1E06E98B1B0F108
:10614000805F03D0B0F1005F0ED106E0F94800682F
:1061500040F40030F749086008E00121201D04F0F8
:1061600023FC054602E001E0012500BF00BF55B950
:10617000F0482430006820F04050E16E0843ED49BB
:106180002431086000E0A846206800F08070B0F17B
:10619000807F27D1606CA0B1012804D0022809D0EB
:1061A00003280FD10CE0E348006840F40030E149D7
:1061B000086009E00221201D04F0F6FB054603E01B
:1061C00002E001E0012500BF00BF55B9D9482030E9
:1061D000006820F00300616C0843D6492031086054
:1061E00000E0A846206800F48000B0F5800F7DD163
:1061F000D148006840F48070CF490860FEF7EAFC9F
:10620000064606E0FEF7E6FC801B642801D903255C
:1062100005E0C948006800F480700028F2D000BF93
:1062200085BBC4484430006800F44070B4F8B01036
:1062300001F44071884213D0BE484430006820F415
:106240004077BC484430006840F48030B94944315C
:1062500008600846006820F480300860084607603F
:10626000D4F8B000B0F5807F15D1FEF7B3FC064638
:1062700009E0FEF7AFFC801B41F28831884202D969
:10628000032507E038E0AB4844300068C0F3400025
:106290000028EED000BF55BB00BFB4F8B00000F43A
:1062A0004070B0F5407F0ED1A2481C38006820F441
:1062B0007C51A24AD4F8B000104041EA10109D4928
:1062C0001C39086007E09B481C38006820F47C50AB
:1062D00098491C390860974844300068B4F8B010F9
:1062E000C1F30B0108439349443101E005E001E0AB
:1062F000086002E0A84600E0A846207800F001000F
:1063000068B3A06F182819D005DC48B1082808D058
:10631000102816D10BE0202811D0282811D10FE029
:1063200011E00121201D04F03FFB05460BE0012197
:1063300004F1240004F0EAFB054604E003E002E077
:1063400001E0012500BF00BF55B97A482830006838
:1063500020F03800A16F084376492831086000E03A
:10636000A846207800F00200022828D1606F062895
:1063700015D2DFE800F003040A11121311E0012125
:10638000201D04F011FB05460BE0012104F124005F
:1063900004F0BCFB054604E003E002E001E0012557
:1063A00000BF00BF55B963482830006820F00700DF
:1063B000616F08435F492831086000E0A8462078F3
:1063C00000F0040004282AD1D4F89000062815D241
:1063D000DFE800F003040A11121311E00121201D6F
:1063E00004F0E2FA05460BE0012104F1240004F078
:1063F0008DFB054604E003E002E001E0012500BF5B
:1064000000BF5DB94B482C30006820F00700D4F87D
:106410009010084347492C31086000E0A8462078D6
:1064200000F02000202836D1D4F88C00B0F1405F75
:106430001DD007DC68B1B0F1805F0BD0B0F1005F18
:1064400018D10DE0B0F1804F12D0B0F1A04F11D1B2
:106450000FE011E00021201D04F0A6FA05460BE034
:10646000022104F1240004F051FB054604E003E09E
:1064700002E001E0012500BF00BF5DB92D482830D2
:10648000006820F0E040D4F88C10084329492831F6
:10649000086000E0A846207800F04000402836D18F
:1064A000D4F89800B0F5406F1DD007DC68B1B0F5A6
:1064B000806F0BD0B0F5006F18D10DE0B0F5805FA4
:1064C00012D0B0F5A05F11D10FE011E00021201D26
:1064D00004F06AFA05460BE0022104F1240004F0FE
:1064E00015FB054604E003E002E001E0012500BFE2
:1064F00000BF5DB90F482C30006820F4E050D4F89C
:10650000981008430B492C31086000E0A846207819
:1065100000F0800080283AD1D4F89C00B0F5C04F3C
:1065200023D00DDC98B1B0F5005F11D0B0F5804FED
:106530001ED113E02C44025800480258FFFCFF0F04
:10654000B0F5004F12D0B0F5204F11D10FE011E09F
:106550000021201D04F028FA05460BE0022104F179
:10656000240004F0D3FA054604E003E002E001E071
:10657000012500BF00BF4DB9BE48006820F460404F
:10658000D4F89C100843BB49086000E0A846207876
:1065900000F00800082817D1D4F88000B0F5805F1B
:1065A00007D1022104F1240004F0B0FA08B14FF041
:1065B0000108B048001F006820F44050D4F8801053
:1065C0000843AC49091F0860207800F0100010282B
:1065D00015D1D4F89400B0F5807F07D1022104F1E1
:1065E000240004F093FA08B14FF00108A1480068B4
:1065F00020F44070D4F8941008439E490860206845
:1066000000F40020B0F5002F26D1D4F8A00030B15E
:10661000B0F5803F09D0B0F5003F0ED10CE000216D
:10662000201D04F0C1F9054609E0022104F124000F
:1066300004F06CFA054602E001E0012500BF00BF4E
:106640004DB98C48006820F44030D4F8A0100843BD
:106650008849086000E0A846206800F48020B0F572
:10666000802F2DD1D4F88400B0F5801F06D0B0F56E
:10667000001F0CD0B0F5401F11D10FE07D482C3821
:10668000006840F400307B492C39086009E00121A2
:1066900004F1240004F03AFA054602E001E0012585
:1066A00000BF00BF5DB97348001F006820F44010B0
:1066B000D4F8841008436F49091F086000E0A84619
:1066C000206800F48030B0F5803F24D1E06C18B130
:1066D000B0F5803F0FD108E066482C38006840F4E0
:1066E000003064492C39086007E00221201D04F0C5
:1066F0005BF9054601E0012500BF00BF55B95D48C3
:106700000C38006820F48030E16C084359490C399A
:10671000086000E0A846206800F00050B0F1005F7B
:1067200007D1022104F1240004F0F0F908B14FF080
:106730000108206800F40030B0F5003F27D1E06F79
:10674000A0B1B0F5807F06D0B0F5007F0CD0B0F5D9
:10675000407F0CD109E047482C38006840F40030F5
:1067600044492C39086004E003E002E001E001251F
:1067700000BF00BF55B93F48001F006820F44070BB
:10678000E16F08433B49091F086000E0A846206804
:1067900000F48010B0F5801F09D136480838006831
:1067A00020F00040216F0843324908390860206812
:1067B00000F08050B0F1805F0AD12E484838006860
:1067C00020F48040D4F8B41008432A4948390860BE
:1067D000206800F40010B0F5001F09D125480838E2
:1067E000006820F08070A16E0843224908390860D3
:1067F000206800F08040B0F1804F11D100BF1D48EB
:106800004838006820F400401A49483908600846B2
:106810000068D4F8B810084316494839086000BF2A
:10682000206800F00040B0F1004F09D111480C3849
:10683000006820F04050216D08430E490C39086073
:10684000206800F40000B0F5000F0AD10948001FCD
:10685000006820F44000D4F8881008430549091F57
:106860000860B8F1000F02D10020BDE8F0810120DE
:10687000FBE70000584402582DE9F04104460D465C
:1068800014B90120BDE8F081BD48006800F00F0098
:10689000A8420ED2BA48006820F00F002843B84939
:1068A00008600846006800F00F00A84201D00120EF
:1068B000E8E7207800F0040004280ED1B1492069EF
:1068C000096801F07001884207D9AE48006820F0DD
:1068D000700021690843AB490860207800F0080087
:1068E000082811D1A749091D6069096801F07001E4
:1068F000884209D9A348001D006820F07000616932
:106900000843A049091D0860207800F010001028F5
:1069100011D19C49091DA069096801F4E061884210
:1069200009D99848001D006820F4E060A169084377
:106930009449091D0860207800F02000202811D11A
:1069400090490831E069096801F07001884209D96D
:106950008C480830006820F07000E16908438949DC
:1069600008310860207800F0020002280ED1854925
:10697000E068096801F00F01884207D98148006882
:1069800020F00F00E16808437E490860207800F09D
:106990000100002850D07B48006820F47060A16896
:1069A0000843784908606068022807D1754818389C
:1069B0000068C0F34040F8B9012063E7606803282D
:1069C00007D1704818380068C0F34060A0B90120B2
:1069D00058E76068012807D16A4818380068C0F392
:1069E000002048B901204DE7664818380068C0F318
:1069F000800008B9012045E762480838006820F0A7
:106A00000700616808435F4908390860FEF7E2F84B
:106A1000064608E0FEF7DEF8801B41F28831884226
:106A200001D903202EE757480838006800F03800E5
:106A30006168B0EBC10FEDD1207800F002000228B0
:106A40000ED15049E068096801F00F01884207D271
:106A50004C48006820F00F00E1680843494908608D
:106A60004748006800F00F00A8420ED9444800686B
:106A700020F00F002843424908600846006800F0F3
:106A80000F00A84201D00120FCE6207800F00400AD
:106A900004280ED13B492069096801F07001884241
:106AA00007D23848006820F0700021690843354952
:106AB0000860207800F00800082811D13149091D2C
:106AC0006069096801F07001884209D22D48001DF3
:106AD000006820F07000616908432A49091D0860B8
:106AE000207800F01000102811D12649091DA06956
:106AF000096801F4E061884209D22248001D00685B
:106B000020F4E060A16908431E49091D086020784F
:106B100000F02000202811D11A490831E0690968E5
:106B200001F07001884209D216480830006820F050
:106B30007000E169084313490831086000F076F8F5
:106B400010490968C1F303210F4A515C01F01F018C
:106B500020FA01F70B48006800F00F001146085CAE
:106B600000F01F0027FA00F0084908600848076095
:106B700008480068FEF770F88046404682E600004C
:106B8000002000521844025836E50008280000246E
:106B9000240000241C00002410B500F047F80D4923
:106BA0000968C1F303210C4A515C01F01F0120FA6E
:106BB00001F40848006800F00F001146085C00F07E
:106BC0001F0024FA00F005490860054804600846E3
:106BD000006810BD1844025836E50008280000245B
:106BE0002400002400B5FFF7D7FF05490968C1F369
:106BF0000211044A515C01F01F01C84000BD0000B1
:106C00001C44025836E5000800B5FFF7C5FF0549EA
:106C10000968C1F30221044A515C01F01F01C84018
:106C200000BD00001C44025836E50008F0B5824E55
:106C3000366806F0380636B1082E15D0102E15D05D
:106C4000182E7DD114E07C4E103E3668C6F34016F7
:106C500046B1794E103E3668C6F3C107774E26FA24
:106C600007F000E07548E5E07548E3E07548E1E0CD
:106C7000714E1836366806F003046F4E18363668C3
:106C8000C6F305116C4E1C36366806F001056A4ED7
:106C900024363668C6F3CC0616FB05F601EE106AFC
:106CA000B8EE410A002971D024B1012C50D0022C39
:106CB0006DD16DE0604E103E3668C6F340163EB3AF
:106CC0005D4E103E3668C6F3C1075C4E26FA07F3E8
:106CD00001EE103AF8EE411A01EE101AB8EE411A20
:106CE00081EE812A9FED581AC0EE011A524E2036CD
:106CF0003668C6F3080601EE106AB8EE411A31EEA6
:106D0000811AF7EE001A31EE211A62EE010A1EE036
:106D100001EE101AB8EE411ADFED4C1A81EE812A0D
:106D20009FED491AC0EE011A434E20363668C6F36D
:106D3000080601EE106AB8EE411A31EE811A00E041
:106D400076E0F7EE001A31EE211A62EE010A5BE0FE
:106D500001EE101AB8EE411A9FED3D2AC2EE011A5B
:106D60009FED391A80EE012A334E20363668C6F37D
:106D7000080601EE106AB8EE411A32EE011AB7EEBB
:106D8000002A31EE021A61EE810A3DE04EE01DE07C
:106D900001EE101AB8EE411ADFED2E1A81EE812AAB
:106DA0009FED291AC0EE011A234E20363668C6F32D
:106DB000080601EE106AB8EE411A31EE811AF7EEBC
:106DC000001A31EE211A62EE010A1DE001EE101ADE
:106DD000B8EE411A9FED1E2AC2EE011A9FED1A1A53
:106DE00080EE012A144E20363668C6F3080601EEFE
:106DF000106AB8EE411A32EE011AB7EE002A31EEEF
:106E0000021A61EE810A00BF00BF0B4E20363668C1
:106E1000C6F34626721C01EE102AB8EE411AC0EEE7
:106E2000811ABCEEE11A11EE100A00E0002001E028
:106E3000034800BF00BFF0BD104402580090D003CB
:106E400000093D0000366E01000000460024744C2D
:106E50000024744A001BB74B2DE9F047044614B9CF
:106E60000120BDE8F087207800F00100002870D0F4
:106E7000FA48006800F03808F8481830D0F8009058
:106E8000B8F1100F06D0B8F1180F0FD109F00300B8
:106E900002280BD1F14810380068C0F340400028A8
:106EA0006AD06068002867D10120DAE700BF606817
:106EB000B0F5803F08D1E9481038006840F48030D0
:106EC000E649103908602EE0606868B9E348103878
:106ED000006820F48030E1491039086008460068F5
:106EE00020F4802008601EE06068B0F5A02F0DD16E
:106EF000DA481038006840F48020D849103908601A
:106F00000846006840F4803008600CE0D348103830
:106F1000006820F48030D1491039086008460068C4
:106F200020F48020086000BF606898B1FDF752FE31
:106F3000054606E0FDF74EFE401B642801D90320FC
:106F40008FE7C64810380068C0F340400028F1D0F1
:106F500012E012E0FDF73EFE054606E0FDF73AFEC0
:106F6000401B642801D903207BE7BC481038006827
:106F7000C0F340400028F1D100BF207800F00200AB
:106F8000022874D1B548006800F03808B3481830BA
:106F9000D0F80090B8F1000F05D0B8F1180F56D115
:106FA00009F00300D0BBAD4810380068C0F3800082
:106FB00018B1E06808B9012053E7A8481038006804
:106FC00020F01900E1680843A44910390860FDF772
:106FD00001FE054606E0FDF7FDFD401B022801D934
:106FE00003203EE79D4810380068C0F38000002869
:106FF000F1D000BFFDF7E8FD41F2030188421AD845
:10700000206940280BD195480C38006820F47C306A
:1070100040F4003091490C39086017E017E08F48C0
:107020000C38006820F47C30216940EA01308B493B
:107030000C3908600AE089480C38006820F0FE40EE
:10704000217C40EA016085490C39086066E0E0680F
:1070500088B382481038006820F01900E1680843BE
:107060007E4910390860FDF7B5FD054607E056E09A
:10707000FDF7B0FD401B022801D90320F1E6774857
:1070800010380068C0F380000028F1D000BFFDF781
:107090009BFD41F2030188421AD8206940280BD198
:1070A0006E480C38006820F47C3040F400306B49A6
:1070B0000C39086017E017E068480C38006820F4C5
:1070C0007C30216940EA013064490C3908600AE0EB
:1070D00062480C38006820F0FE40217C40EA0160E4
:1070E0005E490C39086019E05C481038006820F0EF
:1070F00001005A4910390860FDF76CFD054606E0AD
:10710000FDF768FD401B022801D90320A9E653487A
:1071100010380068C0F380000028F1D100BF20784B
:1071200000F0100010287CD14C48006800F03808AE
:107130004A481830D0F80090B8F1080F06D0B8F1DE
:10714000180F3DD109F00300012839D14348103808
:107150000068C0F3002020B1E069802801D0012040
:107160007FE600BFFDF730FD41F2030188421AD8E7
:10717000206A20280AD139480C38006820F0F840ED
:1071800040F0804035490C39086018E033480C382D
:10719000006820F0F84094F8201040EA81602F4900
:1071A0000C3908600BE02D48001F006820F07C506F
:1071B00094F8201040EA01602849091F086066E041
:1071C000E06978B325481038006840F08000234912
:1071D00010390860FDF7FEFC054606E0FDF7FAFCF5
:1071E000401B022801D903203BE61C4810380068E8
:1071F000C0F300200028F1D000BFFDF7E5FC41F20C
:10720000030188421CD8206A20280CD113480C386E
:10721000006820F0F84040F0804010490C390860C8
:107220001AE035E01CE00D480C38006820F0F8400A
:1072300094F8201040EA816008490C3908600BE09E
:107240000648001F006820F07C5094F8201040EAA7
:1072500001600249091F086019E00000104402584B
:10726000FA48006820F08000F8490860FDF7B2FC99
:10727000054606E0FDF7AEFC401B022801D90320BD
:10728000EFE5F2480068C0F300200028F2D100BF0B
:10729000207800F00800082836D16069D0B1EB48AA
:1072A0007430006840F00100E84974310860FDF76F
:1072B00091FC054606E0FDF78DFC401B022801D934
:1072C0000320CEE5E14874300068C0F34000002898
:1072D000F1D019E0DD487430006820F00100DB498E
:1072E00074310860FDF776FC054606E0FDF772FC98
:1072F000401B022801D90320B3E5D448743000684C
:10730000C0F340000028F1D1207800F020002028B0
:1073100030D1A069B8B1CD48006840F48050CB4965
:107320000860FDF757FC054606E0FDF753FC401BDF
:10733000022801D9032094E5C4480068C0F3403016
:107340000028F2D016E0C148006820F48050BF4900
:107350000860FDF73FFC054606E0FDF73BFC401BDF
:10736000022801D903207CE5B8480068C0F340300A
:107370000028F2D1207800F0040004287DD1B44820
:10738000006840F48070B2490860FDF723FC0546B0
:1073900006E0FDF71FFC401B642801D9032060E5CF
:1073A000AB48006800F480700028F2D000BFA068ED
:1073B000012808D1A5487030006840F00100A349B9
:1073C000703108602DE0A06868B9A048703000688E
:1073D00020F001009D49703108600846006820F0E7
:1073E000040008601DE0A06805280DD197487030A2
:1073F000006840F004009549703108600846006854
:1074000040F0010008600CE090487030006820F007
:1074100001008E49703108600846006820F00400C1
:10742000086000BFA068A0B1FDF7D4FB054608E0E6
:10743000FDF7D0FB401B41F28831884201D903207F
:107440000FE5824870300068C0F340000028EFD09C
:1074500013E0FDF7BFFB054608E0FDF7BBFB401B53
:1074600041F28831884201D90320FAE4774870302C
:107470000068C0F340000028EFD1606A00287DD08A
:1074800072481030006800F03800182877D0606A21
:10749000022875D16D48006820F080706B49086043
:1074A000FDF798FB054606E0FDF794FB401B02281C
:1074B00001D90320D5E465480068C0F34060002886
:1074C000F2D100BFD4E90A1041EA00105F49283127
:1074D000096840F2F332914308435C49283108605F
:1074E000208E401EC0F30800616B491E4FF47E429F
:1074F00002EA41210843218F491ED20102EA0141DB
:1075000008433C21095D491E120202EA0161084359
:107510004E493031086000BF081F006820F00100AC
:10752000091F08604948343000684FF6F8718843F5
:10753000A16C40EAC10045493431086043482C3011
:10754000006820F00C00216C084340492C31086091
:107550000846006820F00200616C08433B492C316A
:1075600008600846006840F48030086008460068FB
:1075700040F4003008600846006802E06AE038E045
:107580001FE040F4802008600846006840F00100D9
:1075900008602E48006840F080702C490860FDF7B4
:1075A00019FB054606E0FDF715FB401B022801D933
:1075B000032056E425480068C0F340600028F2D05C
:1075C00048E02248006820F0807020490860FDF7FC
:1075D00001FB054606E0FDF7FDFA401B022801D934
:1075E00003203EE419480068C0F340600028F2D14F
:1075F00030E0164828300768144830300668606A62
:10760000012821D007F00301A06A81421CD1C7F3F1
:107610000511E06A884217D1C6F30801206B401EAD
:10762000814211D1606B401EC6F3462188420BD1C6
:10763000A06B401EC6F30641884205D1E06B401E98
:10764000C6F30661884205D001200AE400440258CE
:1076500000480258002004E47047704770477047A4
:107660007047000070B50446E56A2068406BC0F3BF
:10767000C03030B105F0080018B1204603F00EFD0F
:1076800026E12068406BC0F30020002876D04FF43C
:107690008070216888632068C06B4CF23A1188437F
:1076A0002168C8632068C06B20F080502168C863DF
:1076B0002068C06820F040002168C86005F008001C
:1076C00030B305F0020010B905F0200050B1206879
:1076D00003F0B4FB06462EB1606B30436063204676
:1076E000FFF7BEFF7B4821688863012084F83000E3
:1076F0000020E06205F0010010B905F0020018B1A9
:10770000204600F0E9F8E3E0204600F0EAF8DFE088
:1077100005F080000028B3D000202168886221682D
:10772000C8622168086505F0020010B905F0200064
:1077300050B1206803F082FB06462EB1606B3043E7
:1077400060632046FFF78CFF012084F830000020A2
:10775000E06205F0100010B905F0200010B12046DD
:1077600000F0BFF805F0010018B905F0020000288C
:1077700086D0204600F0B0F8AAE0FFE72068406B12
:10778000C0F3803030B105F0080018B1204603F096
:10779000A6FC9DE02068406B00F03A0008B1012093
:1077A00000E00020002870D02068406BC0F340004B
:1077B00018B1606B40F0020060632068406BC0F35A
:1077C000C00018B1606B40F0080060632068406B37
:1077D000C0F3401018B1606B40F020006063206877
:1077E000406BC0F3001018B1606B40F01000606394
:1077F0003848216888632068C06B20F49D70216838
:10780000C8632068C06820F040002168C860206814
:10781000C06A40F400502168C8622068C06840F027
:1078200080002168C860206803F008FB616B084392
:1078300060632068C06820F080002168C8604FF451
:1078400000602168886305F0080040B1012084F8D9
:1078500030000020E0622046FFF702FF38E005F02C
:10786000800030B3606B20B32068C06B20F0805084
:107870002168C863002021680865012084F8300071
:107880002046FFF7EDFE23E0FFE72068406BC0F3E2
:10789000007070B14FF08050216888632068006DDF
:1078A00000F0040050B905F0200018B12046FFF7A1
:1078B000D6FE0DE02046FFF7D0FE09E005F02000DF
:1078C00018B12046FFF7CAFE02E02046FFF7C4FECB
:1078D00070BD00003A0F001810B50446F9F7E0FA41
:1078E00010BD10B50446F9F7E1FA10BD704700006D
:1078F0002DE9F05F0446206807692068D0F81480FD
:1079000007EA08052068D0F808904FF0000A94F8BC
:107910008160206800F1300B05F0400070B905F07F
:10792000200058B905F00400042807D12046616FF3
:1079300088472046216F88474FF0010A05F0400034
:1079400050B905F0010038B105F0040020B9204617
:10795000216F88474FF0010A05F0200058B905F063
:107960000200022807D105F0040020B92046616F0B
:1079700088474FF0010ABAF1000F01D0BDE8F09F2F
:1079800005F00800082872D12068806940F00800DE
:10799000216888612068806940F010002168886152
:1079A0002068806940F4006021688861206800696F
:1079B00020F008002168086109F4404048B1042E15
:1079C00002D0A06FC06920B1032E3DD0E06FC06926
:1079D000C8BB2068806800F4404038BB22E0E06803
:1079E0000F2807D92068006B616E0860606E001D6B
:1079F000606612E0E068072807D9BBF80000616EF6
:107A00000880606E801C606607E0206890F8300097
:107A1000616E0870606E401C6066B4F86A00401EBB
:107A2000A4F86A00B4F86A000028D8D1204603F010
:107A300087FB012084F88100D4F8840018B1204627
:107A4000FFF754FF9AE7FFE7052E03D1204600F029
:107A50003FFD0AE0042E03D1204600F034FB04E091
:107A6000032E02D1204600F032FD87E7FFE708F43D
:107A70000060B0F5006F0AD107F00800082806D1B1
:107A80002068806940F400602168886176E705F429
:107A9000587000287DD005F0400058B1D4F884001B
:107AA00040F00400C4F884002068806940F0400081
:107AB0002168886105F4007058B1D4F8840040F062
:107AC0000100C4F884002068806940F400702168D7
:107AD000886105F4807058B1D4F8840040F0080043
:107AE000C4F884002068806940F48070216888614F
:107AF00005F0200058B1D4F8840040F08000C4F8AC
:107B000084002068806940F0200021688861D4F8F2
:107B10008400A8B32068006820F001002168086094
:107B20002068006940F26B3188432168086109F4DC
:107B30004040B0F5404F25D12068806820F4404097
:107B400021688860E06F60B11348E16F0865E06FFD
:107B5000FBF708FC28B1D4F8840040F04000C4F8DA
:107B60008400A06F60B10C48A16F0865A06FFBF79F
:107B7000F9FB28B1D4F8840040F04000C4F8840038
:107B800006E006E0012084F881002046FFF7AEFE03
:107B9000F4E600BFF2E6000017B2000870B5044634
:107BA0000CB9012070BD606A00B900BF0021A1625C
:107BB0005749206888420CD056492068884208D02E
:107BC00055492068884204D0E0680F2801D9012077
:107BD000E8E7204603F02DFB05464D492068884222
:107BE00009D04C492068884205D04B49206888421A
:107BF00001D0082D0DD846492068884207D0454954
:107C00002068884203D044492068884203D1102D5F
:107C100001D90120C6E794F8810028B9002084F832
:107C20008000204600F07AF8022084F88100206865
:107C3000006820F00100216808602068806800F476
:107C4000F816A069B0F1806F11D16068B0F5800FAF
:107C500001D1A06B28B1606848B9A06BB0F1805F1A
:107C600005D12068006840F4805021680860A16A4E
:107C7000E06908433043E16B0843E1680843216849
:107C80008860616A606B0843A16B0843A16908437F
:107C90002169084361690843216A08436168084310
:107CA000E16C0843A1680843A16C0843A16D084337
:107CB0002168C860606878B92068806820F4C05086
:107CC00040F40060216888602068806820F4C0600B
:107CD00040F48060216888602068006D20F0010019
:107CE00021680865606800F48000B0F5800F07D156
:107CF0002068C06820F00040616D08432168C860BA
:107D00000020C4F88400012084F88100002049E7A5
:107D10000030014000380040003C004010B5B6B0D3
:107D20000446142131A8F8F71DFBBC2102A8F8F77E
:107D300019FB2F492068884258D1801402900020F6
:107D4000199002A8FDF7E6FF08B1FAF776F900BF2F
:107D50002848006840F480502649086008460068BA
:107D600000F48050019000BF00BF00BF21481038D0
:107D7000006840F001001F4910390860084600689B
:107D800000F00100019000BF00BFE0203190022010
:107D900032900020339034900520359031A9164858
:107DA000FCF706FE154816490860252048600021AA
:107DB00013488160C1604FF480610161002141611D
:107DC0008161C16101624162FCF714FA08B1FAF7FE
:107DD00034F900BF0A48E067846300BF002206212F
:107DE0002320FDF711F82320FCF7FAFF36B010BD71
:107DF00000300140F04402580000025810000240D8
:107E00001C0400242DE9F84F0446884616461D46FA
:107E10004FF0000A206800F130096068B0F5800F6B
:107E20000DD1A06858B9042084F881003346424639
:107E300041462046009500F047F9BDE8F88F00BFA5
:107E400094F88000012801D10220F6E7012084F88F
:107E5000800000BFFCF7BEFE074694F881000128B1
:107E600008D04FF0020A00BF002084F8800000BF55
:107E70005046E2E7B8F1000F00D046B94FF0010AD2
:107E800000BF002084F8800000BF5046D5E70420E2
:107E90005C3484F825000020A062C4F80880A68124
:107EA000E6812060A080E0806061A0615C3CA06809
:107EB000B0F5C02F05D12068006820F4006021686B
:107EC0000860206840686FF30F0030432168486005
:107ED0002068006840F00100216808606068B0F523
:107EE000800F05D12068006840F4007021680860A8
:107EF000E0680F2833D92DE02068406948F2080176
:107F0000084060B12068006B616E0860606E001D03
:107F10006066B4F86A00401EA4F86A001AE0FCF734
:107F200059FEC01BA84201D3681C00B995B9204670
:107F300003F006F900BF002084F8800000BFD4F8E9
:107F4000840040F48070C4F88400012084F881002B
:107F5000032072E7B4F86A000028CDD1A1E0E06800
:107F6000072844D93EE02068406900F46040F0B141
:107F70002068406900F4004060B12068006B616EC9
:107F80000860606E001D6066B4F86A00801EA4F888
:107F90006A0027E0B9F80000616E0880606E801CFE
:107FA0006066B4F86A00401EA4F86A001AE0FCF7A4
:107FB00011FEC01BA84201D3681C00B995B9204628
:107FC00003F0BEF800BF002084F8800000BFD4F8A2
:107FD000840040F48070C4F88400012084F881009B
:107FE00003202AE7B4F86A000028BCD159E054E025
:107FF0002068406900F4604098B32068406900F44C
:10800000004060B12068006B616E0860606E001D0A
:108010006066B4F86A00001FA4F86A003DE02068BA
:10802000406900F4C040B0F5005F0CD9B9F8000019
:10803000616E0880606E801C6066B4F86A00801E05
:10804000A4F86A0029E0206890F83000616E08709A
:10805000606E401C6066B4F86A00401EA4F86A00B6
:108060001BE0FFE7FCF7B6FDC01BA84201D3681C6C
:1080700000B995B9204603F063F800BF002084F8EA
:10808000800000BFD4F8840040F48070C4F88400FD
:10809000012084F881000320CFE6B4F86A000028AC
:1080A000A6D1204603F04CF800BF002084F88000E1
:1080B00000BF012084F88100D4F8840008B10120B9
:1080C000BBE65046B9E670472DE9FF4F85B0044640
:1080D0008A461F46129E002004902068203003909C
:1080E00020683030029000BF94F88000012803D14E
:1080F000022009B0BDE8F08F012084F8800000BFA5
:10810000FCF768FD81463D46A84694F881B060685A
:108110000190BBF1010F11D00198B0F5800F04D18F
:10812000A06810B9BBF1040F08D00220049000BF72
:10813000002084F8800000BF0498DAE7BAF1000F4D
:1081400002D0079800B147B90120049000BF002079
:1081500084F8800000BF0498CBE794F881000428DD
:1081600002D0052084F881000020C4F8840007981C
:108170006066A4F86A70A4F86870C4F85CA0A4F8FB
:108180006270A4F860700020206760672068406813
:108190006FF30F003843216848602068006840F0A2
:1081A0000100216808606068B0F5800F05D1206883
:1081B000006840F4007021680860E0680F284ED91C
:1081C00047E02068406900F0020002280ED16DB13E
:1081D000E06D006821680862E06D001DE065B4F89C
:1081E0006200401EA4F86200B4F862502068406942
:1081F00048F20801084080B1B8F1000F0DD02068A6
:10820000006B616E0860606E001D6066B4F86A0005
:10821000401EA4F86A00B4F86A80FCF7DBFCA0EB0F
:108220000900B04201D3701C00B996B9204602F093
:1082300087FF00BF002084F8800000BFD4F88400CE
:1082400040F48070C4F88400012084F88100032089
:108250004FE7002DB5D1B8F1000FB2D117E1E068BA
:10826000072874D96CE02068406900F002000228F9
:1082700020D1FDB1012D10D9E06B70B1E06D006827
:1082800021680862E06D001DE065B4F86200801EA0
:10829000A4F86200B4F862500CE054F85C0F018856
:1082A000039801802068801C2060E088401EE080E8
:1082B000E5885C3C2068406900F4604020B3B8F178
:1082C000000F21D02068406900F4004070B12068A0
:1082D000006B616E0860606E001D6066B4F86A0035
:1082E000801EA4F86A00B4F86A800DE00298008845
:1082F00054F8641F08802068801C2060E088401EBD
:10830000E080B4F80680643CFCF764FCA0EB090054
:10831000B04201D3701C00B996B9204602F010FF9C
:1083200000BF002084F8800000BFD4F8840040F42F
:108330008070C4F88400012084F881000320D8E60E
:10834000002D90D1B8F1000F8DD1A0E0FFE798E0AB
:108350002068406900F00200022835D125B3032DC2
:1083600011D9E06B40280ED9E06D006821680862E1
:10837000E06D001DE065B4F86200001FA4F8620023
:10838000B4F8625020E0012D0FD9E06B68B154F8C9
:108390005C0F0188039801802068801C2060E088C1
:1083A000801EE080E5885C3C0EE0E06D007821688E
:1083B00081F82000E06D401CE065B4F86200401ECA
:1083C000A4F86200B4F862502068406900F460408C
:1083D00058B3B8F1000F38D02068406900F400406D
:1083E00070B12068006B616E0860606E001D606691
:1083F000B4F86A00001FA4F86A00B4F86A8024E0A8
:108400002068406900F4C040B0F5005F0ED90298C2
:10841000008854F8641F08802068801C2060E08871
:10842000801EE080B4F80680643C0EE0206890F87E
:108430003000616E0870606E401C6066B4F86A00BF
:10844000401EA4F86A00B4F86A80FCF7C3FBA0EBF6
:108450000900B04201D3701C00B996B9204602F061
:108460006FFE00BF002084F8800000BFD4F88400B5
:1084700040F48070C4F88400012084F88100032057
:1084800037E6002D7FF464AFB8F1000FFAD14B4608
:10849000002208212046009602F0D8FE28B1D4F828
:1084A000840040F02000C4F88400204602F048FE1A
:1084B00000BF002084F8800000BF012084F8810004
:1084C000D4F8840008B1012013E6049811E670473F
:1084D00070470000034A126882430A43014B1A6046
:1084E000704700000404005870B504462546681E15
:1084F000B0F1807F01D301200FE0681E4FF0E02132
:1085000048610F214FF0FF3004F0B6FB00204FF020
:10851000E021886107200861002070BD7047704726
:108520007047000030B502460B4600BF92F83C0091
:10853000012801D1022030BD012082F83C0000BF9B
:10854000022082F83D001068416810688468214D5F
:108550001068A84203D0204D1068A84203D121F42E
:1085600070015868014321F07001186801431068D8
:108570004160184D1068A8421BD01068B0F1804FC0
:1085800017D0164D1068A84213D0154D1068A84298
:108590000FD0144D1068A8420BD00F4D1068A842A0
:1085A00007D0114D1068A84203D0104D1068A842A2
:1085B00005D124F080049868044310688460012089
:1085C00082F83D0000BF002082F83C0000BF00BFE1
:1085D000B1E7000000000140000401400004004039
:1085E00000080040000C004000180040004001401E
:1085F00010B504460CB9012010BD94F83D0028B90F
:10860000002084F83C00204600F02AF8022084F87C
:108610003D00211D206803F011F8012084F8480076
:1086200000BF84F83E0001213F2001554020015544
:1086300041200155422001554320015500BF00BF94
:10864000012084F84400452001554620015547206B
:10865000015500BF012084F83D000020CCE7000058
:1086600038B504463249206888420DD100BF3148F0
:10867000006840F010002F4908600846006800F0CC
:108680001000009000BF51E02B492068884216D1AD
:1086900000BF2848006840F02000264908600846CE
:1086A000006800F02000009000BF00BF00221146CB
:1086B0003720FCF7A9FB3720FCF792FB36E01F4977
:1086C0002068884216D100BF1A48006840F0800038
:1086D000184908600846006800F08000009000BF5C
:1086E00000BF00220A212C20FCF78EFB2C20FCF777
:1086F00077FB1BE012492068884217D100BF0D4864
:108700000830006840F480200A49083108600846B3
:10871000006800F48020009000BF00BF0122022109
:108720007620FCF771FB7620FCF75AFB38BD000081
:1087300000100040E844025800140040001C0040B3
:1087400000480140014691F83D00012801D0012078
:108750007047022081F83D000868C06840F00100C1
:108760000B68D8601C4B086898421BD00868B0F1B1
:10877000804F17D0194B0868984213D0184B0868DF
:1087800098420FD0174B086898420BD0164B0868D8
:10879000984207D0154B0868984203D0144B0868DC
:1087A000984210D108688068124B00EA0302062A3A
:1087B0000FD0B2F5803F0CD00868006840F001008F
:1087C0000B68186005E00868006840F001000B685D
:1087D00018600020BCE700000000014000040040D9
:1087E00000080040000C0040000401400018004058
:1087F0000040014007000100014600BF0868006A10
:1088000041F21112104050B90868006A92101040ED
:1088100028B90868006820F001000A68106000BFED
:10882000012081F83D000020704701460868C068BB
:1088300020F001000A68D06000BF0868006A41F2B9
:108840001112104050B90868006A9210104028B9FF
:108850000868006820F001000A68106000BF01206D
:1088600081F83D0000207047704710B5044620682D
:108870000069C0F34000D8B12068C068C0F3400070
:10888000B0B16FF0020021680861012020772068F4
:10889000806900F0030018B12046FFF7E5FF05E00E
:1088A000204600F07FF9204600F00CFC00202077E5
:1088B00020680069C0F38000D8B12068C068C0F3A8
:1088C0008000B0B16FF004002168086102202077B9
:1088D0002068806900F4407018B12046FFF7C4FF9B
:1088E00005E0204600F05EF9204600F0EBFB00209A
:1088F000207720680069C0F3C000D8B12068C06844
:10890000C0F3C000B0B16FF0080021680861042016
:1089100020772068C06900F0030018B12046FFF7F7
:10892000A3FF05E0204600F03DF9204600F0CAFB19
:108930000020207720680069C0F30010D8B12068BB
:10894000C068C0F30010B0B16FF01000216808617A
:10895000082020772068C06900F4407018B12046D4
:10896000FFF782FF05E0204600F01CF9204600F0EA
:10897000A9FB002020772068006900F0010058B1B1
:108980002068C06800F0010030B16FF0010021687C
:108990000861204600F0BCFC20680069C0F3C010EC
:1089A00058B12068C068C0F3C01030B16FF08000CB
:1089B000216808612046FFF7B2FD20680069C0F316
:1089C000002058B12068C068C0F3C01030B16FF407
:1089D0008070216808612046FFF7A0FD20680069CB
:1089E000C0F3801058B12068C068C0F3801030B167
:1089F0006FF0400021680861204600F04FFD2068BC
:108A00000069C0F3401058B12068C068C0F340103E
:108A100030B16FF02000216808612046FFF780FD2B
:108A200010BD000010B586B00446142101A8F7F768
:108A300099FC3149206888421AD100BF2F4800684C
:108A400040F004002D4908600846006800F004006A
:108A5000009000BF00BF4020019002200290002043
:108A6000039004900220059001A92548FBF7A0FF80
:108A70002449206888421CD100BF2048006840F08B
:108A800008001E4908600846006800F008000090D1
:108A900000BF00BF4FF4A0400190022002900020D0
:108AA000039004900220059001A91748FBF780FF6E
:108AB0001FE01649206888421BD100BF0F4800689C
:108AC00040F002000D4908600846006800F002000E
:108AD000009000BF00BF4FF4804001900220029040
:108AE0000020039004900220059001A90848FBF79C
:108AF0005FFF06B010BD000000040040E0440258D3
:108B00000008025800080040000C025800180040FD
:108B1000000402582DE9F04104460E461546002790
:108B200000BF94F83C00012802D10220BDE8F0818A
:108B3000012084F83C0000BF0C2D1AD005DC4DB19B
:108B4000042D0CD0082D23D10EE0102D16D0142D9D
:108B50001ED118E03146206802F0E8FD1AE03146E7
:108B6000206802F039FE15E03146206802F08EFEE2
:108B700010E03146206802F0E3FE0BE03146206849
:108B800002F018FF06E03146206802F04BFF01E0DA
:108B9000012700BF00BF00BF002084F83C0000BFD9
:108BA0003846C3E7704710B504460CB9012010BD24
:108BB00094F83D0028B9002084F83C00204600F0DD
:108BC00029F8022084F83D00211D206802F036FDBE
:108BD000012084F8480000BF84F83E0001213F20B6
:108BE00001554020015541200155422001554320A7
:108BF000015500BF00BF012084F844004520015505
:108C0000462001554720015500BF012084F83D0052
:108C10000020CCE708B5094A016891420DD100BF98
:108C20000749096841F00401054A116011460968C5
:108C300001F00401009100BF00BF08BD0008004022
:108C4000E844025870B504460D4615B994F83E0044
:108C500015E0042D02D13F20005D10E0082D02D167
:108C60004020005D0BE00C2D02D14120005D06E0AC
:108C7000102D02D14220005D01E04320005D01285B
:108C800001D0012070BD1DB9022084F83E001AE019
:108C9000042D03D102213F20015514E0082D03D1FA
:108CA0000221402001550EE00C2D03D1022141206C
:108CB000015508E0102D03D102214220015502E0A8
:108CC00002214320015501222946206802F01CFDA3
:108CD0002B49206888420FD02A49206888420BD04F
:108CE00029492068884207D028492068884203D053
:108CF00027492068884201D1012000E0002028B1E6
:108D00002068406C40F40040216848641C49206899
:108D100088421BD02068B0F1804F17D01D492068D1
:108D2000884213D01C49206888420FD01B49206814
:108D300088420BD013492068884207D01849206820
:108D4000884203D010492068884210D1206880688A
:108D5000144900EA0106062E0FD0B6F5803F0CD06C
:108D60002068006840F001002168086005E0206884
:108D7000006840F0010021680860002082E70000E0
:108D80000000014000040140004001400044014057
:108D9000004801400004004000080040000C004072
:108DA000001800400700010030B504460D460022BF
:108DB0002946206802F0A8FC2F49206888420FD07D
:108DC0002E49206888420BD02D492068884207D060
:108DD0002C492068884203D02B492068884201D161
:108DE000012000E0002090B100BF2068006A41F23D
:108DF0001111084050B92068006A8910084028B94C
:108E00002068406C20F400402168486400BF00BF27
:108E10002068006A41F21111084050B92068006AC8
:108E20008910084028B92068006820F001002168F6
:108E3000086000BF1DB9012084F83E001AE0042D2F
:108E400003D101213F20015514E0082D03D1012158
:108E5000402001550EE00C2D03D101214120015588
:108E600008E0102D03D101214220015502E001212B
:108E700043200155002030BD0000014000040140A6
:108E80000040014000440140004801402DE9F0410C
:108E900004460D461646002700BF94F83C00012802
:108EA00002D10220BDE8F081012084F83C0000BF1F
:108EB0000C2E51D005DC4EB1042E1ED0082E7AD1D6
:108EC00033E0102E60D0142EF9D175E029462068C9
:108ED00002F02CFC2068806940F00800216888615D
:108EE0002068806920F0040021688861206880691A
:108EF000296908432168886178E02946206802F0E2
:108F00006BFC2068806940F40060216888612068FB
:108F1000806920F4806021688861206880692969FF
:108F200040EA01202168886160E02946206802F05B
:108F3000ADFC2068C06940F008002168C861206865
:108F4000C06920F004002168C8612068C0692969EF
:108F500008432168C86149E02946206802F0F0FC16
:108F60002068C06940F400602168C8612068C06959
:108F700020F480602168C8612068C069296940EADE
:108F800001202168C86131E02946206802F012FD05
:108F90002068406D40F00800216848652068406DF9
:108FA00020F00400216848652068406D2969084365
:108FB000216848651AE017E02946206802F032FD72
:108FC0002068406D40F40060216848652068406D6D
:108FD00020F48060216848652068406D296940EA76
:108FE00001202168486501E0012700BF00BF00BFE4
:108FF000002084F83C0000BF384653E710B5044613
:109000000CB9012010BD94F83D0028B9002084F867
:109010003C00204600F02AF8022084F83D00211D83
:10902000206802F00BFB012084F8480000BF84F8A0
:109030003E0001213F2001554020015541200155AE
:10904000422001554320015500BF00BF012084F894
:10905000440045200155462001554720015500BFD9
:10906000012084F83D000020CCE7000008B5124A3A
:10907000016891420DD100BF1049096841F0020119
:109080000E4A11601146096801F00201009100BF0B
:1090900011E00B4A016891420DD100BF07490968F0
:1090A00041F04001054A11601146096801F0400194
:1090B000009100BF00BF08BD00040040E844025812
:1090C000001800407047000070B504460D4615B901
:1090D00094F83E0015E0042D02D13F20005D10E021
:1090E000082D02D14020005D0BE00C2D02D1412063
:1090F000005D06E0102D02D14220005D01E043201A
:10910000005D012801D0012070BD1DB9022084F846
:109110003E001AE0042D03D102213F20015514E046
:10912000082D03D10221402001550EE00C2D03D162
:1091300002214120015508E0102D03D102214220D7
:10914000015502E0022143200155012229462068F1
:1091500002F0DAFA2B49206888420FD02A492068A9
:1091600088420BD029492068884207D028492068C6
:10917000884203D027492068884201D1012000E0BD
:10918000002028B12068406C40F400402168486409
:109190001C49206888421BD02068B0F1804F17D04E
:1091A0001D492068884213D01C49206888420FD08E
:1091B0001B49206888420BD013492068884207D099
:1091C00018492068884203D010492068884210D18D
:1091D00020688068144900EA0106062E0FD0B6F513
:1091E000803F0CD02068006840F0010021680860D2
:1091F00005E02068006840F0010021680860002058
:1092000082E70000000001400004014000400140EE
:1092100000440140004801400004004000080040B4
:10922000000C0040001800400700010030B5044663
:109230000D4600222946206802F066FA2F49206870
:1092400088420FD02E49206888420BD02D492068D3
:10925000884207D02C492068884203D02B492068D7
:10926000884201D1012000E0002090B100BF2068B9
:10927000006A41F21111084050B92068006A891053
:10928000084028B92068406C20F4004021684864F8
:1092900000BF00BF2068006A41F21111084050B9B8
:1092A0002068006A8910084028B92068006820F00A
:1092B00001002168086000BF1DB9012084F83E004C
:1092C0001AE0042D03D101213F20015514E0082D9F
:1092D00003D10121402001550EE00C2D03D10121C5
:1092E0004120015508E0102D03D1012142200155F4
:1092F00002E0012143200155002030BD0000014063
:109300000004014000400140004401400048014089
:1093100010B504464F492068884202D101204E49C9
:1093200008704E492068884255D101204C49087088
:109330004C4800780A2807D04A480078142803D0FF
:109340004848007837283BD147480078002837D173
:1093500046480078401C45490870084600780A28AD
:1093600007DB43480078401C4149087000203F4912
:1093700008703F4800780A2807DB3E480078401C08
:109380003C49087000203A4908703A4800780A2899
:1093900009DB344800780A2805D1012036490870D5
:1093A000314908700CE033480078142808DB2D4858
:1093B0000078142804D10120304908702A49087027
:1093C00029480078012806D100202849087028493A
:1093D0000870284908702A492068884238D12948ED
:1093E0000088401C274908800846008840F6C411C0
:1093F000884209DD012024490870002021490880A5
:109400002248FFF7F9F923E021481E490988405C0A
:1094100030B12048006840F480401E49086005E0F3
:109420001C48006840F080401A4908601A481549F5
:109430000988405C30B11748006840F480501549F5
:10944000086005E01348006840F08050114908604A
:1094500010BD0000001400404A020024001C00401F
:109460006000002425020024240200246900002456
:109470006A0000246B000024210200242002002442
:109480000048014074000024680000245C060024A9
:109490007AE80008180C02583EF2000870470146AE
:1094A00000BF91F88000012801D1022070470120FF
:1094B00081F8800000BF2420C1F884000868026899
:1094C0000868006820F001000B68186022F0005264
:1094D00000204866086802602020C1F8840000BFB0
:1094E000002081F8800000BF00BFDFE770477047B1
:1094F00070B504460D4600BF94F88000012801D1E4
:10950000022070BD012084F8800000BF2420C4F830
:109510008400206806682068006820F00100216847
:1095200008602068806820F06060284321688860B7
:10953000204602F0CBFA206806602020C4F88400A0
:1095400000BF002084F8800000BF00BFD9E770B5DD
:1095500004460D4600BF94F88000012801D1022086
:1095600070BD012084F8800000BF2420C4F884006E
:10957000206806682068006820F001002168086003
:109580002068806820F06040284321688860204679
:1095900002F09CFA206806602020C4F8840000BF16
:1095A000002084F8800000BF00BFD9E770477047F3
:1095B00010B504460CB9012010BD2420C4F8840065
:1095C0002068006820F00100216808600020216800
:1095D00008602168486021688860204600F076FABB
:1095E00000206C342062A061E06144F86C0900BF87
:1095F00084F8800000BF00BFDEE770472DE9F04728
:1096000004462068C569206806682068876840F6B7
:109610000F0005EA0009B9F1000F0FD105F0200095
:1096200060B106F0200010B907F0805030B1206F13
:1096300010B12046216F8847BDE8F087B9F1000FCF
:109640007ED0F948384018B9F84830400028F7D0A3
:1096500005F0010058B106F4807040B10120216886
:109660000862D4F88C0040F00100C4F88C0005F0CA
:10967000020058B107F0010040B1022021680862E1
:10968000D4F88C0040F00400C4F88C0005F004000D
:1096900058B107F0010040B1042021680862D4F8F5
:1096A0008C0040F00200C4F88C0005F0080070B196
:1096B00006F0200010B9DC48384040B1082021688D
:1096C0000862D4F88C0040F00800C4F88C0005F45F
:1096D000006060B106F0806048B14FF4006021681E
:1096E0000862D4F88C0040F02000C4F88C00D4F854
:1096F0008C0000284ED005F0200050B106F020006C
:1097000010B907F0805020B1206F10B12046216FB2
:109710008847D4F88CA02068806800F0400040287A
:1097200002D00AF0280070B3204602F0BFFA206889
:10973000806800F04000402821D100BF00BF00E059
:1097400029E02168083151E8001F21F0400021681C
:10975000083141E80002002AF1D100BFE06F50B1AA
:10976000B348E16F0865E06FF9F7FCFD90B1E06F79
:10977000016D88470EE02046FFF73FFF0AE02046D4
:10978000FFF73BFF06E0FFE72046FFF736FF00202C
:10979000C4F88C0050E7E06E012872D105F010008B
:1097A00000286ED006F010000028FAD010202168A2
:1097B00008622068806800F0400040287ED1E06F99
:1097C00000689C49884258D0E06F00689949183178
:1097D000884252D0E06F00689649303188424CD0C0
:1097E000E06F006893494831884246D0E06F0068D6
:1097F00090496031884240D0E06F00688D497831EF
:1098000088423AD0E06F00688A499031884234D06B
:10981000E06F00688749A83188422ED0E06F006869
:109820008549884229D0E06F006883491831884211
:1098300023D0E06F00688049303188421DD0E06F4E
:1098400000687D494831884217D0E06F00687A4946
:109850006031884211D0E06F0068774978318842E2
:109860000BD0E06F006874499031884205D0E06FFA
:1098700000687149A831884204D1E06F00684068EF
:1098800003E0A0E0E06F006840681FFA80F8B8F1DC
:10989000000F55D0B4F85C00404551DDA4F85E805F
:1098A000E06FC069B0F5807F41D000BF00BF216884
:1098B00051E8001F21F48070226800E041E042E896
:1098C00000010029F3D100BF00BF00BF21680831AB
:1098D00051E8001F21F001002168083141E8000231
:1098E000002AF3D100BF00BF00BF2168083151E852
:1098F000001F21F040002168083141E80002002AE1
:10990000F3D100BF2020C4F888000020E06600BF2B
:1099100000BF216851E8001F21F01000226842E8D2
:1099200000010029F5D100BFE06FF9F7ADFAB4F8F6
:109930005C00B4F85E20801A81B22046FFF7D6FDA5
:109940007AE634F85C0F6188401A1FFA80F8608864
:109950005C3CB8B3B8F1000F34D000BF00BF216841
:1099600051E8001F21F49070226842E800010029AC
:10997000F5D100BF00BF00BF2168083151E8001FCA
:10998000294AD24301EA02002168083141E8000275
:10999000002AF1D100BF2020C4F888000020E06632
:1099A000206700BF00BF216851E8001F21F01000B0
:1099B000226842E800010029F5D100BF4146204657
:1099C000FFF794FD38E605F4801050B107F48000ED
:1099D00038B14FF48010216808622046FFF7E7FD98
:1099E0002AE605F0800058B106F0800010B907F4AF
:1099F000000028B1606F10B12046616F88471BE6F8
:109A000005F0400030B106F0400018B1204602F0E9
:109A100083F911E605F4000080B106F0804068B1DA
:109A20002046FFF7C3FD07E60100001020010004F7
:109A300093BC0008100002401004024005F0807042
:109A400030B106F0004018B12046FFF750FDF3E5B5
:109A500000BFF1E510B504460CB9012010BDA069A6
:109A600000B100E000BFD4F8840028B9002084F8D9
:109A70008000204600F058F82420C4F884002068B4
:109A8000006820F0010021680860204602F0F6FB23
:109A9000012800D1E2E7A06A10B1204602F042F8A6
:109AA0002068406820F49040216848602068806801
:109AB00020F02A00216888602068006840F00100DA
:109AC00021680860204602F0A9F8C7E710B50446EF
:109AD0001049206888420BD10F48006820F0100020
:109AE0000D4908604FF4C0610C48FAF727FE10E0FA
:109AF0000B49206888420CD107480838006820F4D8
:109B000080200549083908604FF440710548FAF78C
:109B100015FE10BD00100140F0440258000002582C
:109B200000480040000C025810B5B6B0044614219D
:109B300031A8F6F717FCBC2102A8F6F713FC404940
:109B4000206888423ED1012002900020209002A887
:109B5000FCF7E0F808B1F8F770FA00BF3948006880
:109B600040F01000374908600846006800F0100017
:109B7000019000BF00BF00BF32481038006840F0BD
:109B800001003049103908600846006800F0010003
:109B9000019000BF00BF4FF4C060319002203290AE
:109BA0000020339034900720359031A92648FAF7E9
:109BB000FFFE2520FBF714F9012200212520FBF7E9
:109BC00023F93BE021492068884237D102200290E6
:109BD00000201F9002A8FCF79DF808B1F8F72DFAB5
:109BE00000BF18480838006840F48020154908393B
:109BF00008600846006800F48020019000BF00BFA4
:109C000000BF10481038006840F008000D491039B6
:109C100008600846006800F00800019000BF00BF1F
:109C20004FF44070319002203290002033903490F5
:109C30000720359031A90648FAF7BAFE36B010BDB4
:109C400000100140F0440258000002580048004053
:109C5000000C025870B504460D461646D4F888002C
:109C600020282CD105B10EB9012070BD00BF94F899
:109C70008000012801D10220F7E7012084F880004C
:109C800000BF0020E0660F492068884211D020689C
:109C9000406800F4000060B100BF00BF216851E8D7
:109CA000001F41F08060226842E800010029F5D1E0
:109CB00000BF32462946204602F0A6FDD5E7022025
:109CC000D3E70000000C00583EB504462349206845
:109CD000884242D122480068C06900F00800082884
:109CE0000DD01F480068C06900F00400042806D0A9
:109CF0001B480068C06900F0020002280BD1082050
:109D00001749096808620420154909680862022099
:109D10001349096808621348007831280CD112A150
:109D2000D1E900028968CDE9012100900A22694643
:109D30000B4800F01FF800BF01220A490848FFF74E
:109D400089FF50B10648FFF733FC0548FFF782FE54
:109D5000012204490248FFF77DFF3EBD001001408B
:109D6000A806002408000024CED2CAC7CBA7B8E7B3
:109D70000D0A000030B50346D3F8840020285AD1DC
:109D800001B10AB9012030BD00BF93F8800001285D
:109D900001D10220F7E7012083F8800000BF43F8DB
:109DA000501F9A80DA8000205862D86321205863BF
:109DB0005869503BB0F1005F1ED19868B0F5805FE4
:109DC00004D1186910B91D48586701E01C4858674C
:109DD00000BF002083F8800000BF00BF00BF1C68E8
:109DE000083454E8004F44F400001C68083444E888
:109DF0000005002DF3D11CE09868B0F5805F04D118
:109E0000186910B90F48586701E00F48586700BF3C
:109E1000002083F8800000BF00BF00BF1C6854E82A
:109E2000004F44F080001D6845E80004002CF5D187
:109E300000BF0020A7E70220A5E70000DBC900085B
:109E4000B9CA000879C900085DCA00087047000057
:109E500010B513480078012820D10020104908705F
:109E6000104800784006000E0E49087020210E4868
:109E7000FAF79CFE0B49097808430A49087008461E
:109E800000780F2803D100200849087006E0054833
:109E90000078F02802D180200549087010BD00002C
:109EA0004A02002448020024000402584902002407
:109EB0004A00002402A002F0C7FE00BFFEE7000037
:109EC000486172644661756C745F48616E646C656C
:109ED000720D0A0010B50024002007E0C0F1030253
:109EE0000749895C820091400C44401C0428F5DB42
:109EF00004220449204603F067FE024810BD00001A
:109F000055000024A502002400B585B01421684640
:109F1000F6F728FA3820009001200190694602489F
:109F2000FAF746FD05B000BD000C025810B5FFF76A
:109F3000EBFF0520FAF7EEFB302000F073F8052068
:109F4000FAF7E8FB012000F06DF80520FAF7E2FBD4
:109F5000022000F067F80520FAF7DCFB062000F08D
:109F600061F80520FAF7D6FB0C2000F05BF805201D
:109F7000FAF7D0FB10BD00008168024A1140491C6D
:109F800081607047C0FFFF7F0146886800F4404051
:109F900070470146886800F01F00704701468868D6
:109FA000C0F3C000704701468868C0F340007047A6
:109FB0000146886800F00100704701468868C0F3D8
:109FC0000070704701468868C0F380007047014602
:109FD000C86800F4406008B9012070470020FCE721
:109FE0008168024A1140091D81607047C0FFFF7FF0
:109FF00070B500F11404C1F3406504EB85031C68DF
:10A00000C1F304560725B540AC43C1F3045502FA29
:10A0100005F52C431C6070BD826822F0E0720A4393
:10A020008260704710B50446012220210A48FAF7E1
:10A03000C5FDF82001F02CF904F0F00001F028F93A
:10A04000F02101EA041001F023F900222021024846
:10A05000FAF7B4FD10BD0000000C025810B504461C
:10A06000012220210A48FAF7A9FDFA2001F010F98F
:10A0700004F0F00001F00CF9F02101EA041001F005
:10A0800007F9002220210248FAF798FD10BD0000D0
:10A09000000C02581FB50020009001900290039020
:10A0A000FAF734FE01208DF8000000208DF8010041
:10A0B0004FF01050019012208DF8080000208DF80C
:10A0C000090001208DF80A0003208DF80B00002004
:10A0D0008DF80C008DF80D0001208DF80E008DF824
:10A0E0000F006846FAF7E4FD0420FAF725FE1FBDCD
:10A0F00000B587B01C216846F6F734F91A481B49A9
:10A10000086000204860002118488160C160042177
:10A1100001610021017541750121816100210177F3
:10A1200041628162C1620163416380F83810F8F7CF
:10A13000C7FB08B1F7F781FF0D480090062001909A
:10A140000020029040F2FF70039004200490002051
:10A1500005908DF8190069460448F8F70BF908B125
:10A16000F7F76BFF07B000BD00600258B40200248F
:10A170000200300408B500BF0A48006840F0010042
:10A18000084908600846006800F00100009000BF20
:10A1900000BF002207210B20FAF736FE0B20FAF74A
:10A1A0001FFE08BDD844025800B587B0142102A88C
:10A1B000F6F7D8F800BF7548006840F01000734902
:10A1C00008600846006800F01000019000BF00BF62
:10A1D00000BF0846006840F080000860084600683C
:10A1E00000F08000019000BF00BF00BF084600687B
:10A1F00040F0040008600846006800F00400019088
:10A2000000BF00BF00BF0846006840F001000860C2
:10A210000846006800F00100019000BF00BF00BFC9
:10A220000846006840F0020008600846006800F038
:10A230000200019000BF00BF00BF0846006840F068
:10A24000080008600846006800F00800019000BFA0
:10A2500000BF002216214E48FAF7B0FC0022102160
:10A260004C48FAF7ABFC002240F21F314A48FAF79B
:10A27000A5FC002240F201714848FAF79FFC002239
:10A280004AF2F8014648FAF799FC042002900020AF
:10A290000390049002A94148FAF78AFB012002903A
:10A2A00000200390049002A93948FAF781FB162098
:10A2B00002900120039000200490059002A93448E8
:10A2C000FAF776FB10200290012003900020049002
:10A2D000059002A92F48FAF76BFB202002904FF45B
:10A2E000041003900120049002A92A48FAF760FBA9
:10A2F00040F21F300290012003900020049005904E
:10A3000002A92548FAF754FB40F20170029001209F
:10A31000039000200490059002A92048FAF748FB1A
:10A320004FF460400290002003900220049002A9A4
:10A330001A48FAF73DFB4FF440600290002003906A
:10A340000220049002A91448FAF732FB4AF2F800FE
:10A3500002900120039000200490059002A910486B
:10A36000FAF726FB2020029000200390049002A917
:10A370000948FAF71DFB002205211720FAF744FDD2
:10A380001720FAF72DFD07B000BD0000E044025889
:10A390000000025800080258000402580010025839
:10A3A000000C025810B51548154908604FF480009C
:10A3B00048600021124881600721C16000210161CD
:10A3C00041614FF0806181610021C16101624162A0
:10A3D0008162C1624FF08041416300218163C163AA
:10A3E000016441648164C164016541658165FDF773
:10A3F000D5FB08B1F7F721FE10BD00000030014089
:10A400009403002400B587B01C216846F5F7AAFF25
:10A4100012481349086000204860002110488160FC
:10A42000EF21C160002101618161FEF7E7FD08B104
:10A43000F7F703FE60200090772001900020029043
:10A440000490002269460648FEF720FD08B1F7F7A0
:10A45000F4FD0348FEF7E6FA07B000BD001800401F
:10A46000C405002410B50A480A49086045F6BF50E3
:10A4700048600021074881606321C16000210161BB
:10A480008161FEF7B5F808B1F7F7D7FD10BD000000
:10A49000001C00401006002400B58BB0002008907E
:10A4A00009900A901C2101A8F5F75CFF184819498A
:10A4B0000860EF20486000211648816040F2711169
:10A4C000C160002101618161FEF798FD08B1F7F7D5
:10A4D000B4FD002008900A9008A90E48FEF722F863
:10A4E00008B1F7F7AAFD60200190B8200290002083
:10A4F00003900590002201A90648FEF7C7FC08B1A9
:10A50000F7F79BFD0348FEF78DFA0BB000BD000086
:10A51000000400409404002400B58BB00020089093
:10A5200009900A901C2101A8F5F71CFF2048214939
:10A53000086021480088486020211E4881601F482B
:10A5400001881C48C160002101618161FEF72BFB7D
:10A5500008B1F7F772FD002008900A9008A9154885
:10A56000FDF7E0FF08B1F7F768FD6020019014489F
:10A5700000880290002003900590002201A90D4858
:10A58000FEF7C8FA08B1F7F758FD702001900D48A2
:10A5900000880290082201A90648FEF7BBFA08B11C
:10A5A000F7F74BFD0348FEF73DFA0BB000BD000086
:10A5B00000080040E0040024000000240200002401
:10A5C00004000024060000240EB500200090019035
:10A5D00002900E480E490860EF20486000210C48A8
:10A5E00081604FF6FE71C16000218161FEF700F8C5
:10A5F00008B1F7F722FD0020009002906946044858
:10A60000FDF790FF08B1F7F718FD0EBD00100040F0
:10A610002C0500240EB500200090019002900E48F9
:10A620000E490860EF20486000210C4881606321DA
:10A63000C16000218161FDF7DBFF08B1F7F7FDFC88
:10A6400000200090029069460448FDF76BFF08B1B6
:10A65000F7F7F3FC0EBD000000140040780500245D
:10A6600010B51A481A4908604FF4E13048600021DB
:10A6700017488160C16001610C2141610021816145
:10A68000C161016241620020114988620846FFF7FA
:10A69000E1F908B1F7F7D1FC00210D48FEF757FFAB
:10A6A00008B1F7F7CAFC00210948FEF721FF08B1FD
:10A6B000F7F7C3FC0648FEF7F2FE08B1F7F7BDFC5A
:10A6C000012204490248FFF7C5FA10BD00100140FD
:10A6D000A80600240800002410B5FF2403F07CFE27
:10A6E00075480078802805D18024002072490870C0
:10A6F000204610BD03F032FA00287CD03220FAF751
:10A7000009F803F02BFA0028F7D000F01FF9012216
:10A7100040216A48FAF752FA002280216748FAF786
:10A720004DFA002208216648FAF748FA0022102163
:10A730006348FAF743FA0520F9F7ECFF03F00EFA45
:10A7400000F01F0004280ED004DC012807D00228E6
:10A750000FD106E0082808D010280AD107E00C2401
:10A760009EE00D249CE00E249AE00F2498E0102433
:10A7700096E000BF002240215048FAF71FFA01225C
:10A7800080214E48FAF71AFA002208214C48FAF7BD
:10A7900015FA002210214A48FAF710FA0520F9F7B5
:10A7A000B9FF03F0DBF900F01F0004280ED004DC31
:10A7B000012807D002280FD106E0082808D0102869
:10A7C0000AD107E008246BE0092469E00A2467E065
:10A7D0000B2465E0202463E000BF002240213748BD
:10A7E000FAF7ECF9002280213448FAF7E7F9012260
:10A7F0000821334800E05CE0FAF7E0F9002210217C
:10A800002F48FAF7DBF90520F9F784FF03F0A6F9E2
:10A8100000F01F0004280ED004DC012807D0022815
:10A820000FD106E0082808D010280AD107E0042438
:10A8300036E0052434E0062432E0072430E04024EA
:10A840002EE000BF002240211C48FAF7B7F9002291
:10A8500080211A48FAF7B2F9002208211848FAF7BD
:10A86000ADF9012210211648FAF7A8F90520F9F7E9
:10A8700051FF03F073F900F01F00012806D00228F1
:10A8800006D0042806D0082808D105E0002407E0F7
:10A89000012405E0022403E0032401E000BF00BF1F
:10A8A00003F09AFD00BF03F059F90028FBD1F7F738
:10A8B000BBF820461DE700004A000024000C0258A7
:10A8C0000004025810B50446FF2C00D110BD1548F5
:10A8D0000078082821D2DFE800F004080C201014CA
:10A8E000181C204603F08EFB18E0204602F042FFC1
:10A8F00014E0204603F0BFFD10E0204603F018FDF1
:10A900000CE0204603F0F8FD08E0204602F008FFC6
:10A9100004E0204602F004FF00E000BF00BF00BFDB
:10A92000D4E700004C00002402A002F08DF900BF23
:10A93000FEE700004D656D4D616E6167655F4861C2
:10A940006E646C65720D0A0000BFFEE710B5002151
:10A950000148FEF7B9FB10BD94040024704700B510
:10A96000AFB0BC216846F5F7FDFC4FF41020009015
:10A9700004200190322102910521039102210491CA
:10A9800006210591802106910021079108918003FD
:10A990001390002028906846FBF7BCF908B1F7F740
:10A9A0004CFB2FB000BD00002DE9F04104460E46DF
:10A9B00000275548006800F00300032802D1012059
:10A9C000BDE8F08150482838006820F080604E498A
:10A9D00028390860FAF7FEF8054606E0FAF7FAF8B3
:10A9E000401B022801D90320EAE7474828380068BD
:10A9F000C0F3C0600028F1D100BF4348006820F4D4
:10AA00007C30216840EA01303F490860A088401E40
:10AA1000C0F30800A168491E4FF47E4202EA4121BA
:10AA20000843A189491ED20102EA01410843217C61
:10AA3000491E120202EA01610843334910310860DD
:10AA400000BF3148001D006820F0C0006169084364
:10AA50002D49091D08600846006820F02000A16902
:10AA600008432949091D08600846006820F01000C5
:10AA700008602548143000684FF6F8718843E16992
:10AA800040EAC1002049143108601F48001D0068D9
:10AA900040F010001C49091D08602EB908460068E6
:10AAA00040F40020086012E0012E08D11648001D75
:10AAB000006840F480101449091D086007E012483E
:10AAC000001D006840F400100F49091D08600E4881
:10AAD0002838006840F080600B4928390860FAF790
:10AAE00079F8054606E0FAF775F8401B022801D907
:10AAF000032065E7044828380068C0F3C0600028D8
:10AB0000F1D038465CE70000284402582DE9F041B6
:10AB100004460E4600275548006800F0030003284D
:10AB200002D10120BDE8F08150482838006820F0AB
:10AB300080504E4928390860FAF74CF8054606E07F
:10AB4000FAF748F8401B022801D90320EAE74748F2
:10AB500028380068C0F340700028F1D100BF434896
:10AB6000006820F07C70218840EA01503F4908606D
:10AB7000A088401EC0F30800A168491E4FF47E4221
:10AB800002EA41210843A189491ED20102EA01419A
:10AB90000843217C491E120202EA0161084333493D
:10ABA0001831086000BF3148001D006820F4406083
:10ABB000616908432D49091D08600846006820F4B2
:10ABC0000070A16908432949091D0860084600680A
:10ABD00020F48070086025481C3000684FF6F8713A
:10ABE0008843E16940EAC10020491C3108601F48E0
:10ABF000001D006840F480701C49091D08602EB9D2
:10AC00000846006840F48000086012E0012E08D178
:10AC10001648001D006840F400001449091D086032
:10AC200007E01248001D006840F080700F49091DC0
:10AC300008600E482838006840F080500B492839D9
:10AC40000860F9F7C7FF054606E0F9F7C3FF401BA8
:10AC5000022801D9032065E7044828380068C0F3BA
:10AC600040700028F1D038465CE7000028440258C4
:10AC700010B5002400224FF480710948F9F79EFFB7
:10AC8000002201210748F9F799FF0120F9F742FD59
:10AC900000F014F80446214603A001F0D5FF10BDD2
:10ACA00000040258001002580D0A525443CAB1BCA5
:10ACB000E4203D2025730D0A0000000070B592B01D
:10ACC0000024002500263422294902A8F5F731FB8B
:10ACD00028A00068019002AE26A58D20F7F730F875
:10ACE000254908608920F7F72BF823494860872019
:10ACF000F7F726F8204988608520F7F721F81E49E4
:10AD0000C8608320F7F71CF81B4908618120F7F71A
:10AD100017F81949486100BF21E00FAA02EB44016E
:10AD2000154A52F82400102202F08AFF0FA901EB05
:10AD30004400F5F72EFB01280FD10FA800EB4401CA
:10AD40002846F5F71AFB0FA901EB44002946F5F751
:10AD500027FB01A92846F5F723FB601CC4B2062C8B
:10AD6000DBDB0FA902A8F5F708FB304612B070BD77
:10AD700048E5000830000000E82A002410B52DED59
:10AD8000068B04461F48F7F797FD1F4908600846E1
:10AD90000068F5F7A7FC41EC1A0B9FED1C0B53EC78
:10ADA000102BF5F7ADFB41EC190B9FED1A0B53EC93
:10ADB000102BF5F717FC41EC180BF5F7E5FC1749DC
:10ADC0000860032C05D1084690ED000ABDEC068B07
:10ADD00010BD092C12D111480068F5F7A9FC41EC0F
:10ADE000190B9FED0F0B53EC102BF5F789FB41EC82
:10ADF000180BF5F7C9FC00EE100AE7E79FED0A0A09
:10AE0000E4E70000B40200246C0000246666666675
:10AE100066660A4000000000E0FFEF40700000247A
:10AE2000C3F5285C8FC205400000000010B5024841
:10AE3000FCF718FC10BD00001803002430B585B0E5
:10AE40000446002000900C2001904FF48070029086
:10AE5000002003904FF480500490E06840F08000A0
:10AE6000E060E06820F04000E0606946204600F0C5
:10AE7000F9F8084A0C21204600F00EF80546E06873
:10AE800020F08000E060B5F1007F00D10025284669
:10AE900005B030BD00E1F5052DE9F04305460F464C
:10AEA000904666480068C0084FF47A71B0FBF1F034
:10AEB00000FB08F900BFB9F10000A9F1010903D1B5
:10AEC0004FF00040BDE8F0836E6B5D4830400028D5
:10AED000F1D006F400500028EDD1686B00F00400BA
:10AEE00010B10420A863EDE7686B00F0010010B119
:10AEF0000120A863E6E752488030A863284600F0A6
:10AF0000A3F8B84201D00120DCE70021284600F078
:10AF10009FF804464B48204008B90020D2E704F0CF
:10AF20000040B0F1004F02D14FF00070CAE704F0CA
:10AF30008040B0F1804F01D14020C3E704F00050C1
:10AF4000B0F1005F01D18020BCE704F08050B0F187
:10AF5000805F02D14FF48070B4E704F00060B0F17C
:10AF6000006F02D14FF40070ACE704F08060B0F1E4
:10AF7000806F02D14FF48060A4E704F08070B0F1DC
:10AF8000807F02D14FF400609CE704F40000B0F52C
:10AF9000000F02D14FF4805094E704F48000B0F524
:10AFA000800F02D14FF400508CE704F40010B0F58C
:10AFB000001F02D14FF4804084E704F48010B0F504
:10AFC000801F02D14FF400407CE704F48020B0F5EC
:10AFD000802F02D14FF4003074E704F40030B0F554
:10AFE000003F02D14FF480206CE704F48030B0F5CC
:10AFF000803F02D14FF4002064E704F40040B0F534
:10B00000004F02D14FF480105CE704F48040B0F5AB
:10B01000804F02D14FF4001054E704F40050B0F513
:10B02000005F02D14FF480004CE704F008000828CC
:10B0300001D1000546E74FF4803043E724000024A7
:10B040004500200008E0FFFD01460869C0B27047D6
:10B05000024602F114004318186870470146D1F8FF
:10B060008000704710B50246002308689060D1E95F
:10B0700001042043CC6820430C6920430343D0687B
:10B08000024C20401843D060002010BDC0E0FEFFFD
:10B0900002460868C2F88000002070472DE9F041A0
:10B0A00005466C6AA86A202817D300270FE0286895
:10B0B000FFF7D4FF06462670641C300A2070641C1B
:10B0C000300C2070641C300E2070641C7F1C082F14
:10B0D000EDD36C62A86A2038A862BDE8F081F8B5AB
:10B0E0000546EC69286A202821D3002619E020783B
:10B0F0000090641C2078009941EA00200090641CB4
:10B100002078009941EA00400090641C2078009962
:10B1100041EA00600090641C69462868FFF7B8FFA8
:10B12000761C082EE3D3EC61286A20382862F8BD2B
:10B1300010B50248FCF7DCFB10BD000094030024AE
:10B14000026851690268926942F0080203689A61D4
:10B150000268926942F0100203689A6102681268FC
:10B1600022F0010203681A600268126940F26F332C
:10B170009A4303681A610268926822F440420368A5
:10B180009A6090F88120042A0ED001F020025AB172
:10B19000D0F8842042F08002C0F8842002689269CE
:10B1A00042F0200203689A6190F88120032A0ED0B1
:10B1B00001F040025AB1D0F8842042F00402C0F8F5
:10B1C00084200268926942F0400203689A6101F4A7
:10B1D00000725AB1D0F8842042F00102C0F88420F5
:10B1E0000268926942F4007203689A6101F4807205
:10B1F0005AB1D0F8842042F00802C0F884200268D6
:10B20000926942F4807203689A610022A0F8622079
:10B21000A0F86A20704770B50546AC6B0020623418
:10B22000208120800120E077623C2046FCF75EFB15
:10B2300070BD10B501460124C86B04EB5013C868FB
:10B24000421CD01DC20802FB03F010BD2DE9F041E5
:10B2500006460C4617469846069D0BE0F9F7BAFCE1
:10B26000A0EB0800A84201D3681C00B915B903205F
:10B27000BDE8F081306840692040A04201D1012042
:10B2800000E00020B842E9D00020F1E7704700005C
:10B2900070B50446082523E0002208211248F9F77A
:10B2A0008DFC04F0800028B1012210210E48F9F72E
:10B2B00085FC04E0002210210B48F9F77FFC0122F5
:10B2C00008210948F9F77AFC0520F6F7D3FD00229A
:10B2D00008210548F9F772FC6006040E681EC5B225
:10B2E000002DD9DC70BD0000000C02582DE9F041A2
:10B2F000F8B005460026002121E06A5C00201BE032
:10B300000624A4EB400442FA04F404F00303344698
:10B31000761C04EB44046F4607EB840403EB4307FD
:10B32000DFF86CC00CEB8708D8E9007CD8F80880FF
:10B33000C4E901C82760401C0428E1DB491C0A2934
:10B34000DBDB00241FE004EB4400694601EB8003D3
:10B3500093E8070000F09EFB08210E48FDF772FC01
:10B3600000210C48FDF76EFC0220F6F755FD082180
:10B370000848FDF719FD00210648FDF715FD0320DB
:10B38000F6F74AFD641C282CDDDB78B0BDE8F081BF
:10B3900080E60008E004002410B50C48243007C8FB
:10B3A00000F078FB08210A48FDF74CFC0021084812
:10B3B000FDF748FC5020F6F72FFD08210448FDF763
:10B3C000F3FC00210248FDF7EFFC10BD80E6000809
:10B3D000E004002400B585B014216846F4F7C2FFEC
:10B3E0004FF4007000900020019069460248F9F780
:10B3F000DFFA05B000BD00000004025800B585B0BA
:10B4000014216846F4F7AEFF4FF40070009001205D
:10B41000019069460248F9F7CBFA05B000BD00007B
:10B420000004025810B5F9F7DBFB10BD00B59DB064
:10B430004C210AA8F4F796FF202102A8F4F792FF06
:10B440000220F9F733FD00BF002001902D4800686D
:10B4500040F440402B4908600846006800F4404032
:10B4600001902948006840F001002749086008461B
:10B47000006800F00100019000BF00BF00BF21483C
:10B48000006800F40050B0F5005FF8D11F48006874
:10B4900020F00300801C1D49086001200A90000470
:10B4A0000B900220139002211491159150211691B6
:10B4B0000221179114211891022119910C211A913E
:10B4C00000211B911C910AA8FBF7C6FC08B1F6F7F6
:10B4D000B4FD3F2002900320039000200490082038
:10B4E00005904020069007900001089040200990A8
:10B4F000042102A8FBF7C0F908B1F6F79EFD1DB0C4
:10B5000000BD0000184802582C0400582844025876
:10B510003448006840F470003249086032480068DE
:10B5200000F00F00072806D22F48006820F00F0017
:10B53000C01D2D4908602D48006840F001002B49CE
:10B54000086000202949103108602848006828490F
:10B550000840264908602448006800F00F000728CA
:10B5600006D92148006820F00F00C01D1E49086060
:10B5700000201E4918310860091D0860091D086077
:10B580001C481A49283108601B48091D08601B48DF
:10B59000091D08600020091D08601848091D086081
:10B5A0000020091D08601548091D08600020091DBC
:10B5B00008600E48006820F480200C4908600020D4
:10B5C0000A49603108600E4800686FF30F00B0F15F
:10B5D000005F02D201200B49086043F2D2000A4901
:10B5E0000860704788ED00E00020005200440258D7
:10B5F0007FEDF6EA000202020000FF018002010175
:10B600000010005C088100510040005210B5024853
:10B61000FDF72BF910BD00005C06002410B50248B0
:10B62000FDF723F910BD00007805002410B502488D
:10B63000FDF71BF910BD00001006002410B50268CC
:10B64000294B98420ED0B0F1804F0BD0274B984237
:10B6500008D0274B984205D0264B984202D0264B63
:10B66000984203D122F070024B681A431E4B984255
:10B6700017D0B0F1804F14D01C4B984211D01C4B06
:10B6800098420ED01B4B98420BD01B4B984208D0CF
:10B690001A4B984205D01A4B984202D0194B984247
:10B6A00003D122F44072CB681A4322F080034C6924
:10B6B00043EA040202608B68C3620B6883620A4B30
:10B6C00098420BD00C4B984208D00C4B984205D0B6
:10B6D0000B4B984202D00B4B984201D10B6903638C
:10B6E0000123436110BD0000000001400004004040
:10B6F00000080040000C00400004014000400140F0
:10B70000004401400048014030B501F01F0501240C
:10B7100004FA05F3046A9C430462046A01F01F05FD
:10B7200002FA05F52C43046230BD000030B5056A0D
:10B7300025F001050562026A43688469204D2C40AA
:10B7400024F003040D682C4322F002028D682A4382
:10B750001C4DA84200D10FE01B4DA84200D10BE0C8
:10B760001A4DA84200D107E0194DA84200D103E0CC
:10B77000184DA84206D100BF22F00802CD682A4326
:10B7800022F004020F4DA8420BD00F4DA84208D062
:10B790000E4DA84205D00E4DA84202D00D4DA84234
:10B7A00007D123F4807323F400734D692B438D6913
:10B7B0002B43436084614D684563026230BD0000E5
:10B7C0008FFFFEFF000001400004014000400140E7
:10B7D000004401400048014030B5056A25F01005DD
:10B7E0000562026A43688469224D2C4024F4407447
:10B7F0000D6844EA052422F020028D6842EA051211
:10B800001D4DA84200D10FE01C4DA84200D10BE015
:10B810001B4DA84200D100BF1A4DA84200D100BF65
:10B82000194DA84207D106E022F08002CD6842EA15
:10B83000051222F04002104DA8420BD00F4DA84235
:10B8400008D00F4DA84205D00E4DA84202D00E4D93
:10B85000A84209D123F4806323F400634D6943EACD
:10B8600085038D6943EA8503436084614D68856380
:10B87000026230BDFF8FFFFE000001400004014066
:10B8800000400140004401400048014030B5056AD5
:10B8900025F480750562026A4368C469224D2C4014
:10B8A00024F003040D682C4322F400728D6842EAF0
:10B8B00005221E4DA84200D10FE01D4DA84200D127
:10B8C0000BE01C4DA84200D100BF1B4DA84200D187
:10B8D00000BF1A4DA84207D106E022F40062CD68ED
:10B8E00042EA052222F48062104DA8420BD0104D8E
:10B8F000A84208D00F4DA84205D00F4DA84202D053
:10B900000E4DA84209D123F4805323F400534D690E
:10B9100043EA05138D6943EA05134360C4614D682A
:10B92000C563026230BD00008FFFFEFF00000140D2
:10B930000004014000400140004401400048014033
:10B9400030B5056A25F480550562036A4468C2690A
:10B95000124D2A4022F440720D6842EA052223F477
:10B9600000538D6843EA05330D4DA8420BD00D4DB1
:10B97000A84208D00C4DA84205D00C4DA84202D0D8
:10B980000B4DA84204D124F480444D6944EA851447
:10B990004460C2614D680564036230BDFF8FFFFEE5
:10B9A000000001400004014000400140004401400B
:10B9B0000048014030B5056A25F480350562026A09
:10B9C0004368446D114D2C400D682C4322F4003225
:10B9D0000D8942EA05420E4DA8420BD00D4DA842FA
:10B9E00008D00D4DA84205D00C4DA84202D00C4DF8
:10B9F000A84204D123F480334D6943EA0523436010
:10BA000044654D688565026230BD00008FFFFEFF12
:10BA1000000001400004014000400140004401409A
:10BA20000048014030B5056A25F480150562026AB8
:10BA30004368446D114D2C400D6844EA052422F4FE
:10BA400000120D8942EA05520D4DA8420BD00D4D52
:10BA5000A84208D00C4DA84205D00C4DA84202D0F7
:10BA60000B4DA84204D123F480234D6943EA85237A
:10BA7000436044654D68C565026230BDFF8FFFFEBF
:10BA8000000001400004014000400140004401402A
:10BA90000048014007B5BDF8000008490880BDF81E
:10BAA000020007490880BDF8040006490880BDF877
:10BAB000060005490880FEF72FFD0EBD000000249A
:10BAC00002000024040000240600002470B5456E26
:10BAD0002DB90125A0F86A50A0F868501CE0102389
:10BAE00010240568AD68C5F342610568AD686A0F4A
:10BAF0000A4DAD5C15FB04F5094EB65C95FBF6F5F9
:10BB0000A0F86A50054D6D5C15FB03F5044E765C9C
:10BB100095FBF6F5A0F8685070BD000026E500081A
:10BB20002EE5000890F8281001F0010139B10168F4
:10BB3000496821F40031C26A11430268516090F8EB
:10BB4000281001F00201022907D10168496821F497
:10BB50008031026B11430268516090F8281001F0A7
:10BB60000401042907D10168496821F48021426B4E
:10BB700011430268516090F8281001F0080108296B
:10BB800007D10168496821F40041826B11430268C2
:10BB9000516090F8281001F01001102907D10168B8
:10BBA000896821F48051C26B11430268916090F85A
:10BBB000281001F02001202907D10168896821F4AB
:10BBC0000051026C11430268916090F8281001F056
:10BBD0004001402913D10168496821F48011426C69
:10BBE000114302685160416CB1F5801F07D10168B3
:10BBF000496821F4C001826C11430268516090F8D9
:10BC0000281001F08001802907D10168496821F4DA
:10BC10000021C26C114302685160704738B5044678
:10BC20000020C4F88C00F8F7D5FF054620680068AE
:10BC300000F0080008280CD16FF07E402B4600224F
:10BC40004FF400110090204600F075FF08B103206A
:10BC500038BD2068006800F0040004280CD16FF0A3
:10BC60007E402B4600224FF480010090204600F0D9
:10BC700062FF08B10320EBE72020C4F88400C4F879
:10BC800088000020E06600BF84F8800000BF00BF8D
:10BC9000DEE770B50546AC6B0020A4F85E00A4F8A2
:10BCA00056002046FDF7A9FC70BD000000BF00BF94
:10BCB000026852E8002F22F49071036843E80012F2
:10BCC000002AF5D100BF00BF00BF0268083252E869
:10BCD000002F104B02EA03010268083242E8001309
:10BCE000002BF2D100BFC16E01290CD100BF00BFF3
:10BCF000026852E8002F22F01001036843E80012A6
:10BD0000002AF5D100BF2021C0F888100021C166AB
:10BD100001677047FEFFFFEF10B5044600BF00BF8C
:10BD2000216851E8001F21F04000226842E800012C
:10BD30000029F5D100BF2020C4F8840000206067EE
:10BD40002046FEF783F810BD2DE9F0410446B4F813
:10BD50006070D4F88800222857D12068406A86B2E3
:10BD6000A56D06EA07002880A06D801CA065B4F8C8
:10BD70005E00401EA4F85E00B4F85E0000284AD1C0
:10BD800000BF00BF216851E8001F21F490702268B5
:10BD900042E800010029F5D100BF00BF00BF2168C3
:10BDA000083151E8001F21F001002168083141E805
:10BDB0000002002AF3D100BF2020C4F88800002030
:10BDC0002067E06E01281CD10020E06600BF00BFA4
:10BDD000216851E8001F21F01000226842E80001AC
:10BDE0000029F5D100BF2068C069C0F3001010B170
:10BDF000102021680862B4F85C102046FDF776FB3D
:10BE000009E02046FDF760FF05E02068806940F00A
:10BE1000080021688861BDE8F08100002DE9F84F35
:10BE20000446B4F860B02068C569206800680090D6
:10BE30002068D0F808A0D4F8880022287ED1B4F871
:10BE4000689096E02068406A1FFA80F8A76D08EABB
:10BE50000B003880A06D801CA065B4F85E00401E09
:10BE6000A4F85E002068C56905F00700B0B305F0CE
:10BE7000010060B1009800F4807040B10120216899
:10BE80000862D4F88C0040F00100C4F88C0005F082
:10BE9000020058B10AF0010040B102202168086296
:10BEA000D4F88C0040F00400C4F88C0005F00400C5
:10BEB00058B10AF0010040B1042021680862D4F8AA
:10BEC0008C0040F00200C4F88C00D4F88C0028B13B
:10BED0002046FDF792FB0020C4F88C00B4F85E0009
:10BEE00068BB00BF00BF216851E8001F21F48070CB
:10BEF000226842E800010029F5D100BF00BF00BF61
:10BF00002168083151E8001F344A01EA0200216823
:10BF1000083141E80002002AF2D100BF2020C4F815
:10BF2000880000202067E06E01281FD10020E06615
:10BF300000BF00BF216851E8001F01E046E018E0A3
:10BF400021F01000226842E800010029F2D100BF70
:10BF50002068C069C0F3001010B110202168086289
:10BF6000B4F85C102046FDF7C1FA02E02046FDF768
:10BF7000ABFEB9F1000F04D005F0200000287FF4DB
:10BF800061AFB4F85E6006B3B4F86800B04223DD78
:10BF900000BF00BF2168083151E8001F21F0805028
:10BFA0002168083141E80002002AF3D100BF0C48A3
:10BFB000206700BF00BF216851E8001F41F020004A
:10BFC000226842E800010029F5D105E02068806977
:10BFD00040F0080021688861BDE8F88FFEFFFFEFA0
:10BFE00049BD000870B50446B4F86060D4F8880014
:10BFF000222857D12068406A85B2F0B22840A16D4E
:10C000000870A06D401CA065B4F85E00401EA4F846
:10C010005E00B4F85E0000284AD100BF00BF21686E
:10C0200051E8001F21F49070226842E800010029C5
:10C03000F5D100BF00BF00BF2168083151E8001FE3
:10C0400021F001002168083141E80002002AF3D103
:10C0500000BF2020C4F8880000202067E06E01287F
:10C060001CD10020E06600BF00BF216851E8001F1E
:10C0700021F01000226842E800010029F5D100BF3C
:10C080002068C069C0F3001010B110202168086258
:10C09000B4F85C102046FDF729FA09E02046FDF7C8
:10C0A00013FE05E02068806940F00800216888617F
:10C0B00070BD00002DE9F05F0446B4F860A0206870
:10C0C000C5692068D0F800B02068D0F80890D4F88E
:10C0D000880022287DD1B4F8688095E02068406A05
:10C0E00087B20AF0FF003840A16D0870A06D401CB7
:10C0F000A065B4F85E00401EA4F85E002068C56923
:10C1000005F00700A8B305F0010058B10BF48070EA
:10C1100040B1012021680862D4F88C0040F0010091
:10C12000C4F88C0005F0020058B109F0010040B1DC
:10C13000022021680862D4F88C0040F00400C4F8A2
:10C140008C0005F0040058B109F0010040B1042052
:10C1500021680862D4F88C0040F00200C4F88C001A
:10C16000D4F88C0028B12046FDF747FA0020C4F827
:10C170008C00B4F85E0068BB00BF00BF216851E8C6
:10C18000001F21F48070226842E800010029F5D1E7
:10C1900000BF00BF00BF2168083151E8001F354AC9
:10C1A00001EA02002168083141E80002002AF2D1C8
:10C1B00000BF2020C4F8880000202067E06E01281E
:10C1C0001FD10020E06600BF00BF216851E8001FBA
:10C1D00001E046E018E021F01000226842E800018A
:10C1E0000029F2D100BF2068C069C0F3001010B16F
:10C1F000102021680862B4F85C102046FDF776F93B
:10C2000002E02046FDF760FDB8F1000F04D005F014
:10C21000200000287FF462AFB4F85E6006B3B4F883
:10C220006800B04223DD00BF00BF2168083151E83B
:10C23000001F21F080502168083141E80002002AE7
:10C24000F3D100BF0C48206700BF00BF216851E850
:10C25000001F41F02000226842E800010029F5D1CA
:10C2600005E02068806940F0080021688861BDE829
:10C27000F09F0000FEFFFFEFE5BF00082DE9F04F43
:10C2800089B0054600200890F8492868884200D106
:10C2900000E000BF2969A868084369690843E969A3
:10C2A00040EA010828680068F149084040EA0800AF
:10C2B000296808602868406820F44050E96808430D
:10C2C00029684860D5F81880E8492868884202D073
:10C2D000286A40EA080828688068E649084040EA79
:10C2E0000800296888602868C06A20F00F00696A21
:10C2F00008432968C86200BFDF492868884220D106
:10C30000DE48006800F03800182811D005DC48B17C
:10C31000082809D0102811D108E020280AD02828A0
:10C320000CD109E001240BE0042409E0082407E013
:10C33000102405E0202403E0402401E0802400BF15
:10C34000F8E0CF492868884219D1CC48006800F04D
:10C350000700062810D2DFE800F0030507090B0DDF
:10C3600000240BE0042409E0082407E0102405E081
:10C37000202403E0402401E0802400BFDAE0C1492A
:10C380002868884219D1BD48006800F007000628D7
:10C3900010D2DFE800F0030507090B0D00240BE0C5
:10C3A000042409E0082407E0102405E0202403E029
:10C3B000402401E0802400BFBCE0B34928688842E3
:10C3C00019D1AE48006800F00700062810D2DFE857
:10C3D00000F0030507090B0D00240BE0042409E01D
:10C3E000082407E0102405E0202403E0402401E0B5
:10C3F000802400BF9EE0A5492868884219D19F4843
:10C40000006800F00700062810D2DFE800F00305FE
:10C4100007090B0D00240BE0042409E0082407E0C1
:10C42000102405E0202403E0402401E0802400BF24
:10C4300080E097492868884220D19048006800F041
:10C440003800182811D005DC48B1082809D0102878
:10C4500011D108E020280AD028280CD109E00124B5
:10C460000BE0042409E0082407E0102405E0202460
:10C4700003E0402401E0802400BF5BE08549286898
:10C48000884219D17D48006800F00700062810D2C4
:10C49000DFE800F0030507090B0D00240BE004247E
:10C4A00009E0082407E0102405E0202403E04024EC
:10C4B00001E0802400BF3DE077492868884219D117
:10C4C0006E48006800F00700062810D2DFE800F090
:10C4D000030507090B0D00240BE0042409E00824E0
:10C4E00007E0102405E0202403E0402401E080243C
:10C4F00000BF1FE05D49286888421AD15F48001DCF
:10C50000006800F00700062810D2DFE800F00305FD
:10C5100007090B0D02240BE0042409E0082407E0BE
:10C52000102405E0202403E0402401E0802400BF23
:10C5300000E0802400BF4D49286888427DD1102C3E
:10C540001AD006DC022C09D0042C0BD0082C29D1DF
:10C550000DE0202C21D0402C24D120E0F8F7D6FC8F
:10C56000064623E005A8F8F7FBFD069E1EE002A89C
:10C57000F8F70EFF039E19E0404854380068C0F3F6
:10C58000401040B13D4854380068C0F3C1014348F1
:10C5900020FA01F600E0414E08E0414E06E04FF47B
:10C5A000004603E000260120089000BF00BF002ED7
:10C5B00010D03C49686A31F81000B6FBF0F96868A1
:10C5C00000EB4000484503D868680003484502D2A4
:10C5D0000120089003E13349686A31F810C06246CF
:10C5E000002330461946F3F773FE4FF480730022A0
:10C5F0008446ACFB030B01FB03B10CFB021C696816
:10C600004908034659184CEB0200CDE90010D5F853
:10C6100004C06246002308460199F3F759FE074615
:10C62000B7F5407F06D3B7F5801F03D22868C760EF
:10C63000D5E002E001200890D1E0E869B0F5004FB4
:10C640007BD1082C39D005DC5CB1012C2CD0042C1A
:10C650004CD12DE0102C35D0202C42D0402C45D18F
:10C6600041E0FAF7BFFA064644E00000000C00582B
:10C67000F369FFCFFFF4FF1100100140544402584A
:10C680000044004000480040004C00400050004082
:10C690000014014000780040007C00400090D0036E
:10C6A00000093D000EE50008FAF7AEFA064621E063
:10C6B00005A8F8F755FD069E1CE002A8F8F768FEED
:10C6C000039E17E04C480068C0F3401038B14A4858
:10C6D0000068C0F3C101494820FA01F600E0474E66
:10C6E00008E0474E06E04FF4004603E00026012034
:10C6F000089000BF00BFFEB14249686A31F81000DF
:10C70000B6FBF0F04000696800EB5100B0FBF1F7B8
:10C71000102F0FD3B7F5803F0CD24FF6F07007EA19
:10C72000000AC7F342004AEA000A2868C0F80CA0D1
:10C7300055E002E00120089051E0082C1AD005DCF9
:10C740005CB1012C0DD0042C2DD10EE0102C16D094
:10C75000202C23D0402C26D122E0FAF743FA0646BB
:10C7600025E0FAF751FA064621E005A8F8F7F8FCAB
:10C77000069E1CE002A8F8F70BFE039E17E01E4879
:10C780000068C0F3401038B11B480068C0F3C10115
:10C790001A4820FA01F600E0184E08E0184E06E0AC
:10C7A0004FF4004603E000260120089000BF00BFC0
:10C7B000AEB11449686A31F81000B6FBF0F0696850
:10C7C00000EB5100B0FBF1F7102F06D3B7F5803F17
:10C7D00003D2B8B22968C86001E0012008900120A6
:10C7E000A5F86A00A5F8680000202867686708981F
:10C7F00009B0BDE8F08F0000004402580090D0035B
:10C8000000093D000EE5000830B503469965A3F820
:10C810005C20A3F85E200020186700BF9868B0F580
:10C82000805F0AD1186920B940F2FF10A3F86000B8
:10C8300020E0FF20A3F860001CE0986848B9186960
:10C8400018B9FF20A3F8600014E07F20A3F860006F
:10C8500010E09868B0F1805F09D1186918B97F209D
:10C86000A3F8600006E03F20A3F8600002E000208B
:10C87000A3F8600000BF0020C3F88C002220C3F89A
:10C88000880000BF00BF1C68083454E8004F44F023
:10C8900001001C68083444E80005002DF3D100BFF6
:10C8A000586EB0F1005F31D1B3F8680090422DDCD2
:10C8B0009868B0F5805F04D1186910B92A481867E4
:10C8C00001E02A48186700BF002083F8800000BFFD
:10C8D000186960B100BF00BF1C6854E8004F44F401
:10C8E00080701D6845E80004002CF5D100BF00BF32
:10C8F00000BF1C68083454E8004F44F080501C68A6
:10C90000083444E80005002DF3D12BE09868B0F519
:10C91000805F04D1186910B91548186701E01548FF
:10C92000186700BF002083F8800000BF186960B15D
:10C9300000BF00BF1C6854E8004F44F490701D68AD
:10C9400045E80004002CF5D10CE000BF00BF1C68D6
:10C9500054E8004F44F020001D6845E80004002C16
:10C96000F5D100BF002030BD1DBE0008B5C00008D5
:10C9700049BD0008E5BF000810B5D0F88420212A81
:10C980002AD1B0F85620CAB900BF00BF036853E8E7
:10C99000003F23F08002046844E80023002BF5D117
:10C9A00000BF00BF00BF036853E8003F43F04002F0
:10C9B000046844E80023002BF5D10DE0016D0A88DE
:10C9C000C2F3080203689A62026D921C0265B0F815
:10C9D0005620521EA0F8562010BD30B5D0F8843035
:10C9E000212B3AD1B0F86A1034E0B0F85630E3B9F0
:10C9F00000BF00BF0468083454E8004F24F400036B
:10CA00000468083444E80035002DF3D100BF00BFAE
:10CA100000BF046854E8004F44F04003056845E84F
:10CA20000034002CF5D100BF16E00368DB6903F089
:10CA300080036BB1026D1388C3F308030468A3621B
:10CA4000036D9B1C0365B0F856305B1EA0F8563092
:10CA50004B1E99B20029C8D100BF30BDD0F8841058
:10CA6000212928D1B0F85610C9B900BF00BF02680B
:10CA700052E8002F22F08001036843E80012002AE8
:10CA8000F5D100BF00BF00BF026852E8002F42F09E
:10CA90004001036843E80012002AF5D10BE0016D64
:10CAA000097802689162016D491C0165B0F8561061
:10CAB000491EA0F85610704710B5D0F88420212ADE
:10CAC00038D1B0F86A1032E0B0F85620E2B900BFB1
:10CAD00000BF0368083353E8003F23F400020368F3
:10CAE000083343E80024002CF3D100BF00BF00BF8F
:10CAF000036853E8003F43F04002046844E8002321
:10CB0000002BF5D100BF14E00268D26902F0800268
:10CB10005AB1026D127803689A62026D521C026566
:10CB2000B0F85620521EA0F856204A1E91B2002995
:10CB3000CAD100BF10BD2DE9F04104460D4617468D
:10CB40009846069E6AE0701C002867D0F8F742F805
:10CB5000A0EB0800B04200D846BB00BF00BF216870
:10CB600051E8001F21F4D070226842E8000100293A
:10CB7000F5D100BF00BF00BF2168083151E8001F98
:10CB800021F001002168083141E80002002AF3D1B8
:10CB900000BF2020C4F88400C4F8880000BF002033
:10CBA00084F8800000BF0320BDE8F08120680068A1
:10CBB00000F0040088B32068C069C0F3C02060B3EF
:10CBC0004FF400602168086200BF00BF216851E88F
:10CBD000001F21F4D070226842E800010029F5D13D
:10CBE00000BF00BF00BF2168083151E8001F21F0DD
:10CBF00001002168083141E80002002AF3D100BF9A
:10CC0000202044F8840F6060A060843C00BF0020B6
:10CC100084F8800000BF0320C6E7FFE72068C069F2
:10CC20002840A84201D1012000E00020B8428AD06B
:10CC30000020B9E710B50248FCF7E0FC10BD000089
:10CC4000A806002400BFFEE70FB4054B10B503A9EA
:10CC5000044A029800F0F6F810BC5DF814FB0000DE
:10CC600041DB0008B002002402480068C0F3022043
:10CC7000704700000CED00E010B5002804DB0A0747
:10CC8000130E054A135406E00A07140E034A00F077
:10CC90000F031B1FD45410BD00E400E018ED00E0AA
:10CCA00002E008C8121F08C1002AFAD17047704775
:10CCB000002001E001C1121F002AFBD170470000D3
:10CCC0002DE9FF5F82B00021DDE90430020DDDF8BF
:10CCD00040B0034318D044F61050A2F2FF32424352
:10CCE0001514119801281FD0A5EB0B00401C5FEA1A
:10CCF000000A4FF000064E4FDFF83891B04650461C
:10CD000015D5CAF1000413E0119801244AA30128A3
:10CD100001D16FEA0B010298119AC0E90031C0E914
:10CD2000024206B0BDE8F09FCBF10000DFE7044609
:10CD30000021404A491842EB0450CDE9001012E0AE
:10CD4000E00707D032463B4640464946F3F7D8FB5A
:10CD50008046894632463B4610461946F3F7D0FBDB
:10CD600006460F466410002CEAD1DDE90401DDE936
:10CD70000023BAF1000F06DAF3F7C2FB42464B4636
:10CD8000F3F7BEFB05E0F3F72DFC42464B46F3F705
:10CD900029FC04460E460022284BF3F7DDFC03D89D
:10CDA0004FF0FF30014607E00022254B2046314678
:10CDB000F3F7FFFAF3F7DFFD102409E0002C0ADB9C
:10CDC0000A220023F3F784FA039B30321A55641EBB
:10CDD00050EA0102F2D1641C039AC4F11103144415
:10CDE000119A012A03D0012208430DD10AE0084319
:10CDF00004D000204FF0110B119072E7A3EB0B054C
:10CE00006D1E0DE05B4504DD4FF0000205F10105EC
:10CE100004E003DA4FF00002A5F10105002AECD08E
:10CE200002981199C0E90231C0E9004579E7000094
:10CE3000000014400000F03F300000000000F0430C
:10CE40000000E03F2DE9FF4F95B09B46894606461E
:10CE500000250FE2252877D100242746F84A012132
:10CE6000059400E0044316F8013F203B01FA03F06B
:10CE70001042F7D130782A2811D06FF02F03307884
:10CE8000A0F13002092A16D8059A44F0020402EBF8
:10CE9000820203EB42021044761C0590EFE759F83A
:10CEA000042B0592002A03DA504244F40054059002
:10CEB00044F00204761C30782E2816D116F8010FA3
:10CEC00044F004042A280DD06FF02F023078A0F12E
:10CED0003003092B09D807EB870302EB4303C7187C
:10CEE000761CF3E759F8047B761C30786C280FD059
:10CEF00006DC4C2817D068280DD06A2814D104E02D
:10CF0000742810D07A280FD10DE044F400140AE000
:10CF100044F4801401E044F440147278824202D157
:10CF200004F58014761C761C307866280BD013DC50
:10CF3000582877D009DC002875D04528F6D0462837
:10CF4000F4D047281AD19DE118E0632835D0642831
:10CF500079D0652812D195E1702873D008DC672854
:10CF6000F1D069286FD06E280DD06F2806D1B5E0BA
:10CF700073282CD0752875D0782874D05A46179904
:10CF800090476D1C75E1C4F30250022809D00328B4
:10CF90000DD0D9F8001004280DD00D6009F1040956
:10CFA00067E1D9F80010EA17C1E90052F6E7D9F8AD
:10CFB00000100D80F2E70D70F0E719F8041B8DF8F2
:10CFC000001000208DF80100EA46012003E059F826
:10CFD00004AB4FF0FF3061074FF0000102D40DE0C9
:10CFE00008F101018846B9420FDA8045F8DB1AF8EA
:10CFF00008100029F4D108E008F1010188468142B7
:10D00000FADB1AF808100029F6D105985B46A0EB68
:10D01000080721463846179A00F094FA284400EB96
:10D02000080507E04DE029E10DE01AF8010B5A462A
:10D0300017999047B8F10108F7D25B462146384668
:10D04000179A13E142E00A220092C4F302524FF011
:10D05000000A022A08D059F804CB032A4FEAEC71DF
:10D060000AD00DE029E02AE009F1070121F00702CA
:10D07000F2E802C1914609E00FFA8CFC4FEAEC712C
:10D08000042A03D14FFA8CFC4FEAEC71002907DA2D
:10D090000A460021DCF1000C61EB02012D2202E0C6
:10D0A000220504D52B228DF80420012203E0E2079B
:10D0B00001D02022F7E7904659E00A2102E0102231
:10D0C0000DE010214FF0000A00910BE010224FF00C
:10D0D000000A44F004040827009203E008224FF0FD
:10D0E000000A0092C4F30252022A05D059F804CB78
:10D0F0000021032A08D009E009F1070121F0070205
:10D10000F2E802C1914605E01FFA8CFC042A01D125
:10D110000CF0FF0C4FF00008220728D5702806D02D
:10D12000009B83F0100353EA0A0305D00EE040226F
:10D130008DF80420012208E05CEA010206D03022CA
:10D140008DF804208DF8050002229046009B83F0A4
:10D15000080353EA0A030AD15CEA010201D162071B
:10D1600005D530228DF804204FF001087F1E582885
:10D1700004D034A003900EA802900DE036A0F9E789
:10D1800053466046009AF3F7A3F884460398825CFE
:10D190000298401E029002705CEA0100F0D10298F1
:10D1A00006A9081A00F1200A600702D524F4803489
:10D1B00000E00127574502DDA7EB0A0000E0002050
:10D1C00000EB0A01009005984144401A0590E003E5
:10D1D00006D45B462146179A059800F0B3F905443A
:10D1E000002706E001A85A46C05D179990476D1CBC
:10D1F0007F1C4745F6DBE0030CD55B462146179ABA
:10D20000059800F09FF9054404E030205A4617992C
:10D2100090476D1C0099481E00900029F5DC08E03D
:10D22000029802995A460078491C02911799904732
:10D230006D1CBAF10001AAF1010AF1DC65E1000000
:10D2400009280100303132333435363738396162DC
:10D2500063646566000000003031323334353637A0
:10D2600038394142434445460000000000F058F977
:10D270000544761C307800287FF4ECAD19B02846C0
:10D28000BDE8F08F620700D4062709F1070222F0FB
:10D29000070CFCE80223E14603F000485FEA080CB3
:10D2A00002D00FF2702C0DE05FEA045C02D50FF2A1
:10D2B000682C07E05FEAC47C02D00FF2602C01E02A
:10D2C000AFF2700C4FF0FF3823F00043CDF850C0A0
:10D2D00065280CD006DC452809D046281DD04728F3
:10D2E0003DD13DE0662818D067287ED138E0002186
:10D2F000112F01DB112000E0781CCDE9000106A907
:10D300000EA8FFF7DDFCDDE90F010E9A0391002165
:10D31000009207F1010A04914DE04FF000400097A0
:10D32000CDE9011006A90EA8FFF7CAFCDDE90F023E
:10D3300003920E9B11990022DDF80CA00093049239
:10D3400011B9791C00EB010AB7EB0A0004D4C0F153
:10D35000FF3007F1010A0490AAEB0700019044E0B6
:10D36000012F00DA01270021112F01DD112000E03B
:10D370003846CDE9000106A90EA8FFF7A1FCDDE9BA
:10D380000F010E9A0391002104910092BA462107E1
:10D390000CD40399514500DA8A46BAF1010F05DD34
:10D3A000009AAAF10101515C302908D0B84202DA92
:10D3B00010F1040F06DA0121CDE9011015E0AAF100
:10D3C0000101E9E7002805DC049901440491AAEB76
:10D3D000000102E0411C514500DD8A460499401AD3
:10D3E000401C01904FF000400290200704D40198A7
:10D3F000504501DBCDF8048000208DF84F000298E5
:10D400000DF14F07B0F1004F25D02B200E90029860
:10D410004FF0020800280CDA404202902D200E90B6
:10D4200007E00A210298F3F7CBF93031029007F8B0
:10D43000011DB8F10001A8F10108F2DC02980028F2
:10D44000EFD1791E0E980870307800F0200040F07F
:10D45000450007F8020D12A8C01B00F10708149838
:10D46000007800B1012000EB0A01019801EBE071A6
:10D4700005984144401A401E0590E00306D45B46DF
:10D480002146179A059800F05DF805441498007835
:10D4900018B15A46179990476D1CE00324D55B4696
:10D4A0002146179A059800F04DF805441CE00498B1
:10D4B000002807DBDDE90301884203DD0098405CBA
:10D4C000179901E0179930205A469047049805F1C2
:10D4D0000105401C04900198401E019004D12E20AB
:10D4E0005A46179990476D1CBAF10001AAF1010A3A
:10D4F000DDDC05E017F8010B5A46179990476D1CC3
:10D50000B8F10001A8F10108F4DC5B462146179A46
:10D510000598ABE62D0000002B0000002000000065
:10D520002DE9F041044600251E461746880404D420
:10D5300005E039462020B0476D1C641EF9D5284609
:10D54000BDE8F0812DE9F041044600251E469046D5
:10D55000C80301D5302700E02027880404D505E062
:10D5600041463846B0476D1C641EF9D52846BDE8D3
:10D57000F081000010B5FCF715FFFCF743FFFCF746
:10D58000F9FD002204211548F7F718FB00220221BB
:10D590001248F7F713FB002201211048F7F70EFBA2
:10D5A0000120F7F7B7F800210D48FBF78DFD0122A8
:10D5B00010210C48F7F702FB002210210948F7F769
:10D5C000FDFA0320F4F756FC012210210548F7F775
:10D5D000F5FA0220F7F79EF810BD0000000402588B
:10D5E000C4050024000802580278012102E0435CCF
:10D5F0005A40491C0929FADB4272704711480088D9
:10D6000064281DDB00200F4908800F4800680F497F
:10D61000884208D101200E4908700E480E49086062
:10D62000094908600CE0084800680A49884207D1A7
:10D6300001200A4908700548074908600249086046
:10D64000704700008E00002478000024C8070024E2
:10D6500086000024580900247C0000248700002450
:10D6600010B522480078F8B12148407901281BD133
:10D670001E484079012802D100201C4948711B48EE
:10D680000078801CC1B21BA2042000F05BFB17488D
:10D690000078801CC1B2042000F032FB13480078EF
:10D6A000401E1249087020E010480078E8B9104880
:10D6B0000078D0B10E484079012802D100200C49F1
:10D6C00048710B480078801CC1B20AA2022000F009
:10D6D00039FB07480078801CC1B2022000F010FB23
:10D6E00003480078401E0249087010BD5A0000240B
:10D6F000540000242020000010B5002004490880B8
:10D7000004490880044908701720F7F747FB10BD4B
:10D71000400200248E0000244202002470470000D2
:10D7200010B50446102C06D0202C07D0402C08D071
:10D73000802C0CD108E000F0D1F90CE0FFF790FF4D
:10D7400009E000F009FE06E000F058FA03E003A04B
:10D75000FFF77AFA00BF00BF10BD0000434D442020
:10D760004B657920696E707574206572726F7221D5
:10D770000000000010B50446102C03DB2046FFF724
:10D78000CFFF10BD102C03DA204600F045FCF8E76F
:10D7900000BFF6E770B52DED028B05460E469FEDF6
:10D7A000110BB0EE408AF0EE608AF4F749FC10EEFF
:10D7B000104A2046F2F7BCFF41EC180B51EC180B55
:10D7C000F2F79DFFC4B22046F4F73CFD51EC180B74
:10D7D000F2F795FFC4B22046F4F77CFBBDEC028B58
:10D7E00070BD0000000000000000000010B500F057
:10D7F000D1FA0120F6F78EFF09A20021012000F0E6
:10D80000A1FA09A20021022000F09CFA08A200213E
:10D81000032000F097FA04200749087010BD0000AB
:10D82000B1E0BAC5A3BA0000D3A6B4F0A3BA000011
:10D83000BEE0C0EBA3BA00004C00002410B500F01D
:10D84000A9FA0120F6F766FF19A20021012000F0D5
:10D8500079FA1BA20021022000F074FA19A201211A
:10D86000022000F06FFA18A20221084600F06AFABE
:10D8700016A20021032000F065FA17A2002104205F
:10D8800000F060FA13A20121042000F05BFA0EA25E
:10D890000221042000F056FA0120F6F73BFF032195
:10D8A000022000F02DFA01200C49087010BD000084
:10D8B000C7EBCAE4C8EBC9E8B1B8494400000000AE
:10D8C0004900000044000000A3BA0000C7EBCAE40E
:10D8D000C8EBC3FCC1EE0000C3FC00004C000024F8
:10D8E00010B500F057FA0120F6F714FF03210120CC
:10D8F000FFF750FF09A20021022000F023FA0AA23C
:10D900000021032000F01EFA0BA20021042000F0E9
:10D9100019FA00200B49087010BD0000312EB7A283
:10D92000C9E4D0C5BAC50000322EB7A2C9E4D0C53B
:10D93000BAC5C7BFB6C80000332EC9E8B1B8D0C554
:10D94000CFA200004C00002410B500F023FA012003
:10D95000F6F7E0FE0FA20021012000F0F3F90FA27C
:10D960000021022000F0EEF90EA20021032000F0B9
:10D97000E9F90421022000F013FA0421032000F049
:10D980000FFA1B220421012000F0D0F902200749E0
:10D99000087010BD312E313935644200322E3139D4
:10D9A00030644200332E3138356442004C0000248C
:10D9B00010B500F0EFF90120F6F7ACFE06A2002149
:10D9C000012000F0BFF907A20521012000F0BAF9FB
:10D9D00005200649087010BDB9CCBCFEB0E6B1BE4A
:10D9E000A3BA000056302E302E3100004C00002427
:10D9F00010B5012211021B48F7F7E0F800201A4980
:10DA0000087027E000224FF480711648F7F7D6F827
:10DA10000120F4F72FFA15480078401013490870D8
:10DA20004FF400710F48F7F7C1F8012805D10F48EE
:10DA3000007840F080000D49087001221102094869
:10DA4000F7F7BCF80120F4F715FA07480078401CF6
:10DA500005490870044800780828D3DB034800789B
:10DA600010BD000000040258910000249200002420
:10DA700010B5044600201749087025E000224FF435
:10DA800080711548F7F79AF804F0010028B10122D7
:10DA900051021148F7F792F805E000224FF40071A7
:10DAA0000D48F7F78BF80120F4F7E4F90122110291
:10DAB0000948F7F783F80120F4F7DCF9641005480A
:10DAC0000078401C03490870024800780828D5DB1C
:10DAD00010BD0000900000240004025810B5144846
:10DAE000407901281BD113484079012817D1002122
:10DAF00000F011F90120F6F70DFEFFF777FEFCF7B5
:10DB0000E9F9044622460321012000F01BF90A4AE4
:10DB10000321022000F016F900F0BCFC00E010BD6B
:10DB20000648007810B107200449087000BFF6E7E6
:10DB3000540000245A0000244B0200244C0000240E
:10DB400000BF054AD26902F04002002AF9D0C2B2F1
:10DB5000014B9A62704700000010014010B500248C
:10DB60004FF400611648F7F721F8012801D144F07D
:10DB700001044FF480611248F7F718F8012801D129
:10DB800044F002044FF400410E48F7F70FF8012863
:10DB900001D144F004044FF480410A48F7F706F835
:10DBA000012801D144F008044FF400510548F6F76C
:10DBB000FDFF012801D144F01004204610BD0000F3
:10DBC000000402580010025810B503461446002005
:10DBD0000855621E0EE003F00F00092804D803F078
:10DBE0000F003030885403E003F00F0037308854C2
:10DBF000521E1B09002AEEDA012010BD10B5FCF7F9
:10DC0000A5FE0021012000F086F80120F6F782FD34
:10DC1000FFF766FE00F08CFAF3F706FF10BD000078
:10DC200010B50120F6F776FD002003490870487111
:10DC300002490870487110BD540000245A000024A5
:10DC40002DE9F04F8BB081460C469246282222A146
:10DC500001A8F2F76EFB0026BAF10A0F09D1B9F15B
:10DC6000000F06DAC9F100072D223046761C225437
:10DC700000E04F4600BFB7FBFAF00AFB107001A9A5
:10DC80000A5C3046761C2254B7FBFAF7002FF2D11B
:10DC90000020A05520782D2802D14FF0010801E086
:10DCA0004FF0000845460CE014F805B0701E4044E3
:10DCB000401B205C6055701E4044401B04F800B0BF
:10DCC0006D1C701E00EBD071B5EB610FECDD2046D2
:10DCD0000BB0BDE8F08F00003031323334353637C9
:10DCE00038394142434445464748494A4B4C4D4EDA
:10DCF0004F505152535455565758595A000000002E
:10DD000070B504460D462946204600F05BF80F200A
:10DD1000FCF788F970BD70B504460D4629462046CB
:10DD200000F050F80C20FCF77DF970BD70B5054689
:10DD30000E4614463146284600F044F82046FCF7CB
:10DD40008DF970BD70B506460C4615462146304625
:10DD500000F038F81AE0102C06D10024701CC6B26E
:10DD60002146304600F02EF8082E06D1102C04D1A2
:10DD700000262146304600F025F82878FCF76EF999
:10DD80006D1C0120F6F7C6FC601CC4B22878002880
:10DD9000E1D170BD10B50120FCF744F910BD0000C1
:10DDA00070B506460D462C4606E005A221463046D3
:10DDB000FFF7C8FF601CC4B2072CF6DD70BD000081
:10DDC0002020000070B505460C46012D06D0022D1E
:10DDD0000AD0032D0ED0042D18D111E004F18001DA
:10DDE000C8B2FCF71FF911E004F19001C8B2FCF7CA
:10DDF00019F90BE004F18801C8B2FCF713F905E04A
:10DE000004F19801C8B2FCF70DF900BF00BF012072
:10DE1000F6F780FC70BD0000FCF73CF900BF5D48E0
:10DE2000006800F4003000B139E000BF00BF00BF5F
:10DE3000BFF34F8F00BF00BF00BF00BF00BF00BFD8
:10DE4000BFF36F8F00BF00BF00BF002052490860C2
:10DE500000BF00BF00BFBFF34F8F00BF00BF00BFB8
:10DE600000BF00BF00BFBFF36F8F00BF00BF00BF88
:10DE70004848006840F400304649086000BF00BFD1
:10DE800000BFBFF34F8F00BF00BF00BF00BF00BF88
:10DE900000BFBFF36F8F00BF00BF00BF00BF00BF58
:10DEA0003C4B1B6803F4803303B148E00023394C3A
:10DEB0007034236000BF00BF00BFBFF34F8F00BFAF
:10DEC00000BF00BF231F1868C0F34E3100BFC0F36E
:10DED000C90200BF43F6E07303EA41134FF0404428
:10DEE00004EA827423432C4C1034236000BF00BF2B
:10DEF000131EA2F10102EDD10B1EA1F10101E6D129
:10DF000000BF00BF00BFBFF34F8F00BF00BF00BF07
:10DF1000204B1B6843F480331E4C236000BF00BFBE
:10DF200000BFBFF34F8F00BF00BF00BF00BF00BFE7
:10DF300000BFBFF36F8F00BF00BF00BF00BFF6F789
:10DF40005BFEFDF773FAFCF70AFDFCF72DF91720CD
:10DF5000F6F724FFFCF784FB0122D1030F48F6F704
:10DF60002DFE6420F6F7D6FBFCF72EFBFCF7C0F87D
:10DF7000FCF750FBFCF790FAFCF774FA08A0FEF7E8
:10DF800063FE0BA0FEF760FEF2F73AFF01E0F2F746
:10DF90007DFFFCE714ED00E050EF00E0000C0258BC
:10DFA0000D0A20B3F5CABCBBAFCDEAB3C90D0A0058
:10DFB0002A2A2A2ABDF8C8EBD3C3BBA7B3CCD0F218
:10DFC0002A2A2A2A0D0A0D0A0000000010B504466C
:10DFD000012C04D0022C09D0032C11D10BE0FFF747
:10DFE0001FFEFFF72BFCFFF799FB09E0FFF7ACFCE6
:10DFF000FFF794FB04E0FFF7DBFCFFF78FFB00BFAC
:10E0000000BF10BD10B50446102C03DA2046FFF700
:10E01000DDFF10BD00BFFCE770B505464248407902
:10E0200000284DD140480178401C4554002410E0A0
:10E030003D490A78491C885C00F07BF806463A485E
:10E040000078C01CC1B232460220FFF76FFE601C90
:10E05000C4B235480078A042EADA33480078401C60
:10E060003149087008460078042826D101204871FB
:10E070002E480078F0B9084640782C4948702A4864
:10E0800081782A48817001202849087000240DE019
:10E090002649491C085D00F04CF80646E01CC1B258
:10E0A00032460420FFF742FE601CC4B21F480078CD
:10E0B000A042EDDA02201D49087000F05DF930E061
:10E0C0001A48407960BB18484079012828D1174880
:10E0D0000178401C4554002410E014490A78491C7A
:10E0E000885C00F026F8064610480078C01CC1B2D3
:10E0F00032460420FFF71AFE601CC4B20B480078B9
:10E10000A042EADA09480078401C0849087008462D
:10E110000078042801D10120487100F02DF900E0B9
:10E1200070BD00BFFCE70000540000245A0000242A
:10E1300070470A2803DA00F13001C8B270470A2894
:10E1400003DB00F13701C8B2F8E700BFF6E70000D3
:10E1500010B53448008828B91720F6F741FE012091
:10E16000304908803048B0F9000030490860304834
:10E170003049098830F911002C49096848432B4976
:10E1800008602D48D0E900300968CA175918504175
:10E19000294AC2E900102748008864282DDD0020A4
:10E1A000244908801046D0E90010244A244B1B78EB
:10E1B00002EBC302C2E9001000201F4A1060506049
:10E1C0001E481F49097800EBC1004FF08062D0E97A
:10E1D00000310420D21A884104DA1A480088401C11
:10E1E0001849088016480078401C154908700846F0
:10E1F0000078642801DD0020087012480088322869
:10E200000DDD00200F4908800A4908800549088073
:10E210000B4908701720F6F7C1FD012010BD002042
:10E22000FCE70000440200248400002428020024AB
:10E23000BCE600088E00002430020024002B0024DD
:10E24000420200244002002410B53048008828B95A
:10E250001720F6F7C5FD01202C4908802C48B0F99D
:10E2600000002C4908602C482C49098830F911001D
:10E27000284909684843274908602948D0E90030FF
:10E280000968CA1759185041254AC2E900102348A5
:10E29000008864282DDD0020204908801046D0E940
:10E2A0000010204A204B1B7802EBC302C2E9001089
:10E2B00000211B4A116051601A481B49097800EB84
:10E2C000C1004FF08062D0E900310420D21A8841A9
:10E2D00004DA16480088401C144908801248007867
:10E2E000401C1149087008460078642801DD0020B0
:10E2F00008700E480088062806DDFFF7FDF90020AB
:10E3000002490880012010BD0020FCE746020024DD
:10E31000840000242C02002484E700088E000024DE
:10E3200038020024202E002442020024400200244F
:10E3300010B50446102C04D0402C05D0802C09D1F7
:10E3400005E0FFF7CBFB05E000F006F802E0FFF781
:10E3500055FC00BF00BF10BD10B5FFF71BFD01202D
:10E36000F6F7D8F900210120FFF7D5FCFFF758FC9C
:10E37000FFF764FA10BD000010B51548007858B1D9
:10E3800013484079012807D011480078C01CC1B259
:10E390000220FFF7B5FC1AE00D48407901280BD1A7
:10E3A0000C484079012807D00A480078C01CC1B247
:10E3B0000420FFF7A5FC0AE006484079012806D1B1
:10E3C00004480078801CC1B20420FFF7A4FC10BDF3
:10E3D000540000245A00002410B5012240210948AD
:10E3E000F6F7ECFB012280210648F6F7E7FB012255
:10E3F00008210548F6F7E2FB012210210248F6F752
:10E40000DDFB10BD000C02580004025810B5044694
:10E41000012C04D0022C10D0032C2AD11BE00421A3
:10E420000220FFF7BDFC04210320FFF7B9FC1B22EB
:10E4300004210120FFF77AFC1BE004210120FFF7F3
:10E44000AFFC04210320FFF7ABFC1B2204210220B8
:10E45000FFF76CFC0DE004210120FFF7A1FC042173
:10E460000220FFF79DFC1B2204210320FFF75EFC26
:10E4700000BF00BF10BD10B50446102C03DA2046C3
:10E48000FFF7C4FF10BD802C01D1FFF7B7FB00BF21
:10E49000F8E7000010B51348C078052806D11148E8
:10E4A0000079052802D1F3F7C9F91AE00D48C078C0
:10E4B000042816D10B480079072804D0082805D075
:10E4C000092809D105E0F2F7ABFD09E0F2F718FFE2
:10E4D00006E0F3F781F803E003A0FEF7B5FB00BF09
:10E4E00000BF10BD5A000024756E6B6E6F772063FD
:10E4F0006D64200D0A00000010B50446802C01D187
:10E50000FFF77CFB10BD0006101600061016010078
:10E5100002000400060008000A000C0010002000A1
:10E520004000800000010101010307010000080410
:10E5300002040801010100000000010203040102BD
:10E540000304060708090000323000000000000044
:10E5500000000000000000000000000000000000BB
:10E5600000000000000000000000000000000000AB
:10E570000000000000000000000000000000DF2E8E
:10E580006710771E000020410000112DC50F4B1DA4
:10E59000666626410000662B300F351CCDCC2C4121
:10E5A0000000D929A50E331B3333334100006828FE
:10E5B000240E431A9A99394100000F27AB0D6319B5
:10E5C000000040410000CC253A0D91186666464196
:10E5D00000009E24D00CCD17CDCC4C410000F42D72
:10E5E0001510DE1D333323410000382C790FBE1C7B
:10E5F0009A99294100009C2AE90EB21B0000304183
:10E6000000001D29630EB91A666636410000B8275E
:10E61000E70DD019CDCC3C4100006B26720DF818E7
:10E620003333434100003325040D2E189A99494194
:10E6300000000E249E0C6F170000504101060703D6
:10E6400008020405000014343A12D92100004041A8
:10E650000000DF2E6710771E0000204100009C2A7A
:10E66000E90EB21B0000304100000F27AB0D63190B
:10E670000000404100000D249D0C6F170000504128
:10E68000000014343405D921000010410000DF2EB1
:10E69000AF042F2A0000204100009C2A41045A2682
:10E6A0000000304100000D249A0372200000504108
:10E6B00000000F27E7032723000040418DF57BF979
:10E6C0003D023809E1089F01DEF87AF5EAF9CA024D
:10E6D00067099C081C0181F88EF552FA4203A009D3
:10E6E00057088C001BF8A8F5DBFAC203A509FC0744
:10E6F0002100DBF7B0F52DFB3F04E409B90794FFD7
:10E7000079F7C5F5ADFBBC04FE09600710FF28F7DB
:10E71000EEF528FC2D050D0A040786FEE7F626F621
:10E72000A8FC9805100AAB0607FE99F650F62BFDDB
:10E730000E06190A3D067BFD6CF695F69AFD6B06F2
:10E740001E0AE105FDFC30F6CDF62DFED906FE09C8
:10E750005E0588FC1CF616F79EFE3207FD09F304E1
:10E7600000FCE6F567F72BFF8507E7098A0483FBC2
:10E77000C2F5B9F7AFFFD407C2091C0419FBA6F50F
:10E78000FEF73100D7F6C001ABFCC8F482F84302B3
:10E79000EF09F908650026F743F52EFC3806C70A8D
:10E7A000FB05F1FB20F568F79F003809C709F9015F
:10E7B00024F8D7F4BCFAE704B80A42078BFD9FF5AA
:10E7C00066F6F6FE5208610A880371F9BEF45FF935
:10E7D0005C035A0A4B082EFF84F6B1F544FD080786
:10E7E000AE0A1405F1FAF0F425F8B801AD092309D1
:10E7F000D9008BF741F5C3FBBA05A70A5B0683FC7A
:10E8000059F512F70D00F008F6096D0297F8EAF4D1
:10E8100052FA4B048E0AA90715FEDDF52AF66EFEA4
:10E82000E4076F0A0C0405FADAF4E3F8B5021B0AF0
:10E83000B108CEFFD0F679F5B9FCAA06C20A880560
:10E8400069FBFBF4BAF7270184098A090155111104
:10E8500011111111110000000149111111111111B3
:10E8600011000000014811111111111111000000D7
:10E8700001471111111111111100010000000000D8
:10E880000001000000000001010000000000010183
:10E890000000000000010100000000000101000074
:10E8A0000000000101000000000001010000000064
:10E8B0000001010000000000010100000000000153
:10E8C0000000000000000100000000000101000045
:10E8D0000000000101000000000001010000000034
:10E8E0000001010000000000010000000000010123
:10E8F0000000000000010100000000000101000014
:10E900000000000101000000000001000000000004
:10E9100001010000000000010100000000000101F1
:10E9200000000000000100000000000101000000E4
:10E9300000000101000000000001010000000000D3
:10E9400001000000000001010000000000010100C2
:10E9500000000000010000000000010100000000B4
:10E9600000010100000000000100000000000101A2
:10E970000000000000010100000000000100000094
:10E980000000010100000000000101000000000083
:10E990000100000000000101000000000001000073
:10E9A0000000000101000000000001010000000063
:10E9B0000001000000000001010000000000010053
:10E9C0000000000001010000000000010000000044
:10E9D0000001010000000000010100000000010131
:10E9E0000000000000010100000000010100000023
:10E9F0000000010100000000010100000000000112
:10EA00000100000000010100000000000101000001
:10EA100000000101000000000001010000000001F1
:10EA200001000000000001000000000001010000E2
:10EA300000000001000000000001010000000000D3
:10EA400001000000000001010000000001010000C1
:10EA500000000001000000000001010000000000B3
:10EA600001000000000001010000000001010000A1
:10EA70000000000100000000000101000000000093
:10EA80000100000000000100000000000101000082
:10EA90000000000100000000000101000000000172
:10EAA0000100000000000100000000000100000063
:10EAB0000000010100000000000100000000000152
:10EAC0000000000000010100000000010100000042
:10EAD0000000010000000000010100000000010131
:10EAE0000000000001010000000000010000000023
:10EAF0000001010000000001010000000001010010
:10EB00000000000001000000000001000000000003
:10EB100001010000000001010000000000010000F0
:10EB200000000001000000000001000000000001E2
:10EB300001000000000101000000000101000000D0
:10EB400000000100000000000100000000000100C2
:10EB500000000000010100000000010100000000B1
:10EB600001010000000001010000000000010000A0
:10EB70000000000100000000000100000000000192
:10EB80000100000000010100000000010100000080
:10EB9000000101000000000101000000000101006F
:10EBA0000000000001000000000001000000000063
:10EBB0000100000000000100000000000100000052
:10EBC0000000010000000000010000000000010042
:10EBD0000000000001000000000001000000000033
:10EBE0000100000000000100000000000100000022
:10EBF0000000010000000000010000000000010012
:10EC00000000000001000000000001000000000002
:10EC100001000000000001000000000001000000F1
:10EC200000000100000000000100000000000100E1
:10EC300000000000010000000000010000000001D1
:10EC400001000000000101000000000101000000BF
:10EC500000010100000000010100000000010100AE
:10EC600000000001000000000001000000000001A1
:10EC70000000000000010000000001010000000091
:10EC8000010100000000010100000000010100007E
:10EC90000000010000000000010000000000010071
:10ECA000000000010100000000010100000000015F
:10ECB0000100000000010000000000010000000051
:10ECC000000100000000010100000000010100003F
:10ECD0000000010000000000010000000000010031
:10ECE000000000010100000000010100000000011F
:10ECF0000000000000010000000001010000000011
:10ED000001010000000001000000000001000000FF
:10ED100000000100000000010100000000010000EF
:10ED200000000001000000000101000000000101DE
:10ED300000000000010000000000010000000001D0
:10ED400001000000000100000000000100000000C0
:10ED500001010000000001010000000001000000AE
:10ED6000000101000000000101000000000100009E
:10ED7000000001010000000001010000000001008E
:10ED8000000000010100000000010100000000017E
:10ED90000000000001010000000001000000000070
:10EDA000010000000001010000000001000000005F
:10EDB000010100000000010100000000010000004E
:10EDC000000101000000000100000000000100003F
:10EDD000000001010000000001000000000101002E
:10EDE000000000010000000001010000000001001F
:10EDF0000000000001000000000100000000000110
:10EE000000000000010100000000010000000001FE
:10EE100001000000000100000000010100000000EE
:10EE200001000000000101000000000100000000DE
:10EE300001010000000001000000000101000000CD
:10EE400000010000000001010000000001000000BE
:10EE500000010100000000010000000001010000AD
:10EE6000000001000000000101000000000100009E
:10EE7000000001010000000001000000000101008D
:10EE8000000000010000000001000000000001007F
:10EE9000000000010000000001010000000001006E
:10EEA000000000010100000000010000000001005E
:10EEB000000000010100000000010000000001014D
:10EEC000000000000100000000010000000000013F
:10EED000000000000100000000010100000000012E
:10EEE000000000000100000000010100000000011E
:10EEF000000000000101000000000100000000010E
:10EF000000000000010100000000010000000001FD
:10EF100000000000010100000000010000000001ED
:10EF200000000000010100000000010000000001DD
:10EF300000000000010100000000010000000001CD
:10EF400000000000010100000001010000000001BC
:10EF500000000000010000000001010000000001AD
:10EF6000000000000100000000010100000001019C
:10EF7000000000000100000000010000000001018D
:10EF8000000000000100000000010000000001007E
:10EF9000000000010100000000010000000001006D
:10EFA000000000010000000001010000000001005D
:10EFB000000000010000000001000000000101004D
:10EFC000000001010000000001000000000100003D
:10EFD000000001000000000101000000010100002C
:10EFE000000001000000000100000000010000001E
:10EFF000000101000000010100000000010000000C
:10F0000000010000000001000000000100000000FD
:10F0100001010000000101000000000100000000EB
:10F0200001000000000100000000010000000001DC
:10F0300000000000010100000001010000000001CB
:10F0400000000000010000000001000000000100BD
:10F0500000000001000000000100000000010100AC
:10F06000000001010000000001000000000100009C
:10F07000000001000000000100000000010000008D
:10F08000000100000000010000000001000000007D
:10F090000101000000010100000001010000000169
:10F0A000010000000001000000000100000000015C
:10F0B000000000000100000000010000000001004D
:10F0C000000000010000000001000000000100003D
:10F0D000000001000000000100000000010000002D
:10F0E000000100000000010000000001000000001D
:10F0F000010000000001000000000100000000010C
:10F1000000000000010000000001000000000100FC
:10F1100000000001000000000100000000010000EC
:10F1200000000100000000010000000001000000DC
:10F1300000010000000001000000000100000000CC
:10F1400001000000000100000000010000000001BB
:10F1500000000000010000000001000000000100AC
:10F16000000000010000000001000000010100009B
:10F17000000101000000010100000001000000008A
:10F18000010000000001000000000100000000017B
:10F19000000000000100000000010000000001006C
:10F1A000000000010000000101000000010100005A
:10F1B000000100000000010000000001000000004C
:10F1C000010000000001000000000100000000013B
:10F1D000000000010100000001010000000100002A
:10F1E000000001000000000100000000010000001C
:10F1F0000001000000010100000001010000000109
:10F2000000000000010000000001000000000100FB
:10F2100000000001000000010100000001000000EA
:10F2200000010000000001000000000100000001DA
:10F2300001000000010000000001000000000000CB
:10F2400000010100000000000101000000000001B9
:10F2500001000000000001010000000000010100A9
:10F26000000000000100000000000001000000009C
:10F270000001010000000000010100000000000189
:10F280000100000000000101000000000001010079
:10F29000000000000101000000000001000000006B
:10F2A0000001010000000000010100000000000159
:10F2B000010000000000010100000000000100004A
:10F2C000000000010100000000000101000000003A
:10F2D000000101000000000001000000000000012A
:10F2E000000000000001010000000000010100001A
:10F2F000000000010000000000010100000000000B
:10F3000001010000000000010100000000000100F8
:10F3100000000000010100000000000101000000E9
:10F3200000000100000000000101000000000001D9
:10F3300001000000000001000000000001010000C9
:10F3400000000001010000000000010000000000BA
:10F3500001010000000000010100000000010100A7
:10F36000000000000101000000000001000000009A
:10F370000001010000000000010000000000010188
:10F38000000000000001010000000000010000007A
:10F390000000010100000000000100000000000169
:10F3A0000100000000000100000000000101000059
:10F3B000000000010000000000010100000000004A
:10F3C0000100000000000101000000000001000039
:10F3D000000000010100000000000100000000002A
:10F3E0000101000000000001000000000001010018
:10F3F000000000000100000000000101000000000A
:10F4000001010000000000010000000000010100F7
:10F4100000000000010000000000010100000000E9
:10F4200001010000000000010000000000010100D7
:10F4300000000000010000000000010100000000C9
:10F4400001010000000000010000000000010100B7
:10F4500000000001010000000000010000000000A9
:10F460000101000000000101000000000001000097
:10F470000000000101000000000101000000000088
:10F480000100000000000101000000000101000077
:10F490000000000100000000000100000000000169
:10F4A0000100000000010100000000000100000058
:10F4B0000000010000000000010100000000010147
:10F4C000000000000001000000000001000000003A
:10F4D0000001010000000001010000000001010026
:10F4E000000000000100000000000100000000001A
:10F4F0000101000000000101000000000101000006
:10F5000000000001000000000001000000000001F8
:10F5100000000000000101000000000101000000E7
:10F5200000010100000000010100000000000100D6
:10F5300000000000010000000000010000000000C9
:10F5400001000000000001010000000001010000B6
:10F5500000000101000000000101000000000101A5
:10F560000000000001010000000000010000000098
:10F570000001000000000001000000000001000088
:10F580000000000100000000000100000000000178
:10F590000000000000010000000000010000000069
:10F5A0000001000000000001000000000001000058
:10F5B0000000000100000000000100000000000148
:10F5C0000000000000010000000000010000000039
:10F5D0000001000000000001000000000001000028
:10F5E0000000000100000000000100000000000118
:10F5F0000000000000010000000000010000000009
:10F6000001010000000001010000000001010000F4
:10F6100000000101000000000101000000000101E4
:10F6200000000000010000000000010000000000D8
:10F6300001000000000001000000000001000000C7
:10F6400000010100000000010100000000010100B4
:10F6500000000001000000000001000000000001A7
:10F660000000000000010000000001010000000097
:10F670000101000000000101000000000100000085
:10F680000000010000000000010000000001010076
:10F690000000000101000000000100000000000166
:10F6A0000000000000010000000001010000000057
:10F6B0000101000000000100000000000100000046
:10F6C0000001010000000001010000000001000035
:10F6D0000000000100000000010100000000010125
:10F6E0000000000001000000000001000000000117
:10F6F0000100000000010000000000010000000007
:10F7000001010000000001010000000001000000F4
:10F7100000000100000000010100000000010000E5
:10F7200000000001000000000101000000000100D5
:10F7300000000000010000000001010000000001C5
:10F7400000000000000100000000010100000000B6
:10F7500001000000000001000000000101000000A5
:10F760000001000000000101000000000100000095
:10F770000000010000000001010000000001000085
:10F780000000000100000000010100000000010075
:10F790000000000101000000000100000000010164
:10F7A0000000000001000000000001000000000156
:10F7B0000100000000010000000001010000000045
:10F7C0000100000000010100000000010000000035
:10F7D0000001000000000100000000000100000026
:10F7E0000001010000000001000000000101000014
:10F7F0000000010000000001010000000001000005
:10F8000000000101000000000100000000010100F3
:10F8100000000001000000000101000000000100E4
:10F8200000000001010000000001000000000100D4
:10F8300000000000010000000001000000000101C4
:10F8400000000000010000000001010000000001B4
:10F8500000000000010100000000010000000001A4
:10F860000000000000010000000001000000000195
:10F870000100000000010000000001010000000084
:10F880000100000000010000000001010000000074
:10F890000100000000010100000000010000000064
:10F8A0000100000000010100000000010000000054
:10F8B0000100000000010100000000010000000044
:10F8C0000101000000000100000000010000000034
:10F8D0000101000000000100000000010000000024
:10F8E0000101000000000100000000010000000014
:10F8F0000101000000000100000000010000000004
:10F9000001010000000001000000000100000000F3
:10F9100001000000000101000000000100000000E3
:10F9200001000000000101000000000100000000D3
:10F9300001000000000100000000010100000000C3
:10F9400001000000000100000000010100000001B2
:10F9500001000000000100000000010000000001A3
:10F960000100000001010000000001000000000192
:10F970000000000001000000000101000000000183
:10F980000000000001000000000100000000010173
:10F990000000000101000000000100000000010063
:10F9A0000000000100000000010100000001010052
:10F9B0000000000100000000010000000001000044
:10F9C0000000010000000001010000000001000033
:10F9D0000000010000000001000000000100000024
:10F9E0000001000000000101000000010100000012
:10F9F0000001000000000100000000010000000004
:10FA000001000000000100000000010100000001F1
:10FA100001000000000100000000010000000001E2
:10FA200000000000010000000001000000000100D3
:10FA300000000001000000000101000000010100C1
:10FA400000000101000000000100000000010000B2
:10FA500000000100000000010000000001000000A3
:10FA60000001000000000100000000010000000093
:10FA70000100000000010000000001000000000182
:10FA8000010000000101000000010100000001016F
:10FA90000000000101000000010100000001010060
:10FAA0000000000100000000010000000001000053
:10FAB0000000010000000001000000000100000043
:10FAC0000001000000000100000000010000000033
:10FAD0000100000000010000000001000000000122
:10FAE0000000000001000000000100000000010013
:10FAF0000000000100000001010000000101000001
:10FB000000010100000001010000000101000000EF
:10FB100001010000000101000000010000000001DF
:10FB200000000000010000000001000000000100D2
:10FB300000000001000000000100000000010000C2
:10FB400000000100000000010000000001000000B2
:10FB5000010100000001010000000101000000019E
:10FB60000000000001000000000100000000010092
:10FB70000000000100000000010000000001000082
:10FB80000001010000000101000000010000000070
:10FB90000100000000010000000001000000000161
:10FBA0000000000001000000010100000001010050
:10FBB0000000010000000001000000000100000042
:10FBC0000001000000000100000001010000000130
:10FBD0000000000001000000000100000000010022
:10FBE0000000000100000001010000000100000011
:10FBF0000001000000000100000000010000000101
:10FC00000100000024FC000800000024B4020000F1
:10FC1000CC090008C8FC0008B40200249C4E000077
:10FC2000B0CC0008C1F2016A10142C90D00304007B
:10FC30000E526465636B20493320332E300D0AE485
:10FC4000A0A0A0000F127FFC400440265C76402656
:10FC500040047FFC4FFFFC8004BFF602FC8004FFE1
:10FC60002239204AE6020917204AC6020917204A0B
:10FC700086020917204A06020916204BBE06020911
:10FC800016204BBC06020916204BB80602091620A6
:10FC90004BB006020916204BA006020912205F7F16
:10FCA000FE4002400302043D027FFE1203000916DB
:10FCB000B5C8B4FDD3A6B4F00D18CAD5B5BD1E05A0
:08FCC00029B3ACCAB100000039
:040000050800029954
:00000001FF
