:020000040800F2
:10000000202E0024AD020008959C0008D99100081C
:10001000759C0008B90E000853B7000800000000E6
:10002000000000000000000000000000D9A500084A
:10003000711D000800000000A99C000859A80008D4
:10004000C7020008C7020008C7020008C70200086C
:10005000C7020008C7020008C7020008C70200085C
:10006000C7020008C7020008C7020008FD190008FF
:10007000C7020008C7020008C7020008C70200083C
:10008000C7020008C7020008C7020008C70200082C
:10009000C7020008C7020008C702000801200008C4
:1000A000C7020008C7020008C7020008C70200080C
:1000B000C7020008C7020008C7020008C7020008FC
:1000C000C7020008C7020008C70200087DA4000894
:1000D000C7020008C7020008C7020008C7020008DC
:1000E000C7020008C702000800000000C70200089D
:1000F00061AA0008C7020008C7020008C70200087A
:10010000C702000879A10008C7020008C70200085A
:10011000C7020008C7020008C702000851AA000869
:10012000C7020008C7020008C7020008C70200088B
:10013000C7020008C7020008C7020008C70200087B
:1001400000000000000000000000000000000000AF
:10015000C7020008C7020008C7020008C70200085B
:10016000C7020008C7020008C7020008C70200084B
:10017000C7020008C7020008C7020008C70200083B
:10018000C7020008C7020008C7020008C70200082B
:10019000C7020008C7020008C7020008C70200081B
:1001A000C7020008C7020008C7020008C70200080B
:1001B000C7020008C7020008C7020008C7020008FB
:1001C000C7020008C7020008C7020008C7020008EB
:1001D000C7020008C7020008C7020008C7020008DB
:1001E000C7020008C7020008C7020008C7020008CB
:1001F000C7020008C7020008C7020008C7020008BB
:10020000C7020008C7020008C7020008C7020008AA
:10021000C7020008C702000841AA0008C702000878
:10022000C7020008C7020008C7020008000000005B
:10023000C7020008C702000800000000C70200084B
:10024000C7020008C7020008C7020008C70200086A
:10025000C7020008C7020008C7020008C70200085A
:10026000C7020008C7020008C7020008C70200084A
:10027000C7020008C7020008C7020008000000000B
:10028000C7020008C7020008C702000800000000FB
:1002900000000000C7020008DFF80CD000F084FB6B
:1002A00000480047ADC80008202E002406488047BB
:1002B00006480047FEE7FEE7FEE7FEE7FEE7FEE74B
:1002C000FEE7FEE7FEE7FEE745A900089902000801
:1002D0002DE9F05F0546002092469B46884606467B
:1002E000814640241BE0284641464746224600F00E
:1002F0008CFA53465A46C01A914110D311461846FB
:10030000224600F073FA2D1A67EB01084F46224689
:100310000120002100F06AFA17EB00094E41201E6F
:10032000A4F10104DFDC484631462A464346BDE8D5
:10033000F09F40EA01039B0703D009E008C9121FA0
:1003400008C0042AFAD203E011F8013B00F8013B8F
:10035000521EF9D27047D2B201E000F8012B491EBB
:10036000FBD270470022F6E710B513460A46044652
:100370001946FFF7F0FF204610BD421E12F8013F5C
:10038000002BFBD111F8013B02F8013B002BF9D106
:100390007047421C10F8011B0029FBD1801A7047DE
:1003A000034611F8012B00F8012B002AF9D1184659
:1003B00070472DE9FE4F804681EA0300C00F0C46CE
:1003C000009021F0004123F00045B8EB0200A94164
:1003D00005D24046214690461C460B46024623F075
:1003E0000040104347D0270DC7F30A00C3F30A515A
:1003F0000290401A019040286BDAC3F3130040F4D6
:10040000801B0098924620B10023D2EB030A63EBD5
:100410000B0B01985946C0F14002504600F0E6F936
:1004200006460D4650465946019A00F0FEF910EB7B
:1004300008006141002487EA115284EAE7731A43F5
:1004400040D0009A62B3019A012A4FEA075215DCA4
:10045000001B61EB02014FF0004202EA0752CDE9B6
:100460000042001C41F5801132462B4600F035FA5F
:1004700003B0BDE8F08F40462146F9E7001B61EB71
:100480000201001C41F5801300185B412018A2F501
:10049000001747EB030140EAD570B6196D4111E032
:1004A0006D084FEA360645EAC0754FEA0752001B51
:1004B00061EB0201001C41F5801149084FEA300050
:1004C0000019514132462B4603B0BDE8F04F00F011
:1004D000F5B90098012240000023D0EB020263EB43
:1004E000E073009821464FEAE074B8EB000061EB3E
:1004F0000401E9E783F000435BE781F0004158E73E
:100500002DE9FE4F81EA030404F0004421F000418C
:1005100000944FF0000B23F0004350EA01045ED03A
:1005200052EA03045BD0C3F30A54C1F30A552C44C6
:10053000A4F2F3340194A0FB0254C1F3130141F47B
:100540008011C3F3130343F4801301FB024400FB47
:10055000034E840A970A44EA815447EA8357A4FB6E
:10056000076802958D0A05FB07854FEA932C04FB6B
:100570000C542705029D4FEA065847EA1637B5EB9B
:1005800008056EEB070C870E920E47EA811742EAC8
:100590008312A7FB0201B6EB0B0164EB00042B0DE9
:1005A00043EA0C335E1844EB1C50DA465146E7FB35
:1005B0000201C5F313044FEA0B3343EA14534FEA25
:1005C0000432019C43EA0603A4F10C040294009C4B
:1005D000CDE900B400F081F903B0BDE8F08F002050
:1005E0000146F9E72DE9F04D81EA030404F0004BE0
:1005F00021F0004514464FF0000A23F0004150EA74
:10060000050220D054EA01021DD0C5F30A57024664
:10061000C5F31303C1F31300C1F30A5640F4801568
:1006200043F48013A7EB0608101BD64608F2FD38EA
:1006300073EB050002D308F1010801E092185B4159
:10064000B8F1000F03DA00200146BDE8F08D00206C
:100650004FF48011064684460EE0171B73EB050726
:1006600005D3121B63EB050306434CEA010C490852
:100670004FEA300092185B4150EA0107EDD152EA8F
:10068000030012D082EA040083EA0501084305D082
:10069000101BAB4106D20122002306E000224FF0DE
:1006A000004302E06FF0010253101AEB06004CEB1E
:1006B000085110EB0A0041EB0B01BDE8F04D00F0D2
:1006C000FDB80EB5C10F80EAE0700844CA070021EA
:1006D00040F233438DE80E000A460B4600F0FDF869
:1006E00003B000BD0EB540F2334102910021CDE9C7
:1006F00000110A460B4600F0F0F803B000BDC1F34C
:100700000A5210B5C1F3130140F2FF3341F48011D6
:100710009A4201DA002010BD40F233439A42A2F21D
:10072000334203DC524200F070F810BD904010BD1F
:1007300000F0004230F000400AD0C10D01F56071B8
:10074000C0F3160042EA0151C20840071143704746
:10075000002001467047000030B5041E71F100040E
:1007600004DB4FF00044404264EB0101141E73F1BE
:10077000000405DB1C464FF00043524263EB0403C8
:10078000994208BF904230BD01F0004330B421F0DF
:10079000004150EA010206D00A0DA2F56072C1F3D1
:1007A0001301002A02DC30BC00207047440F44EAE9
:1007B000C104C100E01830BC00EBC25000F047B8E3
:1007C00030B50B46014600202022012409E021FA21
:1007D00002F59D4205D303FA02F5491B04FA02F51E
:1007E0002844151EA2F10102F1DC30BD202A04DBF1
:1007F000203A00FA02F1002070479140C2F1200334
:1008000020FA03F3194390407047202A04DB203A72
:1008100021FA02F00021704721FA02F3D040C2F120
:1008200020029140084319467047202A06DBCB1767
:10083000203A41FA02F043EAE07306E041FA02F39B
:10084000D040C2F120029140084319467047002968
:10085000A8BF7047401C490008BF20F00100704746
:1008600010B4B0FA80FC00FA0CF050EA010404BFA6
:1008700010BC704749B1CCF1200421FA04F411FAFC
:100880000CF118BF012121430843A3EB0C01CB1D40
:100890004FEA00614FEA102042BF002010BC7047B1
:1008A00000EBC35010440029A4BF10BC7047401C8B
:1008B000490008BF20F0010010BC704710B5141E9D
:1008C00073F1000408DA401C41F1000192185B4109
:1008D0001A4301D120F0010010BD2DE9F04D9246E0
:1008E0009B4611B1B1FA81F202E0B0FA80F22032F7
:1008F0009046FFF77BFF04460F4640EA0A0041EAB4
:100900000B0153465A46084313D0114653EA0100DF
:1009100019D0C8F140025046FFF777FF05460E4652
:10092000504659464246FFF761FF084305D0012073
:1009300004E020463946BDE8F08D0020054346EA34
:10094000E0762C4337430A986305E40AA0EB0800DD
:100950000022FD0A44EA47540A3002D5002001462D
:10096000E9E7010510196941DDE908450019694108
:10097000BDE8F04DA2E7C1F30A52C1F3130140F202
:10098000FF3341F480119A4202DA00200146704799
:1009900040F233439A42A2F2334202DC5242FFF762
:1009A00034BFFFF723BF0000064C074D06E0E068A8
:1009B00040F0010394E8070098471034AC42F6D3A6
:1009C000FFF76EFC50E6000870E6000870B58C1862
:1009D00010F8015B15F0070301D110F8013B2A1153
:1009E00006D110F8012B03E010F8016B01F8016B40
:1009F0005B1EF9D12B0705D40023521E0DD401F83C
:100A0000013BFAE710F8013BCB1A921C03E013F804
:100A1000015B01F8015B521EF9D5A142D8D3002039
:100A200070BD000070B504464E492068884203D06E
:100A30004D492068884208D14C48006800F4403095
:100A400008B1012009E0002007E04948006800F4EF
:100A5000403008B1012000E00020B8B105F04CFDA5
:100A600005466068B0F5803F06D0B0F5003F04D081
:100A7000B0F5403F08D105E000BF6068000CB5FB51
:100A8000F0F502E0AD0800E000BF2AE04FF40020DE
:100A900004F046FA05466068C0F31101F9B9801404
:100AA0000C281CD2DFE800F01B060708090A0B110E
:100AB0001315171900BF00BF00BF00BF00BF60685B
:100AC000800C4000B5FBF0F50AE02D0908E06D0947
:100AD00006E0AD0904E0ED0902E02D0A00E000BFE8
:100AE00000BF03F021FD41F20301884210D82148E4
:100AF000854206D92068806840F48070216888604B
:100B00002FE02068806820F480702168886028E0E9
:100B10006D081948854206D82068806820F4407026
:100B2000216888601DE01548854208D820688068E3
:100B300020F4407040F480702168886011E0104813
:100B4000854208D82068806820F4407040F4007026
:100B50002168886005E02068806840F44070216862
:100B6000886070BD0020024000210240082302403E
:100B700008630258002D3101105E5F0020BCBE00EA
:100B800040787D012DE9F05F044688464FF000096A
:100B90004746206808F0A8FB8246206808F090FBD2
:100BA0008346BAF1000F02D1BBF1000F72D020686A
:100BB000C06800F0007000B3607D01281DD1207D69
:100BC00001281AD101270FE0334881450AD3606D0F
:100BD00040F010006065A06D40F00100A0650120AC
:100BE000BDE8F09F09F1010920680068C0F380109A
:100BF0000028E9D0402021680860022F10D020682A
:100C000008F072FB60B1206808F05FFB40B9206813
:100C10008168224A114041F01001816000BF00BF8D
:100C2000012F10D0206808F04BFB60B1206808F05D
:100C30004CFB40B920688168184A114041F02001FE
:100C4000816000BF00BF022F03D0032F03D10C250A
:100C500003E0082501E0042500BF00BF03F06AFCA3
:100C6000064612E003F066FC801B05280DD92068BB
:100C70008068284048B1606D40F010006065A06D4C
:100C800040F00100A0650120AAE7206880682840A4
:100C90000028E7D10020A3E700DC0C00C0FFFF7FA5
:100CA00070B50446206808F010FB0646206808F07E
:100CB00011FB98B396BB2068806800F00D000128F6
:100CC0000AD1206881681A4A1140891C816000BFDE
:100CD00003202168086009E0606D40F01000606545
:100CE000A06D40F00100A065012070BD03F022FC62
:100CF000054614E003F01EFC401B02280FD92068B3
:100D0000806800F0010050B1606D40F01000606537
:100D1000A06D40F00100A0650120E6E705E0206835
:100D2000806800F001000028E4D10020DDE7000029
:100D3000C0FFFF7F70B50446206808F0CBFA00289A
:100D400051D1206880682949084048B1606D40F061
:100D500010006065A06D40F00100A065012070BD2D
:100D6000206808F09BFA03F0E5FB0546204A21685D
:100D7000914203D01F4A2168914201D11E4900E0EF
:100D80001E49084608F097FA06461A492068884224
:100D900001D1174800E020682168884200D00EBBCE
:100DA0001AE0206808F096FA10B9206808F076FA80
:100DB00003F0C0FB401B02280ED92068006800F039
:100DC000010048B9606D40F010006065A06D40F012
:100DD0000100A0650120C2E72068006800F0010062
:100DE0000028DED000BF0020B9E700003F000080EF
:100DF000002002400021024000230240006302580C
:100E000010B52DED028B18480AF0A6FC00224FF415
:100E10000041164803F082FB08F01AFA0BF0ACFA16
:100E2000134801F059FFFF21114801F0A3FE0920EA
:100E300009F04AF910EE104A2046FFF779FC41EC20
:100E4000180B53EC182B0BA00AF086FC6FF0010076
:100E50000D49096808610C4807F024F909F0AEF85B
:100E6000BDEC028B10BD000028000024000C0258CD
:100E7000A4020024B5E7B3D8B5E7D1B9203D2025B9
:100E8000302E3366560D0A006805002410B508F0B0
:100E9000C9FD044608F0BCFE08F06CF910BD000066
:100EA0000120014908607047100000240120014919
:100EB000086070470C00002400BFFEE770B50546CF
:100EC000402008F041FA0B2D14D2DFE805F092061D
:100ED0001422303E4C5A68768400002408E04649CB
:100EE000085D08F04DFA022003F08EF9601CC4B2D0
:100EF000202CF4DB7DE0002408E04049085D08F088
:100F00003FFA022003F080F9601CC4B2202CF4DB0D
:100F10006FE0002408E03A49085D08F031FA022049
:100F200003F072F9601CC4B2202CF4DB61E00024F1
:100F300008E03449085D08F023FA022003F064F960
:100F4000601CC4B2202CF4DB53E0002408E02E49DE
:100F5000085D08F015FA022003F056F9601CC4B2CF
:100F6000202CF4DB45E0002408E02849085D08F067
:100F700007FA022003F048F9601CC4B2202CF4DB0D
:100F800037E0002408E02249085D08F0F9F9022062
:100F900003F03AF9601CC4B2202CF4DB29E00024F1
:100FA00008E01C49085D08F0EBF9022003F02CF979
:100FB000601CC4B2202CF4DB1BE0002408E01649BE
:100FC000085D08F0DDF9022003F01EF9601CC4B2D0
:100FD000202CF4DB0DE0002408E01049085D08F047
:100FE000CFF9022003F010F9601CC4B2202CF4DB0E
:100FF00000BF00BF70BD0000C8010024A80100248C
:1010000088010024680100244801002428010024EC
:1010100008010024E8000024C8000024A8000024DF
:1010200010B52DED068B82B09FED780AB0EE408AA8
:101030000020019076A00AF08FFB78A20021042006
:101040000BF0CAFB47200BF0BFFD044600F092FEF8
:101050000BF018F81420744908706FF00100734900
:1010600009680861714807F01DF8032104200BF09E
:10107000E1FB6FA2032104200BF0AEFB6FA00AF08E
:101080006BFB96E00BF0DEFD0128FAD16E4908708B
:10109000032102200BF0CEFB6C4A032102200BF04F
:1010A0009BFB6BA00AF058FB37205F4908700020BB
:1010B0006549087000BF0BF041FE0028FBD068486E
:1010C0000078642110FB01F06649097801EB810189
:1010D00000EB410064490978084400EE100AB8EEBC
:1010E000C00ADFED620A80EE201A614880ED001A26
:1010F000012055490870032104200BF09BFB5DA2E1
:10110000032104200BF068FB5DA00AF025FB584882
:101110000068FFF70DFB41EC190B53EC192B5CA099
:101120000AF01AFB524890ED000AF2EE020AB4EE01
:10113000E00AF1EE10FA02DD5BA00AF00DFB4C486C
:101140000068FFF7F5FA41EC1A0B9FED5B0B53ECCF
:10115000102BFFF747FA41EC190BFFF715FB08EED0
:10116000100A0A2201A9BDEEC80A10EE100A0BF0FF
:10117000B1FA032108460BF05DFB01AA03210846E2
:101180000BF02AFB0BF004F80020274908702E49C9
:1011900008709FED1E0A364880ED000A234806F0CD
:1011A000F4FF01A946A00AF0D7FA02B0BDEC068B05
:1011B00010BD4848007800283FF464AF45480078E7
:1011C000012821D144480078F0B900204149087035
:1011D0009FED0E0A264880ED000A00201249087093
:1011E00019490870032104200BF024FB3BA20321C2
:1011F00004200BF0F1FA0AF0CBFF0C4806F0C5FF13
:1012000039A00AF0A9FAD0E700BFCEE7000000003D
:10121000D7CBCCAC34370D0A00000000D7CBCCAC18
:101220003437A3BA00000000150200240006002491
:10123000B5C8B4FDD3A6B4F000000000B5C8B4FD35
:10124000D3A6B4F00D0A00001402002459020024B1
:101250003437CAD5B5BDD3A6B4F00D0A00000000DE
:101260006700002466000024650000240000C842D6
:1012700060000024B9A6C4DCD3A6B4F000000000CE
:101280003437B9A6C4DCD3A6B4F00D0A00000000C0
:10129000D7CBCCACCAB1BCE4203D2025302E316682
:1012A00020530D0A00000000D7CBCCACB3ACB3F692
:1012B000B7B6CEA70D0A00009A9999999999A93FB6
:1012C000D7CBCCACBDC7B6C8203D202573200D0AB6
:1012D000000000001002002412020024CDA8D0C596
:1012E000CAA7B0DC00000000CDA8D0C5CAA7B0DCFA
:1012F0000D0A000010B52DED068B82B09FED750A2A
:10130000B0EE408A0020019073A00AF025FA75A281
:10131000002104200BF060FA48200BF055FC044635
:1013200000F028FD0AF0AEFE1420714908706FF03D
:1013300001007049096808616E4806F0B3FE032198
:1013400004200BF077FA6CA2032104200BF044FA7E
:101350006CA00AF001FA92E00BF074FC0128FAD1BB
:101360006B490870032102200BF064FA694A0321DB
:1013700002200BF031FA68A00AF0EEF937205C4940
:10138000087000206249087000BF0BF0D7FC0028ED
:10139000FBD065480078642110FB01F063490978AF
:1013A00001EB810100EB410061490978084400EE3E
:1013B000100AB8EEC00ADFED5F0A80EE201A5E4820
:1013C00080ED001A012052490870032104200BF01F
:1013D00031FA5AA2032104200BF0FEF95AA00AF0B8
:1013E000BBF955480068FFF7A3F941EC190B53EC22
:1013F000192B59A00AF0B0F94F480068FFF798F987
:101400009FED5B0B53EC102BFFF7A6F902D25AA00D
:101410000AF0A2F948480068FFF78AF941EC1A0B74
:101420009FED590B53EC102BFFF76AF841EC190BA9
:10143000FFF7AAF908EE100A0A2201A9BDEEC80AB0
:1014400010EE100A0BF046F9032108460BF0F2F9F2
:1014500001AA032108460BF0BFF9002024490870B7
:101460002B4908700AF094FE224806F08EFE01A96E
:1014700047A00AF071F902B0BDEC068B10BD4948D7
:10148000007800283FF468AF4648007801281ED154
:101490000020444908709FED0F0A274880ED000A9C
:1014A0000020134908701A490870032104200BF02A
:1014B000C1F93DA2032104200BF08EF90AF068FE69
:1014C0000C4806F062FE3BA00AF046F9D3E700BFE5
:1014D000D1E7000000000000B5E7D1B934380D0AAB
:1014E00000000000B5E7D1B93438A3BA000000000D
:1014F0001502002400060024B5C8B4FDD3A6B4F03C
:1015000000000000B5C8B4FDD3A6B4F00D0A000079
:1015100014020024590200243438CAD5B5BDD3A61C
:10152000B4F00D0A000000006700002466000024EB
:10153000650000240000C84260000024B9A6C4DC95
:10154000D3A6B4F0000000003438B9A6C4DCD3A69A
:10155000B4F00D0A00000000B5E7D1B9CAB1BCE48F
:10156000203D2025302E316620530D0A000000005A
:101570006666666666660A40B5E7D1B9B3ACB3F68F
:10158000B7B6CEA70D0A0000C3F5285C8FC2054090
:10159000B5E7B3D8B5E7D1B9203D202573200D0AB2
:1015A0000000000010020024CDA8D0C5CAA7B0DCFE
:1015B00000000000CDA8D0C5CAA7B0DC0D0A00000D
:1015C00010B52DED048B82B09FED600AB0EE408A1D
:1015D000002001905EA00AF0BFF860A20021042064
:1015E0000BF0FAF849200BF0EFFA044600F0C2FBCA
:1015F0000AF048FD14205C4908706FF001005B4957
:1016000009680861594806F04DFD032104200BF0DC
:1016100011F957A2032104200BF0DEF857A00AF0BD
:101620009BF869E00BF00EFB012865D15648007865
:10163000642110FB01F05549097801EB810100EBB1
:10164000410053490978084400EE100AB8EEC00A78
:10165000DFED500A80EE201A4F4880ED001A01207D
:101660004E490870032104200BF0E4F84CA203213A
:1016700004200BF0B1F84DA00AF06EF8464800685F
:10168000FFF756F841EC190B53EC192B4BA00AF05D
:1016900063F8414890ED000ADFED4E0A20EE200A83
:1016A000F0EE000A80EE208A0A2201A9BDEEC80AE7
:1016B00010EE100A0BF00EF8032108460BF0BAF8F2
:1016C00001AA032108460BF087F80AF061FD00200B
:1016D0002549087031490870244806F056FD9FEDF1
:1016E0001B0A2D4880ED000A01A93BA00AF034F83E
:1016F00002B0BDEC048B10BD3C480078002891D0AE
:101700003A48007801281ED10020384908709FED22
:101710000F0A214880ED000A0020134908701F4974
:1017200008700AF035FD114806F02FFD0321042052
:101730000BF080F82EA2032104200BF04DF82FA00F
:101740000AF00AF8D4E700BFD2E70000000000006A
:10175000B2E2BEE034390D0A00000000B2E2BEE0A1
:101760003439A3BA0000000015020024000600244A
:10177000B5C8B4FDD3A6B4F000000000B5C8B4FDF0
:10178000D3A6B4F00D0A0000670000246600002410
:10179000650000240000C8426000002414020024F8
:1017A000CAD5B5BDD3A6B4F0000000003439CAD5FF
:1017B000B5BDD3A6B4F00D0A00000000B2E2BEE051
:1017C000CAB1BCE4203D2025302E316620530D0ADD
:1017D000000000000080BB44B2E2BEE0BEE0C0EB0F
:1017E000203D202573200D0A000000001002002477
:1017F000CDA8D0C5CAA7B0DC000000003439CDA800
:10180000D0C5CAA7B0DC0D0A0000000010B54EA07C
:1018100009F0A2FF4FA2002104200AF0DDFF5520AD
:101820000BF0D2F9044600F0A5FA0AF02BFC1420C4
:101830004B4908706FF001004A490968086149483E
:1018400006F030FC032104200AF0F4FF46A2032135
:1018500004200AF0C1FF47A009F07EFF51E00BF021
:10186000F1F901284DD146490870032102200AF000
:10187000E1FF444A032102200AF0AEFF42A009F032
:101880006BFF0A203649087000203D49087017E0B8
:101890000BF054FA012813D13949087003210420B0
:1018A0000AF0C8FF3BA2032104200AF095FF3CA0E8
:1018B00009F052FF00202A4908703149087010BD14
:1018C0003A4800780028E3D038480078012818D139
:1018D0000020364908702249087029490870032100
:1018E00004200AF0A7FF32A2032104200AF074FFAB
:1018F0000AF04EFC1B4806F048FC30A009F02CFF13
:10190000DDE7324800780028A9D030480078012867
:1019100018D100202D490870114908701849087025
:10192000032104200AF086FF29A2032104200AF0E3
:1019300053FF0AF02DFC0B4806F027FC27A009F006
:101940000BFFBCE700BFBAE7CACDB7C535350D0AF6
:1019500000000000CACDB7C53535A3BA00000000AD
:101960001502002400060024B5C8B4FDD3A6B4F0C7
:1019700000000000B5C8B4FDD3A6B4F00D0A000005
:101980001402002459020024CAD5B5BDD3A6B4F070
:101990000D0A0000CACDB7C5B3C9B9A60000000042
:1019A000CACDB7C5B3C9B9A60D0A000011020024FB
:1019B000CACDB7C5CAA7B0DC000000003535CACD16
:1019C000B7C5CAA7B0DC0D0A000000001002002451
:1019D000CDA8D0C5CAA7B0DC000000003535CDA821
:1019E000D0C5CAA7B0DC0D0A0000000010B5002168
:1019F000014807F0CBF810BD8404002410B502485C
:101A000001F0F6FB10BD00000C0400240146374A2B
:101A10000868904249D0354A18320868904244D04C
:101A2000324A3032086890423FD0304A4832086823
:101A300090423AD02D4A60320868904235D02B4A05
:101A400078320868904230D0284A90320868904234
:101A50002BD0264AA8320868904226D0244A08682B
:101A6000904222D0224A1832086890421DD0204A63
:101A700030320868904218D01D4A483208689042B7
:101A800013D01B4A6032086890420ED0184A783250
:101A90000868904209D0164A90320868904204D0F3
:101AA000134AA8320868904201D1012000E00020CA
:101AB000B0B10A78103A1823B2FBF3F000F0070235
:101AC0000C4B9A5CCA65032805D90A686FF30902B2
:101AD000121D8A6503E00A686FF309028A6503E054
:101AE000086820F0FF008865886D7047100002408C
:101AF00010040240FACF000810B502682B4C0368AE
:101B0000A34222D0294C14340368A3421DD0274C91
:101B100028340368A34218D0244C3C340368A34201
:101B200013D0224C50340368A3420ED01F4C6434AF
:101B30000368A34209D01D4C78340368A34204D043
:101B40001A4C8C340368A34201D1012300E0002326
:101B50008BB10378083B1424B3FBF4F1144B03EB73
:101B600081030366124B8033436601F01F04012397
:101B7000A340836618E00378103B1824B3FBF4F10C
:101B80000C4B9A4204D80B4BA83B9A4200D3083125
:101B9000094B03EB81030366074B8033436601F077
:101BA0001F040123A340836610BD0000085402589F
:101BB00000580258B8040240000802400179A9B355
:101BC000082940D8204B02689A4222D01E4B143379
:101BD00002689A421DD01C4B283302689A4218D0E2
:101BE000194B3C3302689A4213D0174B50330268AA
:101BF0009A420ED0144B643302689A4209D0124BB9
:101C0000783302689A4204D00F4B8C3302689A42B0
:101C100001D1012200E000224AB14A1E0B4B03EB26
:101C20008202C266094A4032026708E00BE04A1E9F
:101C3000074B03EB8202C266054A403202674A1E26
:101C400001239340436770470854025800590258D3
:101C500000090240014600208A69D2B98A6A32B17D
:101C6000012A0DD0022A03D0032A10D10EE000BFB2
:101C7000CA6A02F08072B2F1807F00D1012007E0D1
:101C8000CA6AB2F1C07F00D1012001E000E000BFCC
:101C900036E08A69B2F5005F1BD18A6A32B1012A47
:101CA00007D0022A03D0032A11D10AE000BF012085
:101CB0000EE0CA6A02F08072B2F1807F00D101208A
:101CC00006E0CA6AB2F1C07F00D1012000E000BF87
:101CD00016E08A6A32B1012A05D0022A04D0032A0A
:101CE0000CD103E000BF00BF012008E0CA6A02F087
:101CF0008072B2F1807F00D1012000E000BF00BF00
:101D00007047000010B5044600220121154802F07A
:101D100005FC00224FF48071134802F0FFFB012004
:101D200002F072FA012211460E4802F0F7FB00BFE2
:101D300008F07EFD20460AF0E7FB08F065FD0AF09A
:101D4000A3FB0A49087000220121064802F0E6FBC5
:101D500000224FF48071044802F0E0FB0348007851
:101D600010BD000000100258000402588500002435
:101D70007047000010B504460122D1031E4802F04E
:101D8000CDFB172002F0BAFC00224FF400511A4894
:101D900002F0C4FB08F01AFD01225103164802F0BC
:101DA000BDFB322000F02AF800224FF40051124807
:101DB00002F0B4FB08F040FC012251030E4802F08F
:101DC000ADFB322000F01AF800224FF400510A480F
:101DD00002F0A4FB204608F0A3FC012251030648B0
:101DE00002F09CFBC82000F009F800224FF40041EB
:101DF000014802F093FB10BD000C025810B50446D8
:101E00006FF001000D490968086100200B4909685D
:101E100048620A4806F046F909E000BF0848007821
:101E20000028FBD0601E84B2002005490870002CF9
:101E3000F3D1024806F0A9F910BD00000006002405
:101E40005C00002401B50020154909684862144867
:101E50000068006840F0010011490968086000BF8F
:101E60000F480068406ABDF800108842F8D300BFF0
:101E70000B480068006A41F21111084068B908482F
:101E80000068006A8910084038B905480068006891
:101E900020F0010002490968086000BF08BD000089
:101EA0001C05002410B50446544800780B280CD2B9
:101EB000DFE800F0948C7C6C5C4C3C2C1C0C060025
:101EC0005C2C02DA09204D49087087E0522C05DAB3
:101ED0004A480078401E4949087006E0612C04DD3C
:101EE00046480078401C4549087077E0482C05DAE0
:101EF00042480078401E4149087006E0572C04DD36
:101F00003E480078401C3D49087067E03E2C05DAE9
:101F10003A480078401E3949087006E04D2C04DD2F
:101F200036480078401C3549087057E0342C05DAF3
:101F300032480078401E3149087006E0432C04DD29
:101F40002E480078401C2D49087047E02A2C05DAFD
:101F50002A480078401E2949087006E0392C04DD23
:101F600026480078401C2549087037E0202C05DA07
:101F700022480078401E2149087006E02F2C04DD1D
:101F80001E480078401C1D49087027E0162C05DA11
:101F90001A480078401E1949087006E0252C04DD17
:101FA00016480078401C1549087017E00C2C05DA1B
:101FB00012480078401E1149087006E01B2C04DD11
:101FC0000E480078401C0D49087007E0112C04DD14
:101FD0000A480078401C0949087000BF00BF074844
:101FE0000078FEF76BFF072101200AF035FC002086
:101FF00007F0C6F9002007F0C3F910BD080200245D
:1020000010B5202002F076F910BD72B600BFFEE7D1
:1020100070B52DED088B40F2FF720021684800F08A
:1020200035F9012002F0F0F8654800F055FE6448EB
:1020300000F02AFC85B240F6E44005FB00F4E1170D
:1020400004EB11510813FEF73CFB9FED5E0B53ECC4
:10205000102BFEF755FA9FED5D0B53EC102BFEF79E
:10206000C1FA9FED5C0B53EC102BFEF7BBFAFEF7A9
:102070008BFB5A49086008460068FEF759FB9FED44
:10208000580B53EC102BFEF767FB5AD253480068ED
:10209000FEF74EFB41EC190B9FED510B53EC102B4F
:1020A000FEF728FA41EC180BFEF76EFB4B4908606F
:1020B00008460068FEF73CFB41EC190B9FED4A0B0C
:1020C00053EC102BFEF78EFA41EC180BFEF75CFB7D
:1020D0004249086008460068FEF72AFB41EC1A0BEB
:1020E0009FED430B53EC102BFEF70AFA41EC190B52
:1020F0009FED410B53EC102BFEF75BF941EC180BF5
:10210000FEF742FB35490860084690ED000ADFED16
:102110003C0AB4EEE00AF1EE10FA03DB9FED380A58
:1021200080ED000A2D4890ED000AF7EE000AB4EEAB
:10213000E00AF1EE10FA3AD8B7EE000A80ED000A94
:1021400035E026480068FEF7F3FA41EC190B9FEDE5
:102150002D0B53EC102BFEF7CDF941EC180BFEF7CD
:1021600013FB1E49086008460068FEF7E1FA41ECDF
:10217000190B9FED260B53EC102BFEF733FA41ECB5
:10218000180BFEF701FB1549086008460068FEF7CA
:10219000CFFA41EC190B9FED180B53EC102BFEF707
:1021A000AFF941EC180BFEF7EFFA0C490860044850
:1021B00000F02CFE094890ED000ABDEC088B70BDC4
:1021C000A402002466666666666622405A643BDFA7
:1021D0004F8DEF3F0000000000408F400C020024B4
:1021E0009A99999999993540CDCCCCCCCCCC0840D2
:1021F00000000000002057400000000000001E40CA
:102200000000C84266666666666632409A99999989
:10221000999909405F2803DB0A211B4A117032E0BB
:10222000552803DB0921184A11702CE04B2803DBE9
:102230000821154A117026E0412803DB0721124AC4
:10224000117020E0372803DB06210F4A11701AE0D5
:102250002D2803DB05210C4A117014E0232803DB31
:102260000421094A11700EE0192803DB0321064AF4
:10227000117008E00F2803DB0221034A117002E00D
:102280000121014A1170704708020024F8B5044684
:102290000D4616460020009000BF94F8500001281B
:1022A00001D10220F8BD012084F8500000BF204673
:1022B000FEF7F6FC0746A7BB606D20F4885040F09F
:1022C00002006065206805F4803141F0004106F0AD
:1022D000804211438268194B1A401143816000BF4C
:1022E00013E00098401C00901549009888420CD3D8
:1022F000606D20F0020040F01000606500BF00201B
:1023000084F8500000BF0120CCE720688168C90F25
:102310000029E6D1606D20F0020040F00100606508
:1023200004E0FFE7606D40F01000606500BF002032
:1023300084F8500000BF3846B4E70000C0FFFE3FFD
:1023400000F8C3252DE9F84F04460D464FF0000A6A
:102350000020009094F83800012800D100E000BF70
:10236000F849E868884200D00EE0F74920688842C2
:1023700000D100BFF5492068884200D100BFF44970
:102380002068884200D100BF00BF94F850000128A7
:1023900002D10220BDE8F88F012084F8500000BF70
:1023A000206806F0A1FF00287ED12068C169286856
:1023B000C0F3130018B92868C0F3846004E02868EB
:1023C00090FAA0F0B0FA80F000F01F0201209040D7
:1023D00001432068C1612168D5E9002001F1300C7A
:1023E000C0F3012B0CEB8B03D3F800C000F01F0EE1
:1023F0004FF01F0B0BFA0EFB2CEA0B0C00F01F0B1F
:10240000C2F3846E0EFA0BFE4CEA0E0CC3F800C049
:1024100000BF206806F068FF8146206806F050FF84
:102420008046B9F1000F6FD1B8F1000FFBD1AA6857
:102430002968206806F06EFFC648006800F070400A
:10244000B0F1805F07D168692168C968C1F3820172
:102450004900884014E02068C06800F0100038B9D6
:1024600068692168C968C1F382014900884007E0B2
:1024700068692168C96801F010018908490088402D
:1024800007462869042840D020682A68296900F195
:10249000600C0CEB8103D3F800C00CF0004C02F090
:1024A000F84B4BEA070B00E0CCE14CEA0B0CC3F80D
:1024B00000C000BF20686A7E2969012A01D1D207C5
:1024C00000E00022134600F1600C0CEB8102D2F810
:1024D00000C02CF0004C4CEA030CC2F800C000BF56
:1024E00020682B7E2969012B01D1DB0200E000234B
:1024F0001A46036923F4F04301F01F0C02FA0CFCA6
:1025000043EA0C03036100BF37E02068006E00F06F
:10251000F8402978B0EB816F05D12068006E20F07B
:102520000040216808662068406E00F0F840297875
:10253000B0EB816F05D12068406E20F0004021682B
:1025400048662068806E00F0F8402978B0EB816F13
:1025500005D12068806E20F00040216888662068E0
:10256000C06E00F0F8402978B0EB816F05D120688B
:10257000C06E20F000402168C866206806F0AAFE00
:10258000002872D12068EA682968D0F8C030C1F309
:10259000130C23EA0C0302F0180BDFF8BCC12CFA71
:1025A0000BFC0CEA010C43EA0C03C0F8C03000BF7E
:1025B0006449E86888427DD12B68C3F313031BB9D3
:1025C0002B68C3F3846304E02B6893FAA3F3B3FA94
:1025D00083F35B1C03F01F03092B3ED82B68C3F366
:1025E00013031BB92B68C3F3846304E02B6893FACD
:1025F000A3F3B3FA83F35B1C03F01F034FF0010C4A
:102600000CFA03FC2B68C3F313031BB92B68C3F349
:10261000846304E02B6893FAA3F3B3FA83F35B1C9F
:1026200003F01F034CEA836C2B68C3F313031BB93D
:102630002B68C3F3846304E02B6893FAA3F3B3FA23
:1026400083F35B1C03F01F0303EB43034FF0000B0A
:102650004BEA03534CEA030341E02B68C3F3130333
:1026600023B92B68C3F3846305E0A9E02B6893FAD0
:10267000A3F3B3FA83F35B1C03F01F034FF0010CC9
:102680000CFA03FC2B68C3F313031BB92B68C3F3C9
:10269000846304E02B6893FAA3F3B3FA83F35B1C1F
:1026A00003F01F034CEA836C2B68C3F313032BB9AD
:1026B0002B6800E018E0C3F3846304E02B6893FA0E
:1026C000A3F3B3FA83F35B1C03F01F030A3B03EB92
:1026D00043034FF0007B4BEA03534CEA03031946D4
:1026E000AA68206806F016FE286800F0004000285E
:1026F00066D0154A2168914203D0144A216891425C
:1027000001D1164900E016490846816801F0E076DB
:1027100000BF0D492068884203D00C4920688842D8
:1027200001D10E4800E00E480C4988421AD10648F3
:1027300006F0D0FD8346054806F0CCFD4BEA0000CC
:1027400013E000000000FF4700200240002102408B
:10275000006002580010005CFFFF0F0000230240E1
:10276000006302583E4806F0B5FDE8BB3D492868C5
:10277000884226D106F4000018BB394920688842F7
:1027800066D1394B22689A4203D0384B22689A426C
:1027900001D1374A00E0374A104646F4000106F0FE
:1027A000CDFD354800683549B0FBF1F0401C4000D4
:1027B000009002E00098401E009000980028F9D197
:1027C00046E02F492868884219D106F08070B0B9D8
:1027D0002349206888423BD1234B22689A4205D086
:1027E000224B22689A4200E025E001D1204A00E015
:1027F000204A104646F0807106F0A0FD28E02149ED
:102800002868884224D106F4800008BB1449206857
:1028100088421DD1144B22689A4203D0134B226880
:102820009A4201D1124A00E0124A104646F4800151
:1028300006F084FD0CE0606D40F0200060654FF014
:10284000010A05E0606D40F0200060654FF0010A6C
:1028500000BF002084F8500000BF50469AE50000F9
:1028600000600258000084CB00200240002102409A
:10287000002302400063025820000024400D0300A2
:10288000000052C70000B8CF01460868006C7047CE
:102890002DE9F84F04464FF000090020009014B9CC
:1028A0000120BDE8F88FE06818B1207F012800D131
:1028B00000BF606D30B9204600F030F90020A065FF
:1028C00084F8500020688168C1F3407131B12068FC
:1028D0008168874A1140816000BF00BF206806F010
:1028E000FEFCA8B920688168824A114041F08051FD
:1028F000816000BF804800688049B0FBF1F0401C57
:10290000009002E00098401E009000980028F9D145
:10291000206806F0E4FC48B9606D40F01000606586
:10292000A06D40F00100A0654FF00109206806F09D
:10293000DBFC0646606D00F0100000287ED1002E02
:10294000FCD1606D20F4807040F00200606520686A
:1029500006F0C0FC78BB6A492068884203D0694908
:102960002068884201D1684800E06848664988428A
:1029700009D1634806F0AEFC8246624806F0AAFC24
:102980004AEA000002E0624806F0A4FC98B95C4BF9
:1029900022689A4203D05B4B22689A4201D15A4A7C
:1029A00000E05A4A10466168826822F47C120A43A9
:1029B000826000BF00BF01F0B7FD41F20301884211
:1029C0000ED9A06810280BD1607D216B41EA403000
:1029D000A168084340F00C01207F41EA004508E06F
:1029E000607D216B41EA4030A1680843217F40EAC5
:1029F0000145207F012803D1208C401E45EA404537
:102A0000606A28B1A08C00F47870A16A084305437D
:102A10002068C0683F49084028432168C860206892
:102A200006F062FC8046206806F04AFC0746B8F1D2
:102A3000000F3BD1D7BB207DE16A00E050E041EAC6
:102A400080352068C06844F2030188432843216828
:102A5000C86094F83800012817D1606A08B1A06AEC
:102A600000B900BFA08F401E012141EA0041206C47
:102A70000843616C0843A16C084321680969264A30
:102A8000114008432168086105E02068006920F0D2
:102A90000100216808612068006920F07040616BC6
:102AA0000843216808612046FDF7BCFFE068012863
:102AB00009D12068006B20F00F00A169491E08436E
:102AC0002168086305E02068006B20F00F00216892
:102AD0000863606D20F0020040F00100606505E0D1
:102AE000606D40F0100060654FF001094846D8E67F
:102AF000C0FFFF5FC0FFFF7F20000024400D0300E8
:102B000000200240002102400023024000630258DE
:102B10000060025803C0F0FF1EF800FC38B5044600
:102B20001249206888421FD100BF1148006840F058
:102B300080700F4908600846006800F080700090BF
:102B400000BF00BF00BF0846006840F004000860F6
:102B50000846006800F00400009000BF00BF4FF07E
:102B60000061084605F066F938BD000000600258B3
:102B7000E04402582DE9F04704460F46524A2168C6
:102B8000914203D0514A2168914201D1504900E05D
:102B90005049084606F08FFB05462069082801D1F8
:102BA000082628E01DB1052D01D0092D0DD1206882
:102BB000C06800F0010030B1606D40F02000606539
:102BC0000120BDE8F087042615E03F4A21689142C4
:102BD00003D03E4A2168914201D13D4900E03D4980
:102BE000084606F063FB28B1606D40F02000606588
:102BF0000120E6E7042601F09DFC804617E0781CE2
:102C0000A8B101F097FCA0EB0800B84200D877B952
:102C100020680068304050B9606D40F00400606585
:102C200000BF002084F8500000BF0320C9E72068DF
:102C3000006830400028E2D0606D40F400706065AC
:102C4000206806F056FB98B1607D88B9206800685E
:102C500000F0080008280BD1606D20F480706065DA
:102C6000606D00F4805018B9606D40F0010060653F
:102C700016492068884201D1134800E02068216885
:102C8000884204D01DB1052D01D0092D03D1206843
:102C9000D0F80C9009E00D492068884201D10A481B
:102CA00000E020688246DAF80C90082E03D1082054
:102CB0002168086005E009F4804010B90C20216803
:102CC000086000207DE70000002002400021024053
:102CD00000230240006302582DE9F0410446474AB0
:102CE0002168914203D0464A2168914201D1454969
:102CF00000E04549084606F0DEFA0546206806F081
:102D0000F3FA002877D100BF94F85000012802D1CF
:102D10000220BDE8F081012084F8500000BF204669
:102D2000FEF708F80646002E60D1606D40F601619E
:102D3000884340F48070606531492068884201D141
:102D40002E4800E020682168884200D01DB9606DDF
:102D500020F480106065606D00F48050B0F5805FF5
:102D600004D1A06D20F00600A06501E00020A06560
:102D70001C202168086000BF002084F8500000BFBC
:102D80001F492068884201D11C4800E02068216862
:102D9000884204D01DB1052D01D0092D0ED1206827
:102DA000C06800F0007028B1606D20F4005040F45D
:102DB00080506065206806F0A5FA1DE0606D40F463
:102DC000801060650E492068884201D10B4800E000
:102DD00020680746F86800F0007068B1606D20F464
:102DE000005040F48050606506E004E000BF002021
:102DF00084F8500000E0022630468AE700200240B6
:102E000000210240002302400063025870B50446CE
:102E100000BF94F85000012801D1022070BD0120AC
:102E200084F8500000BF03212046FDF7ABFE0546A5
:102E300055B92046FDF734FF05462DB9606D20F4E5
:102E4000885040F00100606500BF002084F8500009
:102E500000BF2846E2E7000070B504460CB9012027
:102E600070BD94F83500022803D0802060650120F1
:102E7000F6E7DC492068884249D0DA4918312068F1
:102E8000884244D0D7493031206888423FD0D54964
:102E90004831206888423AD0D2496031206888425F
:102EA00035D0D04978312068884230D0CD49903132
:102EB000206888422BD0CB49A8312068884226D090
:102EC000C9492068884222D0C74918312068884201
:102ED0001DD0C54930312068884218D0C2494831D8
:102EE0002068884213D0C0496031206888420ED0E3
:102EF000BD4978312068884209D0BB4990312068AB
:102F0000884204D0B849A8312068884201D1012004
:102F100000E00020F0B3042084F83500B1492068B7
:102F200088424BD0AF4918312068884246D0AD491D
:102F300030312068884241D0AA494831206888420F
:102F40003CD0A84960312068884237D0A549783103
:102F50002068884232D0A3499031206888422DD021
:102F6000A049A8312068884228D09F49206888421B
:102F700024D09D491831206888421FD09A493031A9
:102F8000206888421AD0984948312068884215D074
:102F9000954900E020E06031206888420ED09249D7
:102FA00078312068884209D08F4990312068884262
:102FB00004D08D49A8312068884206D12068006875
:102FC00020F001002168086009E12068006820F015
:102FD00001002168086002E12068006820F00E000E
:102FE000216808607F492068884249D07D491831AE
:102FF0002068884244D07B493031206888423FD0E5
:1030000078494831206888423AD076496031206852
:10301000884235D0734978312068884230D0714970
:103020009031206888422BD06E49A83120688842B0
:1030300026D06D492068884222D06B49183120681B
:1030400088421DD0684930312068884218D06649CE
:1030500048312068884213D0634960312068884233
:103060000ED0614978312068884209D05E4990319C
:103070002068884204D05C49A8312068884206D183
:103080002068006820F001002168086005E02068E1
:10309000006820F0010021680860524920688842D9
:1030A00070D050491831206888426BD04D4930317A
:1030B0002068884266D04B4948312068884261D0F8
:1030C00048496031206888425CD0464978312068A0
:1030D000884257D0434990312068884252D04149B4
:1030E000A831206888424DD03F492068884249D0A5
:1030F0003D4918312068884244D03B49303120682E
:1031000088423FD038494831206888423AD0364911
:1031100060312068884235D0334978312068884250
:1031200030D031499031206888422BD02E49A831C7
:103130002068884226D02D492068884222D02B4919
:103140001431206888421DD02849283120688842DF
:1031500018D026493C312068884213D02349503189
:10316000206888420ED0214964312068884209D005
:103170001E4978312068884204D01C498C3120686F
:10318000884201D1012000E00020D8B1206E006803
:1031900020F48070216E0860A56D94F85C0000F04A
:1031A0001F01012088406860D4E919104860E06E72
:1031B00040B1E06E006820F48070E16E0860D4E9F0
:1031C0001C104860012084F8350000BF002084F8FE
:1031D000340000BF206D10B12046216D88470020CB
:1031E0003EE600001000024010040240085402585D
:1031F0002DE9F84F044600200090FE4800684FF487
:103200001651B0FBF1FAA66DD4F858803768D8F89B
:103210000090F9492068884249D0F7491831206860
:10322000884244D0F4493031206888423FD0F24986
:103230004831206888423AD0EF496031206888429E
:1032400035D0ED4978312068884230D0EA49903154
:10325000206888422BD0E849A8312068884226D0CF
:10326000E6492068884222D0E44918312068884223
:103270001DD0E24930312068884218D0DF494831FA
:103280002068884213D0DD496031206888420ED022
:10329000DA4978312068884209D0D84990312068CD
:1032A000884204D0D549A8312068884201D1012044
:1032B00000E0002000287DD094F85C0000F01F01A1
:1032C000082088403840002868D0CB4920688842D0
:1032D00049D0C94918312068884244D0C6493031A4
:1032E000206888423FD0C4494831206888423AD09B
:1032F000C14960312068884235D0BF4978312068A3
:10330000884230D0BC499031206888422BD0BA49DD
:10331000A8312068884226D0B8492068884222D047
:10332000B6491831206888421DD0B4493031206830
:10333000884218D0B14948312068884213D0AF493B
:103340006031206888420ED0AC49783120688842CC
:1033500009D0AA4990312068884204D0A749A831F1
:103360002068884204D12068006800F0040003E06F
:103370002068006800F0080080B12068006820F034
:1033800004002168086094F85C0000F01F01082028
:103390008840B060606D40F00100606594F85C00AA
:1033A00000F01F01012088403840E8B392492068AE
:1033B000884200E0B7E24BD08F491831206888423C
:1033C00046D08D4930312068884241D08A49483101
:1033D000206888423CD0884960312068884237D0D4
:1033E000854978312068884232D0834990312068FD
:1033F00088422DD08049A8312068884228D07F4952
:103400002068884224D07D491831206888421FD026
:103410007A493031206888421AD07849483120688A
:10342000884215D0754900E026E060312068884266
:103430000ED0724978312068884209D06F499031A6
:103440002068884204D06D49A8312068884204D1A0
:103450002068406900F0800002E0206800680020D9
:1034600050B194F85C0000F01F0101208840B0606A
:10347000606D40F00200606594F85C0000F01F0190
:10348000042088403840E8B35B49206888424BD02C
:10349000594918312068884246D057493031206850
:1034A000884241D054494831206888423CD0524932
:1034B00060312068884237D04F497831206888428F
:1034C00032D04D499031206888422DD04A49A831E8
:1034D0002068884228D049492068884224D047493A
:1034E0001831206888421FD0444930312068884212
:1034F0001AD0424948312068884215D03F4960318E
:10350000206800E024E088420ED03C4978312068F1
:10351000884209D0394990312068884204D037491F
:10352000A8312068884204D12068006800F00200B9
:1035300002E020680068002050B194F85C0000F0C0
:103540001F0104208840B060606D40F00400606599
:1035500094F85C0000F01F01102088403840E8B368
:1035600025492068884251D0234918312068884273
:103570004CD0214930312068884247D01E4948311B
:103580002068884242D01C496031206888423DD082
:10359000194978312068884238D01749903120681D
:1035A000884233D01449A831206888422ED013496C
:1035B000206888422AD0114918312068884225D0D5
:1035C0000E4930312068884220D00C4948312068AB
:1035D00088421BD009496031206800E04DE08842F4
:1035E00014D006497831206888420FD003499031C1
:1035F000206805E020000024100002401004024072
:10360000884203D0FE492068884204D120680068BF
:1036100000F0080003E02068006800F0040060B3D8
:1036200094F85C0000F01F0110208840B060206812
:10363000006800F4802080B12068006800F4002059
:1036400028B9206CC8B12046216C884715E0A06CD1
:1036500098B12046A16C88470FE02068006800F40C
:10366000807028B92068006820F008002168086090
:10367000206C10B12046216C884794F85C0000F063
:103680001F0120208840384000287DD0DD49206877
:10369000884249D0DB4918312068884244D0D94952
:1036A0003031206888423FD0D6494831206888426E
:1036B0003AD0D44960312068884235D0D149783138
:1036C0002068884230D0CF499031206888422BD082
:1036D000CC49A8312068884226D0C949A839206839
:1036E000884221D0C6499039206888421CD0C449FC
:1036F00078392068884217D0C149603920688842EB
:1037000012D0BF494839206888420DD0BC493039B1
:103710002068884208D0BA4918392068884203D006
:10372000B7492068884204D12068006800F0100082
:1037300003E02068006800F0020028B394F85C0001
:1037400000F01F0120208840B06094F83500042864
:103750002DD12068006820F01600216808602068DC
:10376000406920F0800021684861206C08B9A06C95
:1037700028B12068006820F008002168086094F8EB
:103780005C0000F01F0100E03FE03F208840B06097
:10379000012084F8350000BF002084F8340000BF09
:1037A000206D10B12046216D8847BDE8F88F206854
:1037B000006800F4802080B12068006800F40020D8
:1037C00028B9606C08B32046616C88471DE0E06B47
:1037D000D8B12046E16B884717E02068006800F404
:1037E000807068B92068006820F0100021680860C7
:1037F000012084F8350000BF002084F8340000BFA9
:10380000E06B10B12046E16B8847606D00287AD0EC
:10381000606D00F00100E8B3042084F835007949B8
:10382000206888424BD0774918312068884246D0BA
:10383000744930312068884241D07249483120684B
:1038400088423CD06F4960312068884237D06D494A
:1038500078312068884232D06A49903120688842A5
:103860002DD06849A8312068884228D06449A839F9
:103870002068884223D062499039206888421ED04F
:103880005F4978392068884219D05D4960392068DD
:10389000884200E040E012D0594948392068884207
:1038A0000DD0574930392068884208D0544918391A
:1038B0002068884203D052492068884206D1206897
:1038C000006820F001002168086005E020680068B9
:1038D00020F001002168086000BF0098401C0090A3
:1038E000504500D905E02068006800F0010000287C
:1038F000F3D100BF2068006800F0010020B1032070
:1039000084F8350003E00DE0012084F8350000BFA5
:10391000002084F8340000BFE06C002802D020466C
:10392000E16C8847D9E138492068884222D036497D
:103930001431206888421DD03349283120688842DC
:1039400018D031493C312068884213D02E4950317B
:10395000206888420ED02C4964312068884209D002
:10396000294978312068884204D027498C31206861
:10397000884201D1012000E000200028D2D0206838
:10398000056894F85C0000F01F010420884000EAFC
:103990000900D8B305F00400C0B394F85C0000F04F
:1039A0001F0104208840C8F8040005F4004080B1DD
:1039B00005F4803030B9A06C0028B3D02046A16C4B
:1039C00088478AE1206C0028ACD02046216C8847CB
:1039D00083E105F02000E8BB0A492068884253D003
:1039E00008491831206888424ED006493031206895
:1039F000884249D0034948312068884244D006E0D3
:103A0000B804024010000240085402584FE0B44984
:103A100060312068884237D0B149783120688842C7
:103A200032D0AF499031206888422DD0AC49A831BE
:103A30002068884228D0AB492068884224D0A94910
:103A40001831206888421FD0A6493031206888424A
:103A50001AD000E025E0A34948312068884213D0FD
:103A6000A0496031206888420ED09E497831206894
:103A7000884209D09B4990312068884204D09949F6
:103A8000A8312068884206D12068006820F008002C
:103A90002168086005E02068006820F004002168C3
:103AA0000860206C10B32046216C884715E194F81B
:103AB0005C0000F01F010220884000EA0900E8B322
:103AC00005F00200D0B394F85C0000F01F01022062
:103AD0008840C8F8040005F4004070B105F4803057
:103AE00028B9606C10B12046616C8847F5E0E06B46
:103AF000F0B32046E16B8847EFE005F02000C0BB43
:103B00007749206888424ED075491831206888422C
:103B100049D0734930312068884244D070494831D7
:103B2000206888423FD06E496031206888423AD090
:103B30006B4978312068884235D000E04EE0684912
:103B40009031206888422ED06549A831206888428B
:103B500029D064492068884225D0624918312068FC
:103B6000884220D05F493031206888421BD001E074
:103B70006EE02DE05B4948312068884213D05949F6
:103B80006031206888420ED05649783120688842DA
:103B900009D0544990312068884204D05149A83155
:103BA0002068884206D12068006820F0140021684F
:103BB000086005E02068006820F00A0021680860BD
:103BC000012084F8350000BF002084F8340000BFD5
:103BD000E06BE8B32046E16B88477EE094F85C0038
:103BE00000F01F010820884000EA090080B305F0BA
:103BF000080068B33A49206888424BD038491831E8
:103C00002068884246D0364930312068884241D009
:103C100033494831206888423CD0314960312068BE
:103C2000884237D02E4978312068884232D02C49DA
:103C30009031206888422DD02949A83120688842D7
:103C400028D028492068884224D02649183100E02D
:103C500043E0206888421DD02249303120688842E4
:103C600018D0204948312068884213D01D4960315E
:103C7000206888420ED01B4978312068884209D0DC
:103C8000184990312068884204D01649A83120682C
:103C9000884206D12068006820F01C002168086076
:103CA00005E02068006820F00E002168086094F8A4
:103CB0005C0000F01F0101208840C8F804000120CA
:103CC000606584F8350000BF002084F8340000BF30
:103CD000E06C10B12046E16C884700BF65E500004C
:103CE00010000240100402402DE9F041044600F0AB
:103CF00021FC804614B90120BDE8F081FE4920680E
:103D0000884249D0FC4918312068884244D0FA4999
:103D10003031206888423FD0F749483120688842D6
:103D20003AD0F54960312068884235D0F24978317F
:103D30002068884230D0F0499031206888422BD0EA
:103D4000ED49A8312068884226D0EC492068884295
:103D500022D0EA491831206888421DD0E749303125
:103D60002068884218D0E54948312068884213D03D
:103D7000E2496031206888420ED0E04978312068FD
:103D8000884209D0DD4990312068884204D0DB495F
:103D9000A8312068884201D1012000E000200028DD
:103DA00073D0606A00B100BF022084F8350000BF04
:103DB000002084F8340000BFCF492068884249D0F1
:103DC000CD4918312068884244D0CB493031206831
:103DD00088423FD0C8494831206888423AD0C64915
:103DE00060312068884235D0C349783120688842E4
:103DF00030D0C1499031206888422BD0BE49A831CB
:103E00002068884226D0BD492068884222D0BB491C
:103E10001831206888421DD0B84930312068884266
:103E200018D0B64948312068884213D0B349603170
:103E3000206888420ED0B14978312068884209D084
:103E4000AE4990312068884204D0AC49A83120683E
:103E5000884206D12068006820F0010021680860CF
:103E600005E02068006820F00100216808600DE08E
:103E700000F060FBA0EB0800052807D92020606552
:103E8000032084F83500012036E76AE020680068E6
:103E900000F001000028EBD1206805689848054033
:103EA000D4E9020108432169084361690843A16913
:103EB0000843E1690843216A08430543606A04280E
:103EC00003D1D4E90B01084305438E4800686FF322
:103ED0000F00B0F1005F1DD36068292802D360682D
:103EE0002E2811D960683F2802D3606842280BD978
:103EF0006068472802D36068482805D960684F2861
:103F000004D36068522801D8012000E0002008B1E5
:103F100045F48015206805602068456925F007058F
:103F2000606A0543606A04280DD1A06A0543E06A0F
:103F300048B12046FDF78EFE28B140206065012083
:103F400084F83500D8E6206845612046FDF75EFD1F
:103F5000064694F85C0000F01F013F208840B060E6
:103F60009EE069492068884222D067491431206860
:103F700088421DD0644928312068884218D062499F
:103F80003C312068884213D05F4950312068884214
:103F90000ED05D4964312068884209D05A49783191
:103FA0002068884204D058498C312068884201D169
:103FB000012000E00020E0B353492068884222D06D
:103FC00051491431206888421DD04F49283120685A
:103FD000884218D04C493C312068884213D04A4965
:103FE0005031206888420ED04749643120688842A9
:103FF00009D0454978312068884204D042498C3143
:104000002068884201D1012000E0002000B100BFFB
:10401000022084F8350000BF002084F8340000BF7F
:104020002068056839480540A068402802D1102161
:1040300006E02EE0A068802801D1C10100E0002147
:10404000E06841EAD001206941EAD001606941EAB3
:10405000D001A06941EAD001E06941EAD001206ABB
:1040600041EA101005432068056027492068401A7E
:104070001421B0FBF1F08000E0652046FDF7C6FC9E
:10408000074694F85C0000F01F010120884078602A
:1040900006E040206065032084F8350001202BE60F
:1040A0001549206888427FD013491831206888421A
:1040B0007AD0114930312068884275D00E49483194
:1040C0002068884270D00C496031206888426BD0EB
:1040D000094978312068884266D0074990312068C4
:1040E000884261D00449A831206888425CD00349E5
:1040F0002068884258D00BE01000024010040240B3
:104100003F8010FE0010005C085402580F00FEFFB4
:104110003B4918312068884246D0394930312068FF
:10412000884241D036494831206888423CD03449E1
:1041300060312068884237D0314978312068884220
:1041400032D02F499031206888422DD02C49A83197
:104150002068884228D02B492068884224D02949E9
:104160001431206888421FD02649283120688842AF
:104170001AD024493C312068884215D02149503159
:104180002068884210D01F496431206888420BD0D3
:104190001C4978312068884206D01A498C31206841
:1041A000884200E000E001D1012000E0002000B3DF
:1041B0002046FDF7A1FCA068802801D100206060A6
:1041C0002079216E0860D4E919104860606860B1F8
:1041D0006068082809D82046FDF7F0FC0020E16E51
:1041E0000860D4E91C10486003E00020E066206706
:1041F000606700206065012084F8350000207BE5C1
:10420000100402400854025870B5044600F092F9B8
:1042100006462546681C10B104480078054400BFD6
:1042200000F088F9801BA842FAD370BD1C0000245E
:1042300010B50446202C4AD100BF00BF00BF00BF0C
:1042400000BF00BF00BF00BF00BF00BF202121484A
:1042500000F05CF9012800D110BD012210211E4898
:1042600000F05CF9002003E000BF00BF00BF401C6D
:104270000528F9DB00221021174800F04FF902232E
:1042800003221649164803F06DFA01221021124844
:1042900000F044F91148007800041049497840EAD8
:1042A00001200E49897808430E49086008460068D5
:1042B0000D4908400B49086008460068001200B22A
:1042C0000A4908800A480088401C0949088000BF44
:1042D000C2E7000000080258000002587A000024DB
:1042E000840300247400002400FFFF0078000024F1
:1042F0008000002410B5044604480068204020B126
:10430000024804602046FFF793FF10BD8800005864
:10431000F8B502460B4600216F4DD7E001278F40CC
:104320001E6806EA0704002C72D01E7906F0030608
:10433000012E04D01E7906F00306022E13D19068D8
:104340004F000326BE40B0434F00DE68BE403043FE
:104350009060506801268E40B0431E79C6F3001667
:104360008E40304350601E7906F00306032E09D0BC
:10437000D0684F000326BE40B0434F009E68BE4049
:104380003043D0601E7906F00306022E13D1CF0809
:1043900002F1200656F827004E07F70E0F26BE4002
:1043A000B0434F07FF0E1E69BE403043CF0802F1F5
:1043B000200646F8270010684F000326BE40B04391
:1043C0001E7906F003064F00BE40304310605E6861
:1043D00006F44036002E78D000BF404E366846F0D6
:1043E00002063E4F3E603E46366806F002060096E4
:1043F00000BF00BF3A4E8F0856F827008E07370FD0
:104400000F26BE40B043374EB24202D100262EE006
:104410005BE0354EB24201D1012628E0334EB24274
:1044200001D1022623E0324EB24201D103261EE022
:10443000304EB24201D1042619E02F4EB24201D1D2
:10444000052614E02D4EB24201D106260FE02C4E77
:10445000B24201D107260AE02A4EB24201D1082613
:1044600005E0294EB24201D1092600E00A268F0755
:104470003F0FBE4030431A4E8F0846F827004FF0DA
:10448000B0463068A0435E6806F4801606B120434B
:104490004FF0B04630607068A0435E6806F40016C6
:1044A00006B120434FF0B04670606868A0435E6874
:1044B00006F4003606B1204368602868A0435E68B1
:1044C00006F4803606B120432860491C1E68CE40A1
:1044D000002E7FF423AFF8BD80000058F44402584A
:1044E000080400580000025800040258000802584E
:1044F000000C02580010025800140258001802580C
:10450000001C025800200258002402580246136979
:104510000B400BB1012000E0002070470AB181611F
:1045200001E00B048361704701480068000C70478C
:104530000010005C0148006870470000140000246F
:104540000348006803490978084401490860704736
:10455000140000241C00002410B5032000F042F9D0
:1045600002F014F810490968C1F303210F4A515CA5
:1045700001F01F0120FA01F40B48006800F00F0061
:104580001146085C00F01F0024FA00F0084908609A
:10459000084804600F2000F00FF808B1012010BD9A
:1045A00000F09AF80020FAE7184402582AD00008D0
:1045B000240000242000002470B50446114800782F
:1045C00008B9012070BD0F4800784FF47A71B1FB33
:1045D000F0F00D490968B1FBF0F5284603F034FC12
:1045E00008B10120EEE7102C07D200222146501E10
:1045F00000F0BAF80548046001E00120E2E700207D
:10460000E0E700001C000024200000241800002423
:104610004178154A11600178F9B1121D41681160A5
:10462000017B0907C27A41EA0261827A41EAC2410A
:10463000427B41EA8241827B41EA4241C27B41EABC
:104640000241427A41EA0221027A41EA42010278B9
:104650001143054A0832116005E00021024A121D8B
:104660001160121D1160704798ED00E000BF00BF9F
:1046700000BFBFF35F8F00BF00BF00BF05480068E9
:1046800020F480300349086000200249703108603E
:104690007047000024ED00E040F001010D4A116078
:1046A0000C497039096841F480310A4A703A116046
:1046B00000BF00BF00BFBFF34F8F00BF00BF00BFF0
:1046C00000BF00BF00BFBFF36F8F00BF00BF00BFC0
:1046D0007047000094ED00E008B500BF0648006890
:1046E00040F00200044908600846006800F002003B
:1046F000009000BF00BF08BDF444025810B5014649
:104700000846002817DB00F01F0301229A400B4BDC
:10471000440943F8242000BF00BF00BFBFF34F8F00
:1047200000BF00BF00BF00BF00BF00BFBFF36F8F5F
:1047300000BF00BF00BF00BF10BD000080E100E06F
:104740000146084600280DDB00BF00BF00F01F0334
:1047500001229A4043099B0003F1E023C3F80021A2
:1047600000BF00BF00BF70472DE9F05F80460D46D7
:10477000164607F001F8074639462A46334601F047
:104780000700C0F1070ABAF1040F02D94FF0040A7A
:1047900001E0C0F1070AD14600F1040ABAF1070F9F
:1047A00002D24FF0000A01E0A0F1030AD4464FF014
:1047B000010A0AFA09FAAAF1010A0AEA020A0AFA3D
:1047C0000CFA4FF0010B0BFA0CFBABF1010B0BEAEF
:1047D000030B4AEA0B042146404606F0D5FFBDE82C
:1047E000F09F000000BF00F00702064B19684FF66B
:1047F000FF031940044B0B4343EA0221014B1960AC
:1048000000BF70470CED00E00000FA0570B50446EB
:1048100015480068C0F3800048B91348006800F0EC
:104820000700A04201D0012070BD0020FCE70E4827
:10483000006820F0070020430B490860FFF77AFE6C
:10484000054607E0FFF776FE401BB0F57A7F01D9F9
:104850000120E9E7044808380068C0F34030002828
:10486000F0D00020E0E700000C48025810B501F03D
:1048700043FE05490968C1F30211044A515C01F085
:104880001F01C84010BD0000204402582AD0000873
:1048900070B50146844D2D6805F00303824D2D68E7
:1048A000C5F30510804D2D1D2D6805F001047E4DCA
:1048B0000C352D68C5F3CC0515FB04F501EE105A37
:1048C000B8EE411AF0EE410A00286FD023B1012B57
:1048D0004ED0022B6BD16BE0734D283D2D68C5F394
:1048E00040153DB3704D283D2D68C5F3C1066F4D91
:1048F00025FA06F201EE102AF8EE411A01EE100A2E
:10490000B8EE411A81EE812A9FED691AC0EE811A34
:10491000654D08352D68C5F3080501EE105AB8EE4F
:10492000411A31EE811AF7EE001A31EE211A22EE09
:10493000010A1CE001EE100AB8EE411ADFED5D1A23
:1049400081EE812A9FED5A1AC0EE811A564D083524
:104950002D68C5F3080501EE105AB8EE411A31EE84
:10496000811AF7EE001A31EE211A22EE010A5BE0FD
:1049700001EE100AB8EE411ADFED4F1A81EE812ADE
:104980009FED4B1AC0EE811A474D08352D68C5F3CF
:10499000080501EE105AB8EE411A31EE811AF7EE11
:1049A000001A31EE211A22EE010A3DE077E01DE007
:1049B00001EE100AB8EE411A9FED402AC2EE011A2C
:1049C0009FED3B1A80EE812A374D08352D68C5F3DF
:1049D000080501EE105AB8EE411A32EE011AB7EE90
:1049E000002A31EE021A21EE810A1DE001EE100AC2
:1049F000B8EE411ADFED2F1A81EE812A9FED2C1AB5
:104A0000C0EE811A284D08352D68C5F3080501EE62
:104A1000105AB8EE411A31EE811AF7EE001A31EE53
:104A2000211A22EE010A00BF00BF1F4D08352D6874
:104A3000C5F3462501EE105AB8EE411AF7EE001AFA
:104A400031EE211AC0EE011ABCEEE11A81ED001A16
:104A5000154D08352D68C5F3064501EE105AB8EE20
:104A6000411AF7EE001A31EE211AC0EE011ABCEE1F
:104A7000E11A81ED011A0C4D08352D68C5F3066564
:104A800001EE105AB8EE411AF7EE001A31EE211A73
:104A9000C0EE011ABCEEE11A81ED021A03E0002516
:104AA0000D604D608D6070BD284402580090D003A9
:104AB000000000460024744C0024744A001BB74BCD
:104AC00070B50146844D2D6805F00303824D2D68B5
:104AD000C5F30530804D2D1D2D68C5F300147E4DA6
:104AE00014352D68C5F3CC0515FB04F501EE105AFD
:104AF000B8EE411AF0EE410A00286FD023B1012B25
:104B00004ED0022B6BD16BE0734D283D2D68C5F361
:104B100040153DB3704D283D2D68C5F3C1066F4D5E
:104B200025FA06F201EE102AF8EE411A01EE100AFB
:104B3000B8EE411A81EE812A9FED691AC0EE811A02
:104B4000654D10352D68C5F3080501EE105AB8EE15
:104B5000411A31EE811AF7EE001A31EE211A22EED7
:104B6000010A1CE001EE100AB8EE411ADFED5D1AF1
:104B700081EE812A9FED5A1AC0EE811A564D1035EA
:104B80002D68C5F3080501EE105AB8EE411A31EE52
:104B9000811AF7EE001A31EE211A22EE010A5BE0CB
:104BA00001EE100AB8EE411ADFED4F1A81EE812AAC
:104BB0009FED4B1AC0EE811A474D10352D68C5F395
:104BC000080501EE105AB8EE411A31EE811AF7EEDF
:104BD000001A31EE211A22EE010A3DE077E01DE0D5
:104BE00001EE100AB8EE411A9FED402AC2EE011AFA
:104BF0009FED3B1A80EE812A374D10352D68C5F3A5
:104C0000080501EE105AB8EE411A32EE011AB7EE5D
:104C1000002A31EE021A21EE810A1DE001EE100A8F
:104C2000B8EE411ADFED301A81EE812A9FED2C1A81
:104C3000C0EE811A284D10352D68C5F3080501EE28
:104C4000105AB8EE411A31EE811AF7EE001A31EE21
:104C5000211A22EE010A00BF00BF1F4D10352D683A
:104C6000C5F3462501EE105AB8EE411AF7EE001AC8
:104C700031EE211AC0EE011ABCEEE11A81ED001AE4
:104C8000154D10352D68C5F3064501EE105AB8EEE6
:104C9000411AF7EE001A31EE211AC0EE011ABCEEED
:104CA000E11A81ED011A0C4D10352D68C5F306652A
:104CB00001EE105AB8EE411AF7EE001A31EE211A41
:104CC000C0EE011ABCEEE11A81ED021A03E00025E4
:104CD0000D604D608D6070BD284402580090D00377
:104CE000000000460024744C0024744A001BB74B9B
:104CF00070B50146844D2D6805F00303824D2D6883
:104D0000C5F30550804D2D1D2D68C5F300247E4D43
:104D10001C352D68C5F3CC0515FB04F501EE105AC2
:104D2000B8EE411AF0EE410A00286FD023B1012BF2
:104D30004ED0022B6BD16BE0734D283D2D68C5F32F
:104D400040153DB3704D283D2D68C5F3C1066F4D2C
:104D500025FA06F201EE102AF8EE411A01EE100AC9
:104D6000B8EE411A81EE812A9FED691AC0EE811AD0
:104D7000654D18352D68C5F3080501EE105AB8EEDB
:104D8000411A31EE811AF7EE001A31EE211A22EEA5
:104D9000010A1CE001EE100AB8EE411ADFED5D1ABF
:104DA00081EE812A9FED5A1AC0EE811A564D1835B0
:104DB0002D68C5F3080501EE105AB8EE411A31EE20
:104DC000811AF7EE001A31EE211A22EE010A5BE099
:104DD00001EE100AB8EE411ADFED4F1A81EE812A7A
:104DE0009FED4B1AC0EE811A474D18352D68C5F35B
:104DF000080501EE105AB8EE411A31EE811AF7EEAD
:104E0000001A31EE211A22EE010A3DE077E01DE0A2
:104E100001EE100AB8EE411A9FED402AC2EE011AC7
:104E20009FED3B1A80EE812A374D18352D68C5F36A
:104E3000080501EE105AB8EE411A32EE011AB7EE2B
:104E4000002A31EE021A21EE810A1DE001EE100A5D
:104E5000B8EE411ADFED301A81EE812A9FED2C1A4F
:104E6000C0EE811A284D18352D68C5F3080501EEEE
:104E7000105AB8EE411A31EE811AF7EE001A31EEEF
:104E8000211A22EE010A00BF00BF1F4D18352D6800
:104E9000C5F3462501EE105AB8EE411AF7EE001A96
:104EA00031EE211AC0EE011ABCEEE11A81ED001AB2
:104EB000154D18352D68C5F3064501EE105AB8EEAC
:104EC000411AF7EE001A31EE211AC0EE011ABCEEBB
:104ED000E11A81ED011A0C4D18352D68C5F30665F0
:104EE00001EE105AB8EE411AF7EE001A31EE211A0F
:104EF000C0EE011ABCEEE11A81ED021A03E00025B2
:104F00000D604D608D6070BD284402580090D00344
:104F1000000000460024744C0024744A001BB74B68
:104F20002DE9F0418AB00646B6F5807F70D1FE4883
:104F3000006800F00708B8F1050F65D2DFE808F057
:104F4000031221623000F8485038006800F0007009
:104F5000B0F1007F04D107A8FFF79AFC089C00E09D
:104F6000002453E0F0485038006800F00060B0F1D1
:104F7000006F04D104A8FFF7A3FD049C00E0002407
:104F800044E0E9485038006800F00050B0F1005F9C
:104F900004D101A8FFF7ACFE019C00E0002435E03D
:104FA000E148001F006800F04055DF4850380068B5
:104FB00000F00400042809D145B9DB4850380068E6
:104FC000C0F3C101D94820FA01F41AE0D64850389C
:104FD000006800F48070B0F5807F04D1B5F1805F87
:104FE00001D1D34C0DE0D0485038006800F40030B7
:104FF000B0F5003F04D1B5F1005F01D1CD4C00E028
:10500000002403E0CC4C01E0002400BF24E3FFE7D0
:10501000B6F5007F7AD1C448006800F4E078B8F1B2
:10502000800F2CD006DCB8F1000F0AD0B8F1400F89
:1050300069D115E0B8F1C00F63D0B8F5807F62D1B7
:105040002CE0B9485038006800F00070B0F1007FE3
:1050500004D107A8FFF71CFC089C00E0002454E0E2
:10506000B1485038006800F00060B0F1006F04D122
:1050700004A8FFF725FD049C00E0002445E0AA48B1
:105080005038006800F00050B0F1005F04D101A872
:10509000FFF72EFE019C00E0002436E0A248001F2E
:1050A000006800F04055A0485038006800F0040047
:1050B000042809D145B99C4850380068C0F3C101A3
:1050C0009A4820FA01F41BE097485038006800F431
:1050D0008070B0F5807F04D1B5F1805F01D1944C30
:1050E0000EE091485038006800F40030B0F5003F01
:1050F00005D1B5F1005F02D18E4C01E006E000243D
:1051000003E08D4C01E0002400BFA5E2B6F5806FFE
:105110007BD185480830006800F46008B8F5800F3E
:105120002CD006DCB8F1000F0AD0B8F5001F69D109
:1051300015E0B8F5C00F63D0B8F5000F62D12CE0D0
:1051400079485038006800F00070B0F1007F04D159
:1051500007A8FFF79DFB089C00E0002454E072487C
:105160005038006800F00060B0F1006F04D104A86E
:10517000FFF7A6FC049C00E0002445E06A48503894
:10518000006800F00050B0F1005F04D101A8FFF703
:10519000AFFD019C00E0002436E06348001F00687A
:1051A00000F0405560485038006800F004000428C2
:1051B00009D145B95C4850380068C0F3C1015B486B
:1051C00020FA01F41BE058485038006800F4807061
:1051D000B0F5807F04D1B5F1805F01D1544C0EE071
:1051E00051485038006800F40030B0F5003F05D158
:1051F000B5F1005F02D14F4C01E006E0002403E06E
:105200004D4C01E0002400BF26E2B6F5006F7BD1D3
:1052100045480830006800F0E068B8F1007F2CD005
:1052200006DCB8F1000F0AD0B8F1807F69D115E033
:10523000B8F1407F63D0B8F1806F62D12CE03A487A
:105240005038006800F00070B0F1007F04D107A86A
:10525000FFF71EFB089C00E0002454E03248503861
:10526000006800F00060B0F1006F04D104A8FFF7FF
:1052700027FC049C00E0002445E02B4850380068DF
:1052800000F00050B0F1005F04D101A8FFF730FD3D
:10529000019C00E0002436E02348001F006800F075
:1052A000405521485038006800F00400042809D116
:1052B00045B91D4850380068C0F3C1011B4820FAA9
:1052C00001F41BE018485038006800F48070B0F515
:1052D000807F04D1B5F1805F01D1154C0EE01248FA
:1052E0005038006800F40030B0F5003F05D1B5F14A
:1052F000005F02D10F4C01E006E0002403E00E4CF9
:1053000001E0002400BFA7E1B6F5805F7CD106482C
:10531000006800F4E047B7F5005F32D00EDCA7B1BB
:10532000B7F5805F6DD11EE0504402580090D00365
:1053300000093D0000366E010080BB00B7F5405FFC
:105340005DD0B7F5804F5CD129E0C548006800F01A
:105350000070B0F1007F04D107A8FFF799FA089C0C
:1053600000E000244FE0BE48006800F00060B0F1AB
:10537000006F04D104A8FFF7A3FB049C00E0002405
:1053800041E0B748006800F00050B0F1005F04D180
:1053900001A8FFF7ADFC019C00E0002433E0B04819
:1053A0004C30006800F04055AD48006800F0040043
:1053B000042808D13DB9AA480068C0F3C101A94832
:1053C00020FA01F41AE0A648006800F48070B0F5F5
:1053D000807F04D1B5F1805F01D1A34C0EE0A048DD
:1053E000006800F40030B0F5003F06D1B5F1005F71
:1053F00003D19E4C02E007E003E0002403E09C4C54
:1054000001E0002400BF27E1B6F5002F59D19448F0
:105410005830006800F4403737B1B7F5803F11D0FD
:10542000B7F5003F4AD11BE08D48006800F00060EE
:10543000B0F1006F04D104A8FFF742FB049C00E028
:1054400000243DE08648006800F00050B0F1005FA5
:1054500004D101A8FFF74CFC039C00E000242FE0DE
:105460007F484C30006800F040557D48006800F0EF
:105470000400042808D13DB979480068C0F3C1018F
:10548000784820FA01F418E07548006800F480704C
:10549000B0F5807F04D1B5F1805F01D1724C0CE092
:1054A0006F48006800F40030B0F5003F04D1B5F15A
:1054B000005F01D16D4C00E0002401E0002400BF3A
:1054C000CAE0B6F5803F28D165484C30006800F44A
:1054D00080371FB1B7F5803F1CD10DE060480068F0
:1054E00000F00070B0F1007F04D107A8FFF7D0F9F9
:1054F000089C00E000240FE05948006800F00060BC
:10550000B0F1006F04D104A8FFF7DAFA069C00E0BE
:10551000002401E0002400BF9EE0B6F5804F60D17A
:105520004F485830006800F0E047B7F1405F2FD097
:1055300007DC6FB1B7F1805F0ED0B7F1005F4DD1DE
:1055400018E0B7F1804F33D0B7F1A04F46D13AE021
:10555000FFF78CF9044643E04148006800F0006022
:10556000B0F1006F04D104A8FFF7AAFA059C00E08F
:10557000002435E03A48006800F00050B0F1005FC8
:1055800004D101A8FFF7B4FB029C00E0002427E04F
:105590003348006800F00400042807D13048006850
:1055A000C0F3C1012F4820FA01F400E0002417E005
:1055B0002B48006800F48070B0F5807F01D12A4C40
:1055C00000E000240CE02648006800F40030B0F54C
:1055D000003F01D1254C00E0002401E0002400BF81
:1055E0003AE0B6F5004F36D11D485030006800F063
:1055F000405737B1B7F1805F0ED0B7F1005F27D1C8
:1056000018E01748006800F40030B0F5003F01D101
:10561000164C00E000241DE01148006800F0007006
:10562000B0F1007F04D107A8FFF732F9089C00E031
:1056300000240FE00A48006800F00060B0F1006F3D
:1056400004D104A8FFF73CFA059C00E0002401E027
:10565000002400BF00E0002420460AB0BDE8F0812D
:10566000004402580090D00300093D0000366E014E
:105670000080BB002DE9F04104460025A8462068C3
:1056800000F00060B0F1006F30D1606E48B1B0F54D
:10569000801F0DD0B0F5001F10D0B0F5401F15D100
:1056A00013E0F948006840F40030F74908600FE063
:1056B0000221201D04F01EFB054609E0022104F131
:1056C000240004F0C9FB054602E001E0012500BF0B
:1056D00000BF55B9EC482430006820F44010616EDA
:1056E0000843E9492431086000E0A846208800F416
:1056F0008070B0F5807F2DD1606D05281AD2DFE86B
:1057000000F0030A10171800DF48006840F400306A
:10571000DD49086010E00021201D04F0EBFA054689
:105720000AE0002104F1240004F096FB054603E0A2
:1057300002E001E0012500BF00BF55B9D248243086
:10574000006820F00700616D0843CF4924310860EC
:1057500000E0A846208800F40070B0F5007F33D147
:10576000A06D802817D003DC40B140281CD10CE08C
:10577000C02817D0B0F5807F16D114E0C248006869
:1057800040F40030C049086010E00021201D04F002
:10579000B1FA05460AE0002104F1240004F05CFBA4
:1057A000054603E002E001E0012500BF00BF55B956
:1057B000B5482430006820F4E070A16D0843B24978
:1057C0002431086000E0A846208800F48060B0F52D
:1057D000806F38D1D4F8A400B0F5800F19D004DC64
:1057E00050B1B0F5001F1DD10DE0B0F5C00F17D0BE
:1057F000B0F5000F16D114E0A348006840F4003063
:10580000A149086010E00021201D04F073FA05464C
:105810000AE0002104F1240004F01EFB054603E029
:1058200002E001E0012500BF00BF5DB996482C30C1
:10583000006820F46000D4F8A410084392492C3189
:10584000086000E0A846208800F40060B0F5006F12
:1058500038D1D4F8A800B0F1007F19D004DC50B1E1
:10586000B0F1807F1DD10DE0B0F1407F17D0B0F1D5
:10587000806F16D114E08448006840F400308249FB
:10588000086010E00021201D04F034FA05460AE00B
:10589000002104F1240004F0DFFA054603E002E0F1
:1058A00001E0012500BF00BF5DB977482C300068DA
:1058B00020F0E060D4F8A810084373492C31086048
:1058C00000E0A846206800F00070B0F1007F27D10A
:1058D000A06CA0B1102804D0202809D030280FD106
:1058E0000CE06948006840F400306749086009E04E
:1058F0000221201D04F0FEF9054603E002E001E06C
:10590000012500BF00BF55B95F482030006820F076
:105910003000A16C08435C492031086000E0A846D3
:10592000208800F48050B0F5805F36D1E06DB0F58E
:10593000005F19D004DC50B1B0F5805F1DD10DE0DF
:10594000B0F5405F17D0B0F5804F16D114E04E4847
:10595000006840F400304C49086010E00021201D30
:1059600004F0C8F905460AE0002104F1240004F01F
:1059700073FA054603E002E001E0012500BF00BF25
:1059800055B941482430006820F4E040E16D0843F7
:105990003D492431086000E0A846208800F400500A
:1059A000B0F5005F34D1206EB0F5403F1DD007DC6C
:1059B00068B1B0F5803F0BD0B0F5003F18D10DE0D5
:1059C000B0F5802F12D0B0F5A02F11D10FE011E06B
:1059D0000121201D04F08EF905460BE0012104F1A0
:1059E000240004F039FA054604E003E002E001E097
:1059F000012500BF00BF55B923482430006820F4BA
:105A0000E020216E084320492431086000E0A846C8
:105A1000208800F48040B0F5804F38D1D4F8AC0035
:105A2000B0F1405F1DD007DC68B1B0F1805F0BD0F2
:105A3000B0F1005F18D10DE0B0F1804F12D0B0F19D
:105A4000A04F11D10FE011E00121201D04F052F907
:105A500005460BE0012104F1240004F0FDF90546A0
:105A600004E003E002E001E0012500BF00BF6DB9E2
:105A700005482C30006820F0E040D4F8AC10084312
:105A800001492C31086002E02C440258A8462088C5
:105A900000F40040B0F5004F26D1E06E98B1B0F1AF
:105AA000805F03D0B0F1005F0ED106E0F9480068D6
:105AB00040F40030F749086008E00121201D04F09F
:105AC00019F9054602E001E0012500BF00BF55B904
:105AD000F0482430006820F04050E16E0843ED4962
:105AE0002431086000E0A846206800F08070B0F122
:105AF000807F27D1606CA0B1012804D0022809D092
:105B000003280FD10CE0E348006840F40030E1497D
:105B1000086009E00221201D04F0ECF8054603E0CE
:105B200002E001E0012500BF00BF55B9D94820308F
:105B3000006820F00300616C0843D64920310860FA
:105B400000E0A846206800F48000B0F5800F7DD109
:105B5000D148006840F48070CF490860FEF7EAFC45
:105B6000064606E0FEF7E6FC801B642801D9032503
:105B700005E0C948006800F480700028F2D000BF3A
:105B800085BBC4484430006800F44070B4F8B010DD
:105B900001F44071884213D0BE484430006820F4BC
:105BA0004077BC484430006840F48030B949443103
:105BB00008600846006820F48030086008460760E6
:105BC000D4F8B000B0F5807F15D1FEF7B3FC0646DF
:105BD00009E0FEF7AFFC801B41F28831884202D910
:105BE000032507E038E0AB4844300068C0F34000CC
:105BF0000028EED000BF55BB00BFB4F8B00000F4E1
:105C00004070B0F5407F0ED1A2481C38006820F4E7
:105C10007C51A24AD4F8B000104041EA10109D49CE
:105C20001C39086007E09B481C38006820F47C5051
:105C300098491C390860974844300068B4F8B0109F
:105C4000C1F30B0108439349443101E005E001E051
:105C5000086002E0A84600E0A846207800F00100B5
:105C600068B3A06F182819D005DC48B1082808D0FF
:105C7000102816D10BE0202811D0282811D10FE0D0
:105C800011E00121201D04F035F805460BE001214B
:105C900004F1240004F0E0F8054604E003E002E02B
:105CA00001E0012500BF00BF55B97A4828300068DF
:105CB00020F03800A16F084376492831086000E0E1
:105CC000A846207800F00200022828D1606F06283C
:105CD00015D2DFE800F003040A11121311E00121CC
:105CE000201D04F007F805460BE0012104F1240013
:105CF00004F0B2F8054604E003E002E001E001250B
:105D000000BF00BF55B963482830006820F0070085
:105D1000616F08435F492831086000E0A846207899
:105D200000F0040004282AD1D4F89000062815D2E7
:105D3000DFE800F003040A11121311E00121201D15
:105D400003F0D8FF05460BE0012104F1240004F024
:105D500083F8054604E003E002E001E0012500BF0E
:105D600000BF5DB94B482C30006820F00700D4F824
:105D70009010084347492C31086000E0A84620787D
:105D800000F02000202836D1D4F88C00B0F1405F1C
:105D90001DD007DC68B1B0F1805F0BD0B0F1005FBF
:105DA00018D10DE0B0F1804F12D0B0F1A04F11D159
:105DB0000FE011E00021201D03F09CFF05460BE0E1
:105DC000022104F1240004F047F8054604E003E052
:105DD00002E001E0012500BF00BF5DB92D48283079
:105DE000006820F0E040D4F88C100843294928319D
:105DF000086000E0A846207800F04000402836D136
:105E0000D4F89800B0F5406F1DD007DC68B1B0F54C
:105E1000806F0BD0B0F5006F18D10DE0B0F5805F4A
:105E200012D0B0F5A05F11D10FE011E00021201DCC
:105E300003F060FF05460BE0022104F1240004F0AA
:105E40000BF8054604E003E002E001E0012500BF95
:105E500000BF5DB90F482C30006820F4E050D4F842
:105E6000981008430B492C31086000E0A8462078C0
:105E700000F0800080283AD1D4F89C00B0F5C04FE3
:105E800023D00DDC98B1B0F5005F11D0B0F5804F94
:105E90001ED113E02C44025800480258FFFCFF0FAB
:105EA000B0F5004F12D0B0F5204F11D10FE011E046
:105EB0000021201D03F01EFF05460BE0022104F126
:105EC000240003F0C9FF054604E003E002E001E01E
:105ED000012500BF00BF4DB9BE48006820F46040F6
:105EE000D4F89C100843BB49086000E0A84620781D
:105EF00000F00800082817D1D4F88000B0F5805FC2
:105F000007D1022104F1240003F0A6FF08B14FF0ED
:105F10000108B048001F006820F44050D4F88010F9
:105F20000843AC49091F0860207800F010001028D1
:105F300015D1D4F89400B0F5807F07D1022104F187
:105F4000240003F089FF08B14FF00108A148006860
:105F500020F44070D4F8941008439E4908602068EB
:105F600000F40020B0F5002F26D1D4F8A00030B105
:105F7000B0F5803F09D0B0F5003F0ED10CE0002114
:105F8000201D03F0B7FE054609E0022104F12400BC
:105F900003F062FF054602E001E0012500BF00BFFB
:105FA0004DB98C48006820F44030D4F8A010084364
:105FB0008849086000E0A846206800F48020B0F519
:105FC000802F2DD1D4F88400B0F5801F06D0B0F515
:105FD000001F0CD0B0F5401F11D10FE07D482C38C8
:105FE000006840F400307B492C39086009E0012149
:105FF00004F1240003F030FF054602E001E0012532
:1060000000BF00BF5DB97348001F006820F4401056
:10601000D4F8841008436F49091F086000E0A846BF
:10602000206800F48030B0F5803F24D1E06C18B1D6
:10603000B0F5803F0FD108E066482C38006840F486
:10604000003064492C39086007E00221201D03F06C
:1060500051FE054601E0012500BF00BF55B95D486E
:106060000C38006820F48030E16C084359490C3941
:10607000086000E0A846206800F00050B0F1005F22
:1060800007D1022104F1240003F0E6FE08B14FF02D
:106090000108206800F40030B0F5003F27D1E06F20
:1060A000A0B1B0F5807F06D0B0F5007F0CD0B0F580
:1060B000407F0CD109E047482C38006840F400309C
:1060C00044492C39086004E003E002E001E00125C6
:1060D00000BF00BF55B93F48001F006820F4407062
:1060E000E16F08433B49091F086000E0A8462068AB
:1060F00000F48010B0F5801F09D1364808380068D8
:1061000020F00040216F08433249083908602068B8
:1061100000F08050B0F1805F0AD12E484838006806
:1061200020F48040D4F8B41008432A494839086064
:10613000206800F40010B0F5001F09D12548083888
:10614000006820F08070A16E084322490839086079
:10615000206800F08040B0F1804F11D100BF1D4891
:106160004838006820F400401A4948390860084659
:106170000068D4F8B810084316494839086000BFD1
:10618000206800F00040B0F1004F09D111480C38F0
:10619000006820F04050216D08430E490C3908601A
:1061A000206800F40000B0F5000F0AD10948001F74
:1061B000006820F44000D4F8881008430549091FFE
:1061C0000860B8F1000F02D10020BDE8F081012085
:1061D000FBE70000584402582DE9F04104460D4603
:1061E00014B90120BDE8F081BD48006800F00F003F
:1061F000A8420ED2BA48006820F00F002843B849E0
:1062000008600846006800F00F00A84201D0012095
:10621000E8E7207800F0040004280ED1B149206995
:10622000096801F07001884207D9AE48006820F083
:10623000700021690843AB490860207800F008002D
:10624000082811D1A749091D6069096801F070018A
:10625000884209D9A348001D006820F070006169D8
:106260000843A049091D0860207800F0100010289C
:1062700011D19C49091DA069096801F4E0618842B7
:1062800009D99848001D006820F4E060A16908431E
:106290009449091D0860207800F02000202811D1C1
:1062A00090490831E069096801F07001884209D914
:1062B0008C480830006820F07000E1690843894983
:1062C00008310860207800F0020002280ED18549CC
:1062D000E068096801F00F01884207D98148006829
:1062E00020F00F00E16808437E490860207800F044
:1062F0000100002850D07B48006820F47060A1683D
:106300000843784908606068022807D17548183842
:106310000068C0F34040F8B9012063E760680328D3
:1063200007D1704818380068C0F34060A0B9012058
:1063300058E76068012807D16A4818380068C0F338
:10634000002048B901204DE7664818380068C0F3BE
:10635000800008B9012045E762480838006820F04D
:106360000700616808435F4908390860FEF7E2F8F2
:10637000064608E0FEF7DEF8801B41F288318842CD
:1063800001D903202EE757480838006800F038008C
:106390006168B0EBC10FEDD1207800F00200022857
:1063A0000ED15049E068096801F00F01884207D218
:1063B0004C48006820F00F00E16808434949086034
:1063C0004748006800F00F00A8420ED94448006812
:1063D00020F00F002843424908600846006800F09A
:1063E0000F00A84201D00120FCE6207800F0040054
:1063F00004280ED13B492069096801F070018842E8
:1064000007D23848006820F07000216908433549F8
:106410000860207800F00800082811D13149091DD2
:106420006069096801F07001884209D22D48001D99
:10643000006820F07000616908432A49091D08605E
:10644000207800F01000102811D12649091DA069FC
:10645000096801F4E061884209D22248001D006801
:1064600020F4E060A16908431E49091D08602078F6
:1064700000F02000202811D11A490831E06909688C
:1064800001F07001884209D216480830006820F0F7
:106490007000E169084313490831086000F076F89C
:1064A00010490968C1F303210F4A515C01F01F0133
:1064B00020FA01F70B48006800F00F001146085C55
:1064C00000F01F0027FA00F008490860084807603C
:1064D00008480068FEF770F88046404682E60000F3
:1064E00000200052184402582AD00008240000243A
:1064F000200000241800002410B500F047F80D49D2
:106500000968C1F303210C4A515C01F01F0120FA14
:1065100001F40848006800F00F001146085C00F024
:106520001F0024FA00F00549086005480460084689
:10653000006810BD184402582AD000082400002426
:106540002000002400B5FFF7D7FF05490968C1F313
:106550000211044A515C01F01F01C84000BD000057
:106560001C4402582AD0000800B5FFF7C5FF0549B2
:106570000968C1F30221044A515C01F01F01C840BF
:1065800000BD00001C4402582AD00008F0B5824E1D
:10659000366806F0380636B1082E15D0102E15D004
:1065A000182E7DD114E07C4E103E3668C6F340169E
:1065B00046B1794E103E3668C6F3C107774E26FACB
:1065C00007F000E07548E5E07548E3E07548E1E074
:1065D000714E1836366806F003046F4E183636686A
:1065E000C6F305116C4E1C36366806F001056A4E7E
:1065F00024363668C6F3CC0616FB05F601EE106AA3
:10660000B8EE410A002971D024B1012C50D0022CDF
:106610006DD16DE0604E103E3668C6F340163EB355
:106620005D4E103E3668C6F3C1075C4E26FA07F38E
:1066300001EE103AF8EE411A01EE101AB8EE411AC6
:1066400081EE812A9FED581AC0EE011A524E203673
:106650003668C6F3080601EE106AB8EE411A31EE4C
:10666000811AF7EE001A31EE211A62EE010A1EE0DD
:1066700001EE101AB8EE411ADFED4C1A81EE812AB4
:106680009FED491AC0EE011A434E20363668C6F314
:10669000080601EE106AB8EE411A31EE811A00E0E8
:1066A00076E0F7EE001A31EE211A62EE010A5BE0A5
:1066B00001EE101AB8EE411A9FED3D2AC2EE011A02
:1066C0009FED391A80EE012A334E20363668C6F324
:1066D000080601EE106AB8EE411A32EE011AB7EE62
:1066E000002A31EE021A61EE810A3DE04EE01DE023
:1066F00001EE101AB8EE411ADFED2E1A81EE812A52
:106700009FED291AC0EE011A234E20363668C6F3D3
:10671000080601EE106AB8EE411A31EE811AF7EE62
:10672000001A31EE211A62EE010A1DE001EE101A84
:10673000B8EE411A9FED1E2AC2EE011A9FED1A1AF9
:1067400080EE012A144E20363668C6F3080601EEA4
:10675000106AB8EE411A32EE011AB7EE002A31EE95
:10676000021A61EE810A00BF00BF0B4E2036366868
:10677000C6F34626721C01EE102AB8EE411AC0EE8E
:10678000811ABCEEE11A11EE100A00E0002001E0CF
:10679000034800BF00BFF0BD104402580090D00372
:1067A00000093D0000366E01000000460024744CD4
:1067B0000024744A001BB74B2DE9F047044614B976
:1067C0000120BDE8F087207800F00100002870D09B
:1067D000FA48006800F03808F8481830D0F80090FF
:1067E000B8F1100F06D0B8F1180F0FD109F003005F
:1067F00002280BD1F14810380068C0F3404000284F
:106800006AD06068002867D10120DAE700BF6068BD
:10681000B0F5803F08D1E9481038006840F4803076
:10682000E649103908602EE0606868B9E34810381E
:10683000006820F48030E14910390860084600689B
:1068400020F4802008601EE06068B0F5A02F0DD114
:10685000DA481038006840F48020D84910390860C0
:106860000846006840F4803008600CE0D3481038D7
:10687000006820F48030D14910390860084600686B
:1068800020F48020086000BF606898B1FDF752FED8
:10689000054606E0FDF74EFE401B642801D90320A3
:1068A0008FE7C64810380068C0F340400028F1D098
:1068B00012E012E0FDF73EFE054606E0FDF73AFE67
:1068C000401B642801D903207BE7BC4810380068CE
:1068D000C0F340400028F1D100BF207800F0020052
:1068E000022874D1B548006800F03808B348183061
:1068F000D0F80090B8F1000F05D0B8F1180F56D1BC
:1069000009F00300D0BBAD4810380068C0F3800028
:1069100018B1E06808B9012053E7A84810380068AA
:1069200020F01900E1680843A44910390860FDF718
:1069300001FE054606E0FDF7FDFD401B022801D9DA
:1069400003203EE79D4810380068C0F3800000280F
:10695000F1D000BFFDF7E8FD41F2030188421AD8EB
:10696000206940280BD195480C38006820F47C3011
:1069700040F4003091490C39086017E017E08F4867
:106980000C38006820F47C30216940EA01308B49E2
:106990000C3908600AE089480C38006820F0FE4095
:1069A000217C40EA016085490C39086066E0E068B6
:1069B00088B382481038006820F01900E168084365
:1069C0007E4910390860FDF7B5FD054607E056E041
:1069D000FDF7B0FD401B022801D90320F1E67748FE
:1069E00010380068C0F380000028F1D000BFFDF728
:1069F0009BFD41F2030188421AD8206940280BD13F
:106A00006E480C38006820F47C3040F400306B494C
:106A10000C39086017E017E068480C38006820F46B
:106A20007C30216940EA013064490C3908600AE091
:106A300062480C38006820F0FE40217C40EA01608A
:106A40005E490C39086019E05C481038006820F095
:106A500001005A4910390860FDF76CFD054606E053
:106A6000FDF768FD401B022801D90320A9E6534821
:106A700010380068C0F380000028F1D100BF2078F2
:106A800000F0100010287CD14C48006800F0380855
:106A90004A481830D0F80090B8F1080F06D0B8F185
:106AA000180F3DD109F00300012839D143481038AF
:106AB0000068C0F3002020B1E069802801D00120E7
:106AC0007FE600BFFDF730FD41F2030188421AD88E
:106AD000206A20280AD139480C38006820F0F84094
:106AE00040F0804035490C39086018E033480C38D4
:106AF000006820F0F84094F8201040EA81602F49A7
:106B00000C3908600BE02D48001F006820F07C5015
:106B100094F8201040EA01602849091F086066E0E7
:106B2000E06978B325481038006840F080002349B8
:106B300010390860FDF7FEFC054606E0FDF7FAFC9B
:106B4000401B022801D903203BE61C48103800688E
:106B5000C0F300200028F1D000BFFDF7E5FC41F2B2
:106B6000030188421CD8206A20280CD113480C3815
:106B7000006820F0F84040F0804010490C3908606F
:106B80001AE035E01CE00D480C38006820F0F840B1
:106B900094F8201040EA816008490C3908600BE045
:106BA0000648001F006820F07C5094F8201040EA4E
:106BB00001600249091F086019E0000010440258F2
:106BC000FA48006820F08000F8490860FDF7B2FC40
:106BD000054606E0FDF7AEFC401B022801D9032064
:106BE000EFE5F2480068C0F300200028F2D100BFB2
:106BF000207800F00800082836D16069D0B1EB4851
:106C00007430006840F00100E84974310860FDF715
:106C100091FC054606E0FDF78DFC401B022801D9DA
:106C20000320CEE5E14874300068C0F3400000283E
:106C3000F1D019E0DD487430006820F00100DB4934
:106C400074310860FDF776FC054606E0FDF772FC3E
:106C5000401B022801D90320B3E5D44874300068F2
:106C6000C0F340000028F1D1207800F02000202857
:106C700030D1A069B8B1CD48006840F48050CB490C
:106C80000860FDF757FC054606E0FDF753FC401B86
:106C9000022801D9032094E5C4480068C0F34030BD
:106CA0000028F2D016E0C148006820F48050BF49A7
:106CB0000860FDF73FFC054606E0FDF73BFC401B86
:106CC000022801D903207CE5B8480068C0F34030B1
:106CD0000028F2D1207800F0040004287DD1B448C7
:106CE000006840F48070B2490860FDF723FC054657
:106CF00006E0FDF71FFC401B642801D9032060E576
:106D0000AB48006800F480700028F2D000BFA06893
:106D1000012808D1A5487030006840F00100A3495F
:106D2000703108602DE0A06868B9A0487030006834
:106D300020F001009D49703108600846006820F08D
:106D4000040008601DE0A06805280DD19748703048
:106D5000006840F0040095497031086008460068FA
:106D600040F0010008600CE090487030006820F0AE
:106D700001008E49703108600846006820F0040068
:106D8000086000BFA068A0B1FDF7D4FB054608E08D
:106D9000FDF7D0FB401B41F28831884201D9032026
:106DA0000FE5824870300068C0F340000028EFD043
:106DB00013E0FDF7BFFB054608E0FDF7BBFB401BFA
:106DC00041F28831884201D90320FAE477487030D3
:106DD0000068C0F340000028EFD1606A00287DD031
:106DE00072481030006800F03800182877D0606AC8
:106DF000022875D16D48006820F080706B490860EA
:106E0000FDF798FB054606E0FDF794FB401B0228C2
:106E100001D90320D5E465480068C0F3406000282C
:106E2000F2D100BFD4E90A1041EA00105F492831CD
:106E3000096840F2F332914308435C492831086005
:106E4000208E401EC0F30800616B491E4FF47E4245
:106E500002EA41210843218F491ED20102EA014181
:106E600008433C21095D491E120202EA0161084300
:106E70004E493031086000BF081F006820F0010053
:106E8000091F08604948343000684FF6F87188439C
:106E9000A16C40EAC10045493431086043482C30B8
:106EA000006820F00C00216C084340492C31086038
:106EB0000846006820F00200616C08433B492C3111
:106EC00008600846006840F48030086008460068A2
:106ED00040F4003008600846006802E06AE038E0EC
:106EE0001FE040F4802008600846006840F0010080
:106EF00008602E48006840F080702C490860FDF75B
:106F000019FB054606E0FDF715FB401B022801D9D9
:106F1000032056E425480068C0F340600028F2D002
:106F200048E02248006820F0807020490860FDF7A2
:106F300001FB054606E0FDF7FDFA401B022801D9DA
:106F400003203EE419480068C0F340600028F2D1F5
:106F500030E0164828300768144830300668606A08
:106F6000012821D007F00301A06A81421CD1C7F398
:106F70000511E06A884217D1C6F30801206B401E54
:106F8000814211D1606B401EC6F3462188420BD16D
:106F9000A06B401EC6F30641884205D1E06B401E3F
:106FA000C6F30661884205D001200AE40044025875
:106FB00000480258002004E470477047704770474B
:106FC0007047000070B50446E56A2068406BC0F366
:106FD000C03030B105F0080018B1204603F004FAC3
:106FE00026E12068406BC0F30020002876D04FF4E3
:106FF0008070216888632068C06B4CF23A11884326
:107000002168C8632068C06B20F080502168C86385
:107010002068C06820F040002168C86005F00800C2
:1070200030B305F0020010B905F0200050B120681F
:1070300003F0AAF806462EB1606B30436063204629
:10704000FFF7BEFF7B4821688863012084F8300089
:107050000020E06205F0010010B905F0020018B14F
:10706000204600F0E9F8E3E0204600F0EAF8DFE02F
:1070700005F080000028B3D00020216888622168D4
:10708000C8622168086505F0020010B905F020000B
:1070900050B1206803F078F806462EB1606B30439B
:1070A00060632046FFF78CFF012084F83000002049
:1070B000E06205F0100010B905F0200010B1204684
:1070C00000F0BFF805F0010018B905F00200002833
:1070D00086D0204600F0B0F8AAE0FFE72068406BB9
:1070E000C0F3803030B105F0080018B1204603F03D
:1070F0009CF99DE02068406B00F03A0008B1012047
:1071000000E00020002870D02068406BC0F34000F1
:1071100018B1606B40F0020060632068406BC0F300
:10712000C00018B1606B40F0080060632068406BDD
:10713000C0F3401018B1606B40F02000606320681D
:10714000406BC0F3001018B1606B40F0100060633A
:107150003848216888632068C06B20F49D702168DE
:10716000C8632068C06820F040002168C8602068BB
:10717000C06A40F400502168C8622068C06840F0CE
:1071800080002168C860206802F0FEFF616B084340
:1071900060632068C06820F080002168C8604FF4F8
:1071A00000602168886305F0080040B1012084F880
:1071B00030000020E0622046FFF702FF38E005F0D3
:1071C000800030B3606B20B32068C06B20F080502B
:1071D0002168C863002021680865012084F8300018
:1071E0002046FFF7EDFE23E0FFE72068406BC0F389
:1071F000007070B14FF08050216888632068006D86
:1072000000F0040050B905F0200018B12046FFF747
:10721000D6FE0DE02046FFF7D0FE09E005F0200085
:1072200018B12046FFF7CAFE02E02046FFF7C4FE71
:1072300070BD00003A0F001810B50446F9F730FE93
:1072400010BD10B50446F9F731FE10BD70470000BF
:107250002DE9F05F0446206807692068D0F81480A3
:1072600007EA08052068D0F808904FF0000A94F863
:107270008160206800F1300B05F0400070B905F026
:10728000200058B905F00400042807D12046616F9A
:1072900088472046216F88474FF0010A05F04000DB
:1072A00050B905F0010038B105F0040020B92046BE
:1072B000216F88474FF0010A05F0200058B905F00A
:1072C0000200022807D105F0040020B92046616FB2
:1072D00088474FF0010ABAF1000F01D0BDE8F09FD6
:1072E00005F00800082872D12068806940F0080085
:1072F000216888612068806940F0100021688861F9
:107300002068806940F40060216888612068006915
:1073100020F008002168086109F4404048B1042EBB
:1073200002D0A06FC06920B1032E3DD0E06FC069CC
:10733000C8BB2068806800F4404038BB22E0E068A9
:107340000F2807D92068006B616E0860606E001D11
:10735000606612E0E068072807D9BBF80000616E9C
:107360000880606E801C606607E0206890F830003E
:10737000616E0870606E401C6066B4F86A00401E62
:10738000A4F86A00B4F86A000028D8D1204603F0B7
:107390007DF8012084F88100D4F8840018B12046DB
:1073A000FFF754FF9AE7FFE7052E03D1204600F0D0
:1073B0003FFD0AE0042E03D1204600F034FB04E038
:1073C000032E02D1204600F032FD87E7FFE708F4E4
:1073D0000060B0F5006F0AD107F00800082806D158
:1073E0002068806940F400602168886176E705F4D0
:1073F000587000287DD005F0400058B1D4F88400C2
:1074000040F00400C4F884002068806940F0400027
:107410002168886105F4007058B1D4F8840040F008
:107420000100C4F884002068806940F4007021687D
:10743000886105F4807058B1D4F8840040F00800E9
:10744000C4F884002068806940F4807021688861F5
:1074500005F0200058B1D4F8840040F08000C4F852
:1074600084002068806940F0200021688861D4F899
:107470008400A8B32068006820F00100216808603B
:107480002068006940F26B3188432168086109F483
:107490004040B0F5404F25D12068806820F440403E
:1074A00021688860E06F60B11348E16F0865E06FA4
:1074B000FBF7D2FC28B1D4F8840040F04000C4F8B7
:1074C0008400A06F60B10C48A16F0865A06FFBF746
:1074D000C3FC28B1D4F8840040F04000C4F8840014
:1074E00006E006E0012084F881002046FFF7AEFEAA
:1074F000F4E600BFF2E6000063A5000870B504469C
:107500000CB9012070BD606A00B900BF0021A16202
:107510005749206888420CD056492068884208D0D4
:1075200055492068884204D0E0680F2801D901201D
:10753000E8E7204603F023F805464D4920688842D5
:1075400009D04C492068884205D04B4920688842C0
:1075500001D0082D0DD846492068884207D04549FA
:107560002068884203D044492068884203D1102D06
:1075700001D90120C6E794F8810028B9002084F8D9
:107580008000204600F07AF8022084F8810020680C
:10759000006820F00100216808602068806800F41D
:1075A000F816A069B0F1806F11D16068B0F5800F56
:1075B00001D1A06B28B1606848B9A06BB0F1805FC1
:1075C00005D12068006840F4805021680860A16AF5
:1075D000E06908433043E16B0843E16808432168F0
:1075E0008860616A606B0843A16B0843A169084326
:1075F0002169084361690843216A084361680843B7
:10760000E16C0843A1680843A16C0843A16D0843DD
:107610002168C860606878B92068806820F4C0502C
:1076200040F40060216888602068806820F4C060B1
:1076300040F48060216888602068006D20F00100BF
:1076400021680865606800F48000B0F5800F07D1FC
:107650002068C06820F00040616D08432168C86060
:107660000020C4F88400012084F88100002049E74C
:107670000030014000380040003C004010B5B6B07A
:107680000446142131A8F8F76DFEBC2102A8F8F7D2
:1076900069FE2F492068884258D18014029000204A
:1076A000199002A8FDF7E6FF08B1FAF7AEFC00BF9B
:1076B0002848006840F48050264908600846006861
:1076C00000F48050019000BF00BF00BF2148103877
:1076D000006840F001001F49103908600846006842
:1076E00000F00100019000BF00BFE02031900220B7
:1076F00032900020339034900520359031A91648FF
:10770000FCF706FE15481649086025204860002150
:1077100013488160C1604FF48061016100214161C3
:107720008161C16101624162FCF7DEFA08B1FAF7DA
:107730006CFC00BF0A48E067846300BF002206219A
:107740002320FDF711F82320FCF7FAFF36B010BD17
:1077500000300140F044025800000258100002407E
:107760000C0400242DE9F84F0446884616461D46B1
:107770004FF0000A206800F130096068B0F5800F12
:107780000DD1A06858B9042084F8810033464246E0
:1077900041462046009500F047F9BDE8F88F00BF4C
:1077A00094F88000012801D10220F6E7012084F836
:1077B000800000BFFCF7BEFE074694F88100012858
:1077C00008D04FF0020A00BF002084F8800000BFFC
:1077D0005046E2E7B8F1000F00D046B94FF0010A79
:1077E00000BF002084F8800000BF5046D5E7042089
:1077F0005C3484F825000020A062C4F80880A681CB
:10780000E6812060A080E0806061A0615C3CA068AF
:10781000B0F5C02F05D12068006820F40060216811
:107820000860206840686FF30F00304321684860AB
:107830002068006840F00100216808606068B0F5C9
:10784000800F05D12068006840F40070216808604E
:10785000E0680F2833D92DE02068406948F208011C
:10786000084060B12068006B616E0860606E001DAA
:107870006066B4F86A00401EA4F86A001AE0FCF7DB
:1078800059FEC01BA84201D3681C00B995B9204617
:1078900002F0FCFD00BF002084F8800000BFD4F897
:1078A000840040F48070C4F88400012084F88100D2
:1078B000032072E7B4F86A000028CDD1A1E0E068A7
:1078C000072844D93EE02068406900F46040F0B1E8
:1078D0002068406900F4004060B12068006B616E70
:1078E0000860606E001D6066B4F86A00801EA4F82F
:1078F0006A0027E0B9F80000616E0880606E801CA5
:107900006066B4F86A00401EA4F86A001AE0FCF74A
:1079100011FEC01BA84201D3681C00B995B92046CE
:1079200002F0B4FD00BF002084F8800000BFD4F84E
:10793000840040F48070C4F88400012084F8810041
:1079400003202AE7B4F86A000028BCD159E054E0CB
:107950002068406900F4604098B32068406900F4F2
:10796000004060B12068006B616E0860606E001DB1
:107970006066B4F86A00001FA4F86A003DE0206861
:10798000406900F4C040B0F5005F0CD9B9F80000C0
:10799000616E0880606E801C6066B4F86A00801EAC
:1079A000A4F86A0029E0206890F83000616E087041
:1079B000606E401C6066B4F86A00401EA4F86A005D
:1079C0001BE0FFE7FCF7B6FDC01BA84201D3681C13
:1079D00000B995B9204602F059FD00BF002084F897
:1079E000800000BFD4F8840040F48070C4F88400A4
:1079F000012084F881000320CFE6B4F86A00002853
:107A0000A6D1204602F042FD00BF002084F880008D
:107A100000BF012084F88100D4F8840008B101205F
:107A2000BBE65046B9E670472DE9FF4F85B00446E6
:107A30008A461F46129E0020049020682030039042
:107A400020683030029000BF94F88000012803D1F4
:107A5000022009B0BDE8F08F012084F8800000BF4B
:107A6000FCF768FD81463D46A84694F881B0606801
:107A70000190BBF1010F11D00198B0F5800F04D136
:107A8000A06810B9BBF1040F08D00220049000BF19
:107A9000002084F8800000BF0498DAE7BAF1000FF4
:107AA00002D0079800B147B90120049000BF002020
:107AB00084F8800000BF0498CBE794F88100042884
:107AC00002D0052084F881000020C4F884000798C3
:107AD0006066A4F86A70A4F86870C4F85CA0A4F8A2
:107AE0006270A4F8607000202067606720684068BA
:107AF0006FF30F003843216848602068006840F049
:107B00000100216808606068B0F5800F05D1206829
:107B1000006840F4007021680860E0680F284ED9C2
:107B200047E02068406900F0020002280ED16DB1E4
:107B3000E06D006821680862E06D001DE065B4F842
:107B40006200401EA4F86200B4F8625020684069E8
:107B500048F20801084080B1B8F1000F0DD020684C
:107B6000006B616E0860606E001D6066B4F86A00AC
:107B7000401EA4F86A00B4F86A80FCF7DBFCA0EBB6
:107B80000900B04201D3701C00B996B9204602F03A
:107B90007DFC00BF002084F8800000BFD4F8840082
:107BA00040F48070C4F88400012084F88100032030
:107BB0004FE7002DB5D1B8F1000FB2D117E1E06861
:107BC000072874D96CE02068406900F002000228A0
:107BD00020D1FDB1012D10D9E06B70B1E06D0068CE
:107BE00021680862E06D001DE065B4F86200801E47
:107BF000A4F86200B4F862500CE054F85C0F0188FD
:107C0000039801802068801C2060E088401EE0808E
:107C1000E5885C3C2068406900F4604020B3B8F11E
:107C2000000F21D02068406900F4004070B1206846
:107C3000006B616E0860606E001D6066B4F86A00DB
:107C4000801EA4F86A00B4F86A800DE002980088EB
:107C500054F8641F08802068801C2060E088401E63
:107C6000E080B4F80680643CFCF764FCA0EB0900FB
:107C7000B04201D3701C00B996B9204602F006FC50
:107C800000BF002084F8800000BFD4F8840040F4D6
:107C90008070C4F88400012084F881000320D8E6B5
:107CA000002D90D1B8F1000F8DD1A0E0FFE798E052
:107CB0002068406900F00200022835D125B3032D69
:107CC00011D9E06B40280ED9E06D00682168086288
:107CD000E06D001DE065B4F86200001FA4F86200CA
:107CE000B4F8625020E0012D0FD9E06B68B154F870
:107CF0005C0F0188039801802068801C2060E08868
:107D0000801EE080E5885C3C0EE0E06D0078216834
:107D100081F82000E06D401CE065B4F86200401E70
:107D2000A4F86200B4F862502068406900F4604032
:107D300058B3B8F1000F38D02068406900F4004013
:107D400070B12068006B616E0860606E001D606637
:107D5000B4F86A00001FA4F86A00B4F86A8024E04E
:107D60002068406900F4C040B0F5005F0ED9029869
:107D7000008854F8641F08802068801C2060E08818
:107D8000801EE080B4F80680643C0EE0206890F825
:107D90003000616E0870606E401C6066B4F86A0066
:107DA000401EA4F86A00B4F86A80FCF7C3FBA0EB9D
:107DB0000900B04201D3701C00B996B9204602F008
:107DC00065FB00BF002084F8800000BFD4F8840069
:107DD00040F48070C4F88400012084F881000320FE
:107DE00037E6002D7FF464AFB8F1000FFAD14B46AF
:107DF000002208212046009602F0CEFB28B1D4F8DC
:107E0000840040F02000C4F88400204602F03EFBCD
:107E100000BF002084F8800000BF012084F88100AA
:107E2000D4F8840008B1012013E6049811E67047E5
:107E300070470000034A126882430A43014B1A60EC
:107E4000704700000404005870B504462546681EBB
:107E5000B0F1807F01D301200FE0681E4FF0E021D8
:107E600048610F214FF0FF3003F08EFC00204FF0EF
:107E7000E021886107200861002070BD70477047CD
:107E80007047000030B502460B4600BF92F83C0038
:107E9000012801D1022030BD012082F83C0000BF42
:107EA000022082F83D001068416810688468214D06
:107EB0001068A84203D0204D1068A84203D121F4D5
:107EC00070015868014321F070011868014310687F
:107ED0004160184D1068A8421BD01068B0F1804F67
:107EE00017D0164D1068A84213D0154D1068A8423F
:107EF0000FD0144D1068A8420BD00F4D1068A84247
:107F000007D0114D1068A84203D0104D1068A84248
:107F100005D124F08004986804431068846001202F
:107F200082F83D0000BF002082F83C0000BF00BF87
:107F3000B1E70000000001400004014000040040DF
:107F400000080040000C00400018004000400140C4
:107F500010B504460CB9012010BD94F83D0028B9B5
:107F6000002084F83C00204600F02AF8022084F823
:107F70003D00211D206802F07BFD012084F84800AF
:107F800000BF84F83E0001213F20015540200155EB
:107F900041200155422001554320015500BF00BF3B
:107FA000012084F844004520015546200155472012
:107FB000015500BF012084F83D000020CCE70000FF
:107FC00038B504463249206888420DD100BF314897
:107FD000006840F010002F4908600846006800F073
:107FE0001000009000BF51E02B492068884216D154
:107FF00000BF2848006840F0200026490860084675
:10800000006800F02000009000BF00BF0022114671
:108010003720FCF7A9FB3720FCF792FB36E01F491D
:108020002068884216D100BF1A48006840F08000DE
:10803000184908600846006800F08000009000BF02
:1080400000BF00220A212C20FCF78EFB2C20FCF71D
:1080500077FB1BE012492068884217D100BF0D480A
:108060000830006840F480200A490831086008465A
:10807000006800F48020009000BF00BF01220221B0
:108080007620FCF771FB7620FCF75AFB38BD000028
:1080900000100040E844025800140040001C00405A
:1080A00000480140014691F83D00012801D001201F
:1080B0007047022081F83D000868C06840F0010068
:1080C0000B68D8601C4B086898421BD00868B0F158
:1080D000804F17D0194B0868984213D0184B086886
:1080E00098420FD0174B086898420BD0164B08687F
:1080F000984207D0154B0868984203D0144B086883
:10810000984210D108688068124B00EA0302062AE0
:108110000FD0B2F5803F0CD00868006840F0010035
:108120000B68186005E00868006840F001000B6803
:1081300018600020BCE7000000000140000400407F
:1081400000080040000C00400004014000180040FE
:108150000040014007000100014600BF0868006AB6
:1081600041F21112104050B90868006A9210104094
:1081700028B90868006820F001000A68106000BF94
:10818000012081F83D000020704701460868C06862
:1081900020F001000A68D06000BF0868006A41F260
:1081A0001112104050B90868006A9210104028B9A6
:1081B0000868006820F001000A68106000BF012014
:1081C00081F83D0000207047704710B504462068D4
:1081D0000069C0F34000D8B12068C068C0F3400017
:1081E000B0B16FF00200216808610120207720689B
:1081F000806900F0030018B12046FFF7E5FF05E0B5
:10820000204600F07FF9204600F00CFC002020778B
:1082100020680069C0F38000D8B12068C068C0F34E
:108220008000B0B16FF0040021680861022020775F
:108230002068806900F4407018B12046FFF7C4FF41
:1082400005E0204600F05EF9204600F0EBFB002040
:10825000207720680069C0F3C000D8B12068C068EA
:10826000C0F3C000B0B16FF00800216808610420BD
:1082700020772068C06900F0030018B12046FFF79E
:10828000A3FF05E0204600F03DF9204600F0CAFBC0
:108290000020207720680069C0F30010D8B1206862
:1082A000C068C0F30010B0B16FF010002168086121
:1082B000082020772068C06900F4407018B120467B
:1082C000FFF782FF05E0204600F01CF9204600F091
:1082D000A9FB002020772068006900F0010058B158
:1082E0002068C06800F0010030B16FF00100216823
:1082F0000861204600F0BCFC20680069C0F3C01093
:1083000058B12068C068C0F3C01030B16FF0800071
:10831000216808612046FFF7B2FD20680069C0F3BC
:10832000002058B12068C068C0F3C01030B16FF4AD
:108330008070216808612046FFF7A0FD2068006971
:10834000C0F3801058B12068C068C0F3801030B10D
:108350006FF0400021680861204600F04FFD206862
:108360000069C0F3401058B12068C068C0F34010E5
:1083700030B16FF02000216808612046FFF780FDD2
:1083800010BD000010B586B00446142101A8F7F70F
:10839000E9FF3149206888421AD100BF2F480068A0
:1083A00040F004002D4908600846006800F0040011
:1083B000009000BF00BF40200190022002900020EA
:1083C000039004900220059001A92548FBF7A0FF27
:1083D0002449206888421CD100BF2048006840F032
:1083E00008001E4908600846006800F00800009078
:1083F00000BF00BF4FF4A040019002200290002077
:10840000039004900220059001A91748FBF780FF14
:108410001FE01649206888421BD100BF0F48006842
:1084200040F002000D4908600846006800F00200B4
:10843000009000BF00BF4FF48040019002200290E6
:108440000020039004900220059001A90848FBF742
:108450005FFF06B010BD000000040040E044025879
:108460000008025800080040000C025800180040A4
:10847000000402582DE9F04104460E461546002737
:1084800000BF94F83C00012802D10220BDE8F08131
:10849000012084F83C0000BF0C2D1AD005DC4DB142
:1084A000042D0CD0082D23D10EE0102D16D0142D44
:1084B0001ED118E03146206802F052FB1AE0314626
:1084C000206802F0A3FB15E03146206802F0F8FBBB
:1084D00010E03146206802F04DFC0BE03146206888
:1084E00002F082FC06E03146206802F0B5FC01E0B3
:1084F000012700BF00BF00BF002084F83C0000BF80
:108500003846C3E7704710B504460CB9012010BDCA
:1085100094F83D0028B9002084F83C00204600F083
:1085200029F8022084F83D00211D206802F0A0FAFD
:10853000012084F8480000BF84F83E0001213F205C
:10854000015540200155412001554220015543204D
:10855000015500BF00BF012084F8440045200155AB
:10856000462001554720015500BF012084F83D00F9
:108570000020CCE708B5094A016891420DD100BF3F
:108580000749096841F00401054A1160114609686C
:1085900001F00401009100BF00BF08BD00080040C9
:1085A000E844025870B504460D4615B994F83E00EB
:1085B00015E0042D02D13F20005D10E0082D02D10E
:1085C0004020005D0BE00C2D02D14120005D06E053
:1085D000102D02D14220005D01E04320005D012802
:1085E00001D0012070BD1DB9022084F83E001AE0C0
:1085F000042D03D102213F20015514E0082D03D1A1
:108600000221402001550EE00C2D03D10221412012
:10861000015508E0102D03D102214220015502E04E
:1086200002214320015501222946206802F086FAE2
:108630002B49206888420FD02A49206888420BD0F5
:1086400029492068884207D028492068884203D0F9
:1086500027492068884201D1012000E0002028B18C
:108660002068406C40F40040216848641C49206840
:1086700088421BD02068B0F1804F17D01D49206878
:10868000884213D01C49206888420FD01B492068BB
:1086900088420BD013492068884207D018492068C7
:1086A000884203D010492068884210D12068806831
:1086B000144900EA0106062E0FD0B6F5803F0CD013
:1086C0002068006840F001002168086005E020682B
:1086D000006840F0010021680860002082E7000087
:1086E00000000140000401400040014000440140FE
:1086F000004801400004004000080040000C004019
:10870000001800400700010030B504460D46002265
:108710002946206802F012FA2F49206888420FD0BB
:108720002E49206888420BD02D492068884207D006
:108730002C492068884203D02B492068884201D107
:10874000012000E0002090B100BF2068006A41F2E3
:108750001111084050B92068006A8910084028B9F2
:108760002068406C20F400402168486400BF00BFCE
:108770002068006A41F21111084050B92068006A6F
:108780008910084028B92068006820F0010021689D
:10879000086000BF1DB9012084F83E001AE0042DD6
:1087A00003D101213F20015514E0082D03D10121FF
:1087B000402001550EE00C2D03D10121412001552F
:1087C00008E0102D03D101214220015502E00121D2
:1087D00043200155002030BD00000140000401404D
:1087E0000040014000440140004801402DE9F041B3
:1087F00004460D461646002700BF94F83C000128A9
:1088000002D10220BDE8F081012084F83C0000BFC5
:108810000C2E51D005DC4EB1042E1ED0082E7AD17C
:1088200033E0102E60D0142EF9D175E0294620686F
:1088300002F096F92068806940F00800216888619C
:108840002068806920F004002168886120688069C0
:10885000296908432168886178E02946206802F088
:10886000D5F92068806940F400602168886120683B
:10887000806920F4806021688861206880692969A6
:1088800040EA01202168886160E02946206802F002
:1088900017FA2068C06940F008002168C8612068A4
:1088A000C06920F004002168C8612068C069296996
:1088B00008432168C86149E02946206802F05AFA55
:1088C0002068C06940F400602168C8612068C06900
:1088D00020F480602168C8612068C069296940EA85
:1088E00001202168C86131E02946206802F07CFA45
:1088F0002068406D40F00800216848652068406DA0
:1089000020F00400216848652068406D296908430B
:10891000216848651AE017E02946206802F09CFAB1
:108920002068406D40F40060216848652068406D13
:1089300020F48060216848652068406D296940EA1C
:1089400001202168486501E0012700BF00BF00BF8A
:10895000002084F83C0000BF384653E710B50446B9
:108960000CB9012010BD94F83D0028B9002084F80E
:108970003C00204600F02AF8022084F83D00211D2A
:10898000206802F075F8012084F8480000BF84F8E0
:108990003E0001213F200155402001554120015555
:1089A000422001554320015500BF00BF012084F83B
:1089B000440045200155462001554720015500BF80
:1089C000012084F83D000020CCE7000008B5124AE1
:1089D000016891420DD100BF1049096841F00201C0
:1089E0000E4A11601146096801F00201009100BFB2
:1089F00011E00B4A016891420DD100BF0749096897
:108A000041F04001054A11601146096801F040013A
:108A1000009100BF00BF08BD00040040E8440258B8
:108A2000001800407047000070B504460D4615B9A7
:108A300094F83E0015E0042D02D13F20005D10E0C7
:108A4000082D02D14020005D0BE00C2D02D1412009
:108A5000005D06E0102D02D14220005D01E04320C0
:108A6000005D012801D0012070BD1DB9022084F8ED
:108A70003E001AE0042D03D102213F20015514E0ED
:108A8000082D03D10221402001550EE00C2D03D109
:108A900002214120015508E0102D03D1022142207E
:108AA000015502E002214320015501222946206898
:108AB00002F044F82B49206888420FD02A492068E8
:108AC00088420BD029492068884207D0284920686D
:108AD000884203D027492068884201D1012000E064
:108AE000002028B12068406C40F4004021684864B0
:108AF0001C49206888421BD02068B0F1804F17D0F5
:108B00001D492068884213D01C49206888420FD034
:108B10001B49206888420BD013492068884207D03F
:108B200018492068884203D010492068884210D133
:108B300020688068144900EA0106062E0FD0B6F5B9
:108B4000803F0CD02068006840F001002168086078
:108B500005E02068006840F00100216808600020FE
:108B600082E7000000000140000401400040014095
:108B7000004401400048014000040040000800405B
:108B8000000C0040001800400700010030B504460A
:108B90000D4600222946206801F0D0FF2F492068A9
:108BA00088420FD02E49206888420BD02D4920687A
:108BB000884207D02C492068884203D02B4920687E
:108BC000884201D1012000E0002090B100BF206860
:108BD000006A41F21111084050B92068006A8910FA
:108BE000084028B92068406C20F40040216848649F
:108BF00000BF00BF2068006A41F21111084050B95F
:108C00002068006A8910084028B92068006820F0B0
:108C100001002168086000BF1DB9012084F83E00F2
:108C20001AE0042D03D101213F20015514E0082D45
:108C300003D10121402001550EE00C2D03D101216B
:108C40004120015508E0102D03D10121422001559A
:108C500002E0012143200155002030BD0000014009
:108C60000004014000400140004401400048014030
:108C700010B504464F492068884202D101204E4970
:108C800008704E492068884255D101204C4908702F
:108C90004C4800780A2807D04A480078142803D0A6
:108CA0004848007837283BD147480078002837D11A
:108CB00046480078401C45490870084600780A2854
:108CC00007DB43480078401C4149087000203F49B9
:108CD00008703F4800780A2807DB3E480078401CAF
:108CE0003C49087000203A4908703A4800780A2840
:108CF00009DB344800780A2805D10120364908707C
:108D0000314908700CE033480078142808DB2D48FE
:108D10000078142804D10120304908702A490870CD
:108D200029480078012806D10020284908702849E0
:108D30000870284908702A492068884238D1294893
:108D40000088401C274908800846008840F6C41166
:108D5000884209DD0120244908700020214908804B
:108D60002248FFF7F9F923E021481E490988405CB1
:108D700030B12048006840F480401E49086005E09A
:108D80001C48006840F080401A4908601A4815499C
:108D90000988405C30B11748006840F4805015499C
:108DA000086005E01348006840F0805011490860F1
:108DB00010BD0000001400403A020024001C0040D6
:108DC0005C00002415020024140200246500002425
:108DD0006600002467000024110200241002002411
:108DE0000048014070000024640000244C06002468
:108DF000C8D20008180C02588CDC000870470146E5
:108E000000BF91F88000012801D1022070470120A5
:108E100081F8800000BF2420C1F88400086802683F
:108E20000868006820F001000B68186022F000520A
:108E300000204866086802602020C1F8840000BF56
:108E4000002081F8800000BF00BFDFE770B5044656
:108E50000D4600BF94F88000012801D1022070BDAA
:108E6000012084F8800000BF2420C4F8840020681A
:108E700006682068006820F001002168086020680A
:108E8000806820F06060284321688860204602F0F6
:108E900037F8206806602020C4F8840000BF002056
:108EA00084F8800000BF00BFD9E770B504460D46C6
:108EB00000BF94F88000012801D1022070BD01207C
:108EC00084F8800000BF2420C4F88400206806686D
:108ED0002068006820F00100216808602068806830
:108EE00020F06040284321688860204602F008F89E
:108EF000206806602020C4F8840000BF002084F8A9
:108F0000800000BF00BFD9E710B504460CB90120AE
:108F100010BDA06900B100E000BFD4F8840028B9FA
:108F2000002084F88000204600F02AF82420C4F8AD
:108F300084002068006820F0010021680860204655
:108F400002F0C2F8012800D1E2E7A06A10B1204681
:108F500002F002F82068406820F4904021684860E0
:108F60002068806820F02A002168886020680068F6
:108F700040F0010021680860204602F069F8C7E768
:108F800010B5B6B00446142131A8F7F7EBF9BC21AF
:108F900002A8F7F7E7F93C492068884236D101205A
:108FA00002900020209002A8FCF764FB08B1F9F7BA
:108FB0002CF800BF3548006840F0100033490860C5
:108FC0000846006800F01000019000BF00BF00BF1D
:108FD0002E481038006840F001002C491039086014
:108FE0000846006800F00100019000BF00BF4FF488
:108FF000C0603190022032900020339034900720DE
:10900000359031A92248FBF783F93BE021492068DC
:10901000884237D10220029000201F9002A8FCF75E
:1090200029FB08B1F8F7F1FF00BF184808380068BD
:1090300040F480201549083908600846006800F4AB
:109040008020019000BF00BF00BF104810380068AA
:1090500040F008000D49103908600846006800F02B
:109060000800019000BF00BF4FF440703190022013
:1090700032900020339034900720359031A9064873
:10908000FBF746F936B010BD00100140F04402581D
:109090000000025800480040000C02582DE9F84F2B
:1090A00004460E4617469946D4F8840020285ED11F
:1090B00006B117B90120BDE8F88F00BF94F8800011
:1090C000012801D10220F6E7012084F8800000BFCA
:1090D00000205434A06321202063FBF72BFA824642
:1090E00027806780543CA068B0F5805F04D1206978
:1090F00010B90025B04602E035464FF0000800BF29
:10910000002084F8800000BF1DE05346002280212B
:109110002046CDF8009002F09DFA08B10320CAE77E
:1091200045B9B8F80000C0F308002168886208F16A
:10913000020803E02878216888626D1CB4F85600A4
:10914000401EA4F85600B4F856000028DDD153465E
:10915000002240212046CDF8009002F07BFA08B1B1
:109160000320A8E72020C4F884000020A3E7022001
:10917000A1E7000010B513480078012820D1002095
:1091800010490870104800784006000E0E4908701B
:1091900020210E48FBF7BAF90B49097808430A4920
:1091A0000870084600780F2803D10020084908708D
:1091B00006E005480078F02802D1802005490870B3
:1091C00010BD00003A0200243802002400040258B6
:1091D000390200244600002402A002F0BDFA00BFBC
:1091E000FEE70000486172644661756C745F486117
:1091F0006E646C65720D0A0010B50024002007E053
:10920000C0F103020749895C820091400C44401C74
:109210000428F5DB04220449204603F01FFA024823
:1092200010BD0000510000249502002400B585B057
:1092300014216846F7F796F8382000900120019035
:1092400069460248FBF764F805B000BD000C0258FF
:1092500010B5FFF7EBFF0520FAF7D6FF302000F03E
:1092600073F80520FAF7D0FF012000F06DF8052013
:10927000FAF7CAFF022000F067F80520FAF7C4FFEA
:10928000062000F061F80520FAF7BEFF0C2000F080
:109290005BF80520FAF7B8FF10BD00008168024AAC
:1092A0001140491C81607047C0FFFF7F01468868FC
:1092B00000F4404070470146886800F01F00704786
:1092C00001468868C0F3C000704701468868C0F353
:1092D000400070470146886800F001007047014671
:1092E0008868C0F30070704701468868C0F380004A
:1092F00070470146C86800F4406008B90120704713
:109300000020FCE78168024A1140091D8160704716
:10931000C0FFFF7F70B500F11404C1F3406504EB9A
:1093200085031C68C1F304560725B540AC43C1F35F
:10933000045502FA05F52C431C6070BD826822F0CA
:10934000E0720A438260704710B504460122202172
:109350000A48FBF7E3F8F82001F040F904F0F000C8
:1093600001F03CF9F02101EA041001F037F9002284
:1093700020210248FBF7D2F810BD0000000C025873
:1093800010B50446012220210A48FBF7C7F8FA204D
:1093900001F024F904F0F00001F020F9F02101EAD5
:1093A000041001F01BF9002220210248FBF7B6F857
:1093B00010BD0000000C02581FB500200090019065
:1093C00002900390FBF752F901208DF80000002075
:1093D0008DF801004FF01050019012208DF8080018
:1093E00000208DF8090001208DF80A0003208DF877
:1093F0000B0000208DF80C008DF80D0001208DF879
:109400000E008DF80F006846FBF702F90420FBF709
:1094100043F91FBD00B587B01C216846F6F7A2FFCF
:109420001A481B49086000204860002118488160E4
:10943000C160042101610021017541750121816133
:109440000021017741628162C1620163416380F85A
:109450003810F9F71DFA08B1F8F7D7FD0D4800905C
:10946000062001900020029040F2FF70039004203B
:109470000490002005908DF8190069460448F8F71B
:1094800061FF08B1F8F7C1FD07B000BD00600258E8
:10949000A40200240200300408B500BF0A48006896
:1094A00040F00100084908600846006800F001002B
:1094B000009000BF00BF002207210B20FBF754F9EA
:1094C0000B20FBF73DF908BDD844025800B587B022
:1094D000142102A8F6F746FF00BF7548006840F067
:1094E0001000734908600846006800F01000019001
:1094F00000BF00BF00BF0846006840F08000086061
:109500000846006800F08000019000BF00BF00BF67
:109510000846006840F0040008600846006800F053
:109520000400019000BF00BF00BF0846006840F083
:10953000010008600846006800F00100019000BFCB
:1095400000BF00BF0846006840F0020008600846FF
:10955000006800F00200019000BF00BF00BF084695
:10956000006840F0080008600846006800F0080045
:10957000019000BF00BF002216214E48FAF7CEFF2F
:10958000002210214C48FAF7C9FF002240F21F3197
:109590004A48FAF7C3FF002240F201714848FAF73F
:1095A000BDFF00224AF2F8014648FAF7B7FF04204F
:1095B000029000200390049002A94148FAF7A8FE07
:1095C0000120029000200390049002A93948FAF784
:1095D0009FFE162002900120039000200490059029
:1095E00002A93448FAF794FE10200290012003905B
:1095F00000200490059002A92F48FAF789FE202048
:1096000002904FF4041003900120049002A92A480C
:10961000FAF77EFE40F21F300290012003900020F6
:109620000490059002A92548FAF772FE40F20170F5
:1096300002900120039000200490059002A9204888
:10964000FAF766FE4FF4604002900020039002207B
:10965000049002A91A48FAF75BFE4FF440600290AA
:10966000002003900220049002A91448FAF750FE4B
:109670004AF2F80002900120039000200490059027
:1096800002A91048FAF744FE20200290002003901F
:10969000049002A90948FAF73BFE00220521172091
:1096A000FBF762F81720FBF74BF807B000BD00008E
:1096B000E044025800000258000802580004025812
:1096C00000100258000C025810B5154815490860E2
:1096D0004FF4800048600021124881600721C1607A
:1096E0000021016141614FF0806181610021C16110
:1096F000016241628162C1624FF080414163002199
:109700008163C163016441648164C1640165416531
:109710008165FDF7F3FE08B1F8F777FC10BD000096
:10972000003001408403002400B587B01C21684646
:10973000F6F718FE1248134908600020486000211F
:1097400010488160EF21C160002101618161FFF754
:1097500005F908B1F8F759FC6020009077200190D6
:10976000002002900490002269460648FFF73EF868
:1097700008B1F8F74AFC0348FEF704FE07B000BD45
:1097800000180040B405002410B50A480A490860D2
:1097900045F6BF5048600021074881606321C160E1
:1097A000002101618161FEF7D3FB08B1F8F72DFCC0
:1097B00010BD0000001C00400006002410B50A483F
:1097C0000A49086040F27F10486000210748816024
:1097D0000921C1600021016141618161FEF7B8FB8F
:1097E00008B1F8F712FC10BD004801404C060024F7
:1097F00000B58BB00020089009900A901C2101A8A8
:10980000F6F7B0FD184819490860EF2048600021BC
:109810001648816040F27111C160002101618161CF
:10982000FFF79CF808B1F8F7F0FB002008900A90C9
:1098300008A90E48FEF726FB08B1F8F7E6FB602002
:109840000190B8200290002003900590002201A909
:109850000648FEF7CBFF08B1F8F7D7FB0348FEF741
:1098600091FD0BB000BD0000000400408404002402
:1098700000B58BB00020089009900A901C2101A827
:10988000F6F770FD204821490860214800884860AB
:1098900020211E4881601F4801881C48C1600021AA
:1098A00001618161FEF72FFE08B1F8F7AEFB0020E1
:1098B00008900A9008A91548FEF7E4FA08B1F8F7ED
:1098C000A4FB6020019014480088029000200390BF
:1098D0000590002201A90D48FEF7CCFD08B1F8F76C
:1098E00094FB702001900D4800880290082201A985
:1098F0000648FEF7BFFD08B1F8F787FB0348FEF7FF
:1099000041FD0BB000BD000000080040D004002461
:1099100000000024020000240400002406000024AB
:109920000EB500200090019002900E480E4908608C
:10993000EF20486000210C4881604FF6FE71C16045
:1099400000218161FEF704FB08B1F8F75EFB0020FF
:109950000090029069460448FEF794FA08B1F8F7BF
:1099600054FB0EBD001000401C0500240EB5002065
:109970000090019002900E480E490860EF20486068
:1099800000210C4881606321C16000218161FEF7E4
:10999000DFFA08B1F8F739FB002000900290694621
:1099A0000448FEF76FFA08B1F8F72FFB0EBD000070
:1099B000001400406805002410B5184818490860D4
:1099C0004FF4E1304860002115488160C1600161B9
:1099D0000C21416100218161C1610162416200206D
:1099E0000F4988620846FFF78FFA08B1F8F70DFBB8
:1099F00000210B48FFF759FA08B1F8F706FB0021E0
:109A00000748FFF723FA08B1F8F7FFFA0448FFF711
:109A1000F6F908B1F8F7F9FA10BD0000001001409E
:109A20009806002410B5FF2403F050FA754800781A
:109A3000802805D18024002072490870204610BD7E
:109A400002F0D6FD00287CD03220FAF7DDFB02F0D0
:109A5000CFFD0028F7D000F01FF9012240216A480D
:109A6000FAF75CFD002280216748FAF757FD0022D3
:109A700008216648FAF752FD002210216348FAF7E0
:109A80004DFD0520FAF7C0FB02F0B2FD00F01F000B
:109A900004280ED004DC012807D002280FD106E0EC
:109AA000082808D010280AD107E00C249EE00D24D5
:109AB0009CE00E249AE00F2498E0102496E000BF6A
:109AC000002240215048FAF729FD012280214E480A
:109AD000FAF724FD002208214C48FAF71FFD002266
:109AE00010214A48FAF71AFD0520FAF78DFB02F01B
:109AF0007FFD00F01F0004280ED004DC012807D0F1
:109B000002280FD106E0082808D010280AD107E063
:109B100008246BE0092469E00A2467E00B2465E06F
:109B2000202463E000BF002240213748FAF7F6FC0A
:109B3000002280213448FAF7F1FC01220821334841
:109B400000E05CE0FAF7EAFC002210212F48FAF767
:109B5000E5FC0520FAF758FB02F04AFD00F01F0073
:109B600004280ED004DC012807D002280FD106E01B
:109B7000082808D010280AD107E0042436E005247C
:109B800034E0062432E0072430E040242EE000BF19
:109B9000002240211C48FAF7C1FC002280211A480B
:109BA000FAF7BCFC002208211848FAF7B7FC01229A
:109BB00010211648FAF7B2FC0520FAF725FB02F04F
:109BC00017FD00F01F00012806D0022806D0042847
:109BD00006D0082808D105E0002407E0012405E0AC
:109BE000022403E0032401E000BF00BF03F06EF98C
:109BF00000BF02F0FDFC0028FBD1F7F7F7FE20467E
:109C00001DE7000046000024000C02580004025822
:109C100010B50446FF2C00D110BD15480078082867
:109C200021D2DFE800F004080C201014181C204694
:109C300002F032FF18E0204602F0E8FA14E0204675
:109C400003F093F910E0204603F0ECF80CE0204616
:109C500003F0CCF908E0204602F0AEFA04E020461A
:109C600002F0AAFA00E000BF00BF00BFD4E7000086
:109C70004800002402A001F06FFD00BFFEE70000D5
:109C80004D656D4D616E6167655F48616E646C65C1
:109C9000720D0A0000BFFEE710B500210148FEF773
:109CA000C3FE10BD84040024704700B5AFB0BC21D2
:109CB0006846F6F757FB4FF41020009004200190FF
:109CC000322102910521039102210491062105917F
:109CD00080210691002107910891800313900020B4
:109CE00028906846FBF7C6FC08B1F8F78EF92FB04C
:109CF00000BD00002DE9F04104460E4600275548FE
:109D0000006800F00300032802D10120BDE8F081C3
:109D100050482838006820F080604E492839086093
:109D2000FAF708FC054606E0FAF704FC401B022897
:109D300001D90320EAE7474828380068C0F3C0602B
:109D40000028F1D100BF4348006820F47C3021682E
:109D500040EA01303F490860A088401EC0F3080077
:109D6000A168491E4FF47E4202EA41210843A189BD
:109D7000491ED20102EA01410843217C491E120218
:109D800002EA0161084333491031086000BF3148DD
:109D9000001D006820F0C000616908432D49091DBD
:109DA00008600846006820F02000A169084329499E
:109DB000091D08600846006820F01000086025486A
:109DC000143000684FF6F8718843E16940EAC10039
:109DD0002049143108601F48001D006840F0100041
:109DE0001C49091D08602EB90846006840F400208F
:109DF000086012E0012E08D11648001D006840F4EA
:109E000080101449091D086007E01248001D006811
:109E100040F400100F49091D08600E4828380068FA
:109E200040F080600B4928390860FAF783FB05464B
:109E300006E0FAF77FFB401B022801D9032065E703
:109E4000044828380068C0F3C0600028F1D03846C4
:109E50005CE70000284402582DE9F04104460E4614
:109E600000275548006800F00300032802D10120B4
:109E7000BDE8F08150482838006820F080504E49F5
:109E800028390860FAF756FB054606E0FAF752FB58
:109E9000401B022801D90320EAE747482838006818
:109EA000C0F340700028F1D100BF4348006820F0A3
:109EB0007C70218840EA01503F490860A088401E1C
:109EC000C0F30800A168491E4FF47E4202EA412116
:109ED0000843A189491ED20102EA01410843217CBD
:109EE000491E120202EA0161084333491831086031
:109EF00000BF3148001D006820F4406061690843DC
:109F00002D49091D08600846006820F40070A16909
:109F100008432949091D08600846006820F480703C
:109F2000086025481C3000684FF6F8718843E169E5
:109F300040EAC10020491C3108601F48001D00682C
:109F400040F480701C49091D08602EB9084600685D
:109F500040F48000086012E0012E08D11648001D70
:109F6000006840F400001449091D086007E0124829
:109F7000001D006840F080700F49091D08600E4800
:109F80002838006840F080500B4928390860FAF7FB
:109F9000D1FA054606E0FAF7CDFA401B022801D9AE
:109FA000032065E7044828380068C0F340700028A3
:109FB000F1D038465CE700002844025810B5002470
:109FC00000224FF480710948FAF7A8FA0022012113
:109FD0000748FAF7A3FA0120FAF716F900F014F887
:109FE0000446214603A001F0B7FB10BD000402584F
:109FF000001002580D0A525443CAB1BCE4203D205F
:10A0000025730D0A0000000070B592B000240025F1
:10A0100000263422294902A8F6F78BF928A0006807
:10A02000019002AE26A58D20F7F76CFE2549086049
:10A030008920F7F767FE234948608720F7F762FE1B
:10A04000204988608520F7F75DFE1E49C86083209F
:10A05000F7F758FE1B4908618120F7F753FE1949AD
:10A06000486100BF21E00FAA02EB4401154A52F8F3
:10A070002400102202F02EFB0FA901EB4400F6F79A
:10A0800088F901280FD10FA800EB44012846F6F704
:10A0900074F90FA901EB44002946F6F781F901A9EB
:10A0A0002846F6F77DF9601CC4B2062CDBDB0FA94D
:10A0B00002A8F6F762F9304612B070BD3CD0000835
:10A0C00030000000B807002410B52DED068B0446C3
:10A0D0001F48F8F7D9FB1F49086008460068F6F7E3
:10A0E00001FB41EC1A0B9FED1C0B53EC102BF6F708
:10A0F00007FA41EC190B9FED1A0B53EC102BF6F7F6
:10A1000071FA41EC180BF6F73FFB17490860032C76
:10A1100005D1084690ED000ABDEC068B10BD092C58
:10A1200012D111480068F6F703FB41EC190B9FEDC3
:10A130000F0B53EC102BF6F7E3F941EC180BF6F785
:10A1400023FB00EE100AE7E79FED0A0AE4E70000B0
:10A15000A4020024680000246666666666660A40FB
:10A1600000000000E0FFEF406C000024C3F5285C15
:10A170008FC205400000000010B50248FCF722FF26
:10A1800010BD00000803002430B585B0044600204F
:10A1900000900C2001904FF48070029000200390FA
:10A1A0004FF480500490E06840F08000E060E06888
:10A1B00020F04000E0606946204600F0F9F8084AC7
:10A1C0000C21204600F00EF80546E06820F08000E3
:10A1D000E060B5F1007F00D10025284605B030BD14
:10A1E00000E1F5052DE9F04305460F469046664827
:10A1F0000068C0084FF47A71B0FBF1F000FB08F979
:10A2000000BFB9F10000A9F1010903D14FF00040EE
:10A21000BDE8F0836E6B5D4830400028F1D006F455
:10A2200000500028EDD1686B00F0040010B104204C
:10A23000A863EDE7686B00F0010010B10120A8638E
:10A24000E6E752488030A863284600F0A3F8B842F9
:10A2500001D00120DCE70021284600F09FF80446E9
:10A260004B48204008B90020D2E704F00040B0F18C
:10A27000004F02D14FF00070CAE704F08040B0F107
:10A28000804F01D14020C3E704F00050B0F1005FDF
:10A2900001D18020BCE704F08050B0F1805F02D192
:10A2A0004FF48070B4E704F00060B0F1006F02D1A9
:10A2B0004FF40070ACE704F08060B0F1806F02D121
:10A2C0004FF48060A4E704F08070B0F1807F02D189
:10A2D0004FF400609CE704F40000B0F5000F02D1D9
:10A2E0004FF4805094E704F48000B0F5800F02D161
:10A2F0004FF400508CE704F40010B0F5001F02D1B9
:10A300004FF4804084E704F48010B0F5801F02D140
:10A310004FF400407CE704F48020B0F5802F02D198
:10A320004FF4003074E704F40030B0F5003F02D180
:10A330004FF480206CE704F48030B0F5803F02D108
:10A340004FF4002064E704F40040B0F5004F02D160
:10A350004FF480105CE704F48040B0F5804F02D1E8
:10A360004FF4001054E704F40050B0F5005F02D140
:10A370004FF480004CE704F00800082801D10005E4
:10A3800046E74FF4803043E72000002445002000DA
:10A3900008E0FFFD01460869C0B27047024602F1BD
:10A3A00014004318186870470146D1F880007047C0
:10A3B00010B50246002308689060D1E901042043EB
:10A3C000CC6820430C6920430343D068024C2040F2
:10A3D0001843D060002010BDC0E0FEFF02460868B0
:10A3E000C2F88000002070472DE9F04105466C6AF4
:10A3F000A86A202817D300270FE02868FFF7D4FFAA
:10A4000006462670641C300A2070641C300C2070D4
:10A41000641C300E2070641C7F1C082FEDD36C620E
:10A42000A86A2038A862BDE8F081F8B50546EC6955
:10A43000286A202821D3002619E020780090641C87
:10A440002078009941EA00200090641C207800994F
:10A4500041EA00400090641C2078009941EA0060C5
:10A460000090641C69462868FFF7B8FF761C082E28
:10A47000E3D3EC61286A20382862F8BD10B50248A1
:10A48000FCF7E6FE10BD0000840300240268516959
:10A490000268926942F0080203689A610268926950
:10A4A00042F0100203689A610268126822F0010209
:10A4B00003681A600268126940F26F339A430368B6
:10A4C0001A610268926822F4404203689A6090F828
:10A4D0008120042A0ED001F020025AB1D0F8842045
:10A4E00042F08002C0F884200268926942F02002A3
:10A4F00003689A6190F88120032A0ED001F040028F
:10A500005AB1D0F8842042F00402C0F884200268D6
:10A51000926942F0400203689A6101F400725AB1F4
:10A52000D0F8842042F00102C0F8842002689269C9
:10A5300042F4007203689A6101F480725AB1D0F853
:10A54000842042F00802C0F884200268926942F434
:10A55000807203689A610022A0F86220A0F86A2045
:10A56000704770B50546AC6B0020623420812080B6
:10A570000120E077623C2046FCF768FE70BD10B514
:10A5800001460124C86B04EB5013C868421CD01D5F
:10A59000C20802FB03F010BD2DE9F04106460C464F
:10A5A00017469846069D0BE0F9F7C4FFA0EB08009C
:10A5B000A84201D3681C00B915B90320BDE8F08199
:10A5C000306840692040A04201D1012000E0002015
:10A5D000B842E9D00020F1E77047000070B50446AA
:10A5E000082523E0002208211248F9F797FF04F01C
:10A5F000800028B1012210210E48F9F78FFF04E0F6
:10A60000002210210B48F9F789FF0122082109488F
:10A61000F9F784FF0520F7F715FC0022082105480B
:10A62000F9F77CFF6006040E681EC5B2002DD9DC68
:10A6300070BD0000000C025800B585B02FA001F0DD
:10A640008BF814216846F5F78DFE4FF4A04000907A
:10A6500001200190002002900120039069462A48C1
:10A66000F9F756FE2948007840B1274818300068AD
:10A6700040F4804024491831086007E0224818302F
:10A68000006840F080402049183108602048007878
:10A6900040B11D481830006840F480501A49183104
:10A6A000086007E018481830006840F080501649EC
:10A6B00018310860FFF782F86FF00100154909684A
:10A6C00008610020144908601248FDF7EBFC00BF48
:10A6D000124800780028FBD00020104908700A4872
:10A6E0001830006840F0804007491831086008467B
:10A6F000006840F08050086005B000BD53656E648E
:10A70000204C464D0D0A0000000C0258C8D200082B
:10A710008CDC00084C06002424480140640000241E
:10A72000FEB505460024002600200090019002900E
:10A7300000BF40E02046E11704EB5171C910A4EBC3
:10A74000C101CEB2287858B91C48805D401E00EB8C
:10A7500040001B4901EB800207CA8DE807000DE0AD
:10A760001648805D401E00EB4000164901EB800258
:10A77000D2E900109268CDE9010200916D1C9DE8BC
:10A78000070000F0A1FB08210F48FDF70BFF002197
:10A790000D48FDF707FF0220F7F730FB08210A48B4
:10A7A000FDF7B2FF00210848FDF7AEFF0220F7F7E2
:10A7B00025FB601CC4B2102CBCDBFEBD30D10008F0
:10A7C00070D00008D0D00008D004002410B50C4888
:10A7D0003C3007C800F078FB08210A48FDF7E2FE8C
:10A7E00000210848FDF7DEFE5020F7F707FB08219F
:10A7F0000448FDF789FF00210248FDF785FF10BDE1
:10A8000070D00008D004002400B585B0142168463B
:10A81000F5F7A8FD4FF40070009000200190694604
:10A820000248F9F775FD05B000BD000000040258AC
:10A8300000B585B014216846F5F794FD4FF400701B
:10A8400000900120019069460248F9F761FD05B0CA
:10A8500000BD00000004025810B5F9F771FE10BDEC
:10A8600000B59DB04C210AA8F5F77CFD202102A877
:10A87000F5F778FD0220F9F7C9FF00BF002001902D
:10A880002D48006840F440402B49086008460068A5
:10A8900000F4404001902948006840F00100274939
:10A8A00008600846006800F00100019000BF00BF8A
:10A8B00000BF2148006800F40050B0F5005FF8D1F7
:10A8C0001F48006820F00300801C1D49086001201B
:10A8D0000A9000040B90022013900221149115910C
:10A8E00050211691022117911421189102211991DA
:10A8F0000C211A9100211B911C910AA8FBF75CFF07
:10A9000008B1F7F782FB3F2002900320039000205C
:10A9100004900820059040200690079000010890C0
:10A9200040200990042102A8FBF756FC08B1F7F774
:10A930006CFB1DB000BD0000184802582C040058E4
:10A94000284402583448006840F4700032490860D6
:10A950003248006800F00F00072806D22F48006830
:10A9600020F00F00C01D2D4908602D48006840F000
:10A9700001002B490860002029491031086028484F
:10A98000006828490840264908602448006800F00B
:10A990000F00072806D92148006820F00F00C01DCD
:10A9A0001E49086000201E4918310860091D086012
:10A9B000091D08601C481A49283108601B48091DF8
:10A9C00008601B48091D08600020091D0860184820
:10A9D000091D08600020091D08601548091D086050
:10A9E0000020091D08600E48006820F480200C49F2
:10A9F000086000200A49603108600E4800686FF363
:10AA00000F00B0F1005F02D201200B49086043F251
:10AA1000D2000A490860704788ED00E0002000522B
:10AA2000004402587FEDF6EA000202020000FF0136
:10AA3000800201010010005C0881005100400052BA
:10AA400010B50248FDF7C1FB10BD00004C06002404
:10AA500010B50248FDF7B9FB10BD000068050024E1
:10AA600010B50248FDF7B1FB10BD00000006002440
:10AA700010B50268294B98420ED0B0F1804F0BD030
:10AA8000274B984208D0274B984205D0264B984236
:10AA900002D0264B984203D122F070024B681A4331
:10AAA0001E4B984217D0B0F1804F14D01C4B9842E7
:10AAB00011D01C4B98420ED01B4B98420BD01B4B15
:10AAC000984208D01A4B984205D01A4B984202D0AF
:10AAD000194B984203D122F44072CB681A4322F0FA
:10AAE00080034C6943EA040202608B68C3620B680E
:10AAF00083620A4B98420BD00C4B984208D00C4B07
:10AB0000984205D00B4B984202D00B4B984201D192
:10AB10000B6903630123436110BD00000000014085
:10AB20000004004000080040000C00400004014008
:10AB300000400140004401400048014030B501F0B0
:10AB40001F05012404FA05F3046A9C430462046AA5
:10AB500001F01F0502FA05F52C43046230BD000028
:10AB600030B5056A25F001050562026A436884690B
:10AB7000204D2C4024F003040D682C4322F00202E7
:10AB80008D682A431C4DA84200D10FE01B4DA842FE
:10AB900000D10BE01A4DA84200D107E0194DA842A0
:10ABA00000D103E0184DA84206D100BF22F00802F0
:10ABB000CD682A4322F004020F4DA8420BD00F4D5E
:10ABC000A84208D00E4DA84205D00E4DA84202D092
:10ABD0000D4DA84207D123F4807323F400734D690F
:10ABE0002B438D692B43436084614D68456302624A
:10ABF00030BD00008FFFFEFF000001400004014057
:10AC000000400140004401400048014030B5056A61
:10AC100025F010050562026A43688469224D2C40C4
:10AC200024F440740D6844EA052422F020028D6863
:10AC300042EA05121D4DA84200D10FE01C4DA8426A
:10AC400000D10BE01B4DA84200D100BF1A4DA84215
:10AC500000D100BF194DA84207D106E022F08002C2
:10AC6000CD6842EA051222F04002104DA8420BD0F6
:10AC70000F4DA84208D00F4DA84205D00E4DA84256
:10AC800002D00E4DA84209D123F4806323F400635F
:10AC90004D6943EA85038D6943EA85034360846116
:10ACA0004D688563026230BDFF8FFFFE00000140EA
:10ACB00000040140004001400044014000480140C0
:10ACC00030B5056A25F480750562026A4368C46977
:10ACD000224D2C4024F003040D682C4322F4007212
:10ACE0008D6842EA05221E4DA84200D10FE01D4D9D
:10ACF000A84200D10BE01C4DA84200D100BF1B4D63
:10AD0000A84200D100BF1A4DA84207D106E022F4A4
:10AD10000062CD6842EA052222F48062104DA8420A
:10AD20000BD0104DA84208D00F4DA84205D00F4DB2
:10AD3000A84202D00E4DA84209D123F4805323F437
:10AD400000534D6943EA05138D6943EA05134360D7
:10AD5000C4614D68C563026230BD00008FFFFEFF15
:10AD60000000014000040140004001400044014057
:10AD70000048014030B5056A25F480550562036A34
:10AD80004468C269124D2A4022F440720D6842EABA
:10AD9000052223F400538D6843EA05330D4DA84284
:10ADA0000BD00D4DA84208D00C4DA84205D00C4D3B
:10ADB000A84202D00B4DA84204D124F480444D692E
:10ADC00044EA85144460C2614D680564036230BD85
:10ADD000FF8FFFFE000001400004014000400140E1
:10ADE000004401400048014030B5056A25F4803533
:10ADF0000562026A4368446D114D2C400D682C4376
:10AE000022F400320D8942EA05420E4DA8420BD0D1
:10AE10000D4DA84208D00D4DA84205D00C4DA842BA
:10AE200002D00C4DA84204D123F480334D6943EA8B
:10AE30000523436044654D688565026230BD0000AE
:10AE40008FFFFEFF00000140000401400040014070
:10AE5000004401400048014030B5056A25F48015E2
:10AE60000562026A4368446D114D2C400D6844EA46
:10AE7000052422F400120D8942EA05520D4DA84224
:10AE80000BD00D4DA84208D00C4DA84205D00C4D5A
:10AE9000A84202D00B4DA84204D123F480234D696F
:10AEA00043EA8523436044654D68C565026230BD51
:10AEB000FF8FFFFE00000140000401400040014000
:10AEC000004401400048014007B5BDF800000849B2
:10AED0000880BDF8020007490880BDF80400064953
:10AEE0000880BDF8060005490880FEF7C1FC0EBDCC
:10AEF00000000024020000240400002406000024B6
:10AF000070B5456E2DB90125A0F86A50A0F86850BB
:10AF10001CE0102310240568AD68C5F34261056884
:10AF2000AD686A0F0A4DAD5C15FB04F5094EB65CC1
:10AF300095FBF6F5A0F86A50054D6D5C15FB03F521
:10AF4000044E765C95FBF6F5A0F8685070BD0000E5
:10AF50001AD0000822D0000890F8281001F0010152
:10AF600039B10168496821F40031C26A11430268AD
:10AF7000516090F8281001F00201022907D1016800
:10AF8000496821F48031026B11430268516090F8E6
:10AF9000281001F00401042907D10168496821F44F
:10AFA0008021426B11430268516090F8281001F033
:10AFB0000801082907D10168496821F40041826B22
:10AFC00011430268516090F8281001F01001102917
:10AFD00007D10168896821F48051C26B114302686E
:10AFE000916090F8281001F02001202907D1016814
:10AFF000896821F40051026C11430268916090F855
:10B00000281001F04001402913D10168496821F45A
:10B010008011426C114302685160416CB1F5801F90
:10B0200007D10168496821F4C001826C11430268AC
:10B03000516090F8281001F08001802907D1016843
:10B04000496821F40021C26C1143026851607047C5
:10B0500038B504460020C4F88C00F9F76BFA0546B1
:10B060002068006800F0080008280CD16FF07E40CE
:10B070002B4600224FF400110090204600F0EAFA1F
:10B0800008B1032038BD2068006800F004000428DF
:10B090000CD16FF07E402B4600224FF480010090CF
:10B0A000204600F0D7FA08B10320EBE72020C4F8CF
:10B0B0008400C4F888000020E06600BF84F88000A7
:10B0C00000BF00BFDEE700002DE9F04F89B0054664
:10B0D00000200890F8492868884200D100E000BFAD
:10B0E0002969A868084369690843E96940EA0108D1
:10B0F00028680068F149084040EA080029680860AB
:10B100002868406820F44050E9680843296848608E
:10B11000D5F81880E8492868884202D0286A40EAB1
:10B12000080828688068E649084040EA080029685D
:10B1300088602868C06A20F00F00696A084329689F
:10B14000C86200BFDF492868884220D1DE48006815
:10B1500000F03800182811D005DC48B1082809D0C3
:10B16000102811D108E020280AD028280CD109E0A5
:10B1700001240BE0042409E0082407E0102405E082
:10B18000202403E0402401E0802400BFF8E0CF4900
:10B190002868884219D1CC48006800F007000628CA
:10B1A00010D2DFE800F0030507090B0D00240BE0C7
:10B1B000042409E0082407E0102405E0202403E02B
:10B1C000402401E0802400BFDAE0C14928688842B9
:10B1D00019D1BD48006800F00700062810D2DFE84A
:10B1E00000F0030507090B0D00240BE0042409E01F
:10B1F000082407E0102405E0202403E0402401E0B7
:10B20000802400BFBCE0B3492868884219D1AE4809
:10B21000006800F00700062810D2DFE800F0030500
:10B2200007090B0D00240BE0042409E0082407E0C3
:10B23000102405E0202403E0402401E0802400BF26
:10B240009EE0A5492868884219D19F48006800F00F
:10B250000700062810D2DFE800F0030507090B0DF0
:10B2600000240BE0042409E0082407E0102405E092
:10B27000202403E0402401E0802400BF80E09749BF
:10B280002868884220D19048006800F038001828CB
:10B2900011D005DC48B1082809D0102811D108E0E8
:10B2A00020280AD028280CD109E001240BE004242E
:10B2B00009E0082407E0102405E0202403E04024EE
:10B2C00001E0802400BF5BE085492868884219D1ED
:10B2D0007D48006800F00700062810D2DFE800F083
:10B2E000030507090B0D00240BE0042409E00824E2
:10B2F00007E0102405E0202403E0402401E080243E
:10B3000000BF3DE077492868884219D16E4800683F
:10B3100000F00700062810D2DFE800F00305070957
:10B320000B0D00240BE0042409E0082407E010249E
:10B3300005E0202403E0402401E0802400BF1FE05A
:10B340005D49286888421AD15F48001D006800F0F6
:10B350000700062810D2DFE800F0030507090B0DEF
:10B3600002240BE0042409E0082407E0102405E08F
:10B37000202403E0402401E0802400BF00E080247A
:10B3800000BF4D49286888427DD1102C1AD006DCB8
:10B39000022C09D0042C0BD0082C29D10DE0202C34
:10B3A00021D0402C24D120E0F9F760FA064623E0B2
:10B3B00005A8F9F785FB069E1EE002A8F9F798FCA0
:10B3C000039E19E0404854380068C0F3401040B173
:10B3D0003D4854380068C0F3C101434820FA01F6E3
:10B3E00000E0414E08E0414E06E04FF4004603E025
:10B3F00000260120089000BF00BF002E10D03C495D
:10B40000686A31F81000B6FBF0F9686800EB40009C
:10B41000484503D868680003484502D201200890D7
:10B4200003E13349686A31F810C0624600233046B0
:10B430001946F4F74DFF4FF4807300228446ACFBAD
:10B44000030B01FB03B10CFB021C696849080346AE
:10B4500059184CEB0200CDE90010D5F804C0624643
:10B46000002308460199F4F733FF0746B7F5407FFC
:10B4700006D3B7F5801F03D22868C760D5E002E085
:10B4800001200890D1E0E869B0F5004F7BD1082C8D
:10B4900039D005DC5CB1012C2CD0042C4CD12DE032
:10B4A000102C35D0202C42D0402C45D141E0FBF768
:10B4B00049F8064644E00000000C0058F369FFCF4D
:10B4C000FFF4FF11001001405444025800440040B2
:10B4D00000480040004C0040005000400014014073
:10B4E00000780040007C00400090D00300093D003F
:10B4F00002D00008FBF738F8064621E005A8F9F766
:10B50000DFFA069E1CE002A8F9F7F2FB039E17E0A3
:10B510004C480068C0F3401038B14A480068C0F396
:10B52000C101494820FA01F600E0474E08E0474EC5
:10B5300006E04FF4004603E000260120089000BF1B
:10B5400000BFFEB14249686A31F81000B6FBF0F066
:10B550004000696800EB5100B0FBF1F7102F0FD3EA
:10B56000B7F5803F0CD24FF6F07007EA000AC7F338
:10B5700042004AEA000A2868C0F80CA055E002E040
:10B580000120089051E0082C1AD005DC5CB1012C98
:10B590000DD0042C2DD10EE0102C16D0202C23D051
:10B5A000402C26D122E0FAF7CDFF064625E0FAF737
:10B5B000DBFF064621E005A8F9F782FA069E1CE0AB
:10B5C00002A8F9F795FB039E17E01E480068C0F338
:10B5D000401038B11B480068C0F3C1011A4820FA76
:10B5E00001F600E0184E08E0184E06E04FF4004661
:10B5F00003E000260120089000BF00BFAEB114494F
:10B60000686A31F81000B6FBF0F0696800EB510091
:10B61000B0FBF1F7102F06D3B7F5803F03D2B8B2D5
:10B620002968C86001E0012008900120A5F86A009F
:10B63000A5F86800002028676867089809B0BDE889
:10B64000F08F0000004402580090D00300093D0034
:10B6500002D000082DE9F04104460D4617469846F1
:10B66000069E6AE0701C002867D0F8F763FFA0EB25
:10B670000800B04200D846BB00BF00BF216851E8B7
:10B68000001F21F4D070226842E800010029F5D1A2
:10B6900000BF00BF00BF2168083151E8001F21F042
:10B6A00001002168083141E80002002AF3D100BFFF
:10B6B0002020C4F88400C4F8880000BF002084F86B
:10B6C000800000BF0320BDE8F0812068006800F022
:10B6D000040088B32068C069C0F3C02060B34FF491
:10B6E00000602168086200BF00BF216851E8001FA8
:10B6F00021F4D070226842E800010029F5D100BF92
:10B7000000BF00BF2168083151E8001F21F001008F
:10B710002168083141E80002002AF3D100BF20204F
:10B7200044F8840F6060A060843C00BF002084F86F
:10B73000800000BF0320C6E7FFE72068C0692840FB
:10B74000A84201D1012000E00020B8428AD00020A8
:10B75000B9E700BFFEE700000FB4054B10B503A921
:10B76000044A029800F0F6F810BC5DF814FB0000E3
:10B77000D9C50008A002002402480068C0F30220D6
:10B78000704700000CED00E010B5002804DB0A074C
:10B79000130E054A135406E00A07140E034A00F07C
:10B7A0000F031B1FD45410BD00E400E018ED00E0AF
:10B7B00002E008C8121F08C1002AFAD1704770477A
:10B7C000002001E001C1121F002AFBD170470000D8
:10B7D0002DE9FF5F82B00021DDE90430020DDDF8C4
:10B7E00040B0034318D044F61050A2F2FF32424357
:10B7F0001514119801281FD0A5EB0B00401C5FEA1F
:10B80000000A4FF000064E4FDFF83891B046504620
:10B8100015D5CAF1000413E0119801244AA30128A8
:10B8200001D16FEA0B010298119AC0E90031C0E919
:10B83000024206B0BDE8F09FCBF10000DFE704460E
:10B840000021404A491842EB0450CDE9001012E0B3
:10B85000E00707D032463B4640464946F4F750FEE3
:10B860008046894632463B4610461946F4F748FE64
:10B8700006460F466410002CEAD1DDE90401DDE93B
:10B880000023BAF1000F06DAF4F73AFE42464B46BF
:10B89000F4F736FE05E0F4F7A5FE42464B46F4F712
:10B8A000A1FE04460E460022284BF4F755FF03D8AC
:10B8B0004FF0FF30014607E00022254B204631467D
:10B8C000F4F777FDF5F757F8102409E0002C0ADBB0
:10B8D0000A220023F4F7FCFC039B30321A55641E45
:10B8E00050EA0102F2D1641C039AC4F1110314441A
:10B8F000119A012A03D0012208430DD10AE008431E
:10B9000004D000204FF0110B119072E7A3EB0B0550
:10B910006D1E0DE05B4504DD4FF0000205F10105F1
:10B9200004E003DA4FF00002A5F10105002AECD093
:10B9300002981199C0E90231C0E9004579E7000099
:10B94000000014400000F03F300000000000F04311
:10B950000000E03F2DE9FF4F95B09B468946064623
:10B9600000250FE2252877D100242746F84A012137
:10B97000059400E0044316F8013F203B01FA03F070
:10B980001042F7D130782A2811D06FF02F03307889
:10B99000A0F13002092A16D8059A44F0020402EBFD
:10B9A000820203EB42021044761C0590EFE759F83F
:10B9B000042B0592002A03DA504244F40054059007
:10B9C00044F00204761C30782E2816D116F8010FA8
:10B9D00044F004042A280DD06FF02F023078A0F133
:10B9E0003003092B09D807EB870302EB4303C71881
:10B9F000761CF3E759F8047B761C30786C280FD05E
:10BA000006DC4C2817D068280DD06A2814D104E031
:10BA1000742810D07A280FD10DE044F400140AE005
:10BA200044F4801401E044F440147278824202D15C
:10BA300004F58014761C761C307866280BD013DC55
:10BA4000582877D009DC002875D04528F6D046283C
:10BA5000F4D047281AD19DE118E0632835D0642836
:10BA600079D0652812D195E1702873D008DC672859
:10BA7000F1D069286FD06E280DD06F2806D1B5E0BF
:10BA800073282CD0752875D0782874D05A46179909
:10BA900090476D1C75E1C4F30250022809D00328B9
:10BAA0000DD0D9F8001004280DD00D6009F104095B
:10BAB00067E1D9F80010EA17C1E90052F6E7D9F8B2
:10BAC00000100D80F2E70D70F0E719F8041B8DF8F7
:10BAD000001000208DF80100EA46012003E059F82B
:10BAE00004AB4FF0FF3061074FF0000102D40DE0CE
:10BAF00008F101018846B9420FDA8045F8DB1AF8EF
:10BB000008100029F4D108E008F1010188468142BB
:10BB1000FADB1AF808100029F6D105985B46A0EB6D
:10BB2000080721463846179A00F094FA284400EB9B
:10BB3000080507E04DE029E10DE01AF8010B5A462F
:10BB400017999047B8F10108F7D25B46214638466D
:10BB5000179A13E142E00A220092C4F302524FF016
:10BB6000000A022A08D059F804CB032A4FEAEC71E4
:10BB70000AD00DE029E02AE009F1070121F00702CF
:10BB8000F2E802C1914609E00FFA8CFC4FEAEC7131
:10BB9000042A03D14FFA8CFC4FEAEC71002907DA32
:10BBA0000A460021DCF1000C61EB02012D2202E0CB
:10BBB000220504D52B228DF80420012203E0E207A0
:10BBC00001D02022F7E7904659E00A2102E0102236
:10BBD0000DE010214FF0000A00910BE010224FF011
:10BBE000000A44F004040827009203E008224FF002
:10BBF000000A0092C4F30252022A05D059F804CB7D
:10BC00000021032A08D009E009F1070121F0070209
:10BC1000F2E802C1914605E01FFA8CFC042A01D12A
:10BC20000CF0FF0C4FF00008220728D5702806D032
:10BC3000009B83F0100353EA0A0305D00EE0402274
:10BC40008DF80420012208E05CEA010206D03022CF
:10BC50008DF804208DF8050002229046009B83F0A9
:10BC6000080353EA0A030AD15CEA010201D1620720
:10BC700005D530228DF804204FF001087F1E58288A
:10BC800004D034A003900EA802900DE036A0F9E78E
:10BC900053466046009AF4F71BFB84460398825C87
:10BCA0000298401E029002705CEA0100F0D10298F6
:10BCB00006A9081A00F1200A600702D524F480348E
:10BCC00000E00127574502DDA7EB0A0000E0002055
:10BCD00000EB0A01009005984144401A0590E003EA
:10BCE00006D45B462146179A059800F0B3F905443F
:10BCF000002706E001A85A46C05D179990476D1CC1
:10BD00007F1C4745F6DBE0030CD55B462146179ABE
:10BD1000059800F09FF9054404E030205A46179931
:10BD200090476D1C0099481E00900029F5DC08E042
:10BD3000029802995A460078491C02911799904737
:10BD40006D1CBAF10001AAF1010AF1DC65E1000005
:10BD500009280100303132333435363738396162E1
:10BD600063646566000000003031323334353637A5
:10BD700038394142434445460000000000F058F97C
:10BD80000544761C307800287FF4ECAD19B02846C5
:10BD9000BDE8F08F620700D4062709F1070222F000
:10BDA000070CFCE80223E14603F000485FEA080CB8
:10BDB00002D00FF2702C0DE05FEA045C02D50FF2A6
:10BDC000682C07E05FEAC47C02D00FF2602C01E02F
:10BDD000AFF2700C4FF0FF3823F00043CDF850C0A5
:10BDE00065280CD006DC452809D046281DD04728F8
:10BDF0003DD13DE0662818D067287ED138E000218B
:10BE0000112F01DB112000E0781CCDE9000106A90B
:10BE10000EA8FFF7DDFCDDE90F010E9A039100216A
:10BE2000009207F1010A04914DE04FF000400097A5
:10BE3000CDE9011006A90EA8FFF7CAFCDDE90F0243
:10BE400003920E9B11990022DDF80CA0009304923E
:10BE500011B9791C00EB010AB7EB0A0004D4C0F158
:10BE6000FF3007F1010A0490AAEB0700019044E0BB
:10BE7000012F00DA01270021112F01DD112000E040
:10BE80003846CDE9000106A90EA8FFF7A1FCDDE9BF
:10BE90000F010E9A0391002104910092BA462107E6
:10BEA0000CD40399514500DA8A46BAF1010F05DD39
:10BEB000009AAAF10101515C302908D0B84202DA97
:10BEC00010F1040F06DA0121CDE9011015E0AAF105
:10BED0000101E9E7002805DC049901440491AAEB7B
:10BEE000000102E0411C514500DD8A460499401AD8
:10BEF000401C01904FF000400290200704D40198AC
:10BF0000504501DBCDF8048000208DF84F000298E9
:10BF10000DF14F07B0F1004F25D02B200E90029865
:10BF20004FF0020800280CDA404202902D200E90BB
:10BF300007E00A210298F4F743FC3031029007F839
:10BF4000011DB8F10001A8F10108F2DC02980028F7
:10BF5000EFD1791E0E980870307800F0200040F084
:10BF6000450007F8020D12A8C01B00F1070814983D
:10BF7000007800B1012000EB0A01019801EBE071AB
:10BF800005984144401A401E0590E00306D45B46E4
:10BF90002146179A059800F05DF80544149800783A
:10BFA00018B15A46179990476D1CE00324D55B469B
:10BFB0002146179A059800F04DF805441CE00498B6
:10BFC000002807DBDDE90301884203DD0098405CBF
:10BFD000179901E0179930205A469047049805F1C7
:10BFE0000105401C04900198401E019004D12E20B0
:10BFF0005A46179990476D1CBAF10001AAF1010A3F
:10C00000DDDC05E017F8010B5A46179990476D1CC7
:10C01000B8F10001A8F10108F4DC5B462146179A4B
:10C020000598ABE62D0000002B000000200000006A
:10C030002DE9F041044600251E461746880404D425
:10C0400005E039462020B0476D1C641EF9D528460E
:10C05000BDE8F0812DE9F041044600251E469046DA
:10C06000C80301D5302700E02027880404D505E067
:10C0700041463846B0476D1C641EF9D52846BDE8D8
:10C08000F081000010B5FDF71FFBFDF74DFBFDF73C
:10C0900003FA002204211548F8F740FA0022022191
:10C0A0001248F8F73BFA002201211048F8F736FA57
:10C0B0000120F8F7A9F800210D48FCF7B5FC012292
:10C0C00010210C48F8F72AFA002210210948F8F745
:10C0D00025FA0320F5F7B6FE012210210548F8F7EE
:10C0E0001DFA0220F8F790F810BD00000004025875
:10C0F000B40500240008025810B522480078F8B1B1
:10C100002148407901281BD11E484079012802D1DD
:10C1100000201C4948711B480078801CC1B21BA23A
:10C12000042000F059FB17480078801CC1B204209D
:10C1300000F030FB13480078401E1249087020E0E0
:10C1400010480078E8B910480078D0B10E4840791E
:10C15000012802D100200C4948710B480078801C4E
:10C16000C1B20AA2022000F037FB07480078801C09
:10C17000C1B2022000F00EFB03480078401E0249C5
:10C18000087010BD5600002450000024202000003C
:10C1900010B500200449088004490880044908704B
:10C1A0001720F8F7ABFA10BD3002002480000024FD
:10C1B000320200247047000010B50446102C06D04F
:10C1C000202C07D0402C08D0802C0CD108E000F0A7
:10C1D000D1F90CE0FFF790FF09E000F037FE06E030
:10C1E00000F056FA03E003A0FFF7B6FA00BF00BF65
:10C1F00010BD0000434D44204B657920696E707579
:10C2000074206572726F72210000000010B5044640
:10C21000102C03DB2046FFF7CFFF10BD102C03DAF4
:10C22000204600F043FCF8E700BFF6E770B52DEDBF
:10C23000028B05460E469FED110BB0EE408AF0EEE4
:10C24000608AF5F7E5FE10EE104A2046F4F770FA22
:10C2500041EC180B51EC180BF4F751FAC4B220461C
:10C26000F5F7D8FF51EC180BF4F749FAC4B22046A1
:10C27000F5F718FEBDEC028B70BD00000000000059
:10C280000000000010B500F0CFFA0120F7F7BCFF66
:10C2900009A20021012000F09FFA09A2002102203A
:10C2A00000F09AFA08A20021032000F095FA042079
:10C2B0000749087010BD0000B1E0BAC5A3BA00007C
:10C2C000D3A6B4F0A3BA0000BEE0C0EBA3BA00004E
:10C2D0004800002410B500F0A7FA0120F7F794FFFA
:10C2E00019A20021012000F077FA1BA200210220F0
:10C2F00000F072FA19A20121022000F06DFA18A2D2
:10C300000221084600F068FA16A20021032000F07E
:10C3100063FA17A20021042000F05EFA13A20121A3
:10C32000042000F059FA0EA20221042000F054FA71
:10C330000120F7F769FF0321022000F02BFA01200A
:10C340000C49087010BD0000C7EBCAE4C8EBC9E88F
:10C35000B1B849440000000049000000440000005A
:10C36000A3BA0000C7EBCAE4C8EBC3FCC1EE0000EF
:10C37000C3FC00004800002410B500F055FA01206D
:10C38000F7F742FF03210120FFF750FF09A2002128
:10C39000022000F021FA0AA20021032000F01CFA7A
:10C3A0000BA20021042000F017FA00200B490870AE
:10C3B00010BD0000312EB7A2C9E4D0C5BAC5000037
:10C3C000322EB7A2C9E4D0C5BAC5C7BFB6C80000EF
:10C3D000332EC9E8B1B8D0C5CFA200004800002470
:10C3E00010B500F021FA0120F7F70EFF0FA200218F
:10C3F000012000F0F1F90FA20021022000F0ECF979
:10C400000EA20021032000F0E7F90421022000F031
:10C4100011FA0421032000F00DFA1B22042101204F
:10C4200000F0CEF902200749087010BD312E3139D5
:10C4300035644200322E313930644200332E3138B7
:10C44000356442004800002410B500F0EDF90120E9
:10C45000F7F7DAFE06A20021012000F0BDF907A2DD
:10C460000521012000F0B8F905200649087010BD2B
:10C47000B9CCBCFEB0E6B1BEA3BA000056302E3037
:10C480002E3100004800002410B5012211021B4883
:10C49000F8F744F800201A49087027E000224FF40A
:10C4A00080711648F8F73AF80120F5F7CBFC1548EB
:10C4B00000784010134908704FF400710F48F8F7E6
:10C4C00025F8012805D10F48007840F080000D497B
:10C4D0000870012211020948F8F720F80120F5F749
:10C4E000B1FC07480078401C0549087004480078F2
:10C4F0000828D3DB0348007810BD00000004025870
:10C50000830000248400002410B50446002017494D
:10C51000087025E000224FF480711548F7F7FEFF00
:10C5200004F0010028B1012251021148F7F7F6FF8B
:10C5300005E000224FF400710D48F7F7EFFF0120EE
:10C54000F5F780FC012211020948F7F7E7FF012007
:10C55000F5F778FC641005480078401C0349087022
:10C56000024800780828D5DB10BD000082000024B6
:10C570000004025810B51448407901281BD1134813
:10C580004079012817D1002100F00FF90120F7F7B9
:10C590003BFEFFF777FEFCF72FFE04462246032101
:10C5A000012000F019F90A4A0321022000F014F9D1
:10C5B00000F0EAFC00E010BD0648007810B107204A
:10C5C0000449087000BFF6E750000024560000241C
:10C5D0003B0200244800002413B50C464FF6FF73BD
:10C5E000012269460148FCF759FD1CBD980600244C
:10C5F00010B500244FF400611648F7F787FF0128B3
:10C6000001D144F001044FF480611248F7F77EFF36
:10C61000012801D144F002044FF400410E48F7F71D
:10C6200075FF012801D144F004044FF480410A4809
:10C63000F7F76CFF012801D144F008044FF40051D2
:10C640000548F7F763FF012801D144F010042046A4
:10C6500010BD0000000402580010025810B5034637
:10C66000144600200855621E0EE003F00F00092852
:10C6700004D803F00F003030885403E003F00F00BB
:10C6800037308854521E1B09002AEEDA012010BDF3
:10C6900010B5FDF701FB0021012000F086F8012014
:10C6A000F7F7B2FDFFF768FE00F08CFAF5F79EF998
:10C6B00010BD000010B50120F7F7A6FD00200349CA
:10C6C0000870487102490870487110BD500000247C
:10C6D000560000242DE9F04F8BB081460C4692465F
:10C6E000282222A101A8F3F724FE0026BAF10A0F9E
:10C6F00009D1B9F1000F06DAC9F100072D22304641
:10C70000761C225400E04F4600BFB7FBFAF00AFB4C
:10C71000107001A90A5C3046761C2254B7FBFAF768
:10C72000002FF2D10020A05520782D2802D14FF003
:10C73000010801E04FF0000845460CE014F805B090
:10C74000701E4044401B205C6055701E4044401BDE
:10C7500004F800B06D1C701E00EBD071B5EB610FDA
:10C76000ECDD20460BB0BDE8F08F000030313233F5
:10C770003435363738394142434445464748494ABB
:10C780004B4C4D4E4F505152535455565758595A81
:10C790000000000070B504460D462946204600F012
:10C7A0005BF80F20FCF7D0FD70BD70B504460D4658
:10C7B0002946204600F050F80C20FCF7C5FD70BD5E
:10C7C00070B505460E4614463146284600F044F83A
:10C7D0002046FCF7D5FD70BD70B506460C461546E3
:10C7E0002146304600F038F81AE0102C06D100241B
:10C7F000701CC6B22146304600F02EF8082E06D135
:10C80000102C04D100262146304600F025F8287867
:10C81000FCF7B6FD6D1C0120F7F7F6FC601CC4B2F6
:10C8200028780028E1D170BD10B50120FCF78CFDFF
:10C8300010BD000070B506460D462C4606E005A268
:10C8400021463046FFF7C8FF601CC4B2072CF6DD56
:10C8500070BD00002020000070B505460C46012D7B
:10C8600006D0022D0AD0032D0ED0042D18D111E0D0
:10C8700004F18001C8B2FCF767FD11E004F19001FA
:10C88000C8B2FCF761FD0BE004F18801C8B2FCF707
:10C890005BFD05E004F19801C8B2FCF755FD00BF4F
:10C8A00000BF0120F7F7B0FC70BD0000FCF784FD6D
:10C8B00000BF5D48006800F4003000B139E000BFFF
:10C8C00000BF00BFBFF34F8F00BF00BF00BF00BF5E
:10C8D00000BF00BFBFF36F8F00BF00BF00BF0020CD
:10C8E0005249086000BF00BF00BFBFF34F8F00BFB9
:10C8F00000BF00BF00BF00BF00BFBFF36F8F00BF0E
:10C9000000BF00BF4848006840F400304649086056
:10C9100000BF00BF00BFBFF34F8F00BF00BF00BF0D
:10C9200000BF00BF00BFBFF36F8F00BF00BF00BFDD
:10C9300000BF00BF3C4B1B6803F4803303B148E0E9
:10C940000023394C7034236000BF00BF00BFBFF329
:10C950004F8F00BF00BF00BF231F1868C0F34E31C8
:10C9600000BFC0F3C90200BF43F6E07303EA4113FE
:10C970004FF0404404EA827423432C4C103423606B
:10C9800000BF00BF131EA2F10102EDD10B1EA1F1E9
:10C990000101E6D100BF00BF00BFBFF34F8F00BF52
:10C9A00000BF00BF204B1B6843F480331E4C236044
:10C9B00000BF00BF00BFBFF34F8F00BF00BF00BF6D
:10C9C00000BF00BF00BFBFF36F8F00BF00BF00BF3D
:10C9D00000BFF7F7C1FDFDF743FFFDF766F9FCF770
:10C9E00075FD1720F7F78AFEFCF7E6FF0122D10359
:10C9F0000F48F7F793FD6420F7F706FCFCF790FF6C
:10CA0000FCF708FDFCF7B2FFFCF7F2FEFCF7BCFEFA
:10CA100008A0FEF7A1FE0BA0FEF79EFEF4F7F0F9CA
:10CA200001E0F4F733FAFCE714ED00E050EF00E02A
:10CA3000000C02580D0A20B3F5CABCBBAFCDEAB357
:10CA4000C90D0A002A2A2A2ABDF8C8EBD3C3BBA7FE
:10CA5000B3CCD0F22A2A2A2A0D0A0D0A00000000BF
:10CA600010B50446012C04D0022C09D0032C11D19E
:10CA70000BE0FFF71FFEFFF72DFCFFF79BFB09E024
:10CA8000FFF7AEFCFFF796FB04E0FFF7DDFCFFF7D6
:10CA900091FB00BF00BF10BD10B50446102C03DA97
:10CAA0002046FFF7DDFF10BD00BFFCE770B505466F
:10CAB0004248407900284DD140480178401C4554F7
:10CAC000002410E03D490A78491C885C00F0ACF86D
:10CAD00006463A480078C01CC1B232460220FFF731
:10CAE0006FFE601CC4B235480078A042EADA3348D1
:10CAF0000078401C3149087008460078042826D187
:10CB0000012048712E480078F0B9084640782C4939
:10CB100048702A4881782A48817001202849087085
:10CB200000240DE02649491C085D00F07DF806460A
:10CB3000E01CC1B232460420FFF742FE601CC4B2C2
:10CB40001F480078A042EDDA02201D49087000F06D
:10CB50008DF930E01A48407960BB184840790128C7
:10CB600028D117480178401C4554002410E014498E
:10CB70000A78491C885C00F057F80646104800788F
:10CB8000C01CC1B232460420FFF71AFE601CC4B2BA
:10CB90000B480078A042EADA09480078401C0849AE
:10CBA000087008460078042801D10120487100F07F
:10CBB0005DF900E070BD00BFFCE7000050000024FC
:10CBC00056000024704700003FB5024600215A235A
:10CBD0000020029003900090019000BF0DE003FA46
:10CBE00001F0C0F3C01002AC605402FA01F0C0F3CF
:10CBF000C0100DF80100481CC1B20829EFDB00216C
:10CC00000BE002A8405C074C60541DF80140054D44
:10CC100001F108002C54481CC1B20829F1DB01487D
:10CC200004B030BD100E00240A2803DA00F13001F0
:10CC3000C8B270470A2803DB00F13701C8B2F8E731
:10CC400000BFF6E710B53448008828B91720F7F779
:10CC500077FD0120304908803048B0F900003049A4
:10CC6000086030483049098830F911002C490968BA
:10CC700048432B4908602D48D0E900300968CA179D
:10CC800059185041294AC2E90010274800886428F1
:10CC90002DDD0020244908801046D0E90010244AE8
:10CCA000244B1B7802EBC302C2E9001000201F4A8C
:10CCB000106050601E481F49097800EBC1004FF01A
:10CCC0008062D0E900310420D21A884104DA1A487F
:10CCD0000088401C1849088016480078401C1549F7
:10CCE000087008460078642801DD002008701248AA
:10CCF000008832280DDD00200F4908800A4908808D
:10CD0000054908800B4908701720F7F7F7FC012048
:10CD100010BD0020FCE7000034020024780000244D
:10CD20001802002438D100088000002420020024CA
:10CD3000D0070024320200243002002410B530480D
:10CD4000008828B91720F7F7FBFC01202C49088040
:10CD50002C48B0F900002C4908602C482C4909885F
:10CD600030F91100284909684843274908602948D3
:10CD7000D0E900300968CA1759185041254AC2E95C
:10CD800000102348008864282DDD002020490880F9
:10CD90001046D0E90010204A204B1B7802EBC3025A
:10CDA000C2E9001000211B4A116051601A481B495A
:10CDB000097800EBC1004FF08062D0E90031042017
:10CDC000D21A884104DA16480088401C14490880A9
:10CDD00012480078401C1149087008460078642801
:10CDE00001DD002008700E480088062806DDFFF7E8
:10CDF000CFF9002002490880012010BD0020FCE787
:10CE000036020024780000241C02002400D200080E
:10CE10008000002428020024F00A002432020024AA
:10CE20003002002410B50446102C04D0402C05D04C
:10CE3000802C09D105E0FFF79DFB05E000F006F826
:10CE400002E0FFF725FC00BF00BF10BD10B5FFF7E3
:10CE5000EBFC0120F7F7D8F900210120FFF7A5FC32
:10CE6000FFF728FCFFF736FA10BD000010B5154893
:10CE7000007858B113484079012807D0114800784C
:10CE8000C01CC1B20220FFF785FC1AE00D484079B2
:10CE900001280BD10C484079012807D00A480078B6
:10CEA000C01CC1B20420FFF775FC0AE006484079B7
:10CEB000012806D104480078801CC1B20420FFF785
:10CEC00074FC10BD500000245600002410B501224F
:10CED00040210948F7F722FB012280210648F7F795
:10CEE0001DFB012208210548F7F718FB012210213C
:10CEF0000248F7F713FB10BD000C0258000402585B
:10CF000010B50446012C04D0022C10D0032C2AD1D9
:10CF10001BE004210220FFF78DFC04210320FFF712
:10CF200089FC1B2204210120FFF74AFC1BE004219D
:10CF30000120FFF77FFC04210320FFF77BFC1B226D
:10CF400004210220FFF73CFC0DE004210120FFF743
:10CF500071FC04210220FFF76DFC1B220421032039
:10CF6000FFF72EFC00BF00BF10BD10B50446102C0B
:10CF700003DA2046FFF7C4FF10BD802C01D1FFF774
:10CF800087FB00BFF8E7000010B51348C0780528FC
:10CF900006D111480079052802D1F4F737FC1AE0D0
:10CFA0000D48C078042816D10B480079072804D012
:10CFB000082805D0092809D105E0F4F731F809E07F
:10CFC000F4F798F906E0F4F7FBFA03E003A0FEF7A4
:10CFD000C3FB00BF00BF10BD56000024756E6B6E12
:10CFE0006F7720636D64200D0A00000010B50446C1
:10CFF000802C01D1FFF74CFB10BD00061016000677
:10D000001016010002000400060008000A000C00CF
:10D010001000200040008000000101010103070111
:10D0200000000804020408010101000000000102E0
:10D03000030401020304060708090000323000005F
:10D0400000000000000000000000000000000000E0
:10D0500000000000000000000000000000000000D0
:10D0600000000000000000000000000000000000C0
:10D070000000DF2E6710771E000020410000112DF8
:10D08000C50F4B1D666626410000662B300F351C10
:10D09000CDCC2C410000D929A50E331B33333341AD
:10D0A00000006828240E431A9A99394100000F277E
:10D0B000AB0D6319000040410000CC253A0D9118DA
:10D0C0006666464100009E24D00CCD17CDCC4C4165
:10D0D0000000F42D1510DE1D333323410000382CE1
:10D0E000790FBE1C9A99294100009C2AE90EB21BB7
:10D0F0000000304100001D29630EB91A66663641F2
:10D100000000B827E70DD019CDCC3C4100006B26BC
:10D11000720DF8183333434100003325040D2E18E7
:10D120009A99494100000E249E0C6F17000050414F
:10D1300001060703080204058DF57BF93D02380955
:10D14000E1089F01DEF87AF5EAF9CA0267099C084E
:10D150001C0181F88EF552FA4203A00957088C0091
:10D160001BF8A8F5DBFAC203A509FC072100DBF7D1
:10D17000B0F52DFB3F04E409B90794FF79F7C5F535
:10D18000ADFBBC04FE09600710FF28F7EEF528FC94
:10D190002D050D0A040786FEE7F626F6A8FC98057D
:10D1A000100AAB0607FE99F650F62BFD0E06190A7B
:10D1B0003D067BFD6CF695F69AFD6B061E0AE105B1
:10D1C000FDFC30F6CDF62DFED906FE095E0588FC85
:10D1D0001CF616F79EFE3207FD09F30400FCE6F587
:10D1E00067F72BFF8507E7098A0483FBC2F5B9F7C8
:10D1F000AFFFD407C2091C0419FBA6F5FEF73100E6
:10D20000D7F6C001ABFCC8F482F84302EF09F90875
:10D21000650026F743F52EFC3806C70AFB05F1FB2F
:10D2200020F568F79F003809C709F90124F8D7F4F9
:10D23000BCFAE704B80A42078BFD9FF566F6F6FED6
:10D240005208610A880371F9BEF45FF95C035A0A57
:10D250004B082EFF84F6B1F544FD0807AE0A14050D
:10D26000F1FAF0F425F8B801AD092309D9008BF7DC
:10D2700041F5C3FBBA05A70A5B0683FC59F512F713
:10D280000D00F008F6096D0297F8EAF452FA4B0423
:10D290008E0AA90715FEDDF52AF66EFEE4076F0A71
:10D2A0000C0405FADAF4E3F8B5021B0AB108CEFF64
:10D2B000D0F679F5B9FCAA06C20A880569FBFBF429
:10D2C000BAF7270184098A09010000000000000163
:10D2D000000000000001010000000000010100004A
:10D2E000000000010100000000000101000000003A
:10D2F0000001010000000000010100000000000129
:10D300000100000000000101000000000001000019
:10D31000000000000100000000000101000000000A
:10D3200000010100000000000101000000000001F8
:10D3300001000000000001000000000001010000E9
:10D3400000000001010000000000010100000000D9
:10D3500000010100000000000100000000000101C8
:10D3600000000000000101000000000001010000B9
:10D3700000000001000000000001010000000000AA
:10D380000101000000000001010000000000010098
:10D390000000000001010000000000010100000089
:10D3A0000000010000000000010100000000000179
:10D3B0000100000000000100000000000101000069
:10D3C000000000010100000000000100000000005A
:10D3D0000101000000000001010000000000010048
:10D3E000000000000101000000000001000000003A
:10D3F0000001010000000000010100000000000128
:10D400000000000000010100000000000100000019
:10D410000000010100000000000100000000000108
:10D4200001000000000001010000000001010000F7
:10D4300000000001010000000001010000000000E8
:10D4400001010000000001010000000000010100D6
:10D4500000000001010000000000010100000000C8
:10D4600001010000000000010100000000010100B6
:10D4700000000000010000000000010100000000A9
:10D480000001000000000001010000000000010098
:10D490000000000001010000000001010000000088
:10D4A0000001000000000001010000000000010078
:10D4B0000000000001010000000001010000000068
:10D4C0000001000000000001010000000000010058
:10D4D0000000000001000000000001010000000049
:10D4E0000001000000000001010000000001010037
:10D4F000000000000100000000000100000000002A
:10D500000101000000000001000000000001000017
:10D510000000000101000000000101000000000007
:10D5200001000000000001010000000001010000F6
:10D5300000000101000000000001000000000001E7
:10D5400001000000000101000000000101000000D6
:10D5500000000100000000000100000000000101C7
:10D5600000000000010100000000000100000000B8
:10D5700000010000000000010000000000010100A7
:10D580000000000101000000000101000000000097
:10D590000100000000000100000000000100000088
:10D5A0000000010100000000010100000000010175
:10D5B0000000000001010000000000010000000068
:10D5C0000001000000000001000000000001010057
:10D5D0000000000101000000000101000000000146
:10D5E0000100000000010100000000010100000036
:10D5F0000000010000000000010000000000010028
:10D600000000000001000000000001000000000018
:10D610000100000000000100000000000100000007
:10D6200000000100000000000100000000000100F7
:10D6300000000000010000000000010000000000E8
:10D6400001000000000001000000000001000000D7
:10D6500000000100000000000100000000000100C7
:10D6600000000000010000000000010000000000B8
:10D6700001000000000001000000000001000000A7
:10D680000000010000000000010000000001010096
:10D690000000000101000000000101000000000185
:10D6A0000100000000010100000000010100000075
:10D6B0000001000000000001000000000001000067
:10D6C0000000000100000000010100000000010155
:10D6D0000000000001010000000001010000000046
:10D6E0000100000000000100000000000100000037
:10D6F0000001010000000001010000000001010024
:10D700000000000100000000000100000000000116
:10D710000000000001010000000001010000000005
:10D7200001000000000001000000000001000000F6
:10D7300000010100000000010100000000010000E4
:10D7400000000001000000000101000000000101D4
:10D7500000000000010000000000010000000000C7
:10D7600001000000000101000000000100000000B5
:10D7700000010000000001010000000001010000A4
:10D780000000010000000000010000000001010095
:10D790000000000100000000000100000000010185
:10D7A0000000000001010000000001000000000175
:10D7B0000100000000010100000000010000000065
:10D7C0000101000000000101000000000100000054
:10D7D0000001010000000001010000000001000044
:10D7E0000000010100000000010000000000010035
:10D7F0000000000101000000000100000000010124
:10D800000000000001010000000001000000000114
:10D810000100000000010000000000010000000005
:10D8200001010000000001000000000101000000F3
:10D8300000010000000001010000000001000000E4
:10D8400000000100000000010000000000010000D5
:10D8500000000101000000000100000000010100C3
:10D8600000000001000000000101000000000100B4
:10D8700000000001010000000001000000000101A3
:10D880000000000001000000000101000000000194
:10D890000000000001010000000001000000000184
:10D8A0000100000000010000000001010000000074
:10D8B0000100000000010100000000010000000064
:10D8C0000101000000000100000000010100000053
:10D8D0000001000000000100000000000100000045
:10D8E0000001000000000101000000000100000034
:10D8F0000001010000000001000000000100000024
:10D900000001010000000001000000000101000012
:10D910000000010000000001000000000001000004
:10D9200000000100000000010100000000010000F3
:10D9300000000100000000010100000000010000E3
:10D9400000000101000000000100000000010000D3
:10D9500000000101000000000100000000010000C3
:10D9600000000101000000000100000000010000B3
:10D9700000000101000000000100000000010000A3
:10D980000000010100000000010000000001000093
:10D990000000010100000001010000000001000082
:10D9A0000000010000000001010000000001000073
:10D9B0000000010000000001010000000101000062
:10D9C0000000010000000001000000000101000053
:10D9D0000000010000000001000000000100000044
:10D9E0000001010000000001000000000100000033
:10D9F0000001000000000101000000000100000023
:10DA00000001000000000100000000010100000012
:10DA10000101000000000100000000010000000002
:10DA200001000000000101000000010100000000F1
:10DA300001000000000100000000010000000001E2
:10DA400001000000010100000000010000000001D1
:10DA500000000000010000000001000000000101C2
:10DA600000000001010000000001000000000100B2
:10DA700000000001000000000100000000010000A3
:10DA80000000010100000001010000000001000091
:10DA90000000010000000001000000000100000083
:10DAA0000001000000000100000000010100000072
:10DAB0000101000000000100000000010000000062
:10DAC0000100000000010000000001000000000152
:10DAD0000000000001000000000100000000010142
:10DAE0000000000101000000010100000001010030
:10DAF0000000000100000000010000000001000023
:10DB00000000010000000001000000000100000012
:10DB10000001000000000100000000010000000002
:10DB200001000000000100000000010000000001F1
:10DB300000000000010000000001000000000100E2
:10DB400000000001000000000100000000010000D2
:10DB500000000100000000010000000001000000C2
:10DB600000010000000001000000000100000000B2
:10DB700001000000000100000000010000000001A1
:10DB80000000000001000000000100000000010092
:10DB90000000000100000000010000000001000082
:10DBA0000000010000000001000000000100000072
:10DBB0000001000000000100000001010000000160
:10DBC0000100000001010000000100000000010050
:10DBD0000000000100000000010000000001000042
:10DBE0000000010000000001000000000100000032
:10DBF000000100000001010000000101000000011F
:10DC00000000000001000000000100000000010011
:10DC10000000000100000000010000000001000001
:10DC200000010100000001010000000100000000EF
:10DC300001000000000100000000010000000001E0
:10DC400000000001010000000101000000010000CF
:10DC500000000100000000010000000001000000C1
:10DC600000010000000101000000010000000001AF
:10DC700000000000010000000001000000010100A0
:10DC80000000010000000001000000000000000191
:10DC9000010000000000010100000000000101007F
:10DCA0000000000001010000000000010100000070
:10DCB0000000010000000000000100000000000161
:10DCC000010000000000010100000000000101004F
:10DCD0000000000001010000000000010100000040
:10DCE0000000010100000000000100000000000130
:10DCF000010000000000010100000000000101001F
:10DD00000000000001010000000000010000000010
:10DD100000010100000000000101000000000001FE
:10DD200001000000000001000000000000010000F0
:10DD300000000001010000000000010100000000DF
:10DD400000010000000000010100000000000101CE
:10DD500000000000000101000000000001000000C0
:10DD600000000101000000000001010000000000AF
:10DD7000010000000000010100000000000101009E
:10DD80000000000001000000000001010000000090
:10DD9000000101000000000001000000000001017E
:10DDA000000000000001010000000001010000006F
:10DDB000000001010000000000010000000000015F
:10DDC000010000000000010000000000010100004F
:10DDD0000000000101000000000001000000000040
:10DDE000010100000000000100000000000101002E
:10DDF0000000000001000000000001010000000020
:10DE0000000100000000000101000000000001000E
:10DE100000000000010100000000000100000000FF
:10DE200000010100000000000100000000000101ED
:10DE300000000000000100000000000101000000DF
:10DE400000000100000000000101000000000101CD
:10DE500000000000000100000000000101000000BF
:10DE600000000100000000000101000000000101AD
:10DE7000000000000001000000000001010000009F
:10DE8000000001000000000001010000000001018D
:10DE9000000000000001000000000001010000007F
:10DEA000000101000000000001000000000001016D
:10DEB000000000000101000000000001000000005F
:10DEC000000101000000000101000000000001004D
:10DED000000000000101000000000101000000003E
:10DEE000000100000000000100000000000101002E
:10DEF000000000010100000000000100000000001F
:10DF0000010000000000010100000000010100000C
:10DF100000000001000000000001000000000001FE
:10DF200001000000000101000000000101000000EC
:10DF300000000100000000000100000000000101DD
:10DF400000000000010100000000010100000000CD
:10DF500000010000000000010000000000010000BE
:10DF600000000001010000000001010000000001AC
:10DF7000010000000001010000000000010000009D
:10DF8000000001000000000001000000000001008E
:10DF9000000000000101000000000101000000007D
:10DFA000010100000000010100000000010100006B
:10DFB000000001010000000000010000000000015D
:10DFC000000000000001000000000001000000004F
:10DFD000000100000000000100000000000100003E
:10DFE000000000010000000000010000000000012E
:10DFF000000000000001000000000001000000001F
:10E00000000100000000000100000000000100000D
:10E0100000000001000000000001000000000001FD
:10E0200000000000000100000000000100000000EE
:10E0300000010000000000010000000000010000DD
:10E0400000000001000000000001000000000101CC
:10E0500000000000010100000000010100000000BC
:10E0600001010000000001010000000001010000AA
:10E07000000001000000000001000000000001009D
:10E08000000000000100000000000100000000018D
:10E09000010000000001010000000001010000007B
:10E0A000000100000000000100000000000100006D
:10E0B000000000010000000001010000000001015B
:10E0C000000000000101000000000100000000004D
:10E0D000010000000000010000000001010000003C
:10E0E000000101000000000100000000000100002C
:10E0F000000000010000000001010000000001011B
:10E10000000000000100000000000100000000010C
:10E1100001000000000101000000000100000000FB
:10E1200000010000000001010000000001010000EA
:10E1300000000100000000000100000000010100DB
:10E1400000000001000000000001000000000101CB
:10E1500000000000010100000000010000000000BC
:10E1600001000000000101000000000100000000AB
:10E17000000100000000010100000000010000009B
:10E18000000001000000000101000000000100008B
:10E19000000000010000000001010000000001007B
:10E1A000000000000100000000010100000000016B
:10E1B000000000000101000000000100000000005C
:10E1C000010000000001010000000001000000004B
:10E1D000000100000000010100000000010000003B
:10E1E000000101000000000100000000010100002A
:10E1F000000001000000000001000000000101001B
:10E20000000000010000000001010000000001000A
:10E2100000000001010000000001000000000001FA
:10E2200000000000010000000000010000000001EB
:10E2300001000000000100000000010100000000DA
:10E2400001000000000101000000000100000000CA
:10E2500001010000000001000000000101000000B9
:10E2600000010000000001010000000001000000AA
:10E27000000101000000000100000000010000009A
:10E28000000001000000000100000000010100008A
:10E29000000001000000000101000000000100007A
:10E2A000000001010000000001000000000100006A
:10E2B000000000010000000001000000000101005A
:10E2C000000000010000000001010000000001004A
:10E2D000000000010000000001010000000001003A
:10E2E000000000010100000000010000000001002A
:10E2F000000000010100000000010000000001001A
:10E300000000000101000000000100000000010108
:10E3100000000000010000000001000000000101F9
:10E3200000000000010000000001000000000101E9
:10E3300000000000010000000001000000000101D9
:10E3400000000000010000000001000000000101C9
:10E3500000000000010000000001000000000100BA
:10E3600000000001010000000001000000000100A9
:10E370000000000101000000000100000000010099
:10E380000000000100000000010100000000010089
:10E390000000000100000000010100000001010078
:10E3A0000000000100000000010000000001010069
:10E3B0000000010100000000010000000001000059
:10E3C0000000010000000001010000000001000049
:10E3D0000000010000000001000000000101000039
:10E3E0000001010000000001000000000100000029
:10E3F0000001000000000101000000010100000018
:10E400000001000000000100000000010000000009
:10E4100001000000000101000000000100000000F8
:10E4200001000000000100000000010000000001E8
:10E4300000000000010100000001010000000001D7
:10E4400000000000010000000001000000000100C9
:10E4500000000001000000000101000000010100B7
:10E4600000000001000000000100000000010000A9
:10E470000000010000000001000000000100000099
:10E480000001000000000101000000010100000087
:10E490000101000000000100000000010000000078
:10E4A0000100000000010000000001000000000168
:10E4B0000000000001000000000100000000010059
:10E4C0000000000100000000010000000001010048
:10E4D0000000010100000001010000000101000036
:10E4E0000001010000000101000000010100000026
:10E4F0000001000000000100000000010000000019
:10E500000100000000010000000001000000000107
:10E5100000000000010000000001000000000100F8
:10E5200000000001000000000100000000010000E8
:10E5300000000100000000010000000001000000D8
:10E5400000010000000101000000010100000001C5
:10E5500001000000010100000001010000000101B4
:10E5600000000001010000000100000000010000A7
:10E570000000010000000001000000000100000098
:10E580000001000000000100000000010000000088
:10E590000100000000010000000001000000010176
:10E5A0000000000101000000010100000001000066
:10E5B0000000010000000001000000000100000058
:10E5C0000001000000000100000000010000000147
:10E5D0000100000001010000000100000000010036
:10E5E0000000000100000000010000000001000028
:10E5F0000000010000000101000000010100000016
:10E600000100000000010000000001000000000106
:10E6100000000000010000000101000000010000F6
:10E6200000000100000000010000000001000000E7
:10E6300000010000000101000000010000000001D5
:10E6400000000000010000000001000000010100C6
:10E6500070E6000800000024A4020000CC090008B5
:10E6600014E70008A40200247C2B0000C0B70008B7
:10E6700081F2016A10142C90D00304000E486465E6
:10E68000636B20493320332E300D0A0410A0A0A064
:10E69000000F127FFC400440265C76402640047F39
:10E6A000FC4FFFFC8004BFF602FC8004FF223920EF
:10E6B0004AE6020917204AC6020917204A860209BB
:10E6C00017204A06020916204BBE06020916204BE7
:10E6D000BC06020916204BB806020916204BB006EC
:10E6E000020916204BA006020912205F7FFE40029D
:10E6F0004003020439027FFE1203000916B5C8B4B4
:10E70000FDD3A6B4F00D18CAD5B5BD1E0529B3AC0E
:04E71000CAB100008A
:040000050800029954
:00000001FF
