-0.014899
 0.002101
 0.008360
 0.005489
 0.013191
 0.002135
 -0.006847
 0.000302
 -0.006141
 0.007761
 0.002884
 0.005928
 -0.007938
 0.007801
 0.013803
 0.000780
 0.003440
 0.005016
 0.001818
 0.004132
 0.000445
 0.009880
 0.008219
 0.009034
 0.017743
 0.012455
 -0.001605
 -0.001217
 0.002466
 0.004108
 -0.032741
 -0.002425
 -0.014015
 -0.007573
 -0.015391
 -0.005307
 -0.004258
 -0.007744
 -0.018823
 -0.007860
 -0.009362
 -0.011338
 -0.012294
 -0.006381
 0.000389
 -0.002907
 -0.007041
 -0.007162
 -0.015869
 -0.004281
 -0.002786
 -0.013455
 -0.010298
 -0.011703
 -0.001926
 -0.006099
 -0.001458
 0.005592
 -0.000670
 0.006175
 -0.002297
 0.003741
 0.009600
 -0.008007
 0.008881
 0.008721
 0.005254
 -0.009721
 0.006569
 0.006825
 0.002833
 0.002447
 -0.001553
 -0.012103
 -0.000446
 0.007000
 -0.005074
 0.008586
 0.072583
 -0.002048
 -0.000508
 0.003330
 0.001154
 0.000950
 0.011862
 0.000801
 0.007365
 0.007894
 0.001960
 0.003217
 -0.002366
 -0.008983
 -0.007138
 0.001827
 -0.001262
 0.005487
 -0.003004
 -0.013004
 -0.005051
 -0.003995
 -0.004068
 0.003477
 0.008220
 0.006737
 0.001714
 0.004504
 0.006077
 0.010659
 -0.013567
 -0.013752
 -0.004506
 0.011025
 -0.010370
 0.009125
 -0.002065
 0.010232
 0.012234
 -0.002368
 -0.005366
 -0.002641
 -0.003005
 -0.000115
 0.025371
 0.000753
 0.005304
 0.002640
 0.002925
 0.007011
 -0.004623
 -0.007336
 -0.010031
 -0.016061
 -0.003642
 -0.012648
 -0.009542
 -0.001365
 -0.006331
 -0.001697
 0.009010
 0.006451
 0.008416
 0.006841
 -0.003068
 0.004735
 -0.002297
 -0.000335
 0.000621
 -0.002394
 -0.006610
 0.004562
 0.006539
 0.107277
 0.001920
 -0.001370
 0.000437
 -0.002071
 -0.006683
 0.004495
 -0.008012
 -0.010521
 -0.000383
 0.005389
 -0.007016
 -0.006114
 -0.005826
 0.004998
 0.007243
 -0.001744
 -0.003127
 -0.007529
 0.001777
 0.007723
 0.001961
 0.006937
 0.003952
 0.000938
 0.002007
 0.009305
 -0.004878
 -0.005063
 -0.003124
 -0.003694
 -0.003234
 0.002640
 -0.005053
 0.005817
 0.003828
 0.001145
 -0.006038
 0.006228
 0.006488
 0.006003
 -0.009984
 -0.015471
 -0.012279
 -0.012519
 -0.009073
 -0.015731
 -0.005006
 0.005363
 0.006445
 0.005302
 0.003137
 0.008133
 -0.008665
 -0.005998
 0.003536
 0.011506
 0.009719
 -0.002673
 0.000988
 0.005467
 0.012171
 -0.003385
 0.002346
 -0.002976
 -0.012303
 -0.007374
 -0.006596
 -0.007397
 -0.000380
 -0.002787
 0.007333
 -0.003402
 0.006266
 0.008298
 0.000427
 0.001668
 -0.005655
 -0.004781
 -0.007928
 -0.008884
 0.000869
 0.001456
 0.004270
 -0.007043
 0.004591
 -0.001370
 0.026768
 0.015882
 0.002107
 -0.009316
 -0.009953
 -0.006327
 0.002813
 0.007048
 -0.010349
 -0.007062
 -0.002628
 -0.009719
 -0.007436
 -0.004806
 -0.010455
 -0.008390
 -0.010591
 -0.003611
 0.007159
 0.002918
 -0.000433
 0.001259
 -0.002389
 -0.010644
 -0.014478
 -0.008612
 -0.002743
 -0.011237
 -0.019219
 -0.006859
 -0.009821
 -0.005331
 -0.003691
 -0.001100
 -0.007036
 0.000823
 0.005152
 0.001461
 0.005338
 0.000673
 -0.004106
 0.000674
 0.004801
 0.016584
 0.004805
 0.040550
 0.000149
 0.001653
 0.000771
 0.001886
 0.004780
 0.009615
 0.009670
 -0.010167
 -0.008632
 -0.006033
 0.002910
 -0.009121
 0.000617
 -0.004133
 0.004952
 -0.003784
 0.001817
 -0.000670
 0.003718
 0.002693
 0.000772
 -0.003029
 -0.008844
 -0.017911
 -0.009598
 -0.007870
 -0.006420
 -0.003169
 -0.004957
 -0.017335
 -0.005401
 -0.011779
 -0.015694
 -0.107395
 0.005261
 0.006148
 0.004771
 -0.006235
 -0.003792
 -0.007504
 -0.005659
 -0.079166
 -0.017743
 -0.012072
 0.003824
 0.001686
 -0.005704
 0.001571
 0.001507
 -0.009146
 -0.009010
 -0.017920
 -0.006431
 -0.010276
 -0.014780
 -0.006922
 -0.002587
 -0.007959
 -0.013806
 0.002829
 0.006266
 -0.008925
 0.001160
 0.006078
 0.003297
 0.005405
 0.004015
 0.000714
 0.004277
 -0.015409
 -0.007778
 -0.006951
 -0.000056
 0.015842
 0.003060
 -0.017523
 -0.013936
 0.011068
 0.006086
 0.016733
 0.005449
 0.002398
 0.004357
 0.002894
 0.005980
 -0.008493
 0.007006
 0.000675
 0.002200
 0.003730
 0.004000
 0.005998
 0.000209
 0.004680
 0.011292
 0.013062
 0.011831
 0.008001
 0.004870
 0.000755
 0.007322
 0.009023
 -0.003545
 -0.001670
 0.014282
 0.002427
 -0.005963
 0.000420
 -0.005014
 -0.000008
 -0.007283
 0.001164
 -0.003604
 0.000490
 -0.002410
 -0.008014
 -0.015799
 -0.003792
 -0.016181
 -0.008570
 -0.002671
 -0.001200
 -0.011255
 -0.004533
 -0.000857
 -0.002878
 0.001808
 0.040764
 -0.016730
 -0.054210
 -0.006810
 -0.005884
 0.001874
 0.003761
 -0.001614
 -0.046562
 -0.010215
 -0.004959
 -0.004109
 -0.006601
 -0.004168
 0.001612
 0.004069
 -0.007337
 0.003238
 0.009932
 0.002141
 0.011407
 0.041267
 0.000110
 0.004047
 -0.011363
 -0.008681
 -0.022059
 0.005751
 0.002682
 0.006463
 -0.001383
 -0.010852
 -0.004951
 -0.002807
 -0.004864
 0.001003
 -0.009336
 -0.003443
 0.010759
 -0.007583
 -0.003449
 -0.000521
 -0.006860
 -0.006719
 0.001989
 -0.003786
 0.007757
 0.006560
 0.005881
 -0.008060
 -0.007864
 0.008152
 0.004288
 -0.008997
 -0.016672
 -0.017259
 -0.003279
 -0.012175
 -0.026820
 -0.010471
 -0.015829
 -0.005797
 0.008853
 -0.020286
 -0.020142
 -0.008491
 -0.003252
 -0.007404
 -0.016683
 -0.008922
 -0.014781
 -0.004296
 -0.011043
 -0.000190
 -0.010645
 -0.005812
 -0.010887
 -0.010635
 -0.004679
 0.126532
 -0.054501
 0.032102
 -0.009274
 -0.011203
 -0.007263
 0.001889
 -0.004626
 -0.004104
 0.009972
 0.007976
 0.008177
 0.002949
 -0.000293
 0.003573
 -0.015778
 -0.005154
 -0.007794
 -0.011623
 -0.002735
 -0.010742
 -0.008312
 0.000665
 -0.001288
 0.000680
 -0.000515
 0.000275
 -0.002856
 -0.007467
 0.001911
 -0.010455
 0.006437
 0.008226
 -0.008705
 -0.005011
 0.001230
 0.005725
 0.004794
 -0.010903
 -0.016839
 -0.006841
 -0.003461
 -0.012992
 0.006859
 0.000616
 0.008513
 -0.004467
 -0.012689
 0.017400
 0.005085
 -0.004381
 -0.010493
 -0.000404
 -0.002354
 -0.012063
 -0.009117
 -0.004464
 -0.000506
 -0.005196
 -0.010812
 0.006312
 -0.005464
 -0.009449
 0.021702
 -0.015120
 -0.007833
 -0.010381
 -0.019905
 0.004593
 -0.005783
 -0.000090
 0.000073
 -0.023671
 -0.007919
 -0.018526
 0.003435
 0.001902
 -0.003582
 -0.004247
 -0.008658
 -0.008240
 -0.008589
 -0.004874
 -0.003480
 0.006383
 -0.009881
 -0.007165
 -0.000122
 0.040366
 -0.019310
 -0.017756
 -0.011429
 -0.008915
 -0.012725
 -0.003922
 0.008173
 -0.003346
 0.005554
 0.003505
 -0.021250
 0.003841
 0.010333
 -0.001887
 -0.005824
 -0.009723
 -0.016585
 -0.011272
 -0.018549
 -0.004948
 -0.009870
 -0.012176
 -0.026418
 -0.007391
 -0.003919
 -0.010779
 -0.004093
 -0.007425
 -0.002405
 0.008513
 -0.000633
 0.005650
 0.000121
 -0.001105
 -0.003050
 -0.023068
 -0.011924
 -0.006389
 -0.009767
 -0.014351
 -0.013053
 0.003228
 -0.011505
 -0.007049
 -0.015411
 -0.004436
 0.135270
 0.012470
 0.008146
 0.001473
 0.008013
 -0.005678
 -0.003401
 -0.011134
 -0.010969
 0.000474
 0.036378
 -0.014234
 -0.003497
 -0.003194
 0.008036
 -0.006603
 -0.008688
 -0.009318
 -0.002235
 -0.011435
 -0.012863
 -0.006654
 -0.008150
 -0.015341
 -0.012696
 -0.007845
 -0.022796
 -0.010648
 0.102463
 0.013849
 0.009332
 -0.009454
 -0.013507
 -0.003654
 -0.010836
 -0.013321
 -0.007665
 -0.005875
 -0.017571
 0.008326
 0.003924
 0.013555
 0.010353
 0.007723
 0.038174
 -0.003375
 -0.014657
 -0.006339
 -0.010319
 -0.012548
 -0.014089
 -0.015626
 -0.020165
 0.320352
 0.694044
 0.116358
 -0.369215
 0.132519
 -0.877468
 -0.884544
 -0.092913
 -0.253391
 0.585724
 0.668286
 0.862697
 0.111609
 -0.138703
 -0.518982
 -0.284954
 -0.637715
 -0.281594
 -0.139109
 0.722291
 0.112229
 -0.034331
 -0.902358
 0.548149
 0.497739
 -0.565427
 0.050524
 -0.456846
 -0.733732
 -0.997452
 0.458699
 0.548723
 -0.388406
 -0.355491
 -0.472268
 0.259205
 0.500073
 0.106489
 -0.836246
 -0.805106
 -0.192258
 -0.464569
 0.538429
 0.342451
 0.105835
 0.475099
 -0.570572
 -0.646678
 -0.288234
 -0.773116
 0.248938
 0.578655
 -0.173471
 -0.156557
 -0.588007
 -0.033387
 -0.505623
 -0.574094
 -0.432626
 0.438344
 0.119353
 -0.218275
 -0.235909
 0.227052
 0.933574
 -0.575790
 -0.714463
 0.108730
 0.010390
 0.089659
 -0.484595
 0.274953
 0.939583
 1.052036
 -0.354336
 0.074990
 -0.420091
 0.213920
 0.442947
 0.700978
 0.680427
 0.613185
 0.915797
 -0.054877
 -0.591059
 -0.068067
 0.415257
 0.817128
 0.861659
 -0.234322
 -0.402000
 -0.177104
 0.564450
 -0.767197
 -0.267998
 0.031524
 0.286202
 -0.374285
 -0.121624
 -0.547815
 -0.305327
 0.629275
 0.375448
 0.123313
 0.685663
 0.483456
 0.206133
 -0.700660
 -0.420379
 0.130202
 0.043203
 0.119756
 0.040821
 -0.623502
 -0.358687
 0.496961
 0.290188
 0.707363
 0.432311
 -0.427728
 -0.385039
 -0.030431
 0.366478
 -0.111050
 -0.404286
 -0.107336
 0.524380
 0.418203
 0.044644
 -0.408839
 -0.317304
 0.084184
 0.323344
 0.168474
 -0.803690
 -0.120462
 0.191624
 0.679657
 -0.394164
 -0.218715
 -0.595584
 -0.345530
 0.116966
 0.375033
 0.308419
 0.015410
 -0.828579
 -0.315864
 -0.256356
 -0.112658
 -0.185646
 0.141800
 -0.141597
 0.747324
 0.931294
 0.625462
 0.221840
 -0.486988
 -0.210991
 0.840901
 0.126951
 0.201080
 0.502517
 -0.036846
 0.691524
 0.738940
 0.164584
 -0.511655
 -0.374009
 -0.063764
 0.425621
 0.590189
 0.557831
 0.168445
 0.380694
 0.755924
 0.782924
 -0.778560
 -0.204504
 0.815775
 0.533908
 0.255500
 0.416209
 0.734747
 -0.825525
 -0.281980
 -0.717611
 -0.685756
 -0.312647
 0.217621
 0.055572
 0.226629
 0.302458
 0.267192
 0.231559
 -0.735074
 -0.536471
 -0.298865
 -0.028092
 -0.592981
 -1.305856
 -0.687149
 -0.495744
 0.127551
 0.095964
 0.747392
 0.262900
 -0.642745
 -0.021893
 0.388282
 0.682048
 0.417386
 0.661747
 0.322332
 -0.202306
 -0.428302
 -0.407649
 -0.303783
 -0.691579
 -0.668497
 0.010510
 -0.261447
 -0.785136
 0.581530
 -0.048395
 -0.512633
 -0.705545
 -0.401579
 0.169042
 -0.323180
 -0.247295
 -0.466908
 0.039822
 0.276614
 0.614979
 0.243976
 0.583101
 -0.812463
 -0.633995
 -0.094750
 -0.261795
 -0.123509
 0.382062
 0.276470
 0.981719
 0.432012
 -0.519552
 0.031116
 0.267790
 0.940188
 0.210102
 0.025922
 -0.486215
 -0.152620
 -0.884216
 0.784206
 0.005149
 0.245364
 -0.524207
 -0.476181
 0.219514
 0.559947
 1.178875
 0.550255
 -0.332976
 -0.185659
 -0.108073
 -0.494382
 -0.661666
 -1.053479
 -0.044715
 -0.008279
 0.180706
 0.338034
 0.349467
 -0.542305
 -0.266930
 0.283027
 -0.221446
 -0.015452
 0.077553
 0.896360
 1.083230
 0.781365
 0.574388
 -0.040466
 -0.176885
 -0.558637
 0.461678
 0.090797
 0.643101
 0.682034
 0.749526
 0.538533
 0.593423
 0.509499
 0.392065
 0.171520
 0.483157
 0.572951
 0.400671
 0.257219
 0.636481
 0.580069
 0.576113
 -0.070648
 0.089588
 -0.429346
 -0.112546
 -0.346703
 0.487783
 0.431803
 0.985017
 0.035508
 -0.517132
 -0.620923
 0.865563
 0.057686
 -0.115020
 -0.518281
 -0.868539
 0.260491
 0.740292
 0.631667
 0.387165
 0.132945
 0.395849
 0.321586
 0.042455
 -0.727201
 -0.838765
 -0.820312
 -0.584006
 -0.415178
 0.534244
 0.962163
 0.845304
 0.693156
 -0.022513
 -0.051935
 0.120040
 0.182014
 0.102934
 0.425805
 0.452927
 -0.073755
 -0.291077
 -0.587077
 0.231746
 -0.299367
 0.618128
 0.127447
 0.314108
 -0.150763
 -0.019504
 -0.146763
 -0.640572
 0.120523
 1.051750
 0.625678
 -0.218396
 -0.241722
 0.425880
 0.009648
 0.258717
 1.135317
 0.091101
 -0.036034
 -0.763325
 -0.440624
 -1.365704
 0.526633
 0.406634
 0.551614
 0.114988
 -0.463551
 0.186942
 0.449424
 0.825105
 -0.311085
 -0.280667
 -0.061277
 0.258862
 0.211356
 0.969194
 0.834788
 0.053257
 -0.308974
 0.587847
 0.263090
 0.146803
 -0.225108
 0.309923
 0.117479
 0.217717
 0.585759
 0.477071
 0.114064
 0.035376
 0.461588
 -0.320236
 0.109407
 0.550584
 0.996539
 0.442856
 -0.339726
 -0.263888
 0.056402
 -0.069987
 0.066945
 0.885087
 -0.002623
 -0.231928
 -0.738100
 -0.464782
 0.704636
 0.322896
 0.760901
 0.918797
 0.528192
 -0.047455
 -0.101548
 0.562293
 0.303227
 0.318452
 -0.490484
 -0.041501
 0.188247
 0.167965
 0.380635
 0.619127
 -0.252742
 -0.416069
 -0.082057
 -0.020417
 -0.194427
 0.091214
 0.822305
 0.395838
 0.381663
 0.001185
 -0.351204
 -0.311051
 0.116194
 -0.145660
 -0.269614
 0.604713
 -0.371951
 -0.561336
 -0.598675
 -0.079226
 0.927917
 0.672557
 0.196342
 -0.092271
 -0.817557
 0.043157
 -0.462007
 -0.479966
 -0.336544
 0.242623
 0.627408
 -0.269319
 -0.504782
 -0.721635
 -0.521293
 -0.945239
 0.466404
 0.333856
 0.638620
 -0.472742
 -0.046776
 -0.252912
 -0.165618
 0.613609
 0.848985
 0.502139
 0.180771
 -0.355516
 -0.225823
 0.353926
 0.496753
 0.191312
 -0.224528
 -0.113466
 0.520738
 -0.235535
 0.669124
 -0.031341
 -0.655040
 -0.038536
 0.023590
 1.051903
 0.044452
 -0.062304
 -0.360958
 0.469332
 -0.112807
 -0.103704
 0.163571
 0.882150
 0.726244
 0.240911
 -0.614700
 0.210775
 0.565088
 0.780196
 0.375909
 0.468924
 -0.445133
 -0.796520
 -0.554390
 0.275936
 0.704988
 0.040780
 -0.421857
 -0.189093
 -0.003289
 0.126940
 0.083341
 1.193440
 0.113965
 0.023821
 -0.103456
 -0.702408
 0.112928
 0.497216
 -0.255527
 0.203459
 0.506412
 -0.931615
 -0.895295
 -0.081474
 -0.010489
 0.926384
 0.982261
 0.659769
 0.486913
 0.881189
 0.113769
 0.292267
 -0.282777
 -0.329683
 0.307914
 0.679148
 -0.383727
 -0.394285
 -0.090212
 0.755395
 0.106213
 0.641296
 -0.401505
 -0.482761
 -0.222990
 -0.387698
 -0.738928
 -0.436241
 -0.412529
 -0.533304
 -0.372820
 0.226030
 0.110575
 0.246394
 0.816209
 -0.329070
 -0.429384
 -0.086452
 0.247359
 0.371211
 -0.225432
 -0.519480
 -0.143710
 0.247014
 0.621405
 -0.009449
 -0.417806
 -0.178866
 0.043026
 -0.233366
 -0.486065
 -0.806039
 0.060204
 -0.053860
 -0.455856
 -0.198123
 0.912293
 0.254370
 0.164188
 -0.789983
 -0.471180
 -0.785132
 -0.073091
 0.286804
 0.091169
 -0.465402
 -0.159181
 0.242557
 -0.725360
 -0.315421
 -0.085647
 -0.214741
 -0.558795
 -0.278378
 -0.614901
 0.634436
 0.641667
 -0.450923
 -0.261533
 0.009401
 0.098170
 -0.343974
 -0.041893
 -0.551996
 -0.185925
 -0.027164
 -0.079490
 -0.428709
 -0.695703
 0.523385
 0.551793
 0.284164
 -0.276135
 -0.746459
 -0.365993
 0.464105
 0.348931
 0.712241
 0.029682
 -0.100888
 0.350911
 -0.063071
 0.819058
 -0.154298
 0.080109
 -0.536117
 -0.146955
 0.403242
 0.512074
 -0.529709
 -0.167248
 0.570979
 0.317649
 0.193353
 -0.027237
 -0.252896
 -0.677321
 0.051527
 1.215693
 0.712094
 0.945991
 0.082041
 0.094998
 -0.176717
 0.240740
 0.388035
 -0.072024
 0.865175
 -0.345611
 -0.482810
 -0.072734
 0.078004
 0.702833
 0.561620
 0.666712
 0.252606
 0.108392
 -0.589910
 -0.585659
 0.290605
 0.744757
 -0.081803
 -0.502004
 -0.060587
 -0.284653
 0.576774
 -0.268435
 -0.077738
 -0.258224
 0.134679
 0.190937
 1.133071
 0.381210
 -0.006647
 -0.661051
 0.281073
 -0.128197
 0.130458
 -0.132094
 -0.808090
 -0.577953
 0.018070
 1.001112
 0.490287
 0.178884
 -0.046070
 0.141521
 -0.356003
 -0.409934
 -0.035818
 1.041196
 0.123034
 -0.153323
 -0.494126
 -0.709518
 -0.257760
 -0.028932
 0.320660
 0.462489
 0.352792
 -0.480881
 0.127611
 0.298509
 0.463282
 0.570654
 -0.294400
 -0.163773
 0.215670
 -0.077272
 -0.578817
 0.355484
 0.501920
 -0.344554
 -0.206729
 -0.571606
 -0.837550
 0.408990
 0.245464
 0.820698
 -0.219259
 -0.204538
 0.763224
 -0.035633
 -0.948459
 -0.282601
 -0.350114
 0.456315
 -0.193468
 -1.117088
 -0.727569
 0.287049
 0.607945
 -0.017023
 -0.399900
 -0.098999
 0.245718
 -0.026397
 -0.479698
 -0.425427
 -0.862202
 0.450919
 0.251051
 -0.192275
 0.006620
 -0.013263
 0.291450
 0.777595
 -0.225271
 -0.228063
 0.297765
 0.348573
 -0.139127
 -0.835527
 0.029119
 0.444581
 0.033179
 -0.887813
 0.147524
 0.510505
 0.245173
 -0.554447
 0.044927
 0.277549
 -0.498641
 0.050814
 -0.476024
 0.404323
 -0.187673
 -0.184365
 -0.398721
 0.467348
 0.806102
 0.380628
 -0.422776
 -0.533141
 -0.101791
 0.722347
 0.170263
 -0.777486
 0.239965
 0.226897
 -0.670435
 -0.342217
 -0.264427
 -0.148860
 0.207894
 0.316154
 -0.491824
 -0.224827
 0.621458
 0.474457
 0.121005
 -0.523241
 0.019068
 -0.156131
 0.461520
 -0.604511
 0.587806
 -1.234285
 -0.124047
 -0.157307
 0.117972
 -0.419721
 -0.049332
 -0.719282
 0.270805
 0.323707
 0.470386
 -0.216176
 -0.152237
 0.461485
 -0.229584
 -0.442575
 -0.057567
 0.350745
 0.648705
 -0.624765
 -0.318919
 0.674030
 0.221445
 -0.371424
 -0.455195
 0.303188
 0.209048
 0.733469
 0.023510
 -0.333144
 0.248099
 0.614580
 0.193347
 0.015870
 -0.658884
 0.073594
 0.814678
 0.523591
 0.816817
 0.952882
 0.763227
 0.323146
 0.071156
 0.993738
 0.891316
 -0.455041
 -0.694325
 0.533352
 0.035038
 -0.118290
 -0.653581
 -0.529193
 0.202959
 1.016666
 0.776619
 -0.667735
 -0.504252
 0.663449
 0.157191
 0.597694
 1.173908
 0.119080
 -0.877823
 0.556080
 -0.088907
 -0.445407
 -0.284352
 -0.081632
 0.643637
 -0.104597
 -0.248029
 -0.392822
 -0.065026
 0.554016
 0.201188
 -0.791984
 0.321695
 0.278381
 0.199681
 -0.629484
 -0.491775
 -0.851282
 -0.520107
 -0.397400
 0.262237
 0.417220
 -0.610455
 -0.747766
 0.286971
 0.258924
 0.148369
 -0.350370
 -0.709245
 -0.336049
 0.375966
 0.452880
 0.390848
 -0.748069
 -0.136307
 -0.028984
 0.191089
 -0.461684
 -0.457824
 -0.693865
 -0.172807
 -0.469516
 0.630969
 0.380386
 -0.122738
 -0.817874
 0.295256
 -0.376456
 -0.500950
 -0.224767
 0.347178
 0.614173
 -0.349228
 -0.347835
 0.022374
 -0.109984
 0.361862
 -0.565599
 -0.942637
 -0.063548
 0.088525
 0.327789
 0.163634
 -0.616197
 -0.287105
 -0.374451
 -0.069695
 0.043683
 0.687045
 0.668305
 -0.106421
 -0.391549
 -0.388810
 -0.825797
 -0.624822
 0.067044
 -0.139645
 0.361407
 0.215473
 0.442301
 -0.321001
 -0.763377
 -0.744654
 -0.805332
 -0.031660
 0.247488
 0.554736
 0.175082
 0.809027
 0.959609
 0.825808
 -0.033678
 -0.601142
 -0.704513
 -0.694734
 -0.172343
 -0.060573
 0.486925
 0.369706
 -0.259700
 -0.269462
 -1.206861
 0.089844
 0.097806
 -0.497120
 -0.276827
 0.674807
 -0.047217
 -0.821828
 -0.980100
 0.092014
 -0.146182
 0.727891
 -0.215602
 -0.166553
 -0.638925
 -0.800354
 0.058048
 0.455585
 0.047849
 -0.439497
 0.004679
 0.575066
 0.018273
 -0.219448
 0.300182
 -0.396783
 -0.649210
 -0.894329
 0.497582
 -0.170154
 -0.740007
 -0.306400
 0.436229
 -0.362964
 -0.211454
 -0.449289
 -0.028463
 0.647590
 0.059580
 0.257974
 -0.013923
 0.214349
 -0.260579
 -0.402180
 -0.845737
 -0.865381
 0.037803
 0.546725
 0.352516
 -0.873575
 -0.402272
 -0.584783
 0.377136
 0.072874
 -0.420598
 -0.509157
 0.098634
 0.555049
 -0.025820
 -0.116756
 -1.018606
 -0.422275
 0.061719
 0.073131
 0.441817
 0.106284
 -0.349980
 -0.680086
 0.407897
 0.139696
 0.146233
 -0.586123
 -0.439791
 -0.143202
 -0.207869
 0.934906
 0.394454
 -0.261494
 -0.642275
 -1.026033
 -0.282681
 -0.092107
 0.051543
 0.673229
 -0.397515
 -0.356155
 -0.453035
 0.262869
 0.248516
 -0.011668
 -0.555439
 -0.394755
 -0.242459
 0.405115
 0.445986
 0.535762
 0.161988
 0.538779
 0.447422
 -0.657393
 -0.540112
 -0.152995
 0.187846
 -0.149831
 0.393910
 0.034949
 -0.165985
 0.137874
 0.350379
 0.371336
 0.137650
 -0.698603
 -0.193720
 0.026459
 0.561540
 0.454525
 0.155663
 0.892013
 -0.098403
 0.325134
 -0.467069
 -0.382758
 -0.777453
 -0.614138
 -0.124864
 0.190620
 0.614550
 0.258834
 0.212927
 -0.413599
 -0.961428
 -0.262224
 0.443593
 1.105630
 0.296782
 -0.377056
 -0.566543
 -0.390218
 0.084644
 0.591860
 -0.235761
 0.375734
 -0.426788
 0.348431
 0.162412
 -0.323624
 -0.814961
 0.167917
 0.070491
 0.156456
 0.700598
 0.800054
 0.652311
 0.063237
 -0.006272
 -0.130730
 -0.140520
 -0.580026
 -0.090560
 -0.210455
 0.357920
 0.878980
 0.815015
 0.665965
 -0.064261
 -0.111323
 -0.199548
 -0.819482
 0.144930
 0.455308
 0.242155
 -0.664112
 -0.578575
 0.128682
 -0.106621
 0.757150
 0.019384
 -0.569078
 0.077405
 -0.767452
 0.030136
 0.095316
 -0.100769
 -0.444520
 -0.187139
 0.388932
 0.657840
 0.295690
 0.112246
 0.700571
 -0.254459
 0.083535
 -0.111951
 -0.041431
 -0.238216
 -0.698738
 0.091762
 -1.197580
 -0.133197
 0.219892
 0.279852
 0.201980
 -0.292326
 0.137266
 0.599455
 0.621032
 0.583065
 0.662554
 0.797443
 0.114617
 -0.682783
 -0.607144
 0.123540
 0.330812
 -0.202909
 -0.406154
 0.100936
 0.422434
 0.013054
 -0.829346
 -0.077057
 0.212780
 0.522161
 -0.304740
 0.056542
 0.816009
 0.291953
 -0.779356
 -0.289255
 -0.173347
 -0.021088
 0.739616
 -0.293313
 -0.365142
 0.218433
 0.457727
 0.396916
 0.361313
 -0.746353
 -0.537781
 0.454729
 0.746721
 -0.141712
 -0.191476
 0.406050
 0.330342
 -0.486051
 -0.699437
 0.125169
 0.014403
 -0.079434
 -0.791528
 0.144370
 -0.304051
 -0.075332
 -0.217850
 0.217065
 -0.013011
 -0.476873
 0.558172
 0.671943
 -0.137385
 0.068591
 -0.276486
 0.236694
 0.846592
 -0.193976
 -0.557846
 -0.711069
 -1.173676
 -0.056695
 0.388665
 0.782713
 0.052984
 0.327341
 -0.306695
 -0.105592
 0.736521
 0.143168
 0.064461
 -0.934735
 -0.262970
 -0.310570
 0.472658
 0.646687
 -0.486932
 0.219982
 0.944136
 0.212217
 -0.726278
 -0.272174
 0.320168
 0.211172
 -0.389812
 0.198817
 0.208840
 0.518953
 -0.287726
 -0.583926
 -0.069427
 0.081739
 -0.627270
 0.200054
 0.633705
 0.570242
 -0.037125
 0.218174
 -0.588115
 0.204480
 0.646251
 -0.335592
 -0.248878
 -0.127621
 0.055275
 0.805765
 0.855587
 -0.111391
 -0.796864
 -0.686396
 0.283978
 -0.382772
 -0.324670
 0.113822
 0.572052
 0.522683
 -0.344222
 -0.308494
 0.028936
 0.058285
 -0.632740
 -0.255244
 0.137365
 0.338847
 -0.606052
 -0.127077
 -0.935720
 0.045702
 0.551228
 -0.496794
 0.149781
 0.598606
 0.078060
 -0.531308
 -0.185247
 -0.917161
 -0.036579
 0.345284
 0.005298
 -0.004428
 -0.015459
 0.000416
 -0.007207
 0.002684
 0.000396
 0.003257
 0.002661
 -0.004608
 0.003285
 -0.008644
 -0.053850
 -0.010828
 -0.001612
 -0.002982
 -0.013336
 -0.014572
 -0.002491
 -0.003372
 -0.007147
 -0.004510
 -0.005616
 -0.020131
 -0.004350
 -0.001958
 0.008078
 -0.005806
 -0.001174
 -0.003454
 -0.016902
 -0.006852
 -0.013108
 0.001567
 -0.011420
 0.000042
 0.002430
 0.011338
 0.002886
 -0.001249
 -0.014862
 -0.014613
 0.002022
 -0.000511
 -0.003727
 0.007854
 -0.008436
 -0.001079
 0.008705
 0.000937
 -0.008030
 -0.007163
 0.004048
 0.006752
 -0.017188
 -0.014509
 -0.001741
 0.003495
 0.004350
 0.003422
 0.001636
 -0.010203
 -0.011144
 -0.010363
 -0.016321
 0.003199
 -0.048895
 -0.016678
 -0.024111
 -0.004422
 -0.004107
 -0.010777
 -0.004052
 -0.009922
 -0.000432
 -0.001596
 0.007254
 0.002711
 -0.002117
 0.001626
 -0.004334
 -0.018592
 -0.007293
 -0.002464
 -0.008180
 0.003026
 0.003601
 0.004126
 0.006820
 0.007490
 0.002904
 -0.008176
 -0.005969
 -0.012944
 -0.011391
 -0.005071
 -0.000234
 0.002994
 0.010330
 0.005832
 0.000554
 -0.007942
 0.008705
 0.000204
 0.006816
 0.008975
 0.002275
 -0.013664
 0.001862
 -0.002625
 0.003441
 0.002162
 0.005614
 0.000935
 0.003492
 0.002134
 -0.041244
 0.002623
 -0.003902
 -0.012802
 -0.005336
 0.007904
 0.006759
 0.000715
 0.006558
 0.010762
 -0.001726
 -0.001096
 -0.011211
 0.000671
 0.001042
 0.002005
 0.005370
 0.009753
 -0.008272
 0.000038
 -0.005769
 -0.000600
 -0.015553
 -0.003389
 -0.011980
 -0.011150
 -0.002041
 -0.008847
 -0.007007
 -0.010801
 -0.013866
 -0.006625
 -0.008354
 -0.002431
 0.006231
 -0.003491
 0.007377
 -0.010836
 -0.004955
 -0.015407
 -0.001366
 -0.003222
 0.000952
 0.002373
 0.005364
 -0.003293
 -0.006330
 -0.005779
 -0.005585
 -0.001475
 -0.008457
 0.005062
 0.008589
 -0.002280
 -0.001534
 -0.008424
 -0.004923
 -0.001912
 0.006831
 0.005633
 0.006797
 0.008349
 -0.002961
 -0.009195
 -0.018485
 -0.004443
 -0.012979
 -0.015050
 -0.009916
 -0.017371
 -0.009187
 -0.004533
 -0.006585
 -0.004138
 -0.003627
 -0.005252
 -0.007055
 -0.008466
 -0.006395
 -0.005229
 0.002205
 0.004870
 -0.006088
 0.006949
 0.004577
 -0.007360
 -0.011316
 -0.007911
 0.006291
 0.005362
 -0.002922
 -0.008227
 -0.007208
 -0.003576
 -0.013581
 -0.010322
 -0.010922
 -0.011648
 -0.011826
 -0.013227
 -0.005771
 -0.017399
 0.097346
 -0.024461
 -0.013165
 -0.001526
 0.014509
 -0.033930
 0.217773
 0.017052
 -0.028300
 0.007170
 -0.005979
 -0.018758
 -0.003968
 -0.010987
 -0.004189
 -0.006526
 -0.012167
 -0.002882
 -0.000185
 0.001220
 0.005986
 0.008502
 -0.009051
 -0.009147
 -0.010655
 -0.012414
 -0.007316
 -0.011438
 0.001447
 -0.004324
 0.001390
 0.001388
 0.002413
 -0.003584
 -0.000314
 -0.011580
 -0.011207
 -0.000634
 -0.002436
 -0.006843
 -0.000260
 0.002076
 0.005945
 -0.009444
 -0.007679
 0.001415
 0.011514
 0.001051
 -0.007699
 -0.009006
 0.183811
 -0.015939
 -0.027023
 -0.014101
 -0.007201
 0.121273
 -0.014080
 -0.013392
 -0.064860
 0.013538
 0.009952
 -0.002181
 0.005526
 0.001864
 0.002235
 -0.004308
 0.002528
 0.007146
 0.004888
 -0.001747
 -0.004882
 -0.007467
 -0.017594
 -0.001327
 -0.002310
 -0.002549
 -0.007654
 -0.009355
 -0.004658
 0.007520
 0.013901
 -0.009707
 -0.004390
 -0.004660
 -0.011155
 0.000918
 -0.008920
 -0.011089
 -0.003921
 0.005009
 -0.005750
 -0.004487
 -0.009118
 -0.009943
 -0.008408
 -0.025800
 -0.014109
 -0.007588
 -0.008580
 -0.006364
 -0.001454
 -0.008903
 0.006945
 -0.010441
 0.006157
 -0.007936
 -0.011364
 -0.005050
 -0.010961
 -0.012760
 -0.006258
 -0.006811
 -0.007098
 -0.003856
 -0.006677
 0.002112
 0.004014
 -0.005745
 -0.004936
 0.001511
 -0.005626
 -0.003961
 -0.008668
 -0.014107
 -0.009546
 -0.003269
 -0.001342
 0.008499
 -0.009418
 -0.012986
 -0.008071
 -0.002501
 0.001342
 -0.001686
 -0.008231
 -0.009345
 -0.006088
 -0.005224
 -0.005171
 -0.004474
 -0.017624
 -0.007215
 0.032217
 0.004385
 0.004465
 0.016104
 0.014645
 -0.015399
 -0.011355
 -0.018164
 -0.011002
 -0.013289
 -0.016478
 0.002665
 -0.000142
 0.007560
 -0.002329
 -0.016478
 -0.016540
 -0.009139
 -0.009091
 -0.004286
 0.004231
 0.006543
 0.005468
 -0.008879
 -0.013271
 -0.000367
 -0.115956
 -0.014616
 0.010254
 -0.010493
 -0.006837
 0.000840
 -0.006213
 -0.017158
 -0.015183
 0.006415
 -0.002282
 -0.002826
 -0.001018
 -0.002147
 -0.012334
 -0.013883
 -0.008407
 -0.005459
 -0.013295
 -0.010451
 -0.000478
 -0.002324
 -0.006727
 0.008000
 0.065635
 0.023364
 -0.009592
 -0.007996
 -0.001488
 0.001910
 0.004281
 0.010273
 -0.006973
 -0.002114
 0.000606
 -0.004939
 -0.004305
 -0.002351
 0.006924
 0.006757
 -0.007474
 -0.001350
 0.010681
 -0.016836
 0.010503
 -0.000251
 -0.002040
 -0.053798
 -0.009879
 0.002478
 -0.006583
 -0.000128
 0.000271
 0.005475
 0.005003
 -0.023916
 -0.004337
 -0.015232
 -0.003005
 -0.002773
 -0.001244
 0.004052
 -0.002407
 -0.007165
 -0.001567
 -0.035507
 -0.013159
 -0.008467
 0.009944
 0.008849
 0.003134
 -0.003853
 -0.009277
 -0.004950
 -0.002882
 0.007036
 0.017379
 -0.006828
 0.003045
 0.000809
 -0.008532
 -0.005987
 -0.002337
 0.005484
 -0.001057
 -0.002854
 0.007456
 -0.005939
 -0.002195
 -0.001127
 -0.025058
 -0.010634
 0.003161
 -0.000614
 0.012476
 -0.003092
 0.001570
 -0.000149
 -0.006447
 -0.003857
 -0.016065
 -0.012719
 -0.009085
 -0.009701
 -0.011785
 -0.000495
 0.009739
 0.000856
 0.000851
 -0.009134
 -0.014777
 0.002469
 -0.002005
 -0.002694
 -0.000970
 -0.017185
 -0.013427
 -0.014532
 -0.016407
 -0.004759
 0.002220
 0.006611
 -0.005503
 -0.004013
 0.007243
 -0.034211
 0.003573
 0.003583
 -0.001579
 0.004413
 -0.010554
 -0.011283
 -0.003857
 -0.003805
 0.009523
 0.004561
 -0.002470
 -0.010333
 -0.021126
 -0.020242
 -0.003223
 -0.012506
 -0.012167
 -0.003962
 0.001942
 -0.006843
 -0.005791
 -0.014407
 -0.010428
 -0.018353
 0.029327
 -0.012937
 -0.010241
 -0.012359
 -0.010160
 -0.007303
 -0.006996
 -0.012833
 -0.016323
 -0.019390
 -0.014302
 -0.007216
 -0.010435
 0.003488
 -0.015000
 0.001857
 0.004461
 -0.004347
 -0.001092
 -0.001590
 -0.007960
 -0.018789
 -0.017690
 -0.008801
 0.001865
 0.004183
 0.002927
 -0.009292
 -0.014283
 -0.011785
 -0.000337
 -0.011672
 0.003054
 -0.019065
 -0.020809
 -0.015181
 -0.013165
 -0.004531
 -0.006557
 0.006872
 0.011813
 -0.005672
 0.004902
 0.002394
 -0.003935
 -0.012276
 -0.020624
 -0.000589
 -0.006908
 0.000151
 0.011441
 0.003839
 0.013478
 0.003862
 0.009397
 0.008251
 0.002462
 -0.015044
 -0.008858
 -0.011848
 -0.008935
 -0.016993
 -0.012724
 -0.015531
 -0.014210
 -0.004686
 0.006066
 -0.000744
 -0.003529
 -0.007546
 -0.006963
 -0.009062
 -0.025543
 -0.006275
 -0.006901
 0.003626
 0.010094
 0.003628
 -0.011527
 0.010980
 0.002054
 0.007003
 -0.009981
 0.011689
 -0.019559
 -0.012510
 0.001119
 -0.001656
 -0.004971
 0.000047
 -0.006243
 -0.007922
 -0.016497
 -0.021995
 -0.010022
 -0.007032
 -0.002072
 -0.006322
 -0.006367
 -0.010984
 -0.003740
 -0.004751
 -0.014049
 -0.011031
 0.006181
 -0.000274
 -0.008503
 0.010251
 0.000821
 -0.002825
 -0.013136
 -0.010477
 -0.009052
 -0.013018
 0.004998
 0.003294
 0.010896
 -0.003899
 0.001397
 -0.002769
 -0.289227
 -0.105943
 0.738331
 0.992821
 1.160314
 1.182808
 1.308573
 1.130299
 0.967086
 -0.803104
 -1.043435
 -1.135251
 -1.103747
 -1.285117
 -0.780577
 -0.915655
 -1.231066
 -0.989046
 -0.912141
 -0.941317
 -1.116827
 -1.159561
 -0.736336
 -1.011902
 -0.427246
 -0.033729
 0.087473
 -1.088144
 -0.875333
 -0.939830
 -0.350065
 -0.351406
 -0.404547
 0.082877
 0.235359
 0.253851
 0.565849
 -0.640660
 -0.618812
 -0.588734
 -0.157086
 0.250664
 0.291066
 0.622524
 1.156313
 0.504520
 0.854663
 1.353113
 0.837865
 -1.219145
 -1.046884
 -1.068545
 -1.110943
 -0.306127
 0.097895
 0.606199
 -0.771462
 0.578478
 0.050733
 -0.803981
 -0.123241
 -0.161024
 0.332141
 1.055482
 1.117168
 0.739544
 0.923360
 1.005324
 0.216920
 -0.795542
 -1.236419
 -1.130345
 -0.460353
 0.099691
 1.121462
 0.587550
 -0.270023
 0.351080
 -0.225770
 -1.328055
 -1.065889
 -0.828690
 -0.768961
 0.651075
 0.826401
 1.012975
 1.212115
 0.725402
 0.592919
 0.977125
 0.406578
 -1.208230
 -0.592665
 0.015514
 0.965113
 0.505229
 0.933494
 0.298551
 0.729969
 0.618629
 0.766063
 1.041135
 1.033121
 0.945552
 -0.301810
 -1.275296
 -0.883138
 0.197722
 -0.970822
 -0.812098
 -0.439711
 -0.505174
 -1.133493
 0.622848
 0.593611
 -0.740807
 -1.080955
 -1.079818
 -0.610428
 0.403094
 0.176574
 0.755506
 0.898256
 0.912741
 0.024487
 -0.911953
 -0.815721
 -0.795773
 -0.305233
 0.256770
 0.969034
 0.753555
 0.361237
 -0.188981
 -0.144715
 -1.126746
 -0.987310
 -0.594987
 -0.261349
 0.224046
 0.760937
 1.055056
 1.061841
 1.131854
 0.758341
 0.375539
 -1.233676
 -0.663134
 -0.631704
 -0.110088
 0.026852
 0.644993
 0.800660
 1.078253
 1.472616
 0.863650
 0.335421
 0.027381
 -0.654309
 -0.942166
 -0.258616
 0.275243
 0.748257
 -0.530161
 0.051113
 0.108447
 0.384147
 0.630943
 1.108578
 0.955823
 0.621264
 0.982485
 1.020950
 0.725416
 0.564169
 -0.112358
 -0.538343
 -0.972255
 -0.792252
 -0.421160
 -0.748790
 0.238582
 0.996488
 1.080046
 0.981255
 0.418816
 -0.399336
 -0.720766
 -1.080230
 -0.604289
 -1.074372
 0.667845
 0.093748
 -1.125005
 -0.664485
 0.025097
 0.390593
 0.651477
 0.908919
 1.131436
 1.098182
 0.783870
 0.341149
 -0.410899
 -0.851527
 -0.712843
 -0.590656
 0.739938
 1.160340
 1.212220
 0.977802
 0.548565
 0.091441
 -1.168690
 -0.222346
 0.248424
 0.546333
 1.066602
 0.838095
 0.884538
 0.671467
 0.250970
 1.162564
 0.519650
 0.027169
 -0.565954
 -1.116226
 -0.412228
 0.688324
 0.819794
 1.008727
 0.609928
 1.200861
 0.744158
 0.609456
 0.272636
 -0.519782
 -0.913766
 -0.624524
 -0.347205
 0.424944
 0.639920
 -1.177866
 -1.315174
 -0.306951
 0.381314
 0.771810
 1.063206
 1.216521
 0.977010
 0.684425
 0.353568
 0.896310
 0.871769
 0.244577
 -0.217192
 -0.712404
 -0.932951
 -1.295959
 0.120033
 0.798140
 0.832880
 0.981530
 0.767610
 -0.922438
 -0.187700
 0.455675
 0.834078
 1.269991
 1.257049
 0.229759
 -0.137821
 1.214923
 0.711067
 -0.022348
 -0.242884
 -1.026179
 -0.028544
 0.926782
 1.137437
 1.134102
 0.534820
 0.622320
 0.836265
 0.474099
 0.120864
 -0.385606
 -0.936713
 -0.966863
 0.367487
 0.763010
 0.954588
 0.877755
 0.989974
 0.801940
 0.852135
 0.922256
 -0.096169
 -0.836391
 -0.723512
 -1.025851
 -1.052522
 0.319130
 -1.257292
 0.431051
 1.006662
 1.269055
 0.947549
 0.456438
 0.165938
 -0.286480
 -1.031552
 -1.081162
 0.563217
 0.528438
 0.642481
 1.047202
 1.032385
 1.184884
 0.882175
 0.689907
 1.161621
 0.736998
 -0.389046
 -0.995789
 -1.162627
 0.240574
 0.479792
 0.764515
 0.747341
 1.026518
 0.950144
 -0.989477
 -1.010425
 0.954615
 1.023584
 1.360423
 0.877186
 0.754684
 0.422534
 -0.236527
 -0.928618
 -0.898312
 -1.054724
 -1.442523
 0.931686
 1.432649
 0.932337
 0.553751
 0.378340
 -0.169153
 -0.341264
 -0.804041
 -0.946971
 -0.990071
 0.636813
 0.728460
 1.021263
 1.407596
 1.290335
 0.434858
 0.181764
 -0.450386
 -0.954633
 -0.961936
 0.888152
 1.293021
 1.006243
 -0.850666
 0.991094
 1.349454
 1.170694
 0.665482
 -0.253007
 -0.462985
 0.913709
 0.703974
 0.091925
 -0.203088
 -0.769940
 -0.923936
 -0.907302
 -1.300689
 -0.843286
 -0.817170
 0.557355
 -1.278673
 -0.954063
 -0.722198
 -0.621423
 1.323515
 0.986197
 0.710816
 0.368222
 -0.369873
 -0.439285
 0.971248
 -0.166002
 -0.832039
 -0.964272
 -1.287940
 -0.406934
 0.964648
 0.965212
 1.238623
 0.711521
 0.993395
 -0.769903
 -0.594562
 1.102015
 1.247873
 0.840813
 0.598567
 0.466051
 -0.282615
 -0.848359
 -0.975104
 -0.784831
 -0.211552
 1.252570
 0.981841
 0.591584
 0.113237
 -0.578327
 -0.848291
 -1.203229
 -0.446185
 1.006114
 -0.741198
 -0.877763
 0.837728
 1.070760
 1.037078
 1.184193
 0.896256
 0.203013
 -0.108626
 -0.411821
 0.936391
 0.052519
 -0.231889
 -0.477280
 -0.503480
 -1.308729
 -1.216766
 -0.996507
 -0.023693
 -0.947666
 -0.935822
 -0.278798
 1.001917
 0.852353
 0.754213
 0.418594
 -0.007848
 -0.483672
 -0.599840
 -1.135264
 -0.300236
 -0.680776
 -0.826399
 -1.319626
 -1.068845
 -0.569929
 0.021003
 1.315229
 0.867476
 0.461590
 1.152333
 1.111587
 -0.852228
 1.108934
 0.853009
 0.587787
 0.652665
 0.111489
 0.828315
 -0.478168
 1.183568
 1.154609
 0.701798
 0.449697
 0.240347
 -0.554196
 -0.529991
 -0.856760
 -1.271986
 -1.113338
 -0.232920
 -0.139328
 0.966117
 0.987494
 0.612251
 -0.250481
 -1.025904
 -1.079795
 -0.771145
 -0.257588
 0.033264
 1.049666
 1.099121
 0.730959
 0.457703
 -0.085914
 -0.549029
 -0.756097
 -1.261591
 -1.006345
 -0.380173
 1.057506
 0.313185
 -0.418637
 -0.492180
 -1.320964
 -1.118671
 -0.995375
 -0.571689
 -0.380483
 0.837749
 0.543455
 0.220326
 -1.075987
 -0.899448
 -1.200313
 -0.131732
 1.101436
 0.797742
 0.583288
 0.108549
 -0.807295
 0.387960
 0.097550
 -0.530574
 -0.824851
 -1.125986
 -0.849828
 -0.830423
 -0.072655
 0.141914
 0.646241
 -0.541934
 -0.226735
 0.367418
 0.640804
 0.298776
 -0.813264
 -1.053907
 -0.685519
 -0.523327
 -0.208440
 -0.694275
 -1.054691
 -1.070467
 -0.790472
 -0.039429
 1.287840
 0.808157
 -0.048927
 -0.912808
 -1.050121
 -1.060992
 -1.301258
 -1.179993
 -0.385660
 -0.164380
 0.509537
 0.879388
 0.386777
 -0.316697
 -0.889319
 -1.022900
 -1.089148
 -0.917333
 -0.810504
 -0.852907
 -0.855956
 -0.433219
 0.616568
 0.631785
 -0.067272
 -0.139673
 0.851754
 -0.074260
 -0.723204
 -1.012774
 -1.293011
 -0.498217
 -0.032764
 0.139855
 0.864137
 0.708912
 0.107497
 0.046734
 0.526692
 0.738234
 0.375779
 -0.825727
 -0.855782
 -0.871336
 -0.435712
 -1.040570
 -0.855497
 -0.297522
 0.001856
 0.622521
 0.882642
 0.317840
 -1.315488
 -1.137174
 -1.146319
 -1.067229
 -1.191375
 -0.833275
 -0.179009
 0.301894
 0.688359
 0.594779
 0.191388
 -0.321594
 -0.914512
 -1.024116
 -0.270991
 -1.097802
 -1.001370
 0.912420
 0.622712
 -0.202260
 -0.977952
 -1.027071
 -1.073478
 -0.808145
 -0.351552
 0.484307
 -0.140058
 0.377055
 0.579700
 0.765425
 0.370332
 -0.726261
 -0.893471
 -0.542530
 -0.791701
 0.332000
 -0.595605
 -0.382955
 0.499749
 0.872889
 0.425981
 0.038564
 -0.752919
 -0.861380
 -1.075936
 -0.345557
 -0.779742
 -0.129808
 0.687566
 0.735600
 0.156263
 -0.339106
 -0.976702
 -1.169840
 -0.997519
 -0.371075
 -1.241747
 -0.562917
 -0.126941
 0.331445
 0.766693
 0.131296
 -0.519881
 -0.705815
 -1.102836
 -0.764424
 -0.725401
 -1.314233
 -1.062217
 -0.945318
 -0.896691
 -0.097577
 0.496962
 1.122276
 0.048110
 0.385589
 0.808570
 0.987113
 0.002599
 -0.232039
 -0.546816
 -1.046013
 -0.768742
 -0.284753
 0.472000
 -0.816319
 -1.436428
 -1.324404
 -0.834800
 -0.876833
 -0.271762
 0.323267
 0.918110
 0.243622
 -0.397514
 -0.663285
 -0.862832
 -1.215495
 -0.711791
 -0.669001
 0.581296
 1.352996
 0.889923
 0.100139
 -0.745006
 -1.460624
 -0.924659
 -0.510425
 0.016096
 0.826698
 1.189623
 0.133746
 -0.727971
 -0.675970
 -0.825060
 -0.735712
 -0.134900
 0.148537
 1.104617
 -0.378586
 0.661969
 0.978554
 1.185710
 1.095013
 -0.030145
 -0.813401
 -1.014863
 -0.788469
 -1.023739
 -1.168361
 -1.053548
 -0.107526
 0.324694
 0.525395
 0.770346
 1.175121
 0.016138
 0.935609
 0.788735
 0.891954
 1.509436
 -0.021813
 -0.765571
 -1.153363
 -1.054431
 -1.061973
 -1.149727
 -0.918551
 -0.658309
 -1.276866
 -0.867545
 -0.607032
 -0.244041
 0.069740
 1.066214
 0.875826
 1.298196
 0.770491
 -0.540898
 -0.307390
 0.277879
 0.866902
 0.946499
 1.416819
 1.280295
 0.204088
 -0.570305
 -1.060573
 -0.867242
 -1.244964
 -1.129892
 -0.726241
 -0.908309
 -0.500251
 0.312102
 0.648046
 0.684675
 1.136249
 0.721718
 0.532328
 0.879347
 1.190330
 -0.064807
 -0.281544
 -0.483265
 -1.281794
 -1.179517
 -1.144590
 -0.610687
 -0.900892
 -1.140690
 -0.701785
 0.387864
 0.700314
 1.111858
 -0.488051
 -0.776330
 -1.105090
 -0.542386
 -1.101242
 -1.255025
 -1.195552
 -0.663322
 -0.213246
 0.093812
 0.629293
 0.480394
 0.643345
 0.115071
 0.901524
 0.873340
 -0.171157
 -0.959738
 -1.031833
 -1.005350
 -1.187607
 -0.815525
 -0.947592
 -1.108001
 -0.716859
 -0.383849
 0.876955
 -0.911355
 -1.307989
 -0.038705
 0.729281
 -0.543795
 -1.136195
 -0.894316
 -0.554231
 0.652270
 0.630079
 1.394817
 1.068629
 1.068087
 -0.259133
 -0.622879
 -0.659225
 -1.239264
 -0.905397
 -0.836522
 -0.500536
 0.540785
 0.752482
 1.308439
 1.233246
 1.070151
 -0.538002
 -1.192493
 -1.094150
 -0.950567
 -0.416591
 0.104327
 0.548390
 0.859441
 0.939382
 0.886499
 -0.705198
 -1.004524
 -1.240840
 -0.896088
 -0.409141
 0.339495
 0.859067
 0.877928
 -0.601142
 -0.955361
 -0.700096
 -0.320558
 0.100743
 0.941875
 0.778025
 1.046980
 1.238805
 0.916281
 0.622880
 -1.098266
 -1.056341
 -0.780176
 -0.485675
 -0.099926
 -0.167315
 -0.862263
 -0.161147
 0.232500
 0.995393
 1.069789
 1.074666
 -0.912156
 -0.857680
 -1.086231
 -0.763067
 -0.836262
 -0.547740
 0.002551
 0.513049
 0.681502
 0.776877
 1.115995
 0.987615
 0.785202
 -0.994101
 -0.833584
 -1.137886
 -0.843044
 -1.084870
 -0.877657
 -1.094029
 -0.561114
 0.208630
 0.460940
 1.120796
 0.876472
 1.075068
 0.703154
 0.590350
 -0.855451
 -1.092090
 -0.777212
 -0.459934
 0.433266
 1.051071
 0.910516
 0.962031
 0.343234
 0.375681
 0.976169
 0.853793
 0.347507
 -1.164693
 -0.951491
 -0.608493
 -0.564761
 -0.580463
 -0.787783
 -0.828612
 -0.483920
 -0.209395
 -0.310967
 0.399381
 0.657150
 -0.215522
 0.154260
 0.846505
 0.518464
 0.782786
 0.363537
 0.354066
 -0.765984
 -0.931880
 -0.697408
 0.980730
 0.599032
 0.243750
 -0.857395
 -0.838184
 -0.557268
 -0.888241
 -0.590529
 -0.501741
 -0.455832
 -0.948662
 -0.535111
 -0.707388
 -0.568801
 -0.149218
 0.141029
 0.209537
 0.779218
 0.615938
 0.553064
 0.660247
 0.758598
 0.799947
 0.603760
 -0.591963
 -0.876085
 -0.630780
 -0.497774
 -0.192141
 -0.684803
 -0.046918
 -1.069657
 -1.143954
 -1.257476
 -0.812935
 -0.544029
 -0.517661
 -0.179532
 0.092655
 0.654193
 0.963561
 0.421570
 0.705274
 0.564940
 0.114757
 -0.031400
 -1.088522
 -0.816061
 -0.976631
 -0.386556
 -0.133370
 0.114063
 0.160133
 1.001342
 0.710710
 0.906911
 0.338890
 0.332674
 0.154575
 -0.954289
 -0.987014
 -1.183784
 -0.127691
 0.149441
 0.101332
 0.447166
 0.734276
 0.939364
 1.106756
 0.915788
 0.552585
 0.418683
 -0.570254
 -0.757483
 -0.609294
 0.520922
 0.605391
 0.612373
 0.682855
 0.711084
 0.638499
 0.290306
 0.503751
 0.582619
 0.765817
 0.315203
 0.187206
 -0.196041
 -0.255567
 -0.787235
 -0.630409
 -0.452991
 -0.486729
 -0.722502
 -0.657430
 -0.509870
 -0.178753
 0.144034
 0.241369
 0.498963
 -0.016517
 0.812512
 -0.270533
 0.076268
 -0.581802
 -0.679767
 -0.562072
 -0.408651
 -0.392477
 -0.140112
 0.588451
 0.501985
 0.919970
 0.811080
 0.618330
 0.358942
 0.283152
 -1.039335
 -0.887121
 -0.802432
 -0.185605
 -0.210042
 0.073506
 0.228709
 0.861427
 0.958416
 -0.470936
 -0.141432
 -0.000918
 0.345612
 0.395313
 0.301319
 0.416131
 0.338280
 0.337652
 1.227144
 0.746596
 0.458774
 0.658483
 -0.243377
 -0.198184
 -0.763375
 -0.875584
 0.101263
 -0.264961
 -0.256397
 -0.772660
 -0.823102
 -0.758497
 -0.561256
 -0.284251
 0.241818
 0.464584
 -0.629159
 -0.673823
 -0.508976
 -0.197034
 0.220497
 0.049732
 0.653265
 0.863225
 0.272918
 0.203980
 0.618565
 0.551454
 0.354932
 0.234925
 -0.065884
 -0.374489
 -0.269701
 -0.390010
 -0.301919
 -0.031080
 -0.161208
 0.347955
 -0.397838
 -0.631364
 -0.323327
 0.258048
 -0.275796
 -0.413034
 0.266496
 0.723821
 0.674213
 0.656151
 0.255351
 0.137566
 0.948421
 1.084787
 0.569958
 1.001736
 0.577761
 0.032031
 -0.256707
 -0.098497
 -0.191274
 -0.486165
 -0.483936
 0.005658
 -0.553937
 -0.157440
 -0.017682
 0.313278
 0.825782
 0.567065
 0.769791
 0.394835
 0.992371
 0.894065
 0.972263
 0.377451
 -0.027770
 0.034192
 -0.367814
 -0.501765
 -0.500414
 0.269220
 -0.265608
 -0.514188
 -0.672031
 -0.007483
 0.142371
 0.313569
 0.487045
 0.846484
 0.309153
 0.745969
 0.013965
 0.194085
 0.132722
 -0.044848
 -0.245062
 -0.742942
 -0.597590
 0.170897
 -0.040629
 -0.820582
 -0.647448
 -0.302338
 0.106165
 0.528940
 0.561972
 0.742664
 0.858268
 0.060349
 -0.362078
 -0.285950
 -0.625607
 -0.948395
 -0.365089
 0.320172
 0.657116
 0.658912
 0.813681
 0.649555
 0.718695
 0.626988
 0.409587
 -0.409781
 -0.201225
 -0.936704
 -0.777446
 0.149910
 0.177456
 0.053889
 0.755947
 0.588691
 0.605198
 0.820071
 0.972732
 0.165132
 0.234405
 0.288292
 0.174951
 -0.177267
 -0.553191
 -1.230409
 -0.005398
 0.349090
 0.421346
 -0.711922
 -0.999111
 0.319321
 0.580794
 0.628693
 0.949587
 0.344000
 0.227325
 0.724726
 0.633958
 0.534625
 0.811204
 0.499417
 0.312939
 0.173386
 -0.183363
 -0.540127
 -0.152557
 -0.138453
 -0.580331
 -0.270424
 -0.650995
 -0.747368
 -0.976240
 0.159351
 0.723441
 1.028176
 0.210595
 0.711566
 0.804421
 0.773384
 0.672520
 0.618937
 0.131642
 -0.013481
 0.025094
 -0.061807
 -0.583464
 0.073914
 0.794689
 0.488600
 -0.067978
 -0.682655
 -0.317908
 0.308611
 0.231117
 0.361960
 0.513903
 0.453056
 0.501632
 0.237094
 -0.598540
 -0.919586
 -1.071209
 -0.438482
 -0.393710
 0.007237
 0.397636
 0.718637
 0.668917
 -1.019621
 -0.635813
 -0.943909
 0.781511
 0.840870
 0.473100
 0.829020
 0.513007
 0.481014
 0.093175
 0.408609
 0.980420
 0.674429
 0.501642
 -0.614409
 -0.473226
 0.186957
 0.224539
 -0.790903
 0.320862
 -0.792758
 -0.175829
 0.397315
 0.117816
 0.308346
 -0.243555
 -0.039090
 0.769871
 0.130982
 -0.455868
 -0.667886
 0.164772
 0.881470
 -0.082635
 -0.652302
 -0.288007
 0.044647
 0.654268
 0.013088
 -0.156133
 0.548670
 0.046284
 -0.368170
 -0.483258
 -0.526307
 0.502003
 0.315840
 -0.162555
 -0.422611
 -0.645121
 -0.396602
 -0.152051
 0.428049
 0.286851
 0.331741
 -0.360011
 -0.262146
 -0.764006
 -0.082852
 0.418104
 0.148621
 -0.341462
 0.303005
 0.633212
 0.404313
 -0.475925
 -0.518593
 -0.096202
 0.309336
 0.131549
 -0.630849
 0.323029
 0.461564
 0.244785
 -0.183745
 -0.733711
 -0.131633
 -0.159413
 -0.293693
 -0.401419
 0.112586
 0.391735
 0.180969
 -0.137696
 0.138093
 0.377725
 -0.156296
 -0.090217
 -0.064791
 -0.191878
 -1.192275
 0.007908
 0.645869
 0.014319
 0.392144
 0.282404
 -0.124793
 -0.390674
 0.419018
 0.324174
 -0.184775
 -0.134658
 -0.942482
 0.106446
 -0.627031
 -0.455680
 0.639343
 0.029355
 -0.256161
 -0.129540
 0.753443
 0.260901
 0.290300
 0.485338
 -0.001663
 -0.831868
 -0.189418
 0.444444
 0.226210
 0.102860
 -0.047003
 -0.424215
 -0.635573
 -0.590210
 -0.216895
 -0.247787
 -0.789493
 -0.545100
 0.306807
 0.101811
 0.275002
 -0.064731
 -0.006667
 0.392635
 0.816715
 0.746250
 -0.322237
 -0.180001
 -0.488178
 0.192959
 -0.065721
 0.275881
 -0.653585
 -0.000411
 1.062934
 -0.613234
 -0.176476
 -0.031720
 0.255118
 0.487766
 0.715117
 -0.546660
 -0.503146
 0.419992
 0.165283
 -0.062966
 -0.197237
 -0.133244
 -0.974591
 0.057237
 0.452879
 -0.291710
 -0.096562
 0.265337
 -0.746612
 0.407419
 -0.062312
 -0.354682
 -0.230697
 0.166181
 0.234599
 -0.158514
 -0.326343
 -0.650210
 -0.198264
 0.072111
 0.395693
 -0.029538
 -0.678034
 0.070453
 -0.092658
 -0.405005
 0.036707
 -0.947209
 -0.616815
 -0.000050
 0.244166
 -0.233129
 0.145219
 0.318350
 0.917100
 0.865843
 0.324996
 0.087882
 0.654182
 0.137588
 0.082695
 0.986317
 0.673861
 0.425639
 0.729754
 0.585539
 0.322927
 0.123978
 -0.023240
 0.218116
 0.101903
 0.303740
 -0.218542
 -0.291772
 -0.295107
 0.036945
 0.239904
 0.747125
 -0.802394
 -0.052293
 -1.012399
 -0.820829
 -0.191473
 -0.434395
 0.557035
 0.198061
 -0.256666
 -0.226476
 -0.177784
 -1.007936
 -0.763993
 -0.516479
 -0.175431
 -0.374171
 -0.002251
 -0.043690
 0.116821
 0.328245
 0.391531
 0.234913
 0.420429
 -0.112292
 -0.282962
 -0.841183
 -0.397778
 -0.566189
 -0.188983
 0.561873
 0.305339
 0.430617
 0.263050
 0.309718
 0.759208
 0.884264
 0.137102
 -0.250654
 0.138604
 0.267987
 -0.005138
 -0.208510
 0.349418
 0.565942
 0.286057
 -0.344328
 -0.626534
 -0.681502
 -0.790694
 -0.280471
 -0.518383
 -0.821839
 0.312917
 0.060985
 0.196942
 0.409617
 -0.210703
 -0.533262
 0.193442
 0.015019
 0.458676
 0.461704
 -0.143322
 0.461884
 0.618503
 0.304341
 -0.012521
 -0.374957
 -0.495474
 -1.025635
 -0.778132
 -0.914749
 -0.708056
 -0.360053
 -0.153770
 0.854787
 0.867756
 0.527232
 0.438592
 -0.486338
 -0.186677
 -0.152587
 0.021742
 0.197535
 0.353555
 -0.600602
 -0.313466
 -0.521881
 -0.315866
 0.398308
 0.322590
 0.065550
 -0.671967
 -0.392706
 -0.545986
 -0.489830
 -0.546719
 0.333625
 0.073173
 -0.781615
 -0.616405
 -0.619333
 0.142968
 -0.181640
 -0.559324
 -0.996100
 -0.458993
 0.517433
 0.065720
 -0.131649
 -0.552632
 -0.389103
 0.066587
 -0.221918
 -0.887949
 0.132949
 0.113123
 -0.232691
 -0.689698
 -0.392486
 0.331159
 0.758555
 0.381001
 -0.599900
 -0.155887
 0.446903
 0.651794
 0.082148
 0.381587
 0.636294
 0.239782
 -0.542923
 -0.343421
 0.807678
 0.121629
 -0.394089
 0.185796
 0.181322
 -0.255583
 0.032481
 0.584590
 -0.314871
 -0.317552
 0.623005
 0.986508
 -0.110035
 -0.507237
 -0.405084
 0.343169
 0.605506
 -0.271778
 -0.124466
 0.644920
 0.052760
 0.196957
 -0.494908
 0.024289
 0.015357
 0.703244
 0.078435
 -1.138888
 -0.202498
 -0.135393
 0.097312
 0.299607
 -1.002793
 -0.557761
 0.298484
 -0.210120
 -0.258837
 0.378966
 0.555406
 0.553599
 0.313496
 0.970166
 -0.175017
 0.092550
 0.139597
 0.374395
 0.337101
 -0.591765
 -0.311986
 0.045549
 -0.556701
 -0.472130
 -0.417608
 0.045931
 0.516852
 -0.088121
 -0.402274
 0.236526
 0.408236
 -0.071099
 -0.293852
 0.659616
 0.683649
 0.144722
 -0.591984
 -0.518039
 0.352316
 0.017748
 -0.269290
 0.334637
 0.696898
 0.071039
 -0.361617
 -0.091433
 -1.037510
 -0.064038
 -0.091483
 0.046129
 0.630289
 0.696315
 -0.260499
 -0.634909
 0.214779
 0.772321
 -0.346327
 0.197467
 0.492999
 0.156360
 -0.210059
 -0.418337
 0.637172
 0.602974
 -0.319816
 0.022035
 0.141698
 0.873996
 0.311215
 -0.134714
 -0.872298
 -0.643351
 0.684318
 0.377351
 0.066092
 -0.363071
 0.182999
 0.375008
 -0.315200
 -0.608664
 0.023169
 0.144124
 0.163746
 0.045495
 -0.354494
 -0.891993
 -0.214972
 0.092472
 0.376048
 0.033139
 -0.552186
 0.410708
 0.540046
 0.010687
 -0.635819
 -0.181182
 -0.160301
 -0.041687
 0.369452
 0.820707
 0.023246
 -0.499505
 -0.452830
 0.812160
 0.634470
 0.852188
 -0.183081
 -0.077638
 0.632317
 0.325790
 -0.170662
 -0.385581
 0.105462
 0.887231
 -0.412078
 0.080717
 -0.005650
 0.435100
 -0.067204
 -0.792681
 -0.370105
 0.478954
 0.112870
 -0.591000
 -0.000213
 -0.499850
 0.156054
 0.388279
 -0.702157
 0.003290
 0.341331
 0.611293
 -0.238880
 -0.843471
 0.663183
 0.275400
 0.540676
 -0.311031
 -0.324933
 0.558218
 0.319504
 0.378234
 -0.431955
 -0.604340
 0.062997
 0.448968
 0.532105
 0.281901
 -0.247029
 -0.562504
 0.085109
 0.072936
 0.743460
 -0.120660
 -0.554618
 -1.229465
 0.074122
 0.398452
 0.704029
 0.014716
 -0.604117
 -1.015841
 0.454349
 0.568588
 -0.586774
 0.020296
 0.160027
 0.286471
 0.781907
 0.204732
 -0.351526
 -0.026394
 0.170533
 0.361348
 0.355645
 0.622746
 -0.810437
 -0.309878
 -0.602085
 0.937653
 0.150956
 -0.590200
 0.459654
 0.371750
 0.447884
 -0.274692
 0.303747
 0.312956
 0.560516
 0.177462
 0.786774
 0.094246
 -0.080531
 0.335300
 0.501432
 0.271503
 -0.947298
 -0.353487
 -0.283101
 0.135785
 0.504589
 0.270086
 -0.104911
 -0.795369
 0.098903
 0.773199
 -0.239068
 -0.109611
 -0.835791
 -0.311636
 0.601272
 0.068776
 0.023184
 -0.148815
 0.393387
 0.810564
 0.539378
 -0.495165
 0.216891
 -0.810552
 0.331128
 0.326622
 0.740926
 0.557981
 -0.383381
 -0.495345
 -0.172518
 0.325125
 0.283841
 0.683748
 0.133326
 0.664593
 0.021411
 -0.540691
 -0.450895
 0.306408
 0.781282
 0.373941
 -0.547900
 -0.352926
 0.257398
 0.538541
 0.755810
 -0.212799
 0.034030
 0.620998
 -0.212151
 0.355120
 0.324895
 -0.086946
 0.129814
 0.571228
 0.688470
 -0.266675
 0.135330
 0.612535
 0.187057
 -0.247631
 -0.806657
 0.605614
 0.553910
 0.095222
 -0.309156
 0.483063
 0.244693
 -0.059873
 0.067471
 0.449818
 0.469972
 -0.181801
 -0.172192
 -0.199160
 0.496613
 0.328716
 -0.222783
 0.140070
 0.304118
 -0.245430
 -0.096319
 0.361657
 0.648805
 -0.167725
 -0.730158
 -0.121614
 0.635211
 0.753505
 0.852954
 0.023199
 -0.351172
 -0.444215
 -0.196743
 0.665619
 0.294540
 -0.251268
 0.121399
 0.385200
 0.412248
 -0.393947
 0.354245
 0.507561
 0.637731
 0.099365
 -0.515913
 0.561586
 0.462806
 -0.323942
 -0.334917
 0.093036
 0.030805
 0.765127
 0.446502
 -0.236115
 -0.499051
 -0.080076
 0.172490
 0.954787
 -0.409169
 -0.694496
 0.505864
 0.426965
 0.503524
 0.619334
 -0.367326
 0.018167
 0.445517
 0.295199
 -0.329006
 -0.714096
 0.469368
 0.311690
 0.324209
 -0.356293
 -0.077153
 -0.310174
 0.363860
 0.253821
 -0.749908
 0.204015
 0.822626
 0.245238
 0.625506
 0.281211
 0.991330
 0.083180
 -0.622514
 0.369723
 0.375810
 -0.130612
 -0.310965
 -0.331065
 -0.648770
 -0.318556
 0.487921
 0.343237
 0.593219
 -0.362618
 0.032324
 -0.271086
 0.486969
 0.173364
 0.300641
 -0.083694
 -0.094397
 0.278927
 0.307647
 0.666892
 0.200544
 -0.317756
 -0.216030
 0.325857
 0.424140
 0.502568
 -0.951485
 0.059233
 0.290864
 0.997498
 0.463196
 -0.114542
 -0.056057
 -0.198897
 -0.129158
 0.865376
 0.209922
 -0.402826
 -0.351916
 0.209413
 0.524141
 0.456869
 -0.447856
 -0.861592
 -0.418741
 0.491868
 0.582521
 0.608271
 0.512233
 0.020672
 -0.407050
 -0.810017
 -0.127928
 0.343317
 0.388140
 -0.465276
 -0.421253
 0.590329
 0.318817
 -0.383912
 0.103385
 0.012983
 0.616285
 0.636452
 -0.324878
 -0.534194
 0.647821
 0.346703
 0.611509
 -0.613022
 -0.678064
 -0.097734
 0.189320
 0.950879
 0.380334
 -0.295734
 -1.007814
 -0.213188
 -0.281393
 0.554407
 0.157527
 1.015837
 -0.261766
 0.039904
 0.543472
 -0.299427
 -0.406015
 0.141289
 -0.151974
 0.637875
 0.188185
 -0.561956
 0.064801
 0.530752
 0.679121
 -0.271623
 -0.064984
 0.009041
 0.251577
 0.984671
 -0.431681
 -0.501645
 -0.011437
 0.271883
 0.038587
 -0.299508
 -0.009308
 0.434808
 0.308463
 0.647964
 -0.465082
 0.061281
 -0.288637
 0.136323
 0.450060
 -0.321985
 -0.351356
 0.468738
 0.226789
 0.575295
 0.531253
 -0.410148
 -1.054757
 -0.912750
 0.087897
 0.282849
 0.657281
 -0.188700
 -0.227812
 0.466812
 0.581651
 -0.205468
 -0.345482
 -0.951233
 -0.775147
 -0.069625
 0.546497
 0.374293
 0.147425
 -0.474883
 0.456773
 -0.023247
 0.170834
 0.313855
 -0.446385
 0.080209
 0.854147
 -0.279860
 -0.593125
 0.015066
 -0.021385
 0.493432
 0.534795
 -0.492905
 -0.783872
 -0.040348
 0.766051
 0.135876
 -0.427721
 0.017151
 0.023747
 0.246270
 0.098891
 0.817075
 0.581005
 0.076502
 -0.732793
 -0.137913
 0.257885
 -0.808172
 0.157286
 -0.589667
 0.265833
 0.231286
 -0.439923
 -0.354511
 0.788991
 0.378595
 0.007305
 -0.696173
 -0.262493
 -0.413028
 0.161578
 0.638421
 0.331246
 -0.497460
 -0.440764
 0.157073
 0.127400
 0.038296
 -0.617847
 0.484582
 0.509953
 -0.068793
 -0.062232
 -0.219583
 0.768798
 0.466296
 -0.230792
 -0.220387
 -0.699688
 -0.074758
 -0.274904
 0.246706
 0.000944
 -0.958990
 -0.818405
 -0.297657
 -0.404320
 -0.329116
 0.180930
 -0.268115
 0.247236
 0.606766
 -0.061228
 -0.447029
 -0.620843
 0.073328
 0.235801
 0.766773
 -0.019439
 -0.129076
 -0.576112
 -0.735206
 -0.651608
 -0.247086
 0.386020
 0.643914
 -0.041083
 -0.166158
 -0.975717
 -0.740990
 -0.034870
 -0.417569
 0.483021
 0.315239
 0.155756
 -0.107678
 -0.405688
 0.239549
 0.293535
 0.544587
 0.891115
 0.585866
 0.543913
 -0.004821
 -0.258098
 -0.319944
 0.407263
 -0.104479
 0.981510
 0.418536
 -0.207476
 -0.272628
 -0.483198
 0.016881
 0.256259
 0.187064
 0.041383
 -0.014630
 -0.017886
 0.003417
 -0.003986
 -0.002187
 0.003081
 0.004549
 0.005738
 0.001449
 0.006247
 0.050006
 0.022277
 0.010677
 0.001285
 0.004789
 0.003120
 0.006093
 0.004333
 0.011988
 -0.002928
 0.022461
 0.003140
 -0.010054
 0.034511
 -0.004480
 -0.011301
 -0.009757
 -0.003589
 0.001441
 0.000528
 -0.008240
 0.003392
 0.015981
 0.003569
 0.001714
 -0.010064
 -0.007202
 0.001672
 0.009738
 0.004685
 0.007194
 -0.000799
 -0.005138
 -0.016992
 -0.002494
 -0.008554
 -0.002849
 -0.009774
 -0.011933
 0.003462
 0.000273
 -0.010697
 -0.012470
 -0.009824
 -0.001042
 -0.007752
 -0.006120
 -0.008824
 0.002561
 -0.000827
 0.002865
 -0.014292
 -0.006572
 -0.004945
 -0.006997
 -0.006077
 0.007748
 0.005291
 0.004558
 0.010953
 0.011325
 -0.002321
 -0.001323
 -0.008674
 -0.006277
 -0.243263
 -0.027234
 -0.003935
 0.004486
 0.005512
 0.002245
 0.015185
 0.003853
 0.008159
 0.001521
 0.068767
 -0.000309
 -0.013862
 -0.010217
 0.004755
 -0.002015
 -0.002029
 0.006470
 0.011063
 -0.007201
 0.003715
 0.003179
 0.005147
 0.006150
 -0.005769
 0.004838
 0.008778
 0.011984
 0.003825
 -0.003781
 0.076434
 -0.000704
 0.000066
 0.002652
 0.007686
 -0.002792
 -0.004374
 -0.010366
 -0.002853
 0.000573
 -0.007072
 0.000649
 0.004368
 -0.001444
 0.000185
 -0.010585
 -0.015215
 -0.007369
 -0.004211
 0.007519
 0.010734
 0.005373
 -0.015492
 -0.016983
 -0.006796
 0.005025
 0.000629
 0.002303
 0.005523
 -0.008422
 -0.000060
 -0.002024
 -0.000618
 0.003945
 0.004209
 0.000471
 0.003984
 -0.005426
 -0.001458
 -0.008010
 -0.012122
 -0.009536
 -0.006550
 0.004127
 0.013099
 -0.006344
 0.003365
 -0.004933
 0.001162
 -0.002176
 -0.013853
 -0.007214
 -0.000704
 0.006964
 -0.003871
 0.028517
 -0.071775
 -0.010858
 -0.011824
 0.000026
 0.008953
 0.001160
 -0.007449
 -0.001374
 0.007318
 0.011729
 0.013504
 0.002142
 -0.000590
 -0.009624
 0.005578
 -0.013868
 0.004241
 -0.008055
 0.000147
 0.012244
 -0.002504
 0.002638
 0.005066
 -0.000882
 0.009736
 -0.003659
 -0.002501
 -0.006979
 -0.009808
 0.001304
 -0.002116
 -0.003273
 0.012162
 -0.011052
 -0.005172
 0.014298
 -0.004153
 -0.003400
 0.002696
 -0.004666
 -0.003118
 0.001172
 -0.014523
 0.008240
 -0.010153
 -0.002836
 -0.006553
 -0.001063
 -0.005582
 0.001100
 -0.004011
 0.004359
 0.004624
 0.002282
 0.010735
 0.002951
 -0.008417
 -0.012208
 -0.004234
 -0.005741
 -0.009215
 0.007721
 0.011385
 0.011321
 0.003238
 -0.010169
 -0.009444
 -0.014797
 0.005969
 -0.015527
 0.002640
 -0.001502
 0.005663
 0.006184
 0.005547
 0.009594
 0.006953
 -0.000998
 0.003512
 0.005789
 -0.019830
 -0.011842
 -0.005493
 -0.013806
 -0.005078
 -0.013059
 -0.001264
 -0.002616
 -0.014942
 -0.007299
 -0.006457
 -0.006341
 0.005130
 0.005657
 0.009541
 0.017608
 0.001622
 -0.002190
 -0.006811
 0.001430
 0.008950
 -0.002145
 -0.009423
 0.004194
 -0.007558
 -0.015555
 -0.003290
 -0.008111
 -0.005395
 0.008360
 -0.003294
 -0.003219
 -0.012585
 -0.002677
 -0.015134
 -0.007651
 -0.006411
 0.008363
 0.003516
 0.008289
 -0.020148
 -0.011702
 -0.004651
 -0.001188
 -0.001712
 -0.001784
 0.006811
 -0.001474
 -0.002372
 -0.009055
 -0.003038
 -0.007070
 -0.016707
 -0.018175
 -0.010539
 -0.015498
 -0.004129
 -0.016112
 -0.001473
 0.005504
 0.004986
 0.000867
 -0.000214
 0.002062
 0.003344
 -0.003128
 0.013953
 0.000320
 -0.001859
 -0.017779
 -0.005084
 -0.001262
 0.000896
 -0.009662
 -0.007753
 -0.001466
 0.011895
 0.002250
 -0.007906
 -0.013769
 -0.006885
 -0.013457
 -0.003459
 -0.005855
 -0.003026
 0.002085
 0.015456
 -0.004972
 -0.022576
 0.000846
 -0.002919
 0.004795
 -0.016201
 -0.014323
 -0.013218
 0.002628
 0.001866
 0.001037
 0.015052
 0.003095
 0.007273
 -0.014145
 -0.008294
 -0.002801
 -0.010981
 -0.011682
 0.004202
 0.006466
 0.014962
 0.006573
 -0.009819
 -0.005924
 -0.009687
 -0.001151
 0.015628
 0.019637
 -0.013186
 -0.007547
 -0.006247
 0.004794
 -0.021751
 -0.005759
 -0.060625
 -0.017818
 -0.011342
 -0.011625
 -0.013224
 -0.005147
 0.003553
 0.000682
 -0.006265
 -0.003281
 -0.010792
 -0.002870
 0.046401
 -0.004961
 -0.008520
 -0.014341
 -0.002906
 -0.003885
 0.000653
 -0.013398
 -0.011583
 -0.009460
 0.001182
 -0.006346
 0.004758
 -0.007683
 0.003569
 0.001618
 -0.013735
 -0.011506
 -0.019996
 0.002331
 0.010992
 0.001560
 -0.004066
 -0.012142
 -0.001210
 -0.012694
 0.000183
 -0.002184
 -0.002524
 -0.005559
 -0.009234
 -0.008739
 -0.009413
 -0.010136
 0.000539
 -0.017448
 -0.014925
 -0.003013
 0.002381
 -0.006723
 0.006417
 0.000102
 0.001658
 -0.008628
 -0.008501
 -0.006995
 -0.006111
 -0.000946
 -0.003185
 -0.002314
 -0.002796
 -0.018107
 -0.019085
 -0.004818
 -0.000690
 -0.001001
 -0.002721
 0.003729
 -0.007951
 -0.003279
 -0.012232
 -0.006104
 -0.007531
 0.001423
 0.005258
 0.004104
 0.002300
 0.001497
 -0.004410
 -0.017872
 0.002463
 -0.001581
 0.004497
 -0.002368
 -0.008589
 -0.008184
 -0.007506
 -0.008828
 0.004414
 0.004670
 -0.008504
 -0.003353
 -0.009389
 -0.003803
 -0.014745
 0.095430
 0.013013
 -0.008427
 -0.007127
 0.001075
 -0.016943
 0.008297
 0.002533
 0.002155
 -0.013687
 -0.009719
 0.000230
 0.000224
 0.001385
 -0.001063
 0.004951
 -0.005141
 -0.004153
 -0.002395
 -0.006772
 0.038740
 0.003992
 0.000229
 0.000930
 -0.003815
 -0.009090
 -0.006960
 -0.001924
 0.011161
 0.003388
 -0.003901
 0.003251
 -0.012603
 -0.008360
 -0.024657
 -0.015328
 -0.001355
 0.000782
 -0.008103
 -0.019159
 -0.014630
 -0.008734
 -0.018051
 -0.017449
 0.009694
 -0.000781
 -0.008323
 -0.010061
 -0.018320
 -0.000117
 0.002582
 0.002967
 -0.005326
 -0.011644
 -0.008681
 0.002360
 -0.006415
 -0.000543
 0.042577
 -0.001792
 -0.006434
 -0.015255
 -0.006738
 0.001350
 -0.010153
 -0.013395
 -0.006001
 -0.008474
 -0.003491
 0.007025
 0.006789
 -0.006873
 -0.001933
 -0.001769
 -0.009789
 -0.014652
 0.003803
 0.089571
 -0.033321
 -0.010195
 -0.006236
 -0.010219
 -0.012344
 -0.011123
 0.003228
 -0.003311
 -0.006575
 -0.010731
 0.000289
 0.001689
 0.000270
 0.008139
 -0.014342
 -0.000795
 0.005850
 -0.002553
 -0.002245
 -0.012952
 -0.009789
 -0.009274
 -0.009070
 -0.000499
 -0.016551
 -0.017093
 -0.007705
 -0.010784
 -0.012891
 -0.009670
 -0.012675
 0.004938
 -0.013358
 -0.022347
 0.005237
 -0.001815
 -0.000155
 -0.004658
 -0.012776
 -0.012614
 -0.008820
 -0.016105
 -0.001645
 -0.002220
 0.002722
 0.006509
 -0.013989
 0.002301
 -0.002009
 0.004289
 -0.001412
 -0.013650
 -0.376182
 0.013869
 0.036790
 0.008316
 -0.003582
 -0.002078
 -0.002971
 -0.003280
 0.007116
 -0.005825
 -0.000268
 0.001055
 -0.005290
 -0.012552
 -0.006785
 -0.000155
 0.003682
 0.000403
 -0.003358
 -0.014386
 -0.013358
 -0.012064
 -0.012846
 -0.013439
 -0.016495
 0.000936
 0.009074
 0.004194
 -0.002556
 -0.013553
 -0.011757
 -0.012950
 -0.011704
 -0.004039
 -0.013857
 0.006036
 -0.014014
 -0.016047
 -0.001689
 0.010533
 0.003168
 -0.001567
 0.016656
 0.007993
 -0.003806
 0.007545
 -0.048852
 -0.043414
 -0.006197
 -0.014484
 -0.000398
 -0.013150
 -0.011575
 -0.006532
 -0.011294
 -0.009874
 -0.006173
 -0.015009
 -0.001823
 0.009942
 0.878492
 1.023297
 1.089892
 0.881909
 0.250214
 -1.264248
 -1.147692
 -0.773101
 -0.275205
 -0.971586
 -0.891792
 -0.480061
 0.816172
 0.778434
 1.057302
 1.436327
 1.037477
 0.720236
 0.914785
 0.530857
 0.611106
 0.742204
 0.906159
 1.294402
 1.107944
 0.938725
 0.366400
 -1.064983
 -1.030622
 0.828823
 0.181476
 -0.247003
 -0.080761
 0.070727
 -0.961479
 -0.852953
 -0.978058
 -1.394998
 -1.122971
 -0.505819
 0.425510
 0.066307
 -0.452426
 -0.888581
 -0.838346
 -0.331294
 -0.204291
 -0.287919
 0.229803
 0.849259
 -0.438092
 -0.278404
 -1.137128
 -1.099195
 -0.645886
 -0.622587
 -0.527546
 -0.006751
 0.594446
 1.026655
 1.133922
 0.759202
 1.272606
 1.163850
 1.179815
 0.870433
 0.689746
 0.445958
 0.036680
 -0.267672
 -0.374804
 1.219252
 0.586063
 0.108898
 -0.132126
 -0.475967
 -0.612832
 -0.881342
 -0.672693
 0.077566
 0.123065
 -0.589608
 -0.860429
 -0.633251
 0.204972
 0.441352
 0.703839
 1.150230
 0.803404
 1.101429
 0.815618
 1.112797
 0.881131
 1.269432
 0.981251
 0.676068
 0.972486
 0.734020
 -0.447032
 -0.537925
 0.074782
 0.384282
 -0.146957
 -0.898202
 -0.175396
 -0.045636
 -0.919557
 -0.518366
 -0.643291
 -0.578479
 -0.331334
 -0.326366
 0.170795
 0.359631
 0.626667
 0.754462
 1.141110
 -0.362183
 -1.169478
 -0.542071
 -0.017043
 -0.237865
 -0.016708
 0.494944
 1.127831
 1.024270
 0.998810
 1.072355
 0.446492
 0.068454
 -0.358550
 -0.459337
 -0.648685
 -1.003284
 -0.715690
 -0.239163
 0.356345
 1.042536
 1.121587
 1.122259
 0.982751
 0.680641
 0.586719
 -0.206257
 -0.122986
 -0.638121
 -0.966685
 -0.420040
 -0.262455
 0.132709
 0.420848
 0.500052
 0.935312
 0.330418
 0.769957
 1.323294
 0.906111
 1.002051
 1.069229
 0.997910
 0.821149
 0.904331
 0.537351
 0.392818
 0.822418
 0.402007
 -0.928187
 -0.914360
 0.794722
 0.234267
 -0.253889
 -0.916833
 -0.861078
 -0.794708
 -0.688169
 -0.339886
 0.100572
 0.296582
 -0.570707
 -0.211998
 0.893925
 1.250982
 0.893293
 0.770385
 0.421994
 0.823160
 0.409419
 -0.312980
 0.675273
 0.868927
 1.060161
 0.939924
 0.649426
 0.572389
 0.069609
 -0.550780
 -0.498776
 -0.159952
 -0.169871
 -0.181906
 0.461090
 0.661050
 1.027948
 0.724325
 0.889228
 0.743187
 0.664251
 0.610902
 -0.060702
 1.083617
 1.014831
 0.670308
 0.335186
 -0.529551
 0.172916
 0.140176
 -0.254557
 -0.877696
 -1.195344
 0.140247
 -0.132627
 -0.782236
 -0.770271
 -0.871979
 -0.911828
 -0.806038
 -1.174259
 0.118528
 0.165958
 0.291091
 -1.146452
 -1.143067
 -0.313376
 -0.170073
 -0.153569
 0.734063
 0.665156
 0.458700
 0.961602
 1.122482
 -1.038893
 -1.067604
 -0.949128
 -0.271506
 -0.195661
 0.038148
 -0.058726
 0.674665
 0.514951
 -0.619322
 -0.636027
 -1.108866
 -1.229774
 -0.371277
 0.337198
 0.584378
 1.335583
 0.881418
 0.500026
 0.412111
 0.516887
 0.184866
 -0.409126
 -0.255735
 -0.832845
 -1.052853
 -1.116544
 0.909241
 0.729653
 0.695920
 0.722005
 0.967027
 0.839755
 1.084029
 1.047468
 0.765845
 0.716751
 0.200414
 -0.146909
 0.124524
 -0.301344
 -0.568202
 -0.899318
 -1.374462
 -0.107448
 0.172469
 0.788227
 0.673303
 0.868658
 1.279175
 0.988730
 0.963407
 1.088379
 1.150630
 0.809270
 0.795107
 0.777536
 0.914821
 0.907193
 -0.301125
 -0.095696
 -0.073887
 -0.848770
 -1.230124
 -1.457064
 -1.233029
 -1.013952
 -0.058582
 -0.420249
 -0.573171
 -1.056376
 -1.148242
 -1.095260
 -0.863035
 -0.648757
 -0.596919
 -0.486607
 -1.105599
 -0.870374
 -0.876910
 -1.295819
 0.102987
 0.930199
 0.826334
 -1.269959
 -0.551638
 -0.253304
 -0.879102
 -1.081436
 -1.066662
 0.452148
 1.037743
 1.157631
 0.860273
 1.101126
 1.062434
 0.696549
 1.241698
 0.106170
 0.226420
 -0.039702
 -0.216548
 -0.409642
 -1.093267
 -1.311449
 0.098988
 -0.541359
 1.262468
 1.311799
 0.711136
 0.906386
 1.334588
 1.229339
 1.008689
 1.103516
 1.215918
 0.688807
 0.280117
 -0.492771
 -0.732704
 -0.751772
 -1.185811
 -1.114780
 -1.149858
 -0.504069
 -0.914807
 -1.053388
 -1.130261
 -0.887781
 1.037156
 1.193718
 0.807615
 1.017391
 1.247919
 1.074688
 0.690766
 1.105090
 0.836344
 0.849378
 0.807555
 0.868430
 0.848653
 0.291933
 -0.206221
 -0.158759
 0.746266
 0.668521
 0.764475
 0.483628
 0.328540
 0.438303
 0.315959
 -0.201401
 -0.317752
 -0.386258
 -0.769641
 -0.599877
 -0.240362
 -0.811930
 -0.899818
 -0.826977
 -1.151758
 -1.032527
 -0.954026
 -0.680055
 0.765823
 0.791946
 0.814532
 1.136318
 -1.094110
 -1.000068
 -1.064350
 -0.818427
 -0.826622
 -1.052163
 -0.459670
 -0.961295
 -1.153984
 -1.015893
 -0.940030
 -0.596978
 -1.041834
 -0.643895
 0.626201
 1.040925
 0.631033
 0.798568
 1.237150
 1.445506
 0.885409
 0.408708
 0.308707
 0.120689
 -0.275690
 -0.583248
 -0.867626
 0.848302
 0.459205
 0.172712
 -0.105732
 -0.575633
 -0.537176
 -0.740484
 -1.060443
 -0.916585
 -1.051456
 0.240372
 0.271524
 -0.161625
 -0.112246
 -0.720319
 -0.922309
 -1.142634
 -1.097672
 -0.905481
 -0.988807
 -0.744764
 -1.376228
 -1.261755
 -0.703357
 1.263671
 0.880390
 0.950345
 0.933327
 1.099294
 1.280304
 0.327787
 0.461929
 0.553202
 0.392561
 -0.502458
 1.162399
 1.161767
 0.581204
 0.874651
 0.807273
 0.682172
 0.529232
 0.267184
 -0.268007
 -0.771085
 0.580807
 0.774305
 -0.147745
 0.093117
 0.716752
 0.322099
 0.427663
 0.035060
 -0.291819
 -0.103055
 0.682961
 0.511137
 0.596554
 0.843640
 0.523458
 0.556826
 -0.087576
 0.430875
 -0.396595
 -0.543336
 -1.043023
 0.413626
 0.016508
 0.178129
 -0.076050
 -0.642079
 -0.726382
 -0.906841
 -0.811867
 -0.846227
 -1.085306
 1.080796
 0.613578
 0.764428
 0.701318
 1.040545
 0.297091
 -0.208286
 0.016024
 -0.032630
 0.717060
 0.513953
 0.414474
 0.194781
 -0.021676
 -0.204603
 -0.220175
 -0.242846
 -0.830598
 -0.661240
 0.725614
 0.098174
 -0.004711
 0.980544
 1.046670
 1.072236
 0.954472
 0.447265
 0.091631
 0.005192
 -0.130224
 -0.047983
 -0.597856
 -0.539585
 -0.510337
 -0.573449
 -0.780630
 -1.277019
 -1.347053
 -1.324327
 -0.846932
 -0.911968
 -0.927324
 -1.032230
 -0.821023
 -0.267813
 0.041618
 0.884188
 0.679639
 0.022832
 -0.841985
 -0.692999
 -1.242862
 -1.227009
 -1.147824
 -1.067785
 -1.225435
 -0.995943
 -0.971851
 -1.027160
 -0.587190
 -0.261584
 -0.355075
 -0.517337
 -0.517498
 -0.349473
 -0.297164
 -0.587453
 -0.583303
 -0.313701
 0.353145
 1.013532
 1.051381
 0.553617
 0.514829
 0.626605
 0.877017
 1.072328
 0.816571
 0.986145
 -0.655072
 -0.662831
 -0.710692
 -0.807866
 -0.465036
 -0.158292
 -0.259845
 -0.285091
 0.134842
 0.079619
 -0.223126
 -1.365862
 -0.837421
 -0.709460
 -0.616698
 -0.883811
 -0.764590
 -0.954714
 -1.055290
 -0.917811
 -0.464633
 0.054043
 0.222392
 0.211662
 0.333723
 0.892352
 0.436589
 0.467468
 0.342114
 0.996561
 0.472754
 -0.150058
 -0.954543
 -1.265099
 -1.338657
 -1.057816
 -1.158654
 -1.266225
 -0.712598
 -0.852417
 -0.289964
 0.751818
 -1.074430
 -0.902994
 -0.923028
 -0.839992
 -0.989829
 -0.906980
 -0.944896
 -0.922185
 -0.975305
 -0.754970
 -1.373087
 -0.327544
 -1.162702
 -1.452119
 -1.180197
 -1.166919
 -0.719598
 -0.687853
 -0.873711
 -0.848554
 -0.329698
 1.008007
 1.011519
 1.040570
 0.847679
 0.877263
 0.928419
 0.479498
 0.858719
 0.850804
 0.952746
 -0.075273
 -0.357109
 -0.364596
 -1.209988
 -0.794365
 -0.818323
 -1.197068
 -1.174756
 -1.085064
 0.615167
 -0.417000
 0.021013
 0.792431
 0.331349
 -0.101094
 -0.206079
 0.150005
 0.034656
 -0.021667
 0.409273
 0.324222
 0.938353
 1.088114
 0.950637
 0.694222
 0.888555
 0.899157
 0.677716
 0.079291
 0.650115
 0.729941
 0.707230
 -0.074525
 0.049406
 0.690988
 0.898154
 0.747904
 0.574487
 1.101715
 0.772559
 0.591926
 0.860407
 0.885443
 0.350162
 0.272713
 0.294240
 0.112857
 0.383356
 0.153343
 0.155439
 -0.009648
 -0.464120
 -0.116111
 -0.166416
 -0.174293
 0.019310
 -0.132015
 -0.249345
 -0.520776
 -1.026446
 -1.168058
 -0.907351
 -1.004322
 -1.296604
 -0.775335
 -1.012687
 -1.174233
 -1.353093
 -1.219661
 0.557267
 0.478719
 -0.079810
 -0.212605
 0.082182
 0.357550
 1.127563
 1.228521
 0.626633
 0.139425
 -0.706547
 -0.931760
 -1.119947
 -1.130217
 -1.268354
 -1.275275
 -1.240219
 -1.088773
 -0.914442
 -0.975324
 -1.126030
 -1.091753
 -1.007353
 -0.586142
 -0.767719
 -0.825196
 -0.350998
 -0.674526
 -1.374644
 -0.562328
 -0.631739
 -0.413269
 -0.029952
 0.097917
 0.384052
 -0.231746
 -0.353496
 -0.232224
 -0.217843
 -0.503854
 -0.754997
 -0.765721
 -0.186848
 0.557242
 -1.198629
 -1.224140
 -0.972908
 -1.008338
 -1.204462
 -0.892481
 -0.889112
 -1.068140
 -1.051978
 -1.007379
 -0.180827
 -0.870956
 -1.021716
 -1.027433
 -0.948522
 -1.080941
 -0.794912
 -0.902552
 -1.082319
 -0.898165
 -1.214424
 -1.203214
 -1.361477
 -0.947037
 -0.969673
 -0.851660
 -0.799300
 -1.216257
 -1.029374
 -0.871581
 -0.606279
 -0.986102
 -0.592691
 -1.097913
 -1.273804
 -1.459458
 -1.023120
 -1.125752
 -0.826467
 -0.233375
 -0.772817
 1.118599
 -0.377622
 -0.709826
 -1.255140
 -1.096378
 -1.125456
 -1.164056
 -1.087938
 -0.996269
 1.315446
 1.212373
 -0.459853
 -0.513950
 -0.373280
 0.790822
 -0.256280
 -0.358902
 -1.079905
 -0.869733
 1.210075
 -0.405666
 -0.490134
 -0.410817
 -0.444346
 -0.731982
 -0.910912
 -0.867506
 -1.062118
 -0.947755
 0.969900
 0.932881
 0.954995
 1.285977
 -0.482907
 -1.061349
 -0.789036
 -0.884435
 -1.001329
 -1.281935
 -0.325305
 -0.440524
 -0.416111
 -0.820300
 -0.682362
 -1.020863
 -0.801256
 -1.238609
 -1.011278
 -0.765979
 0.961484
 1.100708
 -0.798525
 0.091041
 -0.031692
 -0.318346
 -0.163818
 0.109338
 -0.052719
 -1.035545
 -1.145967
 -1.257465
 -0.914846
 -1.255128
 -1.012892
 -0.773391
 -0.558590
 -0.502873
 -0.569524
 -1.157559
 1.047098
 1.086378
 0.798949
 1.054977
 1.027918
 1.346119
 0.973965
 1.235782
 -0.446261
 1.060110
 1.055985
 0.394549
 -0.640962
 -0.787144
 -0.824127
 -0.889802
 -1.035323
 -0.991807
 -1.211948
 -1.095883
 -0.973129
 -1.188282
 -0.955012
 -0.744355
 -0.862888
 -1.063335
 -1.347225
 -0.893182
 -0.689874
 -0.401782
 -0.506350
 -0.304458
 -0.203081
 -0.544029
 0.498462
 0.488490
 -0.876716
 -1.343146
 -1.138764
 -1.203124
 -1.218534
 -1.122185
 -1.178578
 1.298896
 0.748309
 1.129964
 1.054149
 0.850207
 0.910378
 0.877376
 0.838582
 -0.627345
 -0.820903
 1.208787
 1.079624
 0.899296
 1.237198
 0.954994
 0.644372
 -0.825520
 -0.957384
 -1.143916
 -1.274002
 1.176098
 0.942601
 1.102388
 0.878717
 0.439779
 -1.013980
 -0.804329
 0.552695
 -1.105221
 -1.037892
 1.322689
 -0.409968
 -0.197902
 0.257619
 0.425851
 0.459420
 0.992509
 0.940716
 1.171489
 1.274671
 1.302970
 0.817798
 0.876969
 1.132371
 0.867420
 1.235183
 1.176860
 1.054263
 1.002153
 0.967190
 0.986418
 -0.274757
 -0.005712
 0.436600
 0.076761
 0.102714
 -0.567816
 0.049094
 0.147693
 -0.253403
 -0.366944
 -0.955449
 0.374570
 0.323328
 0.308923
 0.584011
 0.582179
 0.740055
 0.805324
 0.903263
 0.674867
 0.509274
 1.137453
 1.144673
 0.738593
 1.161153
 0.952436
 0.975435
 0.781424
 0.528172
 0.685614
 -0.974148
 -1.193566
 -0.958426
 -0.632886
 -0.853208
 -0.841840
 -0.949429
 -0.963761
 -0.864527
 -0.708197
 0.654030
 0.658771
 0.428522
 0.271623
 0.374379
 0.444535
 0.187777
 0.250777
 -1.450390
 0.821164
 1.451727
 1.110328
 1.142572
 1.265844
 1.010773
 1.269317
 1.016424
 0.995773
 1.013277
 1.133507
 1.188605
 1.137153
 0.830502
 1.040350
 1.121860
 1.214830
 0.686985
 1.231731
 1.036582
 1.211481
 1.138073
 0.846102
 1.193796
 1.197106
 0.548556
 0.512666
 0.667655
 0.553208
 0.817077
 0.698896
 1.036713
 1.307297
 1.065021
 0.672538
 0.901458
 0.897903
 0.568751
 0.351548
 0.772288
 0.219888
 0.530520
 0.552035
 0.552843
 0.490892
 1.161113
 1.091237
 0.546601
 0.631160
 0.799574
 0.453869
 0.451335
 0.772436
 0.995617
 -0.840860
 -1.415892
 -1.247388
 -1.037367
 -0.948996
 -0.692205
 -1.046522
 -1.008964
 -0.994223
 -0.503101
 1.220857
 1.261068
 1.162274
 1.330363
 1.108101
 0.876184
 0.913795
 0.905268
 0.810169
 0.701080
 -0.652686
 0.474513
 0.848461
 0.318598
 0.653809
 0.267586
 0.082396
 0.163521
 0.339206
 0.108908
 0.360481
 0.301757
 -0.370146
 -0.165084
 -0.255355
 -0.337035
 -0.568773
 -0.551447
 -1.149039
 -1.006294
 -1.152653
 -0.119561
 1.347766
 0.973230
 1.031093
 1.304868
 0.746980
 -0.111391
 -0.077296
 0.601010
 0.794644
 0.662167
 0.986301
 0.997939
 1.038601
 0.914268
 1.314161
 -0.107671
 -0.047356
 0.001270
 0.293497
 0.758076
 1.169265
 0.906621
 0.867851
 0.918890
 0.898245
 -0.606549
 -0.255347
 -0.032927
 -0.427943
 -0.427737
 0.315642
 0.335846
 0.047297
 0.227199
 0.190300
 -0.858468
 -0.469105
 -0.398848
 -1.055941
 -0.662105
 -0.503991
 -0.479920
 -0.218015
 0.042661
 0.141873
 -0.003732
 -0.386437
 1.147946
 1.149413
 1.185842
 1.254919
 -0.875433
 -0.511339
 -0.779478
 -0.731217
 -0.969558
 0.383720
 0.385809
 0.926293
 0.464523
 0.319025
 0.094205
 -0.067648
 0.032429
 -0.397677
 -0.271939
 1.235364
 1.126769
 1.284919
 0.971641
 1.225482
 0.943308
 0.456667
 0.143321
 0.081674
 -0.441995
 1.032805
 1.030239
 1.024577
 0.940076
 1.252442
 0.963792
 1.050335
 0.809015
 0.952769
 0.584130
 1.227236
 0.749167
 0.665740
 0.876180
 0.862448
 0.837213
 0.642527
 0.690737
 0.622726
 0.394182
 0.992443
 1.159148
 1.411181
 1.123698
 0.844304
 1.089915
 0.060788
 1.296871
 1.357827
 1.108593
 0.769374
 1.048998
 0.580449
 0.948092
 0.996345
 1.036501
 0.903672
 0.339992
 -0.793789
 -0.961460
 -0.927646
 -0.925001
 -0.283062
 -0.376703
 -0.340300
 -0.340377
 -0.703609
 -0.876277
 -1.008340
 -1.178932
 -1.031527
 -1.002747
 -0.501748
 -0.922540
 -0.596743
 -0.363309
 0.849062
 0.474415
 0.750409
 0.357273
 0.370825
 0.823820
 1.209796
 1.257984
 1.296372
 0.726905
 1.228471
 0.979973
 1.071685
 1.172697
 0.911277
 1.235442
 1.308030
 1.214323
 0.859946
 0.952150
 0.857390
 0.948587
 0.967370
 0.943980
 1.062109
 0.487647
 0.069935
 0.118292
 -0.722818
 -0.717762
 -0.659214
 -0.756594
 -1.219837
 -1.308367
 -1.112552
 -0.847846
 0.430024
 0.134824
 -0.001292
 -0.015571
 0.000404
 0.000794
 -0.011533
 -0.007979
 -0.010510
 -0.018370
 0.004455
 -0.003751
 0.017971
 0.002145
 0.001207
 -0.005309
 -0.007609
 -0.001804
 0.005643
 0.001648
 -0.004757
 0.001192
 -0.004565
 -0.006908
 0.000117
 0.006715
 -0.000997
 -0.003075
 -0.017938
 -0.013448
 -0.004423
 -0.000387
 0.008998
 0.002406
 -0.000316
 -0.014587
 0.000179
 0.008981
 -0.002108
 -0.006007
 -0.000881
 -0.000965
 0.002017
 0.003907
 -0.006816
 0.002358
 0.003673
 0.003782
 -0.003578
 -0.000042
 -0.005213
 0.001284
 -0.002395
 0.002395
 -0.006633
 0.008530
 -0.009625
 -0.008064
 -0.003129
 0.001811
 0.006245
 -0.007809
 -0.002146
 0.002975
 -0.003240
 -0.006987
 -0.008008
 -0.006367
 0.013089
 0.014041
 -0.006769
 -0.006905
 -0.000880
 0.002380
 -0.010261
 -0.008440
 0.003833
 0.010154
 -0.000682
 0.000898
 -0.000756
 -0.009745
 0.003343
 -0.010290
 0.004958
 -0.003952
 0.002802
 -0.001931
 0.001673
 -0.011988
 -0.018206
 -0.003029
 0.009262
 -0.000380
 0.008265
 -0.006428
 0.000786
 0.011872
 -0.004185
 0.000588
 -0.015010
 -0.005850
 -0.000587
 -0.004606
 0.015116
 -0.014092
 0.001318
 0.005970
 -0.002939
 0.004037
 0.007458
 0.002847
 -0.006756
 -0.009129
 0.011808
 0.008111
 -0.003675
 -0.009449
 -0.000606
 0.005856
 0.006738
 0.001415
 -0.005195
 -0.007681
 0.007862
 -0.004692
 -0.010286
 0.001133
 0.015693
 0.008539
 -0.003138
 -0.007376
 -0.010330
 0.017563
 -0.012560
 0.002649
 -0.002217
 -0.008990
 -0.005084
 0.001814
 -0.000573
 -0.025268
 0.006992
 -0.006200
 0.003977
 0.007001
 0.012848
 -0.006687
 -0.013542
 -0.004611
 0.003139
 0.002026
 -0.000184
 0.000768
 -0.008355
 -0.010481
 -0.000859
 0.008009
 -0.001595
 0.000700
 -0.005136
 -0.003176
 0.002856
 0.002465
 0.005688
 0.006272
 0.002057
 -0.009419
 -0.018684
 -0.009900
 0.007857
 -0.004370
 0.003575
 0.008938
 0.008833
 -0.003131
 -0.002854
 -0.008382
 0.000911
 0.000177
 0.005801
 -0.006547
 0.009004
 0.001442
 0.001932
 0.005696
 -0.022991
 0.002052
 -0.002143
 -0.003822
 0.003200
 -0.003412
 0.007477
 0.001073
 0.000482
 0.011418
 0.001899
 -0.017683
 0.000398
 0.002501
 -0.003188
 -0.002608
 -0.005780
 -0.006275
 -0.002946
 0.004704
 0.010223
 -0.000841
 0.000516
 0.004369
 0.013237
 -0.002284
 -0.007490
 -0.004959
 -0.000086
 0.001571
 -0.000419
 0.001562
 0.000001
 0.000039
 0.004859
 -0.007293
 -0.001972
 -0.003917
 -0.007121
 0.002571
 0.003753
 0.007086
 -0.002141
 0.003768
 -0.008980
 -0.007125
 -0.005895
 -0.005637
 0.009180
 0.007654
 -0.000624
 -0.000157
 0.102823
 0.015217
 0.011800
 0.003201
 -0.009123
 0.011981
 0.006275
 -0.003411
 -0.009266
 -0.053242
 -0.025606
 -0.011670
 0.007038
 -0.003461
 0.009693
 0.001380
 0.004399
 0.001964
 -0.008484
 0.004479
 0.002518
 -0.012670
 0.001682
 -0.000011
 0.005668
 0.001296
 -0.000874
 0.004552
 0.004039
 -0.014750
 -0.018916
 0.012932
 0.003175
 -0.006072
 0.011553
 0.009956
 -0.002488
 -0.016378
 -0.016594
 -0.003646
 0.001374
 -0.001610
 0.002289
 -0.005147
 0.001737
 -0.005973
 -0.005973
 0.002466
 -0.007304
 0.005932
 -0.000975
 -0.005796
 0.001134
 0.008536
 -0.002268
 -0.006130
 0.002173
 0.001087
 0.001640
 -0.011972
 -0.002073
 -0.012765
 0.000493
 0.009174
 0.000546
 -0.001259
 0.003465
 -0.009366
 0.030980
 0.013796
 0.002596
 -0.009569
 -0.004613
 0.010216
 -0.001121
 -0.009320
 0.005732
 0.013844
 0.009171
 0.009128
 -0.005518
 0.008454
 0.007778
 0.000855
 0.005842
 0.006469
 -0.006016
 0.002938
 0.009899
 0.001544
 -0.011885
 -0.015618
 0.001572
 -0.006945
 -0.007795
 -0.005922
 -0.008774
 -0.000209
 0.004118
 -0.003290
 -0.003629
 -0.021164
 -0.010627
 0.004742
 0.009524
 0.005387
 0.004880
 0.008976
 0.006204
 -0.015941
 -0.001445
 0.010030
 0.004910
 -0.010597
 -0.013571
 -0.013730
 0.002255
 -0.013381
 0.016852
 -0.008375
 -0.007363
 -0.002465
 0.004880
 -0.009927
 -0.003946
 0.007224
 -0.001068
 -0.002499
 0.012818
 -0.003294
 -0.004518
 0.005345
 -0.002848
 -0.011730
 -0.006193
 -0.006675
 -0.004826
 -0.001873
 0.002342
 0.004964
 -0.003445
 -0.000182
 -0.007175
 -0.014229
 -0.014955
 -0.020659
 -0.003170
 -0.009552
 -0.001198
 -0.005272
 -0.004757
 0.010130
 -0.002120
 -0.008848
 -0.008093
 -0.004219
 -0.002452
 0.001301
 -0.012880
 -0.013574
 -0.000110
 0.002769
 0.006969
 -0.000870
 -0.006216
 -0.010186
 0.001064
 -0.008538
 -0.000880
 -0.007296
 -0.005966
 0.001170
 -0.002488
 0.003531
 -0.009098
 -0.001642
 -0.000639
 0.016736
 -0.013422
 -0.012405
 -0.009372
 -0.008209
 -0.015577
 -0.005969
 0.002345
 -0.005564
 -0.015441
 -0.013400
 -0.007039
 0.006346
 0.035741
 -0.030328
 -0.008322
 0.004646
 -0.005334
 -0.005153
 0.005233
 -0.010761
 -0.003251
 -0.001794
 -0.011234
 -0.012701
 -0.025179
 -0.009482
 0.001476
 0.001826
 0.013030
 -0.007275
 -0.008180
 -0.002352
 -0.006559
 0.000271
 -0.000606
 -0.006266
 0.007786
 -0.015205
 -0.007943
 -0.007719
 -0.003003
 0.008640
 0.012227
 0.010736
 0.001140
 -0.014760
 -0.020798
 -0.000206
 0.005923
 0.004098
 -0.014284
 -0.013634
 -0.011431
 -0.010648
 -0.022300
 -0.004805
 0.004713
 -0.001369
 -0.007137
 -0.012867
 -0.001548
 -0.007535
 -0.006079
 0.006953
 -0.001541
 0.003501
 -0.005907
 -0.007007
 0.000497
 0.001823
 0.009760
 -0.002635
 -0.014820
 -0.001709
 -0.005698
 -0.007860
 0.007786
 -0.077972
 0.032464
 0.010084
 -0.014255
 -0.009522
 -0.012716
 -0.009168
 -0.009525
 -0.002529
 -0.007757
 -0.004185
 0.007363
 -0.009424
 -0.012094
 -0.010759
 -0.002569
 -0.014236
 0.001307
 0.004864
 -0.000764
 0.015218
 0.017636
 0.011426
 0.006149
 0.007259
 -0.014192
 -0.010215
 -0.006297
 -0.011962
 -0.001611
 -0.006128
 0.003114
 0.005329
 -0.001946
 -0.004936
 -0.011753
 -0.020346
 -0.003111
 0.000106
 -0.002251
 0.005967
 -0.013512
 -0.010905
 -0.007603
 -0.019320
 -0.015999
 0.003486
 -0.006205
 0.015362
 0.000537
 -0.006089
 0.492416
 -0.024911
 -0.042057
 -0.007195
 -0.015253
 0.004061
 0.011210
 -0.011613
 -0.009068
 -0.015649
 -0.015808
 -0.013994
 -0.011494
 -0.003614
 -0.008931
 -0.011006
 -0.011774
 -0.020105
 -0.016521
 -0.007480
 -0.005516
 -0.002480
 0.005412
 -0.006157
 -0.009835
 0.005483
 -0.011001
 -0.010059
 -0.016897
 -0.000676
 -0.010038
 -0.000718
 0.010707
 -0.011025
 -0.010088
 -0.016038
 -0.010412
 -0.016002
 -0.003788
 -0.005488
 0.004277
 0.008022
 -0.003850
 -0.002316
 -0.009928
 -0.014026
 -0.011214
 -0.011823
 0.000869
 -0.004004
 -0.007813
 -0.148707
 -0.010675
 -0.009214
 -0.001826
 -0.006749
 -0.012750
 -0.005870
 -0.008775
 -0.005905
 -0.004670
 -0.001585
 -0.005795
 0.001695
 0.001950
 -0.009767
 -0.000453
 -0.018467
 -0.012998
 0.001422
 -0.006638
 0.007672
 -0.000957
 -0.015168
 -0.002776
 0.008750
 0.002977
 -0.000876
 -0.004620
 -0.006532
 -0.000006
 0.005713
 0.006945
 -0.009680
 -0.005374
 -0.003534
 -0.001646
 -0.001995
 0.004235
 0.005193
 -0.005981
 -0.007485
 0.010922
 0.011959
 -0.001723
 -0.013891
 -0.002569
 0.007808
 0.011168
 -0.000698
 -0.011896
 -0.007392
 -0.010008
 -0.005390
 0.007507
 -0.001216
 0.001517
 -0.002683
 0.000389
 -0.002752
 -0.011582
 -0.014509
 -0.005945
 0.013793
 0.005428
 -0.015225
 -0.001638
 0.007246
 0.020687
 -0.000845
 -0.002114
 0.004864
 -0.007205
 -0.019305
 -0.012701
 0.007890
 -0.001070
 0.010044
 -0.000668
 -0.006597
 -0.006204
 -0.016062
 -0.005664
 0.013870
 -0.000891
 -0.012063
 -0.001921
 0.009301
 0.009407
 -0.001539
 -0.001087
 0.002072
 -0.034864
 0.002764
 -0.006057
 -0.007256
 0.001756
 -0.006368
 -0.002542
 0.008835
 0.002461
 -0.006549
 -0.004539
 -0.011311
 -0.004563
 -0.014397
 -0.012505
 -0.000334
 -0.006468
 -0.014540
 0.001101
 -0.009148
 -0.018916
 -0.000009
 -0.008925
 0.006855
 -0.003208
 -0.011777
 -0.011540
 -0.011156
 -0.014062
 0.004046
 0.000197
 0.002058
 -0.016899
 -0.013936
 -0.021492
 -0.008161
 -0.008551
 -0.002311
 0.005113
 0.002134
 -0.003437
 -0.019140
 -0.114439
 0.011596
 -0.002743
 -0.000753
 -0.013314
 -0.011037
 -0.019433
 -0.009145
 -0.006356
 -0.009146
 0.004353
 -0.004314
 -0.005134
 -0.012817
 -0.021745
 0.004836
 -0.012140
 -0.009546
 -0.107384
 -0.005933
 0.056955
 -0.012751
 -0.012462
 -0.015686
 -0.011566
 -0.000920
 -0.005120
 0.000895
 0.018313
 0.048027
 -0.006598
 0.022880
 -0.000805
 -0.000417
 0.006659
 0.006267
 -0.002990
 0.008114
 -0.002032
 -0.013996
 -0.015192
 0.003801
 0.012905
 0.009522
 -0.004310
 0.001765
 -0.009902
 -0.021471
 -0.012171
 -0.051206
 -0.005052
 -0.010485
 -0.004189
 -0.005568
 0.004752
 0.010007
 0.003651
 -0.007482
 -0.003829
 -0.009583
 -0.006402
 -0.014396
 -0.004596
 0.005795
 -0.007887
 -0.006449
 -0.005471
 -0.007915
 -0.019273
 -0.014573
 -0.013610
 0.004832
 0.001554
 0.011360
 0.007365
 -0.008306
 -0.012182
 0.001091
 -0.006840
 -0.006823
 -0.007381
 -0.007909
 0.007905
 0.013749
 -0.004087
 -0.011897
 0.004130
 0.006923
 0.009799
 0.004268
 0.005965
 -0.014176
 -0.004992
 -0.018571
 -0.006479
 -0.005495
 0.000596
 -0.009582
 -0.012002
 -0.013148
 -0.005221
 -0.000977
 0.013202
 0.012500
 0.003818
 -0.010157
 -0.015658
 0.005576
 0.009139
 0.002959
 0.004160
 -0.006834
 -0.017590
 -0.012003
 -0.010688
 -0.007443
 0.000642
 -0.012370
 -0.000591
 -0.005040
 -0.009533
 -0.003486
 -0.000748
 -0.005225
 -0.004534
 0.011365
 -0.007583
 -0.004264
 -0.005439
 -0.005438
 -0.009485
 -0.004620
 0.005339
 0.016801
 -0.011414
 -0.005631
 0.009761
 -0.008246
 -0.003784
 0.047080
 0.008738
 -0.000341
 -0.011372
 -0.007944
 0.011422
 0.000163
 -0.014700
 -0.018374
 -0.020947
 -0.020308
 -0.009349
 0.003692
 0.005956
 0.000012
 0.005031
 -0.003616
 -0.000268
 0.010735
 0.002904
 0.000242
 -0.022228
 0.011947
 -0.059766
 0.003353
 0.005338
 -0.009463
 0.003738
 0.001143
 -0.000208
 0.013514
 0.010494
 0.002635
 -0.021732
 -0.016904
 -0.005000
 0.004259
 -0.011595
 -0.008307
 0.006867
 -0.017861
 0.013725
 -0.003222
 0.021237
 -0.017692
 -0.019520
 -0.009193
 -0.014229
 0.001061
 0.011112
 0.006119
 -0.008331
 0.022261
 -0.015043
 -0.015570
 -0.000973
 -0.005778
 -0.009738
 -0.008163
 0.001282
 0.007648
 0.000321
 -0.016330
 -0.009234
 -0.017977
 0.004887
 0.007086
 -0.000512
 -0.007243
 -0.010332
 -0.007481
 -0.000038
 0.006821
 -0.002326
 0.014509
 0.021298
 0.016860
 0.004035
 -0.006068
 0.009234
 -0.011572
 -0.015151
 -0.009699
 -0.002739
 0.016661
 -0.017228
 0.015480
 0.001799
 0.006200
 -0.003102
 -0.021829
 -0.006182
 -0.020939
 -0.010970
 0.004651
 0.000478
 -0.005413
 -0.008638
 -0.005830
 0.053478
 -0.012379
 -0.005871
 -0.011056
 -0.003638
 0.013664
 0.011799
 0.002427
 -0.010425
 -0.004596
 -0.014112
 0.002326
 -0.002097
 -0.005626
 -0.012872
 -0.013637
 -0.000964
 0.004017
 0.012771
 0.019278
 0.008625
 -0.001613
 -0.022284
 -0.006493
 -0.007095
 0.009541
 0.005486
 -0.002023
 0.005060
 0.008253
 -0.005673
 0.006570
 -0.016254
 -0.009781
 0.013536
 0.015569
 0.011281
 -0.000628
 -0.076549
 0.015536
 0.009495
 0.201916
 0.004357
 -0.008810
 -0.013572
 -0.008818
 -0.012915
 0.005743
 0.004898
 0.006740
 -0.009644
 -0.013941
 0.007951
 0.002824
 0.033838
 0.001011
 -0.000886
 0.001981
 0.002655
 -0.014511
 0.006759
 0.006743
 -0.015591
 -0.005692
 0.004518
 0.008187
 -0.006774
 -0.010617
 -0.009612
 0.005804
 0.006785
 0.004777
 -0.011803
 -0.032747
 0.072260
 -0.003787
 -0.012175
 -0.016918
 -0.017603
 -0.018722
 0.004077
 0.006428
 -0.007404
 -0.014150
 0.008754
 -0.005411
 0.014050
 0.008972
 -0.009296
 0.003942
 0.001511
 0.006427
 -0.005170
 -0.015463
 0.006298
 -0.004084
 -0.000020
 -0.015353
 -0.006888
 0.000062
 -0.010063
 -0.007815
 -0.007034
 0.006336
 0.005510
 -0.005808
 -0.021660
 -0.000828
 0.008313
 0.005639
 -0.004501
 -0.003943
 -0.006022
 0.001176
 -0.000926
 0.002665
 0.018241
 -0.010711
 0.038329
 -0.006071
 -0.000127
 -0.004454
 -0.015882
 0.006098
 0.002293
 0.000862
 0.003789
 -0.004976
 -0.006380
 0.000798
 0.005011
 0.015652
 -0.003461
 -0.016318
 -0.010684
 -0.002882
 0.013310
 0.007604
 -0.000852
 -0.005523
 -0.015704
 0.004709
 0.010984
 0.011162
 -0.012375
 -0.014376
 -0.004528
 0.002957
 0.005864
 -0.010670
 -0.010295
 0.001731
 0.000870
 -0.001784
 -0.006173
 0.003307
 -0.000940
 -0.001749
 -0.009409
 0.001111
 0.007855
 -0.008333
 -0.006416
 -0.011081
 0.003794
 -0.009554
 0.006361
 -0.004878
 -0.009739
 -0.012208
 0.002410
 0.002718
 0.010197
 -0.010084
 -0.011921
 0.003719
 -0.000230
 -0.001926
 -0.003044
 -0.005991
 -0.007342
 0.000453
 0.037386
 -0.015980
 0.005264
 -0.007629
 -0.016957
 -0.010483
 0.005059
 0.008264
 -0.004224
 0.000881
 -0.016743
 -0.003231
 0.005786
 -0.008481
 -0.006739
 0.001067
 0.006865
 0.012209
 -0.009936
 -0.006248
 -0.005353
 0.004451
 0.003906
 -0.008211
 -0.017537
 -0.003017
 0.002943
 -0.000380
 0.004599
 -0.010933
 -0.011121
 0.001723
 0.011887
 -0.012023
 -0.008395
 0.000192
 0.004461
 -0.008530
 -0.010569
 -0.006872
 -0.001497
 -0.001180
 0.002302
 -0.014521
 -0.000780
 -0.001118
 0.075436
 -0.008180
 0.002292
 0.002547
 0.009032
 -0.004810
 -0.006603
 -0.006398
 -0.015431
 0.005074
 0.001816
 0.004176
 0.004457
 -0.003013
 -0.059823
 -0.019211
 -0.001171
 -0.003507
 0.023322
 0.009523
 0.001213
 -0.004881
 -0.002593
 -0.006963
 -0.001152
 0.006636
 0.005385
 0.005270
 0.006966
 -0.007279
 -0.000937
 -0.003128
 0.017079
 0.005914
 0.002098
 -0.008981
 -0.005912
 -0.003035
 0.000327
 -0.007033
 -0.001576
 0.000214
 -0.000879
 0.007891
 -0.002162
 -0.005444
 -0.002991
 0.005474
 -0.001246
 -0.013110
 -0.007749
 -0.004880
 0.003724
 0.005465
 -0.009001
 -0.005520
 -0.003710
 -0.003855
 0.010121
 0.030674
 0.045194
 0.018070
 0.004475
 0.003735
 0.005448
 -0.007283
 0.002352
 -0.004250
 -0.004532
 -0.005553
 0.000764
 0.006532
 -0.006541
 -0.007166
 -0.002748
 -0.002837
 -0.000356
 -0.004209
 -0.002097
 0.007815
 -0.012539
 -0.012222
 0.007213
 0.003684
 0.119902
 0.002202
 -0.016255
 -0.000257
 -0.003709
 0.000458
 -0.008832
 -0.003018
 0.006148
 0.004697
 -0.007210
 -0.010856
 0.015282
 -0.006985
 -0.002373
 0.002844
 -0.006402
 0.001715
 0.006951
 0.003825
 -0.004963
 0.003683
 0.005664
 -0.000985
 -0.008719
 -0.005841
 -0.008742
 0.001293
 -0.011855
 -0.001945
 0.005223
 -0.000564
 -0.000195
 0.002499
 -0.012129
 0.000238
 -0.011183
 0.000404
 0.002497
 0.003069
 0.004905
 -0.004602
 0.003889
 -0.004037
 -0.008821
 -0.012976
 0.008376
 0.000580
 -0.018016
 -0.013104
 -0.005996
 -0.002498
 -0.000086
 0.007523
 -0.006616
 0.007445
 -0.007502
 0.002989
 -0.001476
 -0.010714
 -0.008503
 -0.006984
 -0.004796
 0.005319
 0.009847
 0.007042
 -0.008138
 -0.006017
 0.001530
 -0.016382
 -0.007927
 -0.003978
 -0.009974
 -0.006294
 0.005318
 -0.004757
 -0.007279
 0.001933
 0.000676
 0.001061
 -0.021083
 -0.001282
 -0.000846
 0.000924
 0.007908
 -0.010893
 -0.006975
 -0.007953
 -0.001062
 -0.004207
 0.006099
 -0.002844
 0.003670
 -0.015850
 -0.018897
 -0.009580
 0.000342
 -0.011565
 0.003128
 -0.004599
 0.002551
 0.008947
 0.001782
 -0.020485
 0.017595
 -0.004767
 -0.004515
 -0.004205
 0.007697
 0.008615
 -0.007719
 -0.004349
 -0.010616
 -0.004325
 -0.004971
 0.009962
 0.003744
 -0.012259
 -0.002233
 0.002463
 -0.014270
 -0.006470
 -0.012840
 -0.005893
 -0.003060
 -0.004834
 0.004323
 -0.018412
 -0.006442
 0.008718
 0.005342
 0.008922
 -0.005488
 -0.008517
 -0.002768
 -0.001954
 0.011337
 -0.011290
 0.003396
 0.005085
 0.010218
 0.004823
 0.003400
 0.007324
 0.010083
 0.006591
 -0.016580
 -0.008106
 0.001850
 0.009134
 0.003271
 -0.004931
 -0.011412
 -0.006758
 0.001748
 0.004300
 -0.010915
 -0.010755
 0.008221
 -0.016802
 -0.016781
 -0.002031
 -0.002651
 0.003865
 -0.005554
 -0.012363
 -0.004420
 -0.002481
 -0.003060
 -0.000611
 -0.007159
 -0.001907
 0.014408
 -0.013995
 -0.009678
 -0.008988
 -0.005251
 -0.001436
 -0.012996
 -0.007648
 0.003795
 -0.005565
 -0.009407
 -0.003380
 0.006728
 -0.015337
 -0.015574
 -0.023693
 0.006776
 0.006276
 -0.004922
 -0.014524
 -0.012664
 -0.017350
 -0.004935
 0.002765
 -0.011221
 -0.013256
 -0.018050
 -0.006573
 0.005592
 0.006514
 0.008867
 0.005061
 -0.012439
 -0.010039
 -0.001504
 -0.009826
 -0.008068
 -0.013412
 -0.003782
 -0.002894
 -0.002532
 -0.000349
 0.001851
 -0.015450
 -0.004220
 -0.004631
 -0.012027
 0.014281
 0.005497
 -0.007400
 0.000239
 0.001035
 0.000946
 0.006177
 -0.009181
 -0.006458
 -0.010743
 -0.009171
 0.002078
 -0.060128
 0.085712
 0.007844
 0.000969
 -0.013364
 -0.002699
 -0.061922
 0.042842
 -0.011823
 -0.013456
 -0.002051
 0.005475
 0.010743
 -0.003182
 0.013433
 -0.010518
 0.000227
 -0.008039
 -0.005555
 -0.011635
 0.003763
 0.004003
 -0.010577
 -0.009354
 -0.007307
 0.012674
 0.008091
 -0.008465
 -0.005298
 -0.010013
 -0.001243
 0.002440
 0.016737
 -0.011755
 0.003079
 0.000896
 -0.010307
 -0.001830
 -0.003679
 -0.002582
 0.002336
 0.009967
 -0.009867
 0.004216
 0.005502
 -0.000743
 -0.012877
 -0.009700
 -0.003282
 -0.018718
 0.001932
 0.008873
 0.002265
 0.012194
 0.000821
 -0.008909
 -0.000709
 -0.007450
 -0.004634
 -0.011928
 -0.000432
 0.002724
 -0.002192
 -0.005196
 0.010343
 0.003068
 0.005301
 -0.006861
 -0.003449
 -0.002519
 -0.001483
 -0.000504
 -0.000273
 -0.005489
 -0.011844
 -0.006470
 0.006615
 0.023131
 0.001002
 -0.001632
 0.001341
 0.008685
 -0.005421
 -0.008097
 0.001903
 0.017698
 0.003827
 -0.010143
 0.051556
 0.027128
 0.000721
 -0.000429
 0.012443
 -0.009671
 -0.005654
 0.005211
 0.009593
 -0.009273
 0.107052
 0.006022
 -0.008386
 -0.003551
 -0.012875
 0.001946
 0.010610
 0.002778
 -0.011829
 -0.010711
 -0.010610
 -0.009686
 -0.008183
 -0.004084
 0.008860
 -0.005363
 -0.009959
 -0.015694
 -0.009967
 -0.002539
 -0.003857
 0.002738
 0.011522
 0.002099
 -0.017653
 0.003647
 0.000609
 0.008398
 -0.006360
 -0.006403
 -0.020606
 -0.008849
 -0.006044
 0.005011
 -0.011829
 -0.011281
 -0.014586
 -0.004224
 -0.005465
 0.000893
 0.007239
 -0.005904
 -0.000543
 -0.009993
 -0.006158
 0.000263
 -0.009116
 -0.015652
 -0.007758
 -0.004134
 0.061431
 -0.007659
 -0.011883
 -0.009225
 0.008716
 0.001590
 -0.011645
 -0.014010
 -0.004266
 0.001673
 0.003636
 0.010717
 0.010230
 -0.010361
 -0.001362
 0.004458
 0.016809
 -0.017065
 -0.010029
 -0.007479
 0.003468
 -0.001182
 -0.011431
 -0.012553
 -0.007469
 -0.000888
 0.001263
 -0.122861
 0.000671
 -0.008376
 0.002636
 -0.000766
 -0.018728
 -0.000738
 -0.003608
 -0.012330
 -0.011845
 -0.002053
 -0.005411
 -0.006228
 -0.001585
 -0.005531
 -0.023204
 -0.008170
 -0.009178
 0.003289
 0.003264
 0.004138
 0.000498
 0.000056
 -0.065620
 0.002190
 -0.000287
 0.009329
 -0.010204
 -0.007341
 -0.007155
 -0.018302
 -0.016548
 0.004440
 -0.057471
 -0.003509
 -0.002592
 -0.020593
 -0.016894
 -0.009704
 -0.006025
 0.001451
 0.005363
 0.012976
 -0.003149
 0.003654
 -0.004333
 -0.009509
 -0.014689
 0.005352
 0.004543
 0.009979
 -0.013824
 -0.018126
 -0.011192
 -0.006523
 0.006602
 0.005727
 -0.015932
 -0.009307
 -0.005815
 -0.012441
 0.005709
 -0.007718
 -0.014660
 -0.012112
 -0.013291
 -0.003518
 0.004306
 0.001068
 -0.001216
 0.005021
 -0.004576
 0.003948
 0.000652
 -0.011142
 0.001552
 0.009928
 0.001254
 -0.007390
 -0.014300
 -0.016984
 -0.000698
 0.005968
 0.004996
 0.008167
 -0.013437
 -0.003033
 -0.008463
 0.084131
 -0.010236
 -0.031671
 -0.006311
 -0.018987
 -0.021988
 -0.020375
 -0.003965
 0.011295
 0.005272
 -0.011699
 -0.014487
 -0.008676
 0.005686
 0.003737
 -0.004421
 -0.008869
 -0.003233
 -0.040413
 -0.017385
 -0.013100
 -0.018616
 -0.015111
 -0.007281
 0.008741
 -0.011160
 -0.006386
 0.010125
 -0.004670
 -0.003176
 -0.005795
 -0.009323
 -0.015501
 -0.015863
 -0.022663
 0.002860
 0.004565
 0.010038
 -0.017685
 -0.016077
 -0.015547
 -0.009669
 -0.015275
 0.009460
 0.005873
 -0.012319
 -0.012131
 -0.007763
 0.001615
 0.012652
 -0.004346
 -0.000712
 -0.008458
 -0.014073
 -0.184605
 -0.007447
 -0.008420
 0.024899
 -0.019965
 -0.022814
 -0.013511
 0.000082
 0.005884
 -0.006510
 -0.010851
 -0.018642
 -0.013979
 0.022977
 0.008293
 -0.011826
 -0.000038
 -0.004801
 -0.006419
 -0.012656
 -0.010558
 -0.003461
 0.000080
 -0.004878
 -0.019323
 -0.011807
 -0.006040
 -0.000707
 0.009515
 -0.005469
 -0.000001
 0.190946
 -0.011761
 -0.020866
 -0.019482
 -0.009233
 0.006381
 0.009334
 0.010474
 0.011595
 -0.000641
 -0.011710
 -0.015308
 0.007706
 0.000699
 -0.001820
 -0.008280
 -0.014036
 -0.009855
 0.005552
 0.010572
 0.000688
 -0.006760
 -0.006336
 -0.008043
 -0.015989
 -0.002347
 0.006459
 -0.003873
 -0.005663
 -0.006033
 0.010451
 0.016471
 -0.005480
 -0.016559
 -0.015826
 -0.007238
 -0.011567
 -0.005813
 -0.015388
 0.011873
 0.006062
 -0.005369
 -0.014266
 -0.017237
 -0.004672
 -0.004042
 0.016075
 0.006109
 -0.006904
 -0.015536
 0.001251
 -0.006207
 0.006420
 0.002765
 0.007897
 -0.017296
 -0.011187
 -0.003312
 0.003072
 0.004259
 -0.008635
 -0.009439
 -0.008418
 -0.013811
 0.002132
 -0.000840
 0.012276
 0.000424
 -0.011979
 0.008118
 0.009717
 0.006783
 0.006659
 -0.010017
 0.001216
 -0.014143
 -0.016147
 -0.013996
 -0.007079
 0.002577
 -0.001680
 -0.007926
 -0.008695
 0.010773
 -0.001806
 -0.003617
 -0.001468
 0.019889
 -0.022370
 0.002978
 -0.003288
 -0.006451
 -0.002332
 -0.008800
 -0.011754
 0.004325
 0.008906
 -0.000761
 -0.006434
 -0.010310
 -0.023875
 -0.014892
 0.013236
 0.005429
 0.020475
 0.007033
 0.010174
 -0.000482
 0.005602
 -0.013661
 -0.011107
 -0.004956
 0.002233
 -0.013342
 0.002532
 0.045057
 -0.002719
 -0.004662
 -0.012687
 -0.013359
 0.004363
 -0.000127
 -0.003839
 -0.012444
 -0.016815
 -0.000380
 0.007353
 0.009903
 -0.009338
 -0.015889
 -0.015743
 -0.010943
 0.002011
 -0.006197
 0.003502
 0.003022
 -0.004122
 -0.006417
 0.012507
 0.002212
 0.001989
 -0.012968
 -0.005964
 -0.005687
 -0.000216
 -0.007285
 -0.003626
 -0.016357
 -0.020280
 0.005956
 0.008745
 -0.006951
 -0.016233
 -0.006380
 -0.009841
 -0.007923
 -0.000402
 -0.001180
 0.001455
 0.005733
 -0.002585
 -0.001289
 -0.018578
 0.007182
 -0.007799
 -0.014642
 -0.009295
 -0.018985
 -0.002246
 0.005983
 -0.002244
 -0.014339
 -0.012947
 0.012450
 -0.002702
 0.007927
 -0.005872
 -0.002886
 -0.023164
 -0.001442
 -0.017185
 0.008767
 -0.003516
 -0.006496
 -0.006381
 -0.005491
 0.006150
 0.002049
 0.010450
 0.005870
 -0.011190
 -0.003780
 0.013009
 -0.001771
 -0.001002
 0.003209
 -0.003188
 -0.006801
 -0.012965
 0.010781
 -0.001097
 0.003093
 0.000707
 -0.012703
 -0.017425
 -0.006254
 0.011070
 0.012545
 -0.007545
 -0.010763
 -0.008957
 0.009577
 0.004443
 -0.009253
 -0.013335
 -0.011527
 0.001335
 0.018101
 0.006677
 0.003171
 -0.005454
 -0.009577
 -0.006814
 0.010752
 0.006482
 0.002764
 -0.009472
 -0.000739
 0.006579
 0.003334
 0.008586
 -0.005039
 -0.011802
 0.002312
 0.002687
 0.010546
 -0.008883
 -0.004079
 0.008715
 0.001568
 -0.000363
 -0.009427
 -0.012804
 -0.015614
 -0.005641
 0.005025
 -0.000521
 -0.011768
 0.019979
 0.007184
 -0.019219
 0.008458
 -0.001930
 -0.009395
 0.051580
 0.044595
 -0.000288
 0.004417
 -0.005519
 -0.070931
 0.038055
 -0.013313
 -0.011153
 -0.002849
 0.009063
 0.001352
 -0.004579
 -0.003275
 -0.014027
 -0.019984
 0.007198
 0.008863
 0.010782
 -0.014777
 -0.008683
 -0.000940
 -0.014488
 -0.004101
 -0.003155
 0.003236
 0.008794
 0.008858
 0.010799
 0.006549
 -0.019446
 0.015409
 0.016114
 -0.137366
 0.019767
 0.007869
 0.005727
 0.007263
 0.011735
 0.011521
 -0.065315
 -0.001789
 -0.012319
 -0.015783
 0.005379
 -0.002010
 0.006424
 0.009935
 0.007010
 0.006699
 -0.208965
 -0.123169
 0.008361
 -0.037962
 0.007028
 0.004129
 -0.007244
 -0.090867
 -0.044541
 -0.082509
 -0.003038
 -0.014192
 -0.005426
 -0.004949
 -0.039745
 0.018082
 -0.008244
 -0.006057
 0.006699
 0.056054
 -0.007796
 -0.069339
 -0.035639
 -0.010614
 0.011418
 0.013758
 -0.001314
 -0.006830
 -0.008510
 -0.008120
 -0.014287
 -0.135312
 -0.019320
 -0.008555
 -0.008997
 -0.005902
 -0.236106
 0.006001
 -0.038673
 -0.000446
 -0.034925
 0.025364
 0.001848
 0.012486
 0.034434
 -0.000141
 0.002718
 -0.014950
 0.068066
 -0.004069
 0.009772
 0.001034
 0.006929
 -0.123760
 -0.055130
 0.027364
 0.012214
 0.011774
 0.035814
 0.000958
 -0.104979
 -0.062507
 -0.008727
 -0.012518
 -0.014580
 -0.006498
 0.003903
 -0.004445
 -0.083087
 0.053020
 -0.007699
 -0.002790
 0.015146
 -0.005030
 -0.007632
 -0.007075
 0.007947
 0.022556
 -0.000190
 0.006144
 0.010659
 0.007216
 0.003620
 0.024774
 0.060715
 -0.026741
 0.006932
 -0.032871
 0.003107
 0.010033
 -0.001391
 -0.107290
 0.008041
 -0.014724
 -0.158182
 -0.019755
 -0.027261
 -0.011007
 -0.004949
 0.013581
 -0.002074
 0.004406
 0.015202
 -0.059360
 0.011807
 0.008054
 -0.002897
 0.031751
 -0.003595
 0.006855
 0.007234
 0.006622
 -0.012561
 -0.029976
 0.017096
 0.017237
 0.016047
 -0.010383
 -0.020508
 0.025246
 0.014626
 -0.006018
 0.003374
 0.076184
 0.014283
 0.002466
 0.005070
 0.006541
 0.022279
 0.001041
 0.018080
 0.007277
 -0.012870
 0.060261
 -0.001002
 -0.000288
 0.092364
 0.016213
 -0.004359
 0.009179
 -0.090293
 0.045937
 0.002827
 0.004104
 -0.063934
 0.004171
 -0.055391
 0.001486
 -0.000735
 -0.010869
 0.006737
 -0.002069
 -0.018342
 -0.239648
 0.048888
 -0.009073
 -0.051296
 0.016904
 0.004092
 0.013215
 0.043502
 -0.023383
 -0.010890
 -0.005526
 0.003647
 0.007471
 0.126481
 0.010435
 -0.029262
 -0.004046
 -0.007401
 0.004332
 0.003189
 0.001829
 -0.135985
 0.050178
 -0.019954
 -0.014393
 -0.003153
 0.009191
 -0.025214
 -0.000902
 -0.007766
 -0.001584
 -0.017345
 -0.109812
 0.026439
 -0.070238
 0.100145
 -0.007949
 0.009222
 -0.064756
 -0.013654
 0.006338
 -0.416682
 0.027650
 -0.020785
 -0.012430
 -0.087373
 0.005275
 0.000183
 -0.002459
 -0.000125
 0.011272
 0.007450
 0.007025
 -0.001571
 -0.073107
 -0.004546
 -0.004126
 -0.007841
 -0.020454
 0.121408
 0.068847
 0.004647
 0.070871
 -0.013433
 -0.021659
 -0.023261
 0.001020
 -0.004337
 -0.020860
 -0.008929
 0.015854
 0.174736
 -0.008924
 -0.031121
 0.008793
 -0.010176
 -0.009457
 0.029352
 0.052007
 -0.039329
 -0.005055
 0.019909
 -0.081307
 -0.001295
 -0.005786
 0.028194
 0.010673
 -0.006318
 0.065674
 -0.015874
 -0.024196
 -0.103799
 -0.048593
 0.021340
 0.005885
 -0.009339
 0.012562
 -0.017445
 0.005872
 0.009281
 -0.000114
 -0.007382
 -0.000810
 -0.004243
 0.069504
 -0.021584
 -0.003841
 0.028125
 0.001915
 -0.000794
 -0.005389
 -0.111398
 -0.007264
 -0.008698
 0.039398
 -0.012664
 -0.015548
 -0.016049
 0.014459
 -0.008377
 -0.037626
 0.009379
 0.018694
 -0.012720
 -0.002142
 0.026670
 0.043348
 0.032829
 0.137368
 0.006438
 -0.003784
 0.017981
 -0.000975
 0.006641
 0.010300
 -0.009725
 0.007590
 -0.001378
 -0.006391
 0.009923
 -0.007839
 -0.005969
 -0.013652
 -0.008546
 0.015630
 -0.022262
 -0.037858
 -0.015462
 -0.014524
 -0.006928
 -0.011172
 -0.013126
 0.013360
 0.006744
 -0.053415
 -0.011529
 -0.013623
 0.006888
 -0.015475
 -0.006740
 -0.009849
 -0.072584
 0.053807
 0.017725
 -0.039247
 0.000566
 0.012571
 0.010947
 -0.005902
 0.053245
 -0.027050
 0.017577
 0.016380
 -0.000791
 -0.048193
 0.024857
 0.016108
 -0.001129
 0.022643
 0.003813
 -0.034881
 -0.408730
 0.017741
 0.010410
 -0.001626
 -0.030236
 0.155874
 -0.038038
 -0.011995
 0.021078
 0.000308
 0.023650
 -0.002169
 -0.000441
 -0.003476
 -0.010742
 -0.034674
 -0.033679
 0.002312
 -0.004938
 -0.002597
 0.004951
 0.005492
 0.011836
 0.007826
 0.005543
 -0.008352
 -0.220338
 0.020887
 -0.028740
 0.081739
 0.004839
 -0.004279
 -0.002307
 -0.007259
 -0.000337
 0.002220
 0.034469
 -0.003265
 0.084622
 -0.003316
 0.015567
 -0.011538
 0.024082
 -0.025269
 0.005503
 -0.140821
 -0.024668
 -0.056330
 -0.010243
 -0.006291
 0.028303
 -0.017538
 0.002653
 0.003044
 0.022484
 0.048897
 -0.005291
 0.129954
 -0.172777
 -0.011427
 -0.026400
 0.021575
 0.006417
 0.016536
 -0.003347
 -0.014661
 -0.003648
 0.007961
 -0.013636
 -0.005659
 -0.074350
 -0.018053
 0.037030
 0.002578
 0.023956
 -0.004477
 -0.012316
 0.080330
 -0.011178
 -0.002437
 -0.002848
 -0.012673
 -0.156590
 -0.012493
 -0.009176
 -0.199318
 -0.003617
 0.021794
 -0.000912
 0.007928
 -0.109161
 0.035375
 0.153742
 -0.021411
 -0.001682
 -0.008948
 0.024540
 -0.093286
 -0.014121
 -0.002924
 -0.017547
 -0.277470
 -0.000588
 -0.048973
 0.044155
 0.060443
 -0.047214
 -0.015750
 -0.007478
 0.006010
 -0.021223
 0.000431
 0.018065
 0.029315
 -0.153916
 -0.013687
 -0.016847
 -0.002440
 0.007278
 0.036957
 0.003352
 0.002132
 0.052950
 0.022435
 0.002577
 0.000470
 0.006236
 0.051822
 -0.004392
 0.009246
 -0.073395
 0.009822
 0.003784
 -0.006504
 0.013324
 -0.067320
 0.006461
 -0.006860
 -0.010592
 -0.010379
 -0.002078
 -0.029484
 0.003609
 -0.014576
 0.002077
 -0.012058
 -0.024380
 0.002804
 -0.010590
 -0.018592
 -0.015368
 0.012305
 -0.003621
 0.031363
 -0.008945
 -0.009944
 -0.013059
 -0.007086
 -0.011848
 -0.016872
 -0.012096
 -0.003131
 0.009762
 0.015968
 0.006818
 0.018918
 0.010316
 -0.032156
 -0.008595
 -0.019854
 0.024553
 -0.013023
 0.002361
 -0.020483
 -0.016693
 -0.019866
 0.005985
 -0.001106
 0.006228
 0.009928
 0.001282
 0.011924
 -0.004199
 0.005543
 0.005016
 0.020566
 0.005614
 -0.018805
 0.071173
 -0.017777
 -0.008318
 0.003891
 -0.014031
 0.006031
 -0.032008
 -0.011674
 -0.006539
 -0.007512
 0.016585
 0.007246
 -0.069227
 -0.032610
 -0.028977
 0.011590
 0.032753
 -0.033103
 -0.015403
 -0.005343
 -0.001193
 -0.014100
 -0.001362
 0.016407
 -0.001407
 0.028909
 0.013879
 0.010778
 -0.004316
 0.084788
 -0.286521
 0.035704
 0.139938
 -0.049507
 -0.023195
 -0.042649
 0.010605
 -0.006403
 0.006360
 -0.045137
 0.037592
 -0.001662
 0.013135
 0.007103
 0.019061
 -0.010421
 0.013180
 0.017402
 0.014106
 0.005869
 -0.001880
 0.008502
 0.003107
 0.144183
 0.001326
 0.127014
 -0.004866
 -0.011810
 -0.040591
 -0.017633
 -0.048502
 -0.010652
 0.007827
 -0.001827
 0.004129
 0.025504
 -0.014723
 -0.016397
 0.002199
 -0.000907
 0.006927
 -0.010630
 0.009246
 -0.016782
 -0.012445
 0.001844
 -0.009604
 -0.010799
 -0.052049
 -0.052152
 -0.006600
 -0.036677
 -0.000592
 -0.013417
 0.022087
 -0.019960
 0.004686
 -0.018194
 0.007537
 -0.069362
 0.038877
 0.011188
 -0.004933
 -0.033945
 0.025679
 0.003967
 0.016624
 -0.004328
 -0.020131
 0.007902
 0.011652
 -0.000675
 -0.003006
 -0.001188
 -0.009905
 0.002238
 0.011545
 -0.106941
 0.005610
 -0.212275
 0.131067
 -0.006537
 -0.048001
 0.002349
 -0.023737
 0.004869
 -0.001110
 -0.021984
 0.017473
 -0.054930
 0.134720
 -0.000341
 0.010864
 -0.032435
 -0.018913
 0.008873
 -0.034117
 -0.003142
 0.020427
 -0.009675
 0.000714
 0.008669
 0.004477
 -0.064957
 0.169226
 -0.006270
 0.024518
 -0.001176
 -0.062443
 0.003458
 -0.074556
 -0.021469
 0.017098
 -0.011178
 -0.005113
 -0.071191
 0.007839
 0.039796
 0.006223
 -0.078777
 -0.088765
 -0.060808
 0.059606
 -0.081512
 -0.011462
 -0.001124
 -0.029646
 -0.085225
 0.352222
 -0.044277
 -0.008033
 0.075846
 0.001001
 -0.002242
 -0.001339
 0.005818
 -0.014276
 0.034160
 -0.027196
 -0.008266
 0.049960
 -0.010241
 -0.039009
 0.008441
 -0.010416
 -0.007224
 -0.004035
 -0.051698
 -0.049044
 -0.005397
 -0.019430
 -0.025521
 -0.001535
 -0.009632
 0.068888
 -0.054727
 -0.012720
 0.010231
 -0.008358
 -0.030811
 -0.009327
 0.015942
 0.019810
 -0.022095
 0.003601
 0.092275
 -0.154019
 -0.002643
 0.022758
 -0.015903
 -0.007681
 0.004048
 0.002976
 0.001361
 -0.033887
 0.004967
 -0.027864
 -0.018072
 -0.069030
 -0.057082
 0.006818
 -0.011710
 0.009793
 -0.008955
 -0.023717
 -0.025534
 0.006590
 0.005420
 0.034362
 0.008959
 -0.000208
 -0.011158
 -0.011434
 -0.004038
 0.035506
 0.030736
 0.003832
 0.015325
 0.017874
 0.010599
 0.005089
 -0.106195
 0.016446
 0.010692
 -0.021814
 -0.002412
 -0.007950
 -0.020701
 -0.003488
 -0.034446
 -0.008393
 0.027656
 -0.062856
 0.075439
 -0.004736
 0.041032
 0.050810
 -0.011794
 -0.011532
 -0.007482
 -0.000854
 -0.008731
 -0.012235
 -0.003697
 -0.029460
 -0.012464
 -0.007094
 0.000021
 0.038027
 0.023194
 -0.006462
 0.016863
 0.004656
 0.017594
 0.003346
 0.005340
 -0.000614
 0.021695
 0.156961
 -0.006799
 0.039756
 0.027595
 0.028487
 0.003609
 -0.022039
 -0.147456
 0.014902
 -0.012537
 0.003923
 0.004093
 -0.012263
 0.011832
 0.009133
 0.006421
 -0.003842
 -0.006543
 0.003447
 -0.000869
 0.006400
 0.009277
 0.018453
 -0.004028
 0.020283
 0.006234
 0.000105
 -0.005375
 0.035195
 -0.008757
 -0.137125
 0.014163
 0.054542
 0.013709
 0.003434
 -0.020444
 -0.005764
 -0.003682
 0.014452
 0.124907
 -0.015126
 0.066121
 -0.051798
 -0.051058
 0.033424
 -0.000652
 0.012675
 0.003662
 -0.063983
 0.009708
 0.005760
 0.006862
 0.004538
 -0.009112
 0.003239
 -0.001098
 -0.017807
 0.001306
 -0.008046
 -0.210266
 0.025012
 0.010149
 0.016487
 -0.006312
 -0.032485
 -0.047369
 0.043464
 0.008170
 0.029479
 0.008297
 0.038600
 -0.011628
 0.084676
 0.070510
 -0.002074
 0.016909
 0.113385
 0.005033
 0.003817
 0.008103
 0.003477
 0.008153
 0.013815
 0.007423
 -0.001650
 -0.074033
 0.017375
 0.013890
 0.024154
 -0.003610
 0.011881
 -0.000824
 -0.009392
 -0.009455
 0.041230
 -0.005107
 -0.013011
 -0.022506
 -0.007442
 -0.012228
 0.011260
 -0.010413
 0.010783
 -0.013975
 0.047785
 -0.026485
 -0.036496
 0.016624
 0.003556
 0.013399
 -0.011645
 0.001084
 -0.006027
 0.019132
 -0.020129
 -0.213500
 0.003829
 0.026968
 -0.191132
 0.004406
 0.008830
 0.002074
 0.003803
 0.011653
 -0.045983
 0.000810
 0.036563
 -0.007670
 -0.059340
 -0.010176
 -0.036242
 -0.004721
 -0.075127
 0.004917
 -0.014260
 -0.048817
 -0.003686
 0.016661
 0.362124
 -0.035800
 0.007988
 0.007150
 0.001885
 -0.005382
 0.024149
 0.041742
 -0.008236
 -0.005490
 -0.006097
 -0.003783
 -0.018921
 -0.011609
 -0.032329
 0.004312
 0.015192
 -0.006071
 0.009486
 0.018986
 0.101213
 -0.011150
 -0.008692
 -0.010408
 -0.008939
 0.000558
 0.021624
 -0.015661
 0.032146
 -0.000785
 -0.011584
 0.005989
 0.002183
 -0.083147
 0.064512
 0.020064
 -0.012155
 