:020000040800F2
:10000000C0380024AD0200081DA90008B70200088E
:10001000DFA70008F11000088DDE000800000000D6
:1000200000000000000000000000000061CB00089C
:10003000452100080000000075A90008CDCE000889
:10004000C7020008C7020008C702000859B5000827
:10005000C7020008C7020008C5250008C70200083B
:10006000C7020008C7020008C7020008C917000835
:10007000D5170008E1170008ED170008C7020008AF
:10008000C7020008C7020008C7020008C70200082C
:10009000C7020008C7020008C7020008C70200081C
:1000A000C7020008C7020008C7020008C70200080C
:1000B00071D10008C7020008C7020008C702000883
:1000C000C7020008C7020008C702000871C900087B
:1000D000C702000861DD0008C7020008C702000867
:1000E000C7020008CDB3000800000000C7020008E6
:1000F000C7020008C7020008C7020008C7020008BC
:10010000C702000891B60008C7020008C70200082D
:10011000C7020008C7020008C7020008C70200089B
:10012000C7020008C7020008F917000805180008F0
:10013000C7020008C7020008C7020008C70200087B
:1001400000000000000000000000000000000000AF
:10015000C7020008C7020008C7020008C70200085B
:10016000C7020008C7020008C7020008C70200084B
:10017000C7020008C7020008C7020008000000000C
:10018000C7020008C7020008C7020008D1D2000851
:10019000C7020008C7020008C7020008C70200081B
:1001A000C7020008C7020008C7020008C70200080B
:1001B00041B10008C7020008C7020008C7020008D2
:1001C000C7020008C7020008C7020008C7020008EB
:1001D000C7020008C7020008C7020008C7020008DB
:1001E000C7020008C7020008C7020008C7020008CB
:1001F000C7020008C7020008C7020008C7020008BB
:10020000C7020008C7020008C7020008C7020008AA
:10021000C7020008C7020008C7020008C70200089A
:10022000C7020008C7020008619D00080000000026
:10023000C7020008C702000800000000C70200084B
:10024000C7020008C7020008C7020008C70200086A
:10025000C7020008C7020008C7020008C70200085A
:10026000C7020008C7020008C7020008C70200084A
:10027000C7020008C7020008C7020008000000000B
:10028000C7020008C7020008C702000800000000FB
:1002900000000000C7020008DFF80CD000F04CFCA2
:1002A00000480047894E0108C038002406488047AE
:1002B00006480047FEE7FEE7FEE7FEE7FEE7FEE74B
:1002C000FEE7FEE7FEE7FEE789D000089902000896
:1002D0002DE9F05F0546002092469B46884606467B
:1002E000814640241BE0284641464746224600F00E
:1002F000D3FA53465A46C01A914110D311461846B4
:10030000224600F016F82D1A67EB01084F462246E8
:100310000120002100F00DF817EB00094E41201ECE
:10032000A4F10104DFDC484631462A464346BDE8D5
:10033000F09F202A04DB203A00FA02F100207047E7
:100340009140C2F1200320FA03F319439040704713
:10035000202A06DBCB17203A41FA02F043EAE07389
:1003600006E041FA02F3D040C2F120029140084376
:100370001946704710B5431A934209D2831888185A
:1003800003E010F8011D03F8011D521EF9D210BD43
:1003900040EA01039B0703D009E008C9121F08C007
:1003A000042AFAD203E011F8013B00F8013B521E87
:1003B000F9D210BDD2B201E000F8012B491EFBD2E8
:1003C00070470022F6E710B513460A460446194660
:1003D000FFF7F0FF204610BD30B50446002003466D
:1003E00000E05B1C934203D2E05CCD5C401BF8D084
:1003F00030BD2DE9FE4F804681EA0300C00F0C4658
:10040000009021F0004123F00045B8EB0200A94123
:1004100005D24046214690461C460B46024623F034
:100420000040104347D0270DC7F30A00C3F30A5119
:100430000290401A019040286BDAC3F3130040F495
:10044000801B0098924620B10023D2EB030A63EB95
:100450000B0B01985946C0F140025046FFF769FF67
:1004600006460D4650465946019AFFF771FF10EBBC
:1004700008006141002487EA115284EAE7731A43B5
:1004800040D0009A62B3019A012A4FEA075215DC64
:10049000001B61EB02014FF0004202EA0752CDE976
:1004A0000042001C41F5801132462B4600F04AFA0A
:1004B00003B0BDE8F08F40462146F9E7001B61EB31
:1004C0000201001C41F5801300185B412018A2F5C1
:1004D000001747EB030140EAD570B6196D4111E0F2
:1004E0006D084FEA360645EAC0754FEA0752001B11
:1004F00061EB0201001C41F5801149084FEA300010
:100500000019514132462B4603B0BDE8F04F00F0D0
:100510000ABA0098012240000023D0EB020263EBEC
:10052000E073009821464FEAE074B8EB000061EBFD
:100530000401E9E783F000435BE781F0004158E7FD
:100540002DE9FE4F81EA030404F0004421F000414C
:1005500000944FF0000B23F0004350EA01045ED0FA
:1005600052EA03045BD0C3F30A54C1F30A552C4486
:10057000A4F2F3340194A0FB0254C1F3130141F43B
:100580008011C3F3130343F4801301FB024400FB07
:10059000034E840A970A44EA815447EA8357A4FB2E
:1005A000076802958D0A05FB07854FEA932C04FB2B
:1005B0000C542705029D4FEA065847EA1637B5EB5B
:1005C00008056EEB070C870E920E47EA811742EA88
:1005D0008312A7FB0201B6EB0B0164EB00042B0DA9
:1005E00043EA0C335E1844EB1C50DA465146E7FBF5
:1005F0000201C5F313044FEA0B3343EA14534FEAE5
:100600000432019C43EA0603A4F10C040294009C0A
:10061000CDE900B400F096F903B0BDE8F08F0020FA
:100620000146F9E72DE9F04D81EA030404F0004B9F
:1006300021F0004514464FF0000A23F0004150EA33
:10064000050220D054EA01021DD0C5F30A57024624
:10065000C5F31303C1F31300C1F30A5640F4801528
:1006600043F48013A7EB0608101BD64608F2FD38AA
:1006700073EB050002D308F1010801E092185B4119
:10068000B8F1000F03DA00200146BDE8F08D00202C
:100690004FF48011064684460EE0171B73EB0507E6
:1006A00005D3121B63EB050306434CEA010C490812
:1006B0004FEA300092185B4150EA0107EDD152EA4F
:1006C000030012D082EA040083EA0501084305D042
:1006D000101BAB4106D20122002306E000224FF09E
:1006E000004302E06FF0010253101AEB06004CEBDE
:1006F000085110EB0A0041EB0B01BDE8F04D00F092
:1007000012B90EB5C10F80EAE0700844CA07002193
:1007100040F233438DE80E000A460B4600F012F912
:1007200003B000BD0EB540F2334102910021CDE986
:1007300000110A460B4600F005F903B000BD70B584
:10074000C1F30A5201F000450024C1F3130140F245
:10075000FF3341F480119A4201DA002070BD40F26B
:1007600033439A42A2F2334203DC524200F094F83F
:1007700000E090402C43F1D0404270BDC1F30A52DA
:1007800010B5C1F3130140F2FF3341F480119A42D6
:1007900001DA002010BD40F233439A42A2F2334204
:1007A00003DC524200F078F810BD904010BD00F01C
:1007B000004230F000400AD0C10D01F56071C0F375
:1007C000160042EA0151C208400711437047002059
:1007D0000146704730B5041E71F1000404DB4FF090
:1007E0000044404264EB0101141E73F1000405DB78
:1007F0001C464FF00043524263EB04038B4208BF98
:10080000824230BD30B5041E71F1000404DB4FF0AC
:100810000044404264EB0101141E73F1000405DB47
:100820001C464FF00043524263EB0403994208BF59
:10083000904230BD01F0004330B421F0004150EA55
:10084000010206D00A0DA2F56072C1F31301002A5D
:1008500002DC30BC00207047440F44EAC104C100F0
:10086000E01830BC00EBC25000F026B830B50B46A3
:10087000014600202022012409E021FA02F59D42D0
:1008800005D303FA02F5491B04FA02F52844151EA4
:10089000A2F10102F1DC30BD202A04DB203A21FA6A
:1008A00002F00021704721FA02F3D040C2F1200289
:1008B00091400843194670470029A8BF7047401C63
:1008C000490008BF20F00100704710B4B0FA80FC66
:1008D00000FA0CF050EA010404BF10BC704749B1A3
:1008E000CCF1200421FA04F411FA0CF118BF012113
:1008F00021430843A3EB0C01CB1D4FEA00614FEAF3
:10090000102042BF002010BC704700EBC3501044C1
:100910000029A4BF10BC7047401C490008BF20F04C
:10092000010010BC704710B5141E73F1000408DA02
:10093000401C41F1000192185B411A4301D120F0A3
:10094000010010BD2DE9F04D92469B4611B1B1FA60
:1009500081F202E0B0FA80F220329046FFF7E9FC23
:1009600004460F4640EA0A0041EA0B0153465A4644
:10097000084313D0114653EA010019D0C8F14002D0
:100980005046FFF789FF05460E46504659464246F7
:10099000FFF7CFFC084305D0012004E0204639468C
:1009A000BDE8F08D0020054346EAE0762C4337434E
:1009B0000A986305E40AA0EB08000022FD0A44EA55
:1009C00047540A3002D500200146E9E70105101915
:1009D0006941DDE9084500196941BDE8F04DA2E72C
:1009E00070B521F0004303430CD0C1F30A55002435
:1009F000D5EB040564EB0403D617AD1AB34102DB53
:100A00000020014670BD201841EB025170BD2DE958
:100A1000F04D00231A461B1A8A4103DB00200146D1
:100A2000BDE8F08DC1F30A52C1F3130141F4801502
:100A30004FF0000BD10702D100186D41521E002764
:100A4000044640F2FF11384601EB620A3E468046FA
:100A5000024600204FF48011FFF71EFFC2197141BA
:100A6000BB1846EB0100B4EB030C75EB000C04D390
:100A7000E41A65EB000517460E46241908F101003B
:100A80006D4180463428E3DDF91946EB0600091B69
:100A9000A84103D24FF0FF32134601E00022134673
:100AA0001BEB070046EB0A51BDE8F04DFFF73BBFDB
:100AB0002DE9F041054621F000400C46284309D0BD
:100AC000C4F30A5040F23341884205DD28462146EE
:100AD000BDE8F0812846FBE740F2FE31884210DC99
:100AE0000CDB4FEA043040EA155050EA053105D0DE
:100AF000104804F0004101430020E9E700200146CE
:100B0000E6E7A0F233404642C6F1400228462146BD
:100B1000FFF70FFC07468846284621463246FFF776
:100B2000BBFE43463A46FFF7FEFE3246BDE8F041C3
:100B3000FFF7FFBB0000F03F064C074D06E0E06802
:100B400040F0010394E8070098471034AC42F6D314
:100B5000FFF7A6FB1C7404083C74040870B58D18DC
:100B600010F8014B14F0030201D110F8012B2311EE
:100B700006D110F8013B03E010F8016B01F8016B9E
:100B8000521EF9D1ABB110F8012B04F00C048A1AF3
:100B90000C2C03D0A2EB84129B1C08E010F8014B34
:100BA000A2EB0422F8E712F8014B01F8014B5B1E9F
:100BB000F9D5A942D4D3002070BD000070B52DED49
:100BC000028B02204FF4C04114F024FD7D490860DF
:100BD0004FF4C041FFF7F5FB02204FF4C04114F081
:100BE00019FD794908604FF4C041FFF7EAFB012085
:100BF0004FF4E42114F00EFD744908604FF4E42131
:100C0000FFF7DFFB01204FF4E42114F003FD7049EE
:100C100008604FF4E421FFF7D4FB01204FF480413A
:100C200014F0F8FC6B4908604FF48041FFF7C9FBF2
:100C30006848006809F028F801204FF4804114F05A
:100C4000E9FC654908604FF48041FFF7BAFB624850
:100C5000006809F04FF8614C0120214614F0DAFCDD
:100C60005F4A10602146FFF7ACFB01204FF408619A
:100C700014F0D0FC5B4908604FF40861FFF7A1FB5A
:100C800059484FF4C041FFF79CFB58484FF4C0410E
:100C9000FFF797FB01204FF4343114F0BBFC5449AB
:100CA00008604FF43431FFF78CFB01204FF43431EE
:100CB00014F0B0FC4F4908604FF43431FFF781FB6A
:100CC00001204FF4B42114F0A5FC4B4908604FF407
:100CD000B421FFF776FB01204FF4C04114F09AFCD9
:100CE000464C20604FF4C041FFF76BFB9FED448AF8
:100CF0002068B0EE480A08F085FF00204FF4C0419C
:100D000014F088FC3F4C20604FF4C041FFF759FBC2
:100D10002068B0EE480A08F053FE3B48F7EE000AA0
:100D200090ED000A30EE200AF3EE080A20EE200AC9
:100D300010EE100AFFF73BFD41EC100B0DF0F0F840
:100D400051EC100BFFF71AFD304C2070304E31493A
:100D5000314D307809780844287030480078FFF722
:100D6000E1FC41EC100B0DF04BFB51EC100BFFF7CD
:100D700005FD2B49C0B20870317810FB01F02949FC
:100D80000880C0082849088028492878097810FB7D
:100D900001F0217800FB01F02549086000F5C04012
:100DA0002449086000204FF4807114F033FC22497C
:100DB00008604FF48071BDEC028BBDE87040FFF716
:100DC00000BB0000DC110024E0110024E811002425
:100DD000E4110024EC110024F0110024FE2F030084
:100DE000D8110024D411002400000038006000381D
:100DF000FC110024F8110024001200240412002425
:100E00006F12833DF4110024DC0100240812002439
:100E1000E1010024E201002409120024E001002481
:100E20000A1200240C1200240E120024DA010024FD
:100E3000101200241412002418120024704700001D
:100E40000146014806F012BFF813002410B504480B
:100E500006F01EFF042801D0012010BD002010BDA7
:100E6000F813002410B500240F490E480860022032
:100E7000486100208860486008614FF48040C86085
:100E800000F014F8012801D0022010BD064800210E
:100E900000F014F8044807F0A7F800B10124204638
:100EA00010BD000000700052F813002481B0012032
:100EB000009000909DF8000001B070474DF804EDDF
:100EC00087B02548016841F480310160006800F472
:100ED000803001902148016841F002010160016801
:100EE00001F002010191016841F004010160016813
:100EF00001F004010191016841F0080101600068FE
:100F000000F00800019002200390002004900320CC
:100F100005900C2006904FF4F8500290104802A95A
:100F200003F060FA042002900E4802A903F05AFA76
:100F30000D48016841F480310160016821F480317D
:100F4000016000220521312003F0FAFD312003F079
:100F5000E8FD07B05DF804FBD4440258E0440258B1
:100F600000080258000C02587C44025810B5134681
:100F70000A460146034807F0FFF808B1012010BDFA
:100F8000002010BDF813002401490120886070473B
:100F90001013002410B513460A460146034807F013
:100FA0006DF908B1012010BD002010BDF813002418
:100FB0000149012048607047101300240000000020
:100FC0002DE9FF5F82468B461F462DED048B0025E1
:100FD0000698B0FBF7F0A84235D9A7F101099FEDBB
:100FE0001C9B00260024002F26D907FB05F820466D
:100FF000FFF798FB41EC110BB0EE490AF0EE690ADD
:101000000DF07EFA0AEB0400B0EE408AF0EE608A42
:1010100018F80000FFF786FB53EC182BFFF790FA47
:10102000FFF7ACFB304486B24C4501D10BF80560AC
:10103000601C84B2BC42DAD3681C85B20698B0FB4F
:10104000F7F0A842CDD8BDEC048B04B0BDE8F09F0A
:1010500000000000000000402DE9FF5F82468B4643
:101060001D462DED048B00260698B0FBF5F0B0422E
:1010700033D9A5F101099FED1C9B00270024002D09
:1010800025D905FB06582046FFF74CFB41EC110B18
:10109000B0EE490AF0EE690A0DF032FAA8EB04004E
:1010A0005044B0EE408AF0EE608A10F8010CFFF771
:1010B00039FB53EC182BFFF743FAFFF75FFB0744AC
:1010C0004C4501D10BF80670641CAC42DBD3761C96
:1010D0000698B0FBF5F0B042CFD8BDEC048B04B05D
:1010E000BDE8F09F0000000000000000000000408C
:1010F000FEE7000070B4204D286810F4003F4FF068
:10110000000011D1BFF34F8FBFF36F8F1B490860F1
:10111000BFF34F8FBFF36F8F296841F4003129600F
:10112000BFF34F8FBFF36F8F296811F4803F21D138
:1011300013490860BFF34F8F081F0068C0F34E3C8F
:10114000104A43F6FF76C0F3C904204606EA4C1164
:1011500041EA80731360401EFAD2BCF1010CF4D254
:10116000BFF34F8F286840F480302860BFF34F8F63
:10117000BFF36F8F70BC704714ED00E050EF00E0DC
:1011800084ED00E060EF00E02DE9F05F06460D46DB
:1011900000204FF4006114F03DFA04464FF4006162
:1011A0002046FFF70EF92A4631462046FFF7E2F8BF
:1011B000C84904222046FFF70FF9DFF81CA30127D6
:1011C000DFF8188300284FF0000940F061816019B2
:1011D000C349801E0222FFF7FFF8002840F0588123
:1011E0002079C04E012802D0F0B100F051B96179E8
:1011F000A07900EB0122CAF80020A5F10900824283
:101200000BD1B948E11D0068FFF7B4F888F8007009
:10121000B648C0F8009000F03BB9082106F1530031
:101220000CF020FE00F034B9B1490122601DFFF737
:10123000D3F800287ED0DFF8B8B20122601D0BF190
:101240000101FFF7C9F8002875D00122601D0BF1DC
:101250000201FFF7C1F800286ED00122601D0BF1DA
:101260000301FFF7B9F8002867D00122601D0BF1D8
:101270000401FFF7B1F8002876D00122601D0BF1C0
:101280000501FFF7A9F800286FD00122601D0BF1BE
:101290000601FFF7A1F800287CD00122601D0BF1A8
:1012A0000701FFF799F800286FD00122601D0BF1AC
:1012B0000801FFF791F8002868D00122601D0BF1AA
:1012C0000A01FFF789F800287DD00122601D0BF18B
:1012D0000B01FFF781F8002845D00122601D0BF1BA
:1012E0000C01FFF779F800286ED00122601D0BF188
:1012F0000D01FFF771F8002867D00122601D0BF186
:101300000E01FFF769F8002871D00122601D0BF172
:101310000F01FFF761F800286AD00122601D0BF170
:101320001001FFF759F8002874D00122601D0BF15D
:10133000110103E007E00EE019E01DE0FFF74CF8B3
:10134000002868D0A4E0A07909F064FB6548092171
:101350000CF088FD9CE0A07909F084FB092106F1DE
:1013600009000CF07FFD93E00CE010E012E05D4816
:1013700009210CF077FD8BE0092106F109000CF042
:1013800071FD85E05B48077082E027E02CE05A4859
:1013900007707DE006203218215C82F82410401C82
:1013A000C0B20D28F7D396F83020002396F82F10FE
:1013B00096F82E000AF0B8F8062396F82D2096F835
:1013C0002C10182002E014E019E025E00AF09AF849
:1013D0000F2106F124000CF045FD59E04749032098
:1013E000087088F8000053E04548077050E01EE0A0
:1013F00029E00E2106F145000CF034FD48E041499A
:10140000A079088086F88200092106F17C000CF0A2
:1014100029FD3DE029E031E03B49A079087086F8DC
:101420008B00092106F185000CF01CFD30E0A1794C
:10143000E07900EB012035490860092106F18E00B2
:101440000CF010FD24E0324800688100314800684B
:10145000FEF7B7FF3049A079087086F89D00092192
:1014600006F197000CF0FEFC12E0052088F8000061
:101470002A4807702A4880F8009009E02949A07995
:10148000087086F8C000092106F1BA000CF0EAFCE9
:101490002078FA2815D1601910F8021CEF2910D114
:1014A00010F8010C0A280CD1EA1ECAF800200E48D8
:1014B000611C0068FEF75EFF88F800700B48C0F8FA
:1014C00000901948A0F800902146BDE8F05F002088
:1014D00014F094B8030100240C000024050000243B
:1014E0000701002413000024D4110024BC1100249F
:1014F000EE0000241100002412000024C611002474
:10150000100000240200002404000024080000242D
:10151000141200240012002400000024D001002432
:10152000D1010024060000249812002470B44FF06A
:10153000000CB3FBF2F464451DD901254FEA4C04BD
:1015400004FB02F400EB840696ED000A01EBCC06E6
:1015500086ED000A641C00EB840494ED000A05EBA0
:101560004C0401EB840484ED000A0CF1010CB3FB84
:10157000F2F46445E2D870BC704700002DE9F04FEA
:1015800085B007468A4614461E460120F5002946C6
:1015900014F040F8834629465846FEF712FF3246BB
:1015A0005946384600F076F8B5FBF4F1002014F007
:1015B00031F88046B5FBF4F14046FEF702FF7700B4
:1015C00022463B4641465846FFF7B0FFB5FBF4F1D3
:1015D000002014F01FF88146B5FBF4F14846FEF7F1
:1015E000F0FEB6FBF4F2494640460EF081FFB6FB32
:1015F000F4F203A8494604AB009040460EF0B8FF51
:101600009DED040AB5EEC00AF1EE10FA04DBF1EE2E
:10161000C00ACDED020A03E09FED1C0A8DED020A1F
:1016200000204FF4804113F0F5FF05464FF4804150
:101630002846FEF7C6FEDDED020AB7EE001AB7FB3C
:10164000F4F281EE200A2946404610F044F8104892
:101650000123002229460EF0B0FB4FF480422946B8
:101660005046FEF787FE0120594613F0C7FF0020C1
:10167000414613F0C3FF0020494613F0BFFF00208E
:10168000294613F0BBFF05B0BDE8F08F0000000055
:101690004CC301082DE9F74F86B08046154605F189
:1016A00010070220BE00314613F0B4FF81463146D8
:1016B000022013F0AFFF824631464846FEF781FE16
:1016C00031465046FEF77DFE0024B4EBD50F13D211
:1016D00008EB441039490823834609EB44120FF004
:1016E00079FC374908230AEB441258460FF072FC84
:1016F000641CB4EBD50FEBD30020314613F08AFF06
:1017000005900020314613F085FF044607F12000C4
:10171000810000208B4613F07DFF804605983146FE
:10172000FEF74FFE31462046FEF74BFE5946404637
:10173000FEF747FE234A212102A8434600970FF0F7
:10174000B3FA059A02A83B4649460FF013F902A8DE
:101750003B46224651460FF00DF90020414613F05A
:101760004DFF0220494613F049FF0220514613F075
:1017700045FFF90002200E4613F04CFF804631462B
:101780004046FEF71EFE05993B462246404609F0BC
:10179000E9FE0798EA0008F18001FEF7EBFD0599E4
:1017A000002013F02BFF0020214613F027FF02201A
:1017B000414613F023FF09B0BDE8F08F0C0100246F
:1017C0002C0100244C010024014801F08FBD0000D1
:1017D00034160024014801F089BD0000AC16002435
:1017E000014801F083BD0000B4170024014801F056
:1017F0007DBD00002C1800240148C06F01F076BDAB
:10180000741400240148806F01F070BD741400242A
:10181000264A016891422CD0254A914229D0254A76
:10182000914226D0244A914223D0244A914220D08A
:10183000234A91421DD0234A91421AD0224A914212
:1018400017D0224A914214D0214A914211D0214A04
:1018500091420ED0204A91420BD0204A914208D0AA
:101860001F4A914205D01F4A914202D01E4A91421E
:1018700017D11E4BCAB2103AA3FB02321209DFF88D
:1018800070C002F007031CF80330C365032A04D9B3
:101890006FF30901091D816506E06FF30901816598
:1018A00002E021F0FF018165806D70471000024069
:1018B00028000240400002405800024070000240F0
:1018C00088000240A0000240B8000240100402401C
:1018D00028040240400402405804024070040240C0
:1018E00088040240A0040240B8040240ABAAAAAA9D
:1018F000506F040801680123DFF894C0CAB2614543
:101900001BD0DFF890C0614517D0DFF88CC061456F
:1019100013D0DFF888C061450FD0DFF884C061457F
:101920000BD0DFF880C0614507D0DFF87CC061458F
:1019300003D0DFF878C0614511D1A2F108011C4A3B
:10194000A2FB012109091B4A02EB810202661A4A25
:10195000426601F01F0103FA01F181667047DFF86A
:101960005CC0103AACFB02C21209DFF854C06144FB
:10197000A82900D80832134901EB820101661249F7
:10198000416602F01F0103FA01F181667047000011
:10199000085402581C5402583054025844540258F7
:1019A000585402586C5402588054025894540258A7
:1019B000CDCCCCCC0058025880580258ABAAAAAA69
:1019C000F0FBFDBF000802408008024001794A1E7A
:1019D000072A28D8144B0168994214D0134B994216
:1019E00011D0134B99420ED0124B99420BD0124B8F
:1019F000994208D0114B994205D0114B994202D01F
:101A0000104B994206D1104901EB8201C1660F4982
:101A1000016705E00E4901EB8201C1660D490167CE
:101A20000121914041677047085402581C540258E4
:101A30003054025844540258585402586C540258B6
:101A40008054025894540258005902584059025880
:101A50000009024040090240014600208B698A6A61
:101A6000002B0FD0B3F5005F1DD08AB3012A30D010
:101A7000022A2ED0032A04D1C96A11F0807F00D037
:101A8000012070471AB1012A07D0022AF9D1C96A88
:101A900011F0807FF5D001207047C96AB1F1C07F95
:101AA000FAD1012070475AB1012A0BD0022A07D07F
:101AB000032AF7D1C96AB1F1C07FF3D10120704781
:101AC00001207047C96A11F0807FFAD00120704769
:101AD000FFE70120704700002DE9F04F846D794E3B
:101AE000D0F800C0784FDFF8E481B445DFF8E0912A
:101AF000DFF8E0A1DFF8E0B1784D4FD0BC454DD024
:101B0000C4454BD0CC4549D0D44547D0DC4545D021
:101B1000DFF8CCE1F44541D0AC453FD0DFF8C4E17B
:101B2000F4453BD0DFF8C0E1F44537D0DFF8BCE145
:101B3000F44533D0DFF8B8E1F4452FD0DFF8B4E155
:101B4000F4452BD0DFF8B0E1F44527D0DFF8ACE165
:101B5000F44523D0DFF8A8E1F4451FD0DFF8A4E175
:101B6000F4451BD0DFF8A0E1F44517D0DFF89CE185
:101B7000F44513D0DFF898E1F4450FD0DFF894E195
:101B8000F4450BD0DFF890E1F44507D0DFF88CE1A5
:101B9000F44503D0DFF888E1F44510D1D0F864E0D3
:101BA000D0F868C0CEF804C0D0F86CC0BCF1000F0B
:101BB00005D0D0F870E0D0F874C0CEF804C0D0F8EA
:101BC00000C0B44526D0BC4524D0C44522D0CC4565
:101BD00020D0D4451ED0DC451CD0414EB44519D090
:101BE000AC4517D03F4DAC4514D03F4DAC4511D05E
:101BF0003E4DAC450ED03E4DAC450BD03D4DAC45B9
:101C000008D03D4DAC4505D03C4DAC4502D03C4DD7
:101C1000AC4523D190F85CC03F250CF01F0C05FAB1
:101C20000CFCC4F808C0D0F800C0DCF8004024F474
:101C30008024CCF80040D0F800C0CCF80430836891
:101C4000402B05D0036899600068C260BDE8F08F42
:101C500003689A600068C160BDE8F08F294DAC450B
:101C600014D0294DAC4511D0284DAC450ED0284D8F
:101C7000AC450BD0274DAC4508D0274DAC4505D021
:101C8000264DAC4502D0264DAC45E5D190F85CC060
:101C900001250CF01F0C05FA0CFCC4F804C0D0F8A8
:101CA00000C0CCF804308368402B05D003689960ED
:101CB0000068C260BDE8F08F03689A600068C16088
:101CC000BDE8F08F100002402800024040000240B2
:101CD000580002407000024088000240B8000240F4
:101CE000A0000240100402402804024040040240C8
:101CF000580402407004024088040240A0040240DC
:101D0000B8040240085402581C5402583054025877
:101D100044540258585402586C5402588054025883
:101D2000945402582DE9F04F93B000250026AB469D
:101D3000CDF804B000244E4900224E4811F046FB75
:101D40004D4F20B157F820104CA00CF0ADF854487E
:101D500050A111F024FD10B14EA011F042FA4FF63F
:101D6000FF78434A4FA1234602A80CF0ADF8524831
:101D7000012202A911F05EFB042809D0601C84B284
:101D80004D4811F013F84445EBD3012E0ED03AE044
:101D90000126200A8DF804008DF80540022101A8D3
:101DA0000CF060F8444811F001F8EEE7304A3DA12C
:101DB0000AA823460CF088F83F480A220AA911F025
:101DC00039FB044624B157F824103CA00CF06CF801
:101DD000CCB9B5F5FA7F16D2DFF8F4803D4EDFF8C6
:101DE000F890DFF8F8A098F80000D0B1DAF8000019
:101DF000401CCAF800003A49884201D9CAF800B02C
:101E0000B5F5FA7FEFD32C4810F0D0FF0022184927
:101E1000104611F0DBFA33A00CF046F813B0BDE821
:101E2000F08F00243088844215D2D9F8001004EBDA
:101E3000440012AB01EB40311F484FF4C04212F096
:101E400084F820B157F820102CA00CF02DF8641C59
:101E500030888442E9D3308800EB40004103D9F850
:101E60000000FEF7AEFA6D1C012088F80000C7E7FD
:101E7000A812002474190024AC120024B9D2D4D8BA
:101E8000CEC4BCFECFB5CDB3CAA7B0DC2028257325
:101E9000290D0A00303A2F5245434F524445520013
:101EA000081E002425732F5245434F524445522F9C
:101EB00025642E7478740000B01B0024CEC4BCFED0
:101EC000B4B4BDA8CAA7B0DC20282573290D0A0028
:101ED000AC110024B4110024B8110024A012002475
:101EE00040420F000A5344205361766520446174D8
:101EF000612046696E69736800000000CAFDBEDD9E
:101F0000D0B4C8EBCAA7B0DC20282573290D0A007D
:101F100010B58AB0012400200190002219491A4806
:101F200011F054FA28B1194951F8201018A00BF0FB
:101F3000BBFF20481CA111F032FCA0B11AA011F087
:101F400050F910E01C4810F031FF02A811F067FFB3
:101F5000200A8DF804008DF80540022101A80BF03D
:101F600081FF601C84B2074A14A1234602A80BF02B
:101F7000ABFF1148012202A911F05CFA0428E1D15B
:101F80000AB010BDA812002474190024AC12002459
:101F9000B9D2D4D8CEC4BCFECFB5CDB3CAA7B0DCBD
:101FA00020282573290D0A00303A2F5245434F52FD
:101FB00044455200081E0024B01B002425732F52F4
:101FC00045434F524445522F25642E7478740000C7
:101FD0002DE9F04F89B083460E4600204FF4C041F2
:101FE00013F018FB05464FF4C0412846FEF7E9F907
:101FF00000204FF4807113F00DFB07904FF48071B7
:102000000798FEF7DEF900204FF4C04113F002FB01
:1020100006904FF4C0410698FEF7D3F9C0225B4604
:10202000202104A80EF00AFF20222B46C02102A87E
:102030000EF004FF069BC022202168460EF0FEFE33
:102040000024DFF8FCA09AF8000000282DD902A98E
:1020500004A80EF0F7FEC4F10208079804F1BE09C7
:102060004FEAC81705EBC9113A46FEF783F94FEA64
:10207000C912294605EBC810FEF77CF907993A46C4
:102080002846FEF777F902A869460EF0DBFE04EB5E
:10209000440006994FF4C04206EB4030FEF76AF95F
:1020A000641C9AF800008442D1D34FF4C0425946D0
:1020B00006F54040FEF75EF900249AF8000000287B
:1020C0002FD94FF4904902A904A80EF0BBFE671C5B
:1020D00007982946FA019346FEF74CF9C4F1BF0868
:1020E000284605EBC7114FEAC812FEF743F90799D6
:1020F00005EBC8105A46FEF73DF902A869460EF0F6
:10210000A1FE04EB440006994FF4C04209EBC02045
:1021100006EB8000FEF72EF9641C9AF8000084425A
:10212000D1D30020294613F069FA0799002013F053
:1021300065FA0699002013F061FA09B0BDE8F08F46
:10214000E3010024704700004DF804ED89B00B490D
:102150000B48002211F03AF928B10A4951F8201031
:1021600009A00BF0A1FE0EA168460BF0ADFE68467B
:1021700011F055FE09B05DF804FB0000A812002420
:1021800074190024AC120024B9D2D4D8CEC4BCFE39
:10219000CFB5CDB3CAA7B0DC20282573290D0A001E
:1021A000303A2F4465636F646546696C652F4465FA
:1021B000636F64652E7478740000000070B58EB093
:1021C00032493348002211F001F928B1314951F860
:1021D000201031A00BF068FE394835A111F0DFFA6C
:1021E00010B133A010F0FDFF36A104A80BF06CFE77
:1021F0003B48012204A911F01DF9042801D090B137
:102200003FE038A042680168806802920191039023
:10221000002401AD36A0295D0BF046FE601CC4B25F
:102220000A2CF7D32DE02E4C20466369226910F06A
:10223000D2FDA56B204610F0B9FD0120294613F010
:10224000E9F9064629463046FEF7BBF8012220464A
:1022500004A911F0EFF80CAB2A463146204611F0E4
:102260003BFC0024002D08D9315D21A00BF01CFEA1
:1022700007F016FC641CAC42F6D30120314613F083
:10228000BDF9174810F092FD0EB070BDA8120024E1
:1022900074190024AC120024B9D2D4D8CEC4BCFE28
:1022A000CFB5CDB3CAA7B0DC20282573290D0A000D
:1022B000303A2F4465636F646546696C65000000C1
:1022C000081E0024303A2F4465636F646546696CCC
:1022D000652F4465636F64652E7478740000000098
:1022E000B01B00244E6F205478742021212100005F
:1022F000256300002DE9F0438DB006460D46534995
:102300005348002211F062F828B1524951F82010C8
:1023100051A00BF0C9FD5A4855A111F040FA40B147
:1023200053A010F05EFF04E04FF001080FE0042816
:102330000BD054A104A80BF0C7FD5948012204A9F1
:1023400011F078F80028F2D1EEE74FF00208544877
:1023500010F02CFDDFF84891B8F1010F514FA9F5AD
:10236000147403D0B8F1020F34D068E04C48022254
:1023700004A911F05FF8002861D14B4900224B48B5
:1023800005F0FAF847490022484805F0CFF84448DC
:10239000D9F81430D9F8102010F01DFDA378627818
:1023A0002178B8788DE80F007B7841A1FA783C4815
:1023B00011F071FA0024002D07D9325D45A138488B
:1023C00011F069FA641CAC42F7D3354843A111F00F
:1023D00062FA34E032480A2204A911F02BF80028EE
:1023E0002DD131490022314805F0C6F82D4900228F
:1023F0002E4805F09BF82A48D9F81430D9F8102057
:1024000010F0E9FCA27861782078BB780190009305
:102410000392029126A17B78FA78214811F03BFAC9
:102420000024002D07D9325D2AA11D4811F033FA8E
:10243000641CAC42F7D31A4828A111F02CFA1848B2
:1024400010F0B4FC0DB0BDE8F0830000A812002429
:1024500074190024AC120024B9D2D4D8CEC4BCFE66
:10246000CFB5CDB3CAA7B0DC20282573290D0A004B
:10247000303A2F4465636F646546696C65000000FF
:10248000081E0024303A2F4465636F646546696C0A
:10249000652F4465636F64652E74787400000000D6
:1024A000B01B0024A412002460190024581E00242C
:1024B0003230253032642D253032642D253032649F
:1024C0002D253032642E253032642E253032643A88
:1024D0002000000025303258200000000D0A0000C6
:1024E0002DE9F04104460E461A4F388800F10A01E2
:1024F000002013F08FF80546388800F10A012846BD
:10250000FDF75FFF144906F5C0402A4604EB800042
:10251000096807F0F1FE2C780F212846FFF7EAFE44
:10252000611C28460BF0B3FC014628194278914201
:1025300009D1FA212970EF2141700A218170E11C33
:1025400028460BF08FFC2946BDE8F041012013F02E
:1025500055B800000E120024101200242DE9F0419D
:1025600082B005460020019041F27C560024DFF83D
:10257000508001AF009704EB44000622D8F8001009
:1025800005EB40304FF440530AF040FB012807D0E0
:10259000601CC4B2022CEDD302B03046BDE8F0811D
:1025A000019904EB440001EBC020801F0D2105EBD5
:1025B00080000AF0EBFA01990844861F0196EBE7C8
:1025C000EC110024012001F001BF00004DF804EDE2
:1025D00087B00F48016841F480610160006800F431
:1025E00080600190012002904FF488100390022037
:1025F0000490084802A901F0F5FE002204210620FB
:1026000002F09EFA062002F08CFA07B05DF804FB97
:10261000E04402580028025810B50C46014605A0B7
:1026200022460BF041FC002C03D0BDE810400AF01C
:1026300099BA10BD57726F6E6720706172616D65D7
:10264000746572732076616C75653A2066696C6595
:10265000202573206F6E206C696E652025640D0A3D
:1026600000000000002200F001B8000084464DF890
:10267000044D01200F4B9C7B022C17D2987B002429
:102680001C54987B03EB8000C0F804C0987B03F1D6
:102690000C0C00F80C20987B421C9A7330300870A8
:1026A0003A2048702F208870CC7000205DF8044BD1
:1026B000704700009C1E00244DF8044DB3F5804F78
:1026C00007D06FF0704140F822105DF8044B0020F5
:1026D0007047D1F818C00B688C6843EA0C03D1F836
:1026E00004C089894FEA0C1C4CEA042C43EA0C0311
:1026F00043EA014150F82230DFF80CC003EA0C0332
:10270000194340F82210E0E70000F0CF4DF8044DE7
:102710000A6850F8223023F0010340F822308B6819
:10272000082B2FD00022D1F804C04CEA0303D1F8C3
:102730000CC04CEA02021A430B691A434B691A4354
:102740008B691A43CB691A430B6A1A434B6A1A43C3
:102750008B6A1A43CB6A1A430B6B1A434B6B1A43AF
:102760008B6B1343DFF840C00A6850F8224024EA1C
:102770000C0C4CEA030340F822300A6BB2F5801FC0
:1027800002D007E04022CEE70A681AB1026842F49C
:10279000801202600A681AB10268496B1143016035
:1027A0005DF8044B002070477FFB3F004DF8044D5F
:1027B000D1F804C0521C0B688C8943EA0C13D1F881
:1027C00008C04FEA0C2C4CEA044C43EA0C03B1F865
:1027D00010C0ACF1010C43EA0C5391F814C0ACF1F9
:1027E000020C43EA0C63D1F818C043EA0C0350F81A
:1027F00022C00CF0404C43EA0C0340F8223002683F
:1028000012F4801F0BD0426822F47002098A491E1C
:1028100042EA0151426822F47002114341605DF8BE
:10282000044B0020704770B40C68D1F824C00B6AC8
:10283000002CCA691CD01A43036823F4F8434CEAFD
:1028400003031A4302608B684A68D1F810C01A4328
:10285000CB6843EA0C031A434B6989691A430A435C
:1028600041686FF30E011143416070BC0020704756
:102870008D684C680E692C43CD6835432C434D69F7
:1028800089692C4321431143194341EA0C02016831
:102890006FF30E0111430160E7E742696FF34D02E8
:1028A00042EA41014161002070474B680A681A43BF
:1028B0008B68C9685B1E5B0143EA41210A430169D9
:1028C0006FF3150111430161002070474DF8044D6D
:1028D000CB68D1F814C05B1E002AACF1010C24D0E7
:1028E0001A03836842EA0C5223F4704323F4700302
:1028F0001A4382604B680A685B1E521E42EA03124A
:102900008B685B1E42EA03220B8A097E5B1E491E0E
:1029100042EA034242EA0161C26802F07042114396
:10292000C1605DF8044B002070474C680A68641E63
:10293000521E42EA04128C68641E42EA042242EAF1
:1029400003320B8A097E5B1E491E42EA034242EAB9
:102950000C5242EA0161826802F0704211438160C8
:10296000DFE7000010B507490748FFF77BFE0028A6
:1029700007D006A00BF098FABDE8104004A00BF0B9
:1029800093BA10BDA81200243C6F04080D0A000081
:102990005344BFA8B9D2D4D8CAA7B0DC210D0A00CD
:1029A0002DE9F04784B0804692461C460C9F0D9D51
:1029B000B1FBF5F66019401E800012F0FDFC814667
:1029C0005246A1B24B4601A800950EF06DF90024C5
:1029D000002E0CD904FB05F02B4607EB800208EB18
:1029E000800101A80DF0C6FF641CB442F2D3484632
:1029F00011F056FF04B0BDE8F08700002DE9F0416A
:102A000007460D461446114E4FF4C0422046316829
:102A1000FDF7B0FC0E48AD000078012807D004F5A2
:102A200040402A463946BDE8F041FDF7A3BC316875
:102A30004FF4C04204F54040FDF79CFC04F5C03063
:102A40002A463946BDE8F041FDF794BCF411002454
:102A500000000024000000002DE9F04107460C466C
:102A600015461E46E00014490988B0FBF1F201FB4F
:102A70001202002A19D0B0FBF1F0FDF753FE41EC31
:102A8000100B0BF04DFA9FED0E1B51EC100B53EC9D
:102A9000112BFDF7AEFCFDF771FE28603246214692
:102AA0003846BDE8F04106F06FBFB0FBF1F0FDF72E
:102AB00039FEF0E7000000000C12002400000000C6
:102AC000000000000000F03F2DE9F84F044601F03F
:102AD00097FD00905CB194F8350002280AD0802060
:102AE0006065002084F834000120BDE8F88F0120E3
:102AF000BDE8F88FB6492068B64EB74F8842DFF878
:102B0000DC82DFF8DC92DFF8DCA2DFF8DCB226D072
:102B1000B04224D0B84222D0404520D048451ED0F3
:102B200050451CD058451AD0B04A904217D0B04AF0
:102B3000904214D0AF4A904211D0AF4A90420ED08A
:102B4000AE4A90420BD0AE4A904208D0AD4A904275
:102B500005D0AD4A904202D0AC4A90420AD10268F8
:102B600022F01E0202602068426922F08002426167
:102B7000256804E0026822F00E02026025682068E1
:102B800088423ED0B0423CD0B8423AD0404538D0DE
:102B9000484536D0504534D0584532D0934A9042BB
:102BA0002FD0934A90422CD0924A904229D0924AF8
:102BB000904226D0914A904223D0914A904220D010
:102BC000904A90421DD0904A90421AD08F4A90422B
:102BD00017D08F4A904214D08E4A904211D08E4A1C
:102BE00090420ED08D4A90420BD08D4A904208D030
:102BF0008C4A904205D08C4A904202D08B4A904237
:102C000004D1206E026822F480720260704920684C
:102C1000884226D0B04224D0B84222D0404520D0AD
:102C200048451ED050451CD058451AD06F4988429F
:102C300017D06F49884214D06E49884211D06E492E
:102C400088420ED06D4988420BD06D49884208D029
:102C50006C49884205D06C49884202D06B49884251
:102C600004D1016821F00101016003E0016821F055
:102C700001010160286810F0010F14D001F0C0FCC0
:102C80000099401A05280AD920206065032084F89D
:102C90003500002084F834000120BDE8F88F286852
:102CA00010F0010FEAD14A4A01212068904226D053
:102CB000B04224D0B84222D0404520D048451ED052
:102CC00050451CD058451AD0484B984217D0484B15
:102CD000984214D0474B984211D0474B98420ED09F
:102CE000464B98420BD0464B984208D0454B9842F1
:102CF00005D0454B984202D0444B98420AD1A06D72
:102D00004FF03F0C94F85C3003F01F030CFA03F310
:102D1000836007E0A06D94F85C3003F01F0301FAB4
:102D200003F34360206890423ED0B0423CD0B842AA
:102D30003AD0404538D0484536D0504534D0584533
:102D400032D02A4A90422FD0294A90422CD0294A88
:102D5000904229D0284A904226D0284A904223D037
:102D6000274A904220D0274A90421DD0264A9042BE
:102D70001AD0264A904217D0254A904214D0254AAC
:102D8000904211D0244A90420ED0244A90420BD057
:102D9000234A904208D0234A904205D0224A9042CA
:102DA00002D0224A90420BD1626EA06E5060E06E5B
:102DB00030B1026822F480720260226F606F50604E
:102DC00084F83510002084F83400BDE8F88F000046
:102DD000100002402800024040000240580002401B
:102DE0007000024088000240A0000240B80002408B
:102DF00010040240280402404004024058040240EB
:102E00007004024088040240A0040240B80402405A
:102E1000085402581C540258305402584454025862
:102E2000585402586C540258805402589454025812
:102E30002DE9F05F002808D090F83510022907D05E
:102E4000802141650120BDE8F09F0120BDE8F09F91
:102E5000DFF81CE20168874BDFF81CC27145874C24
:102E6000874D884E884FDFF82482DFF82492DFF800
:102E700024A2DFF824B2894A25D0994223D06145A3
:102E800021D0A1421FD0A9421DD0B1421BD0B942CE
:102E900019D0DFF80CE2714515D0DFF808E2714572
:102EA00011D0DFF804E271450DD041450BD0494502
:102EB00009D0DFF8F8E1714505D0514503D05945F7
:102EC00001D0914232D14FF0040E80F835E06848CD
:102ED000814221D099421FD061451DD0A1421BD013
:102EE000A94219D0B14217D0B94215D06C488142DD
:102EF00012D06C4881420FD06B4881420CD04145C2
:102F00000AD0494508D06948814205D0514503D0CF
:102F1000594501D0914204D1086820F001000860B1
:102F2000A3E0086820F0010008609EE0D1F800E00E
:102F30002EF00E0EC1F800E0DFF834E101687145B3
:102F400025D0994223D0614521D0A1421FD0A9426A
:102F50001DD0B1421BD0B94219D0DFF844E1714510
:102F600015D0DFF840E1714511D0DFF83CE1714543
:102F70000DD041450BD0494509D0DFF830E171450E
:102F800005D0514503D0594501D0914206D1D1F821
:102F900000E02EF0010EC1F800E005E0D1F800E0FD
:102FA0002EF0010EC1F800E0DFF8C4E001687145C1
:102FB00039D0994237D0614535D0A14233D0A942AA
:102FC00031D0B1422FD0B9422DD0354B99422AD0C1
:102FD000344B994227D0344B994224D0414522D0DA
:102FE000494520D0314B99421DD051451BD0594500
:102FF00019D0914217D02E4A914214D02D4A9142B5
:1030000011D02D4A91420ED02C4A91420BD02C4A1D
:10301000914208D02B4A914205D02B4A914202D0CE
:103020002A4A914218D1016E0A6822F480720A601D
:10303000816D90F85C2002F01F0301229A404A60E3
:10304000426E816E5160C16E31B10A6822F48072A5
:103050000A60026F416F5160012180F83510002134
:1030600080F83410016D01B188470020BDE8F09F61
:103070001000024028000240400002405800024078
:103080007000024088000240A0000240400402405C
:103090005804024088040240A0040240B8040240E0
:1030A000B8000240100402402804024070040240AC
:1030B000085402581C5402583054025844540258C0
:1030C000585402586C540258805402589454025870
:1030D0002DE9F05F0446002C3BD06B4920686B4A19
:1030E0006B4B8842DFF8ACC16B4E6C4FDFF8B081A0
:1030F000DFF8B091DFF8B0A1DFF8B0B1DFF8B0E1F0
:1031000022D0904220D098421ED060451CD0B042C0
:103110001AD0B84218D0404516D0484514D0504572
:1031200012D0584510D070450ED0624DA8420BD039
:10313000614DA84208D0614DA84205D0604DA8421B
:1031400002D0604DA84207D1056825F00105056051
:1031500006E00120BDE8F09F056825F00105056047
:1031600020680025884222D0904220D098421ED06C
:1031700060451CD0B0421AD0B84218D0404516D095
:10318000484514D0504512D0584510D070450ED047
:10319000484988420BD04849884208D0474988426C
:1031A00005D04749884202D04649884217D1056078
:1031B00020684560206885602068C56020680561DA
:1031C0002120216848612046FEF722FB94F85C101C
:1031D0003F2201F01F0102FA01F181602BE03A4920
:1031E000884214D03949884211D0394988420ED0DA
:1031F000384988420BD03849884208D0374988423C
:1032000005D03749884202D03649884239D1056015
:1032100020684560206885602068C5602068056179
:103220002046FEF7F5FA94F85C10012201F01F0128
:1032300002FA01F141602046FEF75CFB206E18B1F6
:103240000560616EA06E48606068401E072807D860
:103250002046FEF7BBFBE06E0560216F606F4860A3
:10326000E56625676567E56325646564A564E564CF
:103270002565656584F8355084F834500020BDE834
:10328000F09F0120BDE8F09F10000240280002409E
:103290004000024058000240700002408800024096
:1032A000A0000240B800024010040240280402407E
:1032B0004004024058040240700402408804024066
:1032C000A0040240B8040240085402581C5402589A
:1032D0003054025844540258585402586C540258FE
:1032E0008054025894540258406D70472DE9F04FB5
:1032F00083B00446002002904FF41651FD48006848
:10330000B0FBF1F00190A56D2E682968FA4F206896
:10331000DFF8E8A3DFF8E8B3B842DFF8E883DFF8C6
:10332000E8932DD0524690422AD05A46904227D058
:10333000404525D0484523D0F44A904220D0F44A55
:1033400090421DD0F34A90421AD0F34A904217D0CF
:10335000DFF8C8C3604513D0F14A904210D0DFF8BF
:10336000C4E370450CD0F04A904209D0EF4A904235
:1033700006D0EF4A904203D0EE4B984240F0408294
:1033800094F85C10082201F01F0102FA01F13142A9
:1033900041D0B84228D0504526D0584524D0404589
:1033A00022D0484520D0D94988421DD0D8498842EA
:1033B0001AD0D849884217D0D749884214D0D74963
:1033C000884211D0D64988420ED0D64988420BD0C7
:1033D000D549884208D0D549884205D0D449884289
:1033E00002D0D449884203D1016801F0040102E00F
:1033F000016801F0080171B1016821F00401016068
:1034000094F85C0000F01F0002FA00F0A860606D04
:1034100040F00100606594F85C0000F01F0101209D
:1034200000FA01F1314234D02068B84228D050452A
:1034300026D0584524D0404522D0484520D0B34A14
:1034400090421DD0B24A90421AD0B24A904217D050
:10345000B14A904214D0B14A904211D0B04A904241
:103460000ED0B04A90420BD0AF4A904208D0AF4A3B
:10347000904205D0AE4A904202D0AE4A90427DD1F1
:10348000406910F0800F04D0A960606D40F0020028
:10349000606594F85C0000F01F01042000FA01F15F
:1034A000314234D02068B84228D0504526D0584503
:1034B00024D0404522D0484520D0944A90421DD087
:1034C000934A90421AD0934A904217D0924A90421F
:1034D00014D0924A904211D0914A90420ED0914A13
:1034E00090420BD0904A904208D0904A904205D02A
:1034F0008F4A904202D08F4A904245D1006810F026
:10350000020F04D0A960606D40F00400606594F87B
:103510005C0000F01F01102000FA01F1314259D087
:103520002068B84228D0504526D0584524D0404580
:1035300022D0484520D0754A90421DD0744A90420E
:103540001AD0744A904217D0734A904214D0734AEA
:10355000904211D0724A90420ED0724A90420BD0E3
:10356000714A904208D0714A904205D0704A904208
:1035700002D0704A904209D1006800E002E000F0F9
:10358000080006E0006884E70068C0E7006800F013
:103590000400F8B1A9602068016811F4802F0DD0F3
:1035A000006810F4002F04D0A16C99B12046884720
:1035B00010E0216C71B1204688470BE0016811F4DE
:1035C000807F03D1016821F008010160216C09B1FD
:1035D0002046884794F85C0000F01F01202000FA84
:1035E00001F131426FD02068B84228D0504526D032
:1035F000584524D0404522D0484520D0434A9042E7
:103600001DD0434A90421AD0424A904217D0424AB3
:10361000904214D0414A904211D0414A90420ED07B
:10362000404A90420BD0404A904208D03F4A9042D4
:1036300005D03F4A904202D03E4A904203D10068F2
:1036400000F0100002E0006800F00200D8B3A960AA
:1036500094F8350004280DD02068016811F4802FFB
:1036600037D0006810F4002F2ED0E16B59B32046FC
:10367000884764E02068016821F016010160206835
:10368000416921F080014161206C08B9A06C20B132
:103690002068016821F00801016094F85C003F2176
:1036A00000F01F0001FA00F0A860012084F8350046
:1036B000002084F83400216D00297BD003B020461F
:1036C000BDE8F04F084737E0616CA9B32046884752
:1036D00035E0016811F4807F09D1016821F0100103
:1036E0000160012084F83500002084F83400E16B8B
:1036F00011B322E0FC120024100002402800024016
:103700004000024058000240700002408800024021
:10371000A0000240B8000240100402402804024009
:1037200040040240580402407004024088040240F1
:10373000A0040240B804024001E020468847606DC2
:10374000002837D0606D10F0010F51D0042084F8AC
:1037500035002068B84228D0504526D0584524D09E
:10376000404522D0484520D0AB4988421DD0AB49C6
:1037700088421AD0AA49884217D0AA49884214D050
:10378000A949884211D0A94988420ED0A849884247
:103790000BD0A849884208D0A749884205D0A7493C
:1037A000884202D0A649884205D1016821F0010172
:1037B000016004E096E0016821F0010101602168E8
:1037C0000298019A401C0290904203D8086810F0B9
:1037D000010FF5D1086810F0010F03D0032084F821
:1037E000350002E0012084F83500002084F8340020
:1037F000E16C002976D003B02046BDE8F04F0847C1
:10380000904B984214D0904B984211D08F4B9842D5
:103810000ED08F4B98420BD08E4B984208D08E4BD7
:10382000984205D08D4B984202D08D4B984259D189
:1038300003684FF0040A94F85C6006F01F060AFA69
:1038400006FA1AEA010F5AD013F0040F57D0C5F840
:1038500004A013F4004F12D013F4803F07D0216C62
:1038600000293FD003B02046BDE8F04F0847A16CC7
:10387000002937D003B02046BDE8F04F084713F0C9
:10388000200F34D12068B84227D07649884224D00E
:103890007549884221D040451FD048451DD05E491A
:1038A00088421AD05D49884217D05D49884214D0B9
:1038B0005C49884211D060450FD05C4988420CD0E9
:1038C00070450AD05B49884207D05B49884204D0E2
:1038D000904202D05A49884205D1016821F008017E
:1038E000016004E083E0016821F004010160216CC3
:1038F00000297CD003B02046BDE8F04F08474FF0C8
:10390000020A0AFA06FA1AEA010F5FD013F0020F50
:103910005CD0C5F804A013F4004F12D013F4803F1C
:1039200007D0E16B002974D003B02046BDE8F04F0A
:103930000847616C00296CD003B02046BDE8F04F09
:10394000084713F0200F39D12068B84227D04549E5
:10395000884224D04449884221D040451FD0484560
:103960001DD02D4988421AD02C49884217D02C49A5
:10397000884214D02B49884211D060450FD02B4982
:1039800088420CD070450AD02A49884207D02A497B
:10399000884204D0904202D02949884204D101686B
:1039A00021F01401016003E0016821F00A010160C7
:1039B000012084F83500002084F83400E16B0029F0
:1039C00027D003B02046BDE8F04F08470822B24098
:1039D0000A421ED013F0080F1BD0016821F00E011F
:1039E000016094F85C0000F01F01012000E010E08D
:1039F00000FA01F16960606584F83500002084F800
:103A00003400E16C002904D003B02046BDE8F04F3B
:103A1000084703B0BDE8F08F88000240A0000240D4
:103A2000B800024010040240280402404004024052
:103A3000580402407004024088040240A00402407E
:103A4000B8040240085402581C540258305402581A
:103A500044540258585402586C5402588054025826
:103A60009454025828000240400002402DE9F05FC3
:103A7000044600F0C5FD0646002C6AD0DC4F022249
:103A800020680025DFF86C83DFF86C93B842DFF81C
:103A90006CA3DFF86CB328D0DA49884225D04045C2
:103AA00023D0484521D050451FD058451DD0D64978
:103AB00088421AD0D549884217D0D549884214D0B7
:103AC000D449884211D0D44988420ED0D349884283
:103AD0000BD0D349884208D0D249884205D0D24978
:103AE000884202D0D14988427ED184F8352084F8BA
:103AF0003450B84228D0C349884225D0404523D00D
:103B0000484521D050451FD058451DD0BE49884258
:103B10001AD0BE49884217D0BD49884214D0BD4949
:103B2000884211D0BC4988420ED0BC4988420BD093
:103B3000BB49884208D0BB49884205D0BA4988426F
:103B400002D0BA49884207D1016821F00101016021
:103B500006E00120BDE8F09F016821F0010101604D
:103B60002068006810F0010F11D000F049FD801BA3
:103B7000052807D920206065032084F8350001203E
:103B8000BDE8F09F2068006810F0010FEDD12268B9
:103B90001068A7490840E368A168D4F814C0194325
:103BA000236943EA0C031943A3691943E3691943E1
:103BB000236A19430843616A042903D1236BE16A2C
:103BC000194308439B4909686FF30F01B1F1005F86
:103BD00011D36168A1F12903052B0AD9163B032BE8
:103BE00007D9083B012B00E02CE002D94F3903290B
:103BF00001D840F4801010602068406920F007016F
:103C0000606A40EA010604280ED1A06A0643E06A11
:103C100050B12046FDF720FF30B140206065012003
:103C200084F83500BDE8F09F206846612046FDF726
:103C3000EFFD94F85C103F2201F01F0102FA01F140
:103C400081605BE07C49884214D07C4B984211D063
:103C50007B4B98420ED07B4B98420BD07A4B9842CC
:103C600008D07A4B984205D0794B984202D0794BD4
:103C700098427DD188420CD07049884209D0704961
:103C8000884206D06F49884203D06F49884200D0ED
:103C90006E4984F8352084F8345002686FF31012AE
:103CA000A168402979D0802979D00021E36841EAD0
:103CB000D301236941EAD301636941EAD301A369CE
:103CC00041EAD301E36941EAD301236A41EA1311CE
:103CD000114301606049206801446048A0FB011065
:103CE00000098000E0652046FDF792FD94F85C1025
:103CF000012201F01F0102FA01F141602068B8427F
:103D000042D0404988423FD040453DD048453BD015
:103D1000504539D0584537D03B49884234D03B498B
:103D2000884231D03A4988422ED03A4988422BD035
:103D30003949884228D03949884225D038498842B3
:103D400022D0384988421FD0374988421CD0374991
:103D5000884219D03849884216D03849884213D051
:103D60003749884210D0374988420DD0364900E0A3
:103D700018E0884208D03549884205D03449884245
:103D800002D0344988422CD12046FDF7B3FDA0680B
:103D900080280FD00FE000E001E0102186E74FF40B
:103DA000804183E740206065032084F835000120CE
:103DB000BDE8F09F6560216E20790860616EA06E9D
:103DC00048606068401E072808D82046FDF7FEFDC1
:103DD000E06E0560216F606F486002E0E566256770
:103DE00065676565012084F835000020BDE8F09F17
:103DF00010000240400002405800024070000240A3
:103E00008800024028000240A0000240B8000240A2
:103E100010040240280402404004024058040240BA
:103E20007004024088040240A0040240B80402402A
:103E30003F8010FE0010005C085402581C540258C9
:103E40003054025844540258585402586C54025882
:103E50008054025894540258F8ABFDA7CDCCCCCC7A
:103E60002DE9F84F044600200090002C16D094F85D
:103E70003400012815D0012084F8340094F835C0AE
:103E80000020BCF1010F0FD04FF40061616584F890
:103E90003400012000900098BDE8F88F0120BDE8B3
:103EA000F88F0220BDE8F88F4FF0020C84F835C07F
:103EB0006065DFF82CC220688A4D8B4E60458B4FC1
:103EC000DFF82C82DFF82C92DFF82CA2DFF82CB27E
:103ED0002DD0A8422BD0B04229D0B84227D040459F
:103EE00025D0484523D0504521D058451FD0DFF874
:103EF00010C260451BD0DFF80CC2604517D0DFF858
:103F000008C2604513D0DFF804C260450FD0DFF867
:103F100000C260450BD0DFF8FCC1604507D0DFF878
:103F2000F8C1604503D0DFF8F4C1604506D1D0F890
:103F300000C02CF0010CC0F800C005E0D0F800C0B3
:103F40002CF0010CC0F800C02046FDF7C5FD644907
:103F50002068884225D0A84223D0B04221D0B84260
:103F60001FD040451DD048451BD0504519D058455D
:103F700017D0634A904214D0624A904211D0624AEC
:103F800090420ED0614A90420BD0614A904208D0D4
:103F9000604A904205D0604A904202D05F4A904207
:103FA0000DD1026822F01E0242F016020260206C5F
:103FB00090B12068026842F0080202600CE00268DA
:103FC00022F00E0242F00A020260206C20B120684A
:103FD000026842F004020260206888423DD0A84294
:103FE0003BD0B04239D0B84237D0404535D04845B3
:103FF00033D0504531D058452FD0414A90422CD033
:10400000404A904229D0404A904226D03F4A9042AE
:1040100023D03F4A904220D03E4A90421DD03E4A93
:1040200090421AD03D4A904217D03D4A904214D057
:104030003C4A904211D03C4A90420ED03B4A9042BA
:104040000BD03B4A904208D03A4A904205D03A4AB7
:10405000904202D0394A90420ED1206E026812F48A
:10406000803F03D0026842F480720260E06E18B1B3
:10407000026842F4807202602068884225D0A8421B
:1040800023D0B04221D0B8421FD040451DD0484572
:104090001BD0504519D0584517D01949884214D023
:1040A0001849884211D0184988420ED017498842D1
:1040B0000BD01749884208D01649884205D01649C6
:1040C000884202D01549884204D1016841F00101BB
:1040D0000160E0E6016841F001010160DBE60000FB
:1040E00010000240280002404000024058000240F8
:1040F0007000024088000240A0000240B800024068
:1041000010040240280402404004024058040240C7
:104110007004024088040240A0040240B804024037
:10412000085402581C54025830540258445402583F
:10413000585402586C5402588054025894540258EF
:104140004FF47A7100FB01F00DF0F2BA02480168F9
:1041500041F0010101607047200400582DE9F04F43
:1041600000235D4C00297DD04FF0B04A4FF0010E86
:104170004FF00F090EFA03F707EA010CBCF1000F2C
:1041800071D023F0030202F1B045D5F808249E0750
:104190004FEA167809FA08F606EA020BA0F1B042D7
:1041A000B2F500327BD0A0F1B042B2F501327ED040
:1041B000A0F1B042B2F502327BD0A0F1B042B2F52C
:1041C000033278D0A0F1B042B2F5043275D0A0F13C
:1041D000B042B2F5053272D0A0F1B042B2F506326B
:1041E00072D0A0F1B042B2F507326FD0A0F1B04268
:1041F000B2F508326CD0A0F1B042B2F5093269D004
:104200000A2202FA08F25A4518D1226822EA0C0260
:104210002260626822EA0C026260DAF8042022EA74
:104220000C02CAF80420DAF8002022EA0C02CAF8CC
:104230000020D5F80824B243C5F80824D0F800C0FF
:104240005D000322AA404CEA020CC0F800C04FEA0D
:10425000D30C00EB8C0CDCF820505E07F60E09FA4C
:1042600006F601E019E013E0B543CCF82050D0F891
:104270000CC02CEA020CC0F80CC0D0F804C02CEA28
:10428000070CC0F804C0D0F808C02CEA0202826013
:104290005B1C31FA03F27FF46DAFBDE8F08F04E0F0
:1042A00005E006E007E008E009E00022A9E70122B6
:1042B000A7E70222A5E70322A3E70422A1E705223C
:1042C0009FE701E002E003E006229AE7072298E771
:1042D000082296E7092294E7800000582DE9F04172
:1042E000354C0027354E4FF00208354D2078012817
:1042F0002DD134494FF440522868096800EB400042
:1043000001EB0030002106F0EBFE29680F2903D2F3
:1043100001F1010028601AE00AD14FF000024FF0CD
:104320000401304600F05FF92868401C28600EE068
:1043300010290CD184F800802F6000220221304621
:1043400000F051F901223046042100F04CF92078A8
:10435000082811D11C494FF440522868096800EB25
:10436000400001EB0030002106F0BAFE29680D295B
:1043700004D201F101002860BDE8F0810BD14FF0BB
:1043800000024FF00401304600F02DF92868401C6F
:104390002860BDE8F0810E29FBD184F800802F60F1
:1043A00000220221304600F01EF93046BDE8F041FF
:1043B0000122042100F017B9C61100240028025878
:1043C000BC110024D8110024FC11002410B54FF0BA
:1043D000B041D1F88820024203D0C1F88800FFF72D
:1043E0007DFF10BD2DE9F84F0022DFF8E4C10B6816
:1043F000002B7DD0DFF8DCB14FF0B04A4FF0010E5A
:104400004FF003084FF00F090B680EFA02F52B402E
:10441000002B6ED00C7904F00304012C01D0022C87
:1044200011D18668540008FA04F7BE43CF6807FA32
:1044300004F4344384604468AC430D79C5F300153B
:1044400095402C4344604C6838EA040409D0C568A0
:10445000540008FA04F6B5438E6806FA04F42C43B7
:10446000C4600C7904F00304022C0DD1D40800EBD5
:1044700084052E6A5407E40E09FA04F7BE430F6957
:1044800007FA04F434432C620568540008FA04F671
:10449000B5430E7906F0030606FA04F42C430460D3
:1044A0004C6814F4403F78D0DBF8004044F002043C
:1044B000CBF80040DBF8004004F00204009422F046
:1044C000030404F1B046D6F8084495072D0F09FA05
:1044D00005F724EA0707A0F1B044B4F5003463D02F
:1044E000A0F1B044B4F5013460D0A0F1B04401E0D3
:1044F00058E052E0B4F502345AD0A0F1B044B4F51B
:10450000033457D0A0F1B044B4F5043454D0A0F132
:10451000B044B4F5053451D0A0F1B044B4F506343C
:104520004ED0A0F1B044B4F507344BD0A0F1B04464
:10453000B4F5083448D0A0F1B044B4F5093445D0FE
:104540000A24AC403C43C6F80844DAF800409C43D7
:104550004D6815F4801F00D01C43CAF80040DAF8FB
:1045600004409C434D6815F4001F00D01C43CAF85A
:104570000440DCF804409C434D6815F4003F00D033
:104580001C43CCF80440DCF800409C434D6815F413
:10459000803F00D01C43CCF80040521C0B68D34035
:1045A0007FF432AFBDE8F88F0024CAE70124C8E7E2
:1045B0000224C6E70324C4E70424C2E70524C0E7B5
:1045C0000624BEE70724BCE70824BAE70924B8E7B5
:1045D00080000058F44402580069084201D00120CC
:1045E000704700207047002A01D08161704709049C
:1045F0008161704701480068000C70470010005C42
:1046000001488068704700001C13002470B5044600
:10461000002C21D021684CF6CC40086045F2555062
:10462000216808602168606848602168A068886027
:10463000FFF7E6FF05462068C06810F0070F12D0AC
:10464000FFF7DEFF401B312808D92068C06810F052
:10465000070F03D0032070BD012070BD2068C06823
:1046600010F0070FECD120680269E1688A4201D09E
:10467000016102E04AF6AA210160002070BD0068D5
:104680004AF6AA21016000207047000002488168B4
:1046900002781144816070471C13002410B5032078
:1046A00000F084FA02F070FA0F4A1168C1F3032394
:1046B0000E49CB5C03F01F03D840126802F00F02D2
:1046C000895C0B4A01F01F0120FA01F111600949D0
:1046D00008600F2000F010F808B1012010BD00F0B4
:1046E0001FFA002010BD000018440258785D010830
:1046F00000130024FC12002470B504460F4D2A78E4
:10470000002A0CD04FF47A700D49B0FBF2F0096822
:10471000B1FBF0F004F07CFB18B1012070BD01206A
:1047200070BD102C07D200222146501E00F008FA5E
:104730006C60002070BD012070BD00001C130024BF
:10474000FC120024002807D090F83D10022905D063
:10475000802181660120704701207047042180F884
:104760003D100068C16821F00101C1600020704760
:10477000002826D00168CA6822F00102CA600268D7
:104780000021D16002681161026851610268916183
:104790000268D16102681162026851620268916226
:1047A00002681163026851631F2203685A60C16581
:1047B00001664166816680F83D1080F83C1000205B
:1047C00070470120704700002DE9F8430446002798
:1047D00000974FF4165166480068B0FBF1F5206869
:1047E000012600F5F861C1F3841106FA01F14FF0DA
:1047F000A44212680A427DD0016811F0010F2DD049
:10480000C16811F0020F29D0C16821F00201C16016
:104810002168886810F0800F6DD0A26E42F002020D
:10482000A26610F4007F03D0A26E42F00402A266DA
:1048300010F4807F03D0A26E42F00802A26610F44A
:10484000806F03D0A26E42F01002A26610F4006FD7
:1048500003D0A06E40F02000A0664E602068016882
:1048600011F0100F09D0C16811F0200F05D01021F0
:104870004160A16C09B1204688472068016811F0A9
:10488000080F09D0C16811F0100F05D00821416050
:10489000E16C09B120468847206801684FF00408A0
:1048A00011F0040F09D0C16811F0080F05D0C0F84D
:1048B0000480216D09B1204688472068016811F005
:1048C000020F16D0C16811F0040F12D0C16821F098
:1048D0003E01C16094F83D00042830D021680220D8
:1048E000486084F83C7084F83D60616C09B12046F2
:1048F000884701E039E01DE0A06E002835D084F83B
:104900003D802068C16821F00101C16021680098E4
:10491000401C0090A84203D8C86810F0010FF6D1DF
:1049200084F83C70C86810F0010F14D0032084F89C
:104930003D0012E0A26E42F00102A26671E784F827
:104940003C7084F83D60A16D00290ED001B0204676
:10495000BDE8F043084784F83D60616D002904D04C
:1049600001B02046BDE8F0430847BDE8F8830000E9
:10497000FC12002470B50446FFF742FE0546DCB188
:10498000002684F83C60022084F83D002068C1685D
:1049900021F00101C1602068C06810F0010F12D041
:1049A000FFF72EFE401B052808D94020A0660320F3
:1049B00084F83D00012070BD012070BD2068C068F2
:1049C00010F0010FECD1204605F0D0F9E66526661F
:1049D0006666A666012084F83D00002070BD38B5EB
:1049E0000446DDF810C0002C0FD094F83C000128DC
:1049F0000DD0012084F83C0094F83D500020012D9A
:104A000007D084F83C00022038BD012038BD0220C8
:104A100038BD022584F83D50A0662068C56825F0A1
:104A20000105C5602046CDF800C005F0FAF9206800
:104A3000C16841F00601C160E06C20B12068C16826
:104A400041F01001C160206D20B12068C16841F0C3
:104A50000801C160A06C20B12068C16841F020014C
:104A6000C1602068C16841F00101C1606068B0F1B7
:104A7000804F04D12068C16841F48031C1600020BA
:104A800038BD0000144A41781160111D03780A1DD9
:104A9000002B1CD043680B60017BC37A090741EAF5
:104AA0000361837A41EAC341437B41EA8341837BCB
:104AB00041EA4341C37B41EA0341437A41EA03218E
:104AC000037A007841EA43010843106070470020F0
:104AD000086010607047000098ED00E0BFF35F8F42
:104AE0000448016821F48031016003490020086016
:104AF0007047000024ED00E094ED00E0064940F02E
:104B0000010008600548016841F480310160BFF38D
:104B10004F8FBFF36F8F704794ED00E024ED00E0FE
:104B2000704700280ADB012200F01F0102FA01F1A0
:104B30004009800000F1E020C0F80011704700003B
:104B40004DF8044D184B1B68C3F30223C3F1070C47
:104B5000BCF1040F01D94FF0040C1C1D072C01D22D
:104B6000002300E0DB1E012404FA0CFCACF1010C74
:104B70000CEA0101994004FA03F35B1E1A40114349
:104B8000002807DB00F1E020090180F800145DF83F
:104B9000044B704700F00F0000F1E020090180F89D
:104BA000141D5DF8044B70470CED00E000F00700A9
:104BB000064A11684FF6FF03194041EA002040F011
:104BC000FD7040F080601060704700000CED00E068
:104BD0000248016841F48071016070470048025842
:104BE0007047000070B50446002594F8410010F0AD
:104BF000020F35D0002084F84000082084F84100DE
:104C00002068016821F4F8110160206801684FF004
:104C1000010611F0040F10D0016821F004010160B9
:104C2000E16B10488865E06BFFF78CFDC0B184F83C
:104C300041602046FFF7D4FF12E0816811F0200F99
:104C40000CD00221C1602068016841F4003101608C
:104C50002068016841F00201016001E084F84160D0
:104C6000284670BDCBAF000802480178491C01708E
:104C7000704700009A1200242DE9F84F04460E46B2
:104C80001746FFF7BDFC834694F8400001280FD07B
:104C90004FF0010884F8408094F841004FF000097B
:104CA000012808D0022584F840902846BDE8F88FF6
:104CB0000220BDE8F88FC4F844904FF0020A84F84F
:104CC00041A0002220215B462046009706F0D6F93D
:104CD0000546002DE7D100223146204606F044F873
:104CE000706A10B184F84180DDE701225B46022141
:104CF0002046009706F0C2F90546002DD3D1206862
:104D0000C0F80CA084F84180CDE710B50446002C13
:104D10000CD02068016821F001010160204600F0FC
:104D20007DF90020606484F8410010BD012010BDB1
:104D30007047704770B5044620688168026811F0BA
:104D4000040F46D012F4802F43D000F1200194F8D4
:104D50004120122A04D094F84120222A1BD034E0AA
:104D6000806810F0040F30D0E06A70B1606A00789B
:104D70000870606A401C6062E06A401EE062206861
:104D8000806810F0040FEFD11FE02068016821F463
:104D90008021016019E0806810F0040F15D0A06B2D
:104DA00070B10878226B1070206B401C2063A06BE0
:104DB000401EA0632068806810F0040FEFD104E06B
:104DC0002068016821F4802101602046FFF7B1FFCF
:104DD00070BD11F0020F4FF0010574D012F4003FC6
:104DE00071D00221C1602068016821F4E0210160D6
:104DF00094F84100122818D094F84100222829D0B4
:104E000094F84100022853D094F841000828DFD1DB
:104E10002068416921F04061416184F84150606C33
:104E2000F0B32046FFF784FF70BD2068016811F0E1
:104E3000040F09D0016821F004010160E06B0068F3
:104E4000C16821F00101C16084F84150204600F0A2
:104E500077FA70BD2068016811F0040F0AD001686C
:104E600021F004010160E06B0068C16821F00101DC
:104E7000C16017E000F12001806810F47C5F11D060
:104E8000A06B78B10878226B1070206B401C2063F7
:104E9000A06B401EA0632068806810F47C5F00E077
:104EA0000DE0EDD184F84150204600F0A5F970BD29
:104EB00084F841502046FFF7D7FE70BD03E020463E
:104EC000FFF78EFE70BD11F0080F13D012F4002F03
:104ED00010D00821C1602068016811F4800F05D04E
:104EE000016821F41021016084F84150204600F04F
:104EF0008DF970BD11F0010F2DD012F4803F2AD032
:104F0000C5602068016821F470210160606C40F088
:104F1000020060642068016811F0040F15D0016878
:104F200021F004010160E16B11488865E06BFFF737
:104F300009FC0028DDD0606C40F00400606484F857
:104F400041502046FFF7F4FE70BD84F841502046E2
:104F5000FFF7EEFE70BD11F0100FFBD012F4801FB2
:104F6000F8D01021C160204600F058F970BD000053
:104F7000CBAF000838B50446FFF742FB05461CB12D
:104F800094F8410010B109E0012038BD204600F03E
:104F900079F841F28831204600F036F9206801683E
:104FA000A26821F47061521E41EA02210160A06CE6
:104FB000002220212B460090204606F05FF8014693
:104FC00041BBE269E06823791043226A42EA036246
:104FD00002432068036823F0D00323F07F431A4381
:104FE0000260A2696069024320684368DFF828C054
:104FF00003EA0C03B4F810C043EA0C431A434260BE
:105000002068026842F00102026000206064012012
:1050100084F84100084638BDFEF8E0FF10B5154C95
:1050200040212046FFF79AF804212046FFF796F822
:10503000114C4FF480712046FFF790F84FF4007147
:105040002046FFF78BF880212046FFF787F84021A4
:105050002046FFF783F80948016841F48041016068
:10506000016821F4804101600548016821F4804114
:10507000016010BD00040258001402587C4402581C
:10508000D44402582DE9F04F87B00646534D2868A6
:1050900040F480402860286800F480400190504827
:1050A000016841F480410160016821F480410160A0
:1050B0004C49086840F002000860086800F00200EF
:1050C0000190086840F002000860086800F00200E3
:1050D0000190086840F020000860086800F0200097
:1050E00001904FF0400BCDF808B04FF00208CDF81A
:1050F0000C8001200490032005904FF00A0ACDF89F
:1051000018A0DFF8E49002A94846FFF76BF90420E5
:105110000290002404940927069702A94846FFF745
:1051200061F94FF48079CDF80890CDF818A002A964
:105130002E48FFF757F94FF400700290CDF818A0F1
:1051400002A92A48FFF74EF94FF0800ACDF808A0CF
:10515000069702A92548FFF745F9CDF808B006974C
:1051600002A92248FFF73EF9002203215C20FFF745
:10517000E7FC5C20FFF7D5FC286840F001002860C0
:10518000286800F0010001901A49194808601620AB
:1051900048608C60C1F80CA00C61C1F814808C616F
:1051A000CC610C624FF000704862C1F82890CC626C
:1051B0000C634C638C63F1630E640846FFF7D8FA06
:1051C0000C48FFF7D7FB002202217A20FFF7B8FC3A
:1051D0007A20FFF7A6FC07B0BDE8F08FD444025850
:1051E0007C440258E044025800040258001402585B
:1051F00080000052A418002402484178491C4170E4
:10520000704700009A120024816470470248C178F8
:10521000491CC170704700009A12002470470000BA
:10522000F8B50446002520680269521C94F8403005
:10523000012B0CD0012784F8407094F841300026EF
:10524000012B06D0022584F840602846F8BD0220D4
:10525000F8BD6664002967D0E262122284F841201A
:105260000322C260E06AA06261622068426922F0A3
:1052700040624261E26B30485064E26B2F485065F7
:10528000E06B8665E06B0068026922F00C0222F494
:1052900040620261E06BC269DAB1102A23D0202A91
:1052A0002BD0606C40F00400606401250097A36A75
:1052B000206800F12002E06BFFF791FB38B3012575
:1052C000606C40F00400606484F8417084F84060D1
:1052D000BBE70068026922F0030222F4407242F048
:1052E00002020261E2E70068026922F0030222F48E
:1052F000407242F481720261D8E70068026922F0CC
:10530000030222F4407202F202220261CEE784F824
:1053100040602068016841F48031016020680168C4
:1053200041F00401016090E7606C40F008006064A7
:10533000012584F8406088E723B0000805B0000824
:1053400002488178491C8170704700009A1200243D
:1053500010B501F0CDFB05490968054AC1F30211FA
:10536000515C01F01F01C84010BD000020440258EC
:10537000785D010869490A6802F003020968C1F30F
:105380000511674B1B6803F00103DFF898C1DCF8D7
:1053900000C0CCF3CC0C1CFB03F300EE103AB8EECB
:1053A000400A002972D09FED601ADFED601A604B51
:1053B000002AF7EE000A44D0012A7ED0022A67D0E4
:1053C00002EE101A1968F8EE422A81EEA22AC1F301
:1053D000080101EE901AF8EE611A40EE011A31EE62
:1053E000A00A22EE000A1968C1F3462101EE101A44
:1053F000B8EE411A31EE201AC0EE011ABCEEE11AE5
:1054000080ED001A1968C1F3064101EE101AB8EEDA
:10541000411A31EE201AC0EE011ABCEEE11A80EDFD
:10542000011A1968C1F3066101EE101AB8EE411AAB
:1054300071EE200A80EE201ABCEEC10A80ED020A4D
:1054400070473C4AD2F800C01CF0200F21D01268EF
:10545000DFF8E4C0C2F3C1022CFA02F201EE902A96
:10546000F8EE612A01EE901A1968F8EE611A82EEE0
:10547000A12AC1F3080101EE901AF8EE611A40EE7C
:10548000011A31EEA00A22EE000AACE741E014E076
:1054900029E002EE101A1968F8EE422A81EEA22ADB
:1054A000C1F3080101EE901AF8EE611A40EE011AFC
:1054B00031EEA00A22EE000A95E701EE901A196873
:1054C000F8EE612ADFED1D1A81EEA22AC1F3080170
:1054D00001EE901AF8EE611A40EE011A31EEA00AC0
:1054E00022EE000A7FE701EE901ADFED152A196817
:1054F000F8EE611A82EEA12AC1F3080101EE901ABA
:10550000F8EE611A40EE011A31EEA00A22EE000A0E
:1055100069E70021016041608160704728440258BA
:105520002C44025834440258000000390024744CC2
:1055300030440258004402580090D0030024744ABA
:1055400020BCBE4B69490A6802F003020968C1F336
:105550000531674B1B68C3F30013DFF898C1DCF813
:1055600000C0CCF3CC0C1CFB03F300EE103AB8EEF9
:10557000400A002972D09FED601A604B002AF7EEB6
:10558000000A46D0DFED5E1A012A68D0022A67D0F1
:1055900002EE101A1968F8EE422A81EEA22AC1F32F
:1055A000080101EE901AF8EE611A40EE011A31EE90
:1055B000A00A22EE000A1968C1F3462101EE101A72
:1055C000B8EE411A31EE201AC0EE011ABCEEE11A13
:1055D00080ED001A1968C1F3064101EE101AB8EE09
:1055E000411A31EE201AC0EE011ABCEEE11A80ED2C
:1055F000011A1968C1F3066101EE101AB8EE411ADA
:1056000071EE200A80EE201ABCEEC10A80ED020A7B
:1056100070473C4AD2F800C01CF0200F21D012681D
:10562000DFF8E4C0C2F3C1022CFA02F201EE902AC4
:10563000F8EE612A01EE901A1968F8EE611A82EE0E
:10564000A12AC1F3080101EE901AF8EE611A40EEAA
:10565000011A31EEA00A22EE000AACE741E016E0A2
:1056600029E001EE901ADFED292A1968F8EE611A97
:1056700082EEA12AC1F3080101EE901AF8EE611A38
:1056800040EE011A31EEA00A22EE000A93E702EE84
:10569000101A1968F8EE422A81EEA22AC1F3080115
:1056A00001EE901AF8EE611A40EE011A31EEA00AEE
:1056B00022EE000A7FE701EE901ADFED152A196845
:1056C000F8EE611A82EEA12AC1F3080101EE901AE8
:1056D000F8EE611A40EE011A31EEA00A22EE000A3D
:1056E00069E70021016041608160704728440258E9
:1056F0002C4402583C4402580000003938440258F7
:105700000024744A004402580090D0030024744CD2
:1057100020BCBE4B69490A6802F003020968C1F364
:105720000551674B1B68C3F30023DFF898C1DCF811
:1057300000C0CCF3CC0C1CFB03F300EE103AB8EE27
:10574000400A002972D09FED601A604B002AF7EEE4
:10575000000A46D0DFED5E1A012A68D0022A67D01F
:1057600002EE101A1968F8EE422A81EEA22AC1F35D
:10577000080101EE901AF8EE611A40EE011A31EEBE
:10578000A00A22EE000A1968C1F3462101EE101AA0
:10579000B8EE411A31EE201AC0EE011ABCEEE11A41
:1057A00080ED001A1968C1F3064101EE101AB8EE37
:1057B000411A31EE201AC0EE011ABCEEE11A80ED5A
:1057C000011A1968C1F3066101EE101AB8EE411A08
:1057D00071EE200A80EE201ABCEEC10A80ED020AAA
:1057E00070473C4AD2F800C01CF0200F21D012684C
:1057F000DFF8E4C0C2F3C1022CFA02F201EE902AF3
:10580000F8EE612A01EE901A1968F8EE611A82EE3C
:10581000A12AC1F3080101EE901AF8EE611A40EED8
:10582000011A31EEA00A22EE000AACE741E016E0D0
:1058300029E001EE901ADFED292A1968F8EE611AC5
:1058400082EEA12AC1F3080101EE901AF8EE611A66
:1058500040EE011A31EEA00A22EE000A93E702EEB2
:10586000101A1968F8EE422A81EEA22AC1F3080143
:1058700001EE901AF8EE611A40EE011A31EEA00A1C
:1058800022EE000A7FE701EE901ADFED152A196873
:10589000F8EE611A82EEA12AC1F3080101EE901A16
:1058A000F8EE611A40EE011A31EEA00A22EE000A6B
:1058B00069E7002101604160816070472844025817
:1058C0002C44025844440258000000394044025815
:1058D0000024744A004402580090D0030024744C01
:1058E00020BCBE4BF0B589B00246FA4EDFF8E8C3E3
:1058F000FA48341FFA4DB2F5807FFA494FEA2C136B
:1059000020D0B2F5007F78D0F74FB2F5806F6CD021
:10591000B2F5006F6AD0B2F5805F00F07581B2F524
:10592000002F00F0CA81B2F5803F00F01782B2F577
:10593000804F00F03282B2F5004F00F0798209B05A
:105940000020F0BD326802F00702052A53D2DFE8DA
:1059500002F003101D502A00086810F0007F05D0E7
:1059600006A8FFF707FD079809B0F0BD09B00020B1
:10597000F0BD086810F0006F05D003A8FFF7E2FD46
:10598000039809B0F0BD09B00020F0BD086810F020
:10599000005F05D06846FFF7BDFE009809B0F0BD76
:1059A000002009B0F0BD226802F040520C6814F0EB
:1059B000040F00D08AB1D1F800C01CF4807F02D05F
:1059C000B2F1805F13D0096811F4003F02D0B2F148
:1059D000005FE6D009B00020F0BD0868C0F3C10048
:1059E0002CFA00F009B0F0BD07E05BE0B3E0184628
:1059F000F8E72846F6E70020F4E7326802F4E072A0
:105A0000802A21D003DC4AB1402A05D111E0C02A06
:105A100046D0B2F5807F22D00020E3E7086810F07E
:105A2000007F04D006A8FFF7A5FC0798DAE700205E
:105A3000D8E7086810F0006F04D003A8FFF782FDD4
:105A40000398CFE70020CDE7086810F0005F04D08E
:105A50006846FFF75FFE0098C4E70020C2E72268AF
:105A600002F040520C6814F0040F00D082B1D1F85B
:105A700000C01CF4807F02D0B2F1805F0ED00968B4
:105A800011F4003F02D0B2F1005FABD00020A9E7D3
:105A90000868C0F3C1002CFA00F0A3E71846A1E79C
:105AA00028469FE73A6802F46002B2F5800F23D0DF
:105AB00004DC5AB1B2F5001F06D112E0B2F5C00FF6
:105AC00047D0B2F5000F22D000208BE7086810F015
:105AD000007F04D006A8FFF74DFC079882E700205E
:105AE00080E7086810F0006F04D003A8FFF72AFDD4
:105AF000039877E7002075E7086810F0005F04D08E
:105B00006846FFF707FE00986CE700206AE7226806
:105B100002F040520C6814F0040F00D08AB1D1F8A2
:105B200000C01CF4807F02D0B2F1805F0FD0096802
:105B300011F4003F03D0B2F1005F3FF453AF0020F7
:105B400050E70868C0F3C1002CFA00F04AE7184695
:105B500048E7284646E73A6802F0E062B2F1007F83
:105B600023D004DC5AB1B2F1807F06D112E0B2F149
:105B7000407F47D0B2F1806F22D0002032E7086822
:105B800010F0007F04D006A8FFF7F4FB079829E780
:105B9000002027E7086810F0006F04D003A8FFF783
:105BA000D1FC03981EE700201CE7086810F0005F96
:105BB00004D06846FFF7AEFD009813E7002011E718
:105BC000226802F040520C6814F0040F00D08AB131
:105BD000D1F800C01CF4807F02D0B2F1805F0FD0FA
:105BE000096811F4003F03D0B2F1005F3FF4FAAE50
:105BF0000020F7E60868C0F3C1002CFA00F0F1E6D7
:105C00001846EFE62846EDE6326802F4E042B2F5C7
:105C1000005F23D004DC5AB1B2F5805F06D112E0F8
:105C2000B2F5405F47D0B2F5804F22D00020D9E6D0
:105C3000086810F0007F04D006A8FFF79BFB0798C8
:105C4000D0E60020CEE6086810F0006F04D003A86C
:105C5000FFF778FC0398C5E60020C3E6086810F05B
:105C6000005F04D06846FFF755FD0098BAE60020B3
:105C7000B8E6226802F040520C6814F0040F00D01D
:105C80008AB1D1F800C01CF4807F02D0B2F1805FED
:105C90000FD0096811F4003F03D0B2F1005F3FF468
:105CA000A1AE00209EE60868C0F3C1002CFA00F007
:105CB00098E6184696E6284694E63A6802F440329A
:105CC000A2B1B2F5803F1CD0B2F5003F24D0002035
:105CD00088E60000504402580090D00340787D01CF
:105CE0000080BB000044025858440258086810F075
:105CF000006F04D003A8FFF725FC039872E600208C
:105D000070E6086810F0005F04D06846FFF702FDF7
:105D1000029867E6002065E6226802F040520C68AF
:105D200014F0040F00D08AB1D1F800C01CF4807FB9
:105D300002D0B2F1805F0FD0096811F4003F03D0A8
:105D4000B2F1005F3FF44EAE00204BE60868C0F3AE
:105D5000C1002CFA00F045E6184643E6206800F43E
:105D6000803020B1B0F5803F0CD000203AE60868C2
:105D700010F0007F04D006A8FFF7FCFA079831E680
:105D800000202FE6086810F0006F04D003A8FFF78A
:105D9000D9FB059826E6002024E63A6802F0E042A6
:105DA000B2F1405F29D007DC72B1B2F1805F0ED052
:105DB000B2F1005F06D115E0B2F1804F29D0B2F107
:105DC000A04F2ED000200DE6FFF7C2FA0AE60868C1
:105DD00010F0006F04D003A8FFF7B4FB049801E6AD
:105DE0000020FFE5086810F0005F04D06846FFF768
:105DF00091FC0198F6E50020F4E5086810F0040F26
:105E000005D00868C0F3C1002CFA00F0EAE50020D4
:105E1000E8E5086810F4807F01D01846E2E500202C
:105E2000E0E5096811F4003F7FF4DCAD0020D9E51E
:105E3000326802F040523AB1B2F1805F0BD0B2F159
:105E4000005F13D00020CDE5096811F4003F7FF416
:105E5000C9AD0020C6E5086810F0007F04D006A890
:105E6000FFF788FA0798BDE50020BBE5086810F049
:105E7000006F04D003A8FFF765FB0498B2E500208B
:105E8000B0E500002DE9F84F044600250026FC4F40
:105E90002068DFF8F08310F0006F0DD0606EB8B1AD
:105EA000B0F5801F19D0B0F5001F1CD0B0F5401F11
:105EB00000D00125F5B12E46208810F4807F37D020
:105EC000606D052831D2DFE800F01E232931310052
:105ED000386840F400303860ECE70221201D05F0FE
:105EE00035F90546E6E7022104F1240005F0CEF974
:105EF0000546DFE7D8F80000616E20F44010084343
:105F0000C8F80000D8E7386840F4003038600DE089
:105F10000021201D05F01AF9054607E0002104F1D3
:105F2000240005F0B3F9054600E0012565B12E46D1
:105F3000208810F4007F18D0A06D802831D00CDCB0
:105F400020B340280ED126E0D8F80000616D20F083
:105F500007000843C8F80000EAE7C02803D0B0F5FE
:105F6000807F00D001251DB32E462088DFF81893CE
:105F700010F4806F2ED0D4F8A400B0F5800F44D078
:105F80001FDCB0B3B0F5001F21D138E0386840F411
:105F900000303860E7E70021201D05F0D7F80546FE
:105FA000E1E7002104F1240005F070F90546DAE785
:105FB000D8F80000A16D20F4E0700843C8F8000094
:105FC000D3E7B0F5C00F03D0B0F5000F00D0012526
:105FD00015B32E46208810F4006F30D0D4F8A800F6
:105FE000B0F1007F55D021DCF0B3B0F1807F23D138
:105FF00049E0FFE7386840F400303860E8E7002106
:10600000201D05F0A3F80546E2E7002104F1240075
:1060100005F03CF90546DBE7D9F80000D4F8A410F8
:1060200020F460000843C9F80000D3E7B0F1407FD6
:1060300003D0B0F1806F00D001258DB32E462068CB
:1060400010F0007F0AD0A06C30B1102833D0202887
:1060500037D0302800D0012595B32E46208810F483
:10606000805F46D0E06D00E008E0B0F5005F5CD0F6
:1060700036DCA0B3B0F5805F38D150E0386840F42A
:1060800000303860D9E70021201D05F05FF8054693
:10609000D3E7002104F1240005F0F8F80546CCE729
:1060A000FFE7D9F80000D4F8A81020F0E06008431A
:1060B000C9F80000C3E7386840F400303860CBE727
:1060C00005E00221201D05F041F80546C4E76F48B0
:1060D0000168A26C21F0300111430160BEE719E0B4
:1060E000B0F5405F03D0B0F5804F00D001251DB35F
:1060F0002E46208810F4005F30D0206EB0F5403F6F
:106100002AD022DC40B3B0F5803F39D0B0F5003F53
:1061100021D13BE0386840F400303860E7E70021E7
:10612000201D05F013F80546E1E7002104F12400E5
:1061300005F0ACF80546DAE7D8F80000E16D20F488
:10614000E0400843C8F80000D3E7B0F5802F03D043
:10615000B0F5A02F00D00125FDB12E46208810F407
:10616000804F2CD0D4F8AC00B0F1405F25D01DDCBE
:1061700018B3B0F1805F56D0B0F1005F1CD158E089
:106180000121201D04F0E2FF0546E5E7012104F1AD
:10619000240005F07BF80546DEE7D8F80000216E04
:1061A00020F4E0200843C8F80000D7E7B0F1804FA2
:1061B00003D0B0F1A04F00D001259DB32E4620881A
:1061C00010F4004F0AD0E06E30B1B0F1805F43D0E0
:1061D000B0F1005F45D0012595B32E46206810F040
:1061E000807F0AD0606C30B1012855D0022858D089
:1061F000032800D0012575B32E462068DFF890B043
:1062000010F4800F6AD02348006840F48071214860
:106210000160FEF7F5F982461E48006810F4807FA1
:106220004DD059E00DE00121201D04F08FFF0546FF
:10623000C3E7012104F1240005F028F80546BCE776
:1062400015E0D9F80000D4F8AC1020F0E040084385
:10625000C9F80000B3E72AE0386840F4003038603D
:10626000BAE70121201D04F071FF0546B4E7D8F814
:106270000000E16E20F040500843C8F80000ADE790
:106280002C44025850440258584402584C44025876
:106290001044025800480258386840F40030386012
:1062A000A9E70221201D04F051FF0546A3E7FD48A0
:1062B0000168626C21F00301114301609DE7FEF764
:1062C0009FF9A0EB0A00642801D9032504E0F648F1
:1062D000006810F4807FF2D085B12E462078DFF878
:1062E000CCA310F0010F71D0A06F18286CD066DC21
:1062F000C8B3082876D0102865D179E0DFF8B0A3BC
:10630000DAF80000B4F8B01000F4407001F4407105
:10631000884211D0DAF8000020F44070DAF800105A
:1063200041F48031CAF80010DAF8001021F480310D
:10633000CAF80010CAF80000D4F8B000B0F5807FA9
:1063400017D1FEF75DF90090DAF8000010F0020FA7
:106350000FD1FEF755F90099411A41F28830814278
:1063600002D9032505E02FE0DAF8000010F0020F53
:10637000EFD00DB12E46B1E7D4F8B0004FF4407124
:1063800081430FD0DBF8000020F47C50CBF80000F4
:10639000DAF80000B4F8B010C1F30B010843CAF8F2
:1063A00000009BE7DBF8001020F4407020F0704004
:1063B00021F47C5141EA1010CBF80000E8E72028D6
:1063C00002D0282800D00125CDB12E46207810F02B
:1063D000020F2DD0606F062827D2DFE800F02719C2
:1063E0001F2727270121201D04F0B0FE0546EBE7FB
:1063F000012104F1240004F049FF0546E4E7DAF83E
:106400000000A16F20F038000843CAF80000DDE763
:106410000121201D04F09AFE054607E0012104F148
:10642000240004F033FF054600E001256DB12E463F
:10643000207810F0040F21D0D4F8900006281AD24A
:10644000DFE800F01A0C121A1A1ADAF80000616F6D
:1064500020F007000843CAF80000E9E70121201DE9
:1064600004F074FE054607E0012104F1240004F065
:106470000DFF054600E0012595B12E46207810F06D
:10648000200F20D0D4F88C00B0F1405F19D011DC7F
:10649000B8B1B0F1805F28D0B0F1005F10D12AE030
:1064A000D9F80000D4F8901020F007000843C9F88C
:1064B0000000E3E7B0F1804F03D0B0F1A04F00D06F
:1064C0000125FDB12E46207810F0400F2DD0D4F8D4
:1064D0009800B0F5406F26D01EDC20B3B0F5806F79
:1064E00035D0B0F5006F1DD137E00021201D04F03C
:1064F0002DFE0546E5E7022104F1240004F0C6FE66
:106500000546DEE7DAF80000D4F88C1020F0E04011
:106510000843CAF80000D6E7B0F5805F03D0B0F5B5
:10652000A05F00D00125FDB12E46207810F0800F2D
:106530002DD0D4F89C00B0F5C04F26D01EDC20B37F
:10654000B0F5005F2DD0B0F5804F1DD12FE00021B8
:10655000201D04F0FBFD0546E5E7022104F12400BF
:1065600004F094FE0546DEE7D9F80000D4F8981050
:1065700020F4E0500843C9F80000D6E7B0F5004F1A
:1065800003D0B0F5204F00D00125BDB12E462078B4
:1065900010F0080F2CD0D4F88000B0F5805F17D031
:1065A0001DE00021201D04F0D1FD0546EDE702218C
:1065B00004F1240004F06AFE0546E6E7D9F800007D
:1065C000D4F89C1020F460400843C9F80000DEE7CE
:1065D000022104F1240004F059FE00B10126DAF88A
:1065E0000000D4F8801020F440500843CAF800009E
:1065F000207810F0100F14D0D4F89400B0F5807FFC
:1066000006D1022104F1240004F040FE00B101266D
:10661000D9F80000D4F8941020F440700843C9F869
:106620000000206810F4002F0BD0D4F8A000C0B3F5
:10663000B0F5803F7DD0B0F5003F00D00125CDB34F
:106640002E46206810F4802F0DD0D4F88400B0F5C9
:10665000801F70D0B0F5001F6ED0B0F5401F00D085
:10666000012545B32E46206810F4803F07D0E06C2A
:10667000F0B3B0F5803F7DD00125D5B32E4620681C
:1066800010F0005F06D0022104F1240004F0FEFDAA
:1066900000B10126206810F4003F19D0E06FA8B1C6
:1066A0000AE071E04C440258004802585444025831
:1066B0007044025876E08BE0B0F5807F71D0B0F581
:1066C000007F03D0B0F5407F00D0012595B32E4662
:1066D000206810F4801F07D0D8F80000216F20F048
:1066E00000400843C8F80000206810F0805F01E017
:1066F00079E083E008D0DBF80000D4F8B41020F48F
:1067000080400843CBF80000206810F4001F07D039
:10671000D8F80000A16E20F080700843C8F800008F
:10672000206810F0804F11D0DBF8000020F400400A
:1067300003E02FE06FE03FE043E0CBF80000DBF840
:106740000000D4F8B8100843CBF80000206810F01F
:10675000004F06D036480168226D21F040511143A8
:106760000160206810F4000F0AD0DAF8000020F46D
:10677000400000E03CE0D4F888100843CAF800006C
:1067800086B30120BDE8F88F0021201D04F0DEFC57
:10679000054654E7022104F1240004F077FD054684
:1067A0004DE733E0D9F80000D4F8A01020F44030D1
:1067B0000843C9F8000044E7386840F40030386006
:1067C0004FE7012104F1240004F060FD054648E78D
:1067D000DAF80000D4F8841020F440100843CAF816
:1067E000000040E720E0386840F40030386044E7BB
:1067F0000221201D04F0AAFC05463EE70C48016872
:10680000E26C21F480311143016038E7386840F4CC
:10681000003038605AE7DAF80000E16F20F4407089
:106820000843CAF8000053E70020BDE8F88F0000D5
:106830004C4402582DE9F05F04460D46002C17D059
:10684000DFF88492D9F8000000F00F00A84212D2BD
:10685000D9F8000020F00F002843C9F80000D9F84B
:10686000000000F00F00A84205D00120BDE8F09F15
:106870000120BDE8F09F2078944E10F0040F0AD05C
:106880002069316801F07001884204D9316821F033
:1068900070010843306020788D4F10F0080F0AD047
:1068A0006069396801F07001884204D9396821F0C3
:1068B000700108433860207810F0100F0AD0A069EA
:1068C000396801F4E061884204D9396821F4E06153
:1068D000084338602078DFF8FCB110F0200F0DD0AD
:1068E000E069DBF8001001F07001884206D9DBF89E
:1068F000001021F070010843CBF80000207810F060
:10690000020F0AD0E068316801F00F01884204D913
:10691000316821F00F0108433060207810F0010F3A
:1069200051D03068A16820F470600843306060681E
:106930006949022808D003280DD0012812D009681F
:1069400011F0040F34D011E0096811F4003F0DD1AB
:106950000120BDE8F09F096811F0007F06D10120F9
:10696000BDE8F09F096811F4807F1ED0DFF86CA1AC
:10697000DAF8001021F007010843CAF80000FDF71B
:106980003FFE8046DAF80000616800F03800B0EBA6
:10699000C10F18D0FDF734FEA0EB080141F288309A
:1069A000814208D90320BDE8F09F0120BDE8F09F97
:1069B0000120BDE8F09FDAF80000616800F03800BF
:1069C000B0EBC10FE6D1207810F0020F0AD0E068DA
:1069D000316801F00F01884204D2316821F00F01C3
:1069E00008433060D9F8000000F00F00A8420FD92A
:1069F000D9F8000020F00F002843C9F80000D9F8AA
:106A0000000000F00F00A84202D00120BDE8F09F76
:106A1000207810F0040F0AD02069316801F070016D
:106A2000884204D2316821F0700108433060207838
:106A300010F0080F0AD06069396801F070018842CF
:106A400004D2396821F0700108433860207810F0D2
:106A5000100F0AD0A069396801F4E061884204D2BD
:106A6000396821F4E06108433860207810F0200F85
:106A70000DD0E069DBF8001001F07001884206D209
:106A8000DBF8001021F070010843CBF8000000F0A3
:106A90007BF83168C1F3032211498A5C02F01F02BE
:106AA000D040326802F00F02895C0E4A01F01F01EB
:106AB00020FA01F111600C4908600C480068BDE83B
:106AC000F05FFDF719BE0000002000521844025884
:106AD0001C440258204402580044025810440258F2
:106AE000785D010800130024FC1200242013002408
:106AF0004DF804ED00F048F80B4A11680B4BC1F358
:106B00000321595C01F01F0120FA01F11068084AC5
:106B100000F00F00185C00F01F0021FA00F0106078
:106B2000044A11605DF804FB18440258785D0108BE
:106B300000130024FC1200244DF804EDFFF7D8FFE9
:106B400005490968054AC1F30211515C01F01F01B2
:106B5000C8405DF804FB00001C440258785D010841
:106B60004DF804EDFFF7C4FF05490968054AC1F374
:106B70000221515C01F01F01C8405DF804FB0000D8
:106B80001C440258785D01084DF8044D69480068BE
:106B9000DFF8A4C1694B10F038014ED008294FEA44
:106BA0002C1047D0102959D0182943D164480168C6
:106BB00001F003010068C0F30510624A126802F098
:106BC0000102614C2468C4F3CC0414FB02F200EE11
:106BD000102AB8EE400A00287BD0DFED5C0A5C4A40
:106BE000B7EE001AA9B39FED5B2A012974D00229E0
:106BF00071D001EE900A1068F8EE611AC2EE212AF7
:106C0000C0F3080001EE900AF8EE611A40EE201A77
:106C100031EE810A22EE800A1068C0F34620401C43
:106C200000EE900AF8EE600A80EE201ABCEEC10A6F
:106C300010EE100A5DF8044B7047186810F0200F32
:106C400008D018685DF8044BC0F3C1002CFA00F0BE
:106C5000704707E05DF8044B604670473E485DF8BA
:106C6000044B7047196811F0200F1CD01968C1F34C
:106C7000C1012CFA01F101EE901AF8EE612A01EE41
:106C8000900A1068F8EE611A82EEA12AC0F308009B
:106C900001EE900AF8EE611A40EE201A31EE810AF8
:106CA00022EE000AB8E701EE900ADFED2C2A106808
:106CB000F8EE611A82EEA12AC0F3080001EE900AF4
:106CC000F8EE611A40EE201A31EE810A22EE000A37
:106CD000A2E72BE000E013E001EE900A1068F8EE66
:106CE000611AC2EE212AC0F3080001EE900AF8EE04
:106CF000611A40EE201A31EE810A22EE800A8BE7FB
:106D000001EE900ADFED162A1068F8EE611A82EEA5
:106D1000A12AC0F3080001EE900AF8EE611A40EED5
:106D2000201A31EE810A22EE000A75E75DF8044B65
:106D300000207047104402580090D00300440258CD
:106D4000284402582C4402583444025800000039A8
:106D5000304402580024744A40787D010024744C69
:106D600020BCBE4B2DE9F05F0446002C13D02078E8
:106D700041F28838DFF8E893FA4F10F0010FFA4D2E
:106D80006BD0D9F8000000F038003968102823D003
:106D9000182803D006E00120BDE8F09F01F00300B1
:106DA000022819D06068B0F5803F1ED010B3B0F54E
:106DB000A02F28D0286820F480302860286820F48C
:106DC00080202860606878B3FDF71AFC06462868C2
:106DD00010F4003F20D040E0286810F4003F3CD081
:106DE000606830BB0120BDE8F09F286840F4803027
:106DF0002860E7E7286820F480302860286820F4BD
:106E000080202860DEE7286840F480202860286819
:106E100040F480302860D5E7FDF7F2FB801B404549
:106E200003D90320BDE8F09F04E0286810F4003F78
:106E3000F2D012E0FDF7E4FB0646286810F4003FAC
:106E40000BD0FDF7DDFB801B404502D90320BDE8D8
:106E5000F09F286810F4003FF3D1207841F2030A34
:106E6000C24E10F0020F4BD0D9F8000000F03800ED
:106E70003968A0B1182802D111F0030F0FD0E068D3
:106E8000002878D0296821F0190108432860FDF70F
:106E9000B7FB8346286810F0040F41D04DE0286806
:106EA00010F0040F01D0E06868B12868E16820F0B4
:106EB000190008432860FDF7A3FB8346286810F0FB
:106EC000040F03D00FE00120BDE8F09FFDF798FB11
:106ED000A0EB0B00022802D90320BDE8F09F286830
:106EE00010F0040FF2D0FDF785FB504510D8206953
:106EF000402806D0316821F47C3141EA003030600E
:106F000051E0306820F47C3040F4003030604AE0DA
:106F10003068217C20F0FE4040EA0160306042E0B1
:106F2000FDF76EFBA0EB0B00022802D90320BDE8A1
:106F3000F09F286810F0040FF2D0FDF75BFB50457E
:106F400011D82069402806D0316821F47C3141EA0B
:106F50000030306027E0306820F47C3040F40030AE
:106F6000306020E007E03068217C20F0FE4040EAFD
:106F70000160306017E0286820F001002860FDF70C
:106F80003FFB8346286810F0040F0CD0FDF738FB58
:106F9000A0EB0B00022802D90320BDE8F09F28686F
:106FA00010F0040FF2D1207810F0100F42D0D9F871
:106FB000000000F038003968082813D0182803D1E1
:106FC00001F0030001280DD0E069A0B3286840F06B
:106FD00080002860FDF714FB8346286810F4807F4A
:106FE0002AD036E0286810F4807F05D0E069802838
:106FF00002D00120BDE8F09FFDF7FCFA504510D803
:10700000206A202806D0316821F0F84141EA8060EA
:10701000306054E0306820F0F84040F0804030604C
:107020004DE05348016894F8202021F07C5141EA5A
:107030000261016043E02BE0FDF7E2FAA0EB0B00F8
:10704000022802D90320BDE8F09F286810F4807F51
:10705000F2D0FDF7CFFA504510D8206A202806D08C
:10706000316821F0F84141EA8060306027E0306803
:1070700020F0F84040F08040306020E03C4801685B
:1070800094F8202021F07C5141EA0261016016E071
:10709000286820F080002860FDF7B2FA06462868CC
:1070A00010F4807F0BD0FDF7ABFA801B022802D9C9
:1070B0000320BDE8F09F286810F4807FF3D120788A
:1070C00010F0080F33D02B4E6069C0B1306840F02B
:1070D00001003060FDF794FA8246306810F0020F2C
:1070E00025D1FDF78DFAA0EB0A00022802D9032072
:1070F000BDE8F09F306810F0020FF2D017E0306862
:1071000020F001003060FDF77BFA8246306810F015
:10711000020F0CD0FDF774FAA0EB0A00022802D986
:107120000320BDE8F09F306810F0020FF2D1207804
:1071300010F0200F3BD0A06918B3286840F48050AD
:107140002860FDF75DFA0646286810F4005F2ED12E
:10715000FDF756FA801B02280ED90320BDE8F09FE8
:10716000104402582844025800440258044402586B
:107170000C44025874440258286810F4005FE7D0A9
:1071800015E0286820F480502860FDF739FA06469B
:10719000286810F4005F0AD0FDF732FA801B02283D
:1071A00001D90320DAE7286810F4005FF4D12078D1
:1071B00010F0040F7DD0DFF89CA2DAF8000040F454
:1071C0008070CAF80000FDF71BFA0646DAF80000E6
:1071D00010F4807F0BD1FDF713FA801B642801D9CE
:1071E0000320BBE7DAF8000010F4807FF3D0A0683A
:1071F000DFF864A2012819D0F8B105282AD0DAF8FE
:10720000000020F00100CAF80000DAF8000020F0C9
:107210000400CAF80000A06880B3FDF7F1F9064643
:10722000DAF8000010F0020F21D042E0DAF8000096
:1072300040F00100CAF80000EDE7DAF8000020F0A5
:107240000100CAF80000DAF8000020F00400CAF8D3
:107250000000E0E7DAF8000040F00400CAF800009F
:10726000DAF8000040F00100CAF80000D3E7FDF7AB
:10727000C7F9801B404502D903206FE705E0DAF823
:10728000000010F0020FF2D013E0FDF7B9F9064646
:10729000DAF8000010F0020F0BD0FDF7B1F9801BF7
:1072A000404501D9032059E7DAF8000010F0020F39
:1072B000F3D1616AF1B3D9F80000DFF8A08100F0E2
:1072C000380018287ED0022911D0286820F080705C
:1072D0002860FDF795F90446286810F0007F29D052
:1072E000FDF78EF9001B02286DD9032036E72868C8
:1072F00020F080702860FDF783F90646286810F0BA
:10730000007F0AD0FDF77CF9801B022801D90320F9
:1073100024E7286810F0007FF4D13868E16A20F093
:10732000F30020F4407040EA0110A16A084338607D
:10733000208E00E08BE0616B401E4A1E4FF47E41C0
:1073400001EA4221C0F308000843218F4FF4FE02F6
:10735000491E02EA0141084394F83C10491E1202FA
:1073600002EA01610843C8F800003D48016821F0C5
:10737000010101603B490A68A36C6FF3CF0242EA46
:10738000C3020A600168226C21F00C011143016004
:107390000168626C21F0020111430160016841F44F
:1073A00080310160016841F400310160016841F4FD
:1073B00080210160016841F001010160286840F00E
:1073C000807001E01AE013E02860FDF719F9044627
:1073D000286810F0007F3AD1FDF712F9001B02284F
:1073E00001D90320BAE6286810F0007FF4D02EE01F
:1073F000286810F0007F7FF473AF28E03A68D8F86F
:107400000000012921D0A36A02F0030199421CD196
:10741000E16AC2F30512914217D1226BC0F3080151
:10742000521E914211D1616BC0F34622491E914216
:107430000BD1A16BC0F30642491E914205D1E16B0D
:10744000C0F30660491E814201D0012086E600207B
:1074500084E6000000480258704402583044025844
:107460002C4402583444025870470068503000EBF6
:107470008100006870470068503000EB81000260B6
:107480007047704710B504460A494FF40020086061
:107490002168C86810F4806F08D0C86800F08000C8
:1074A00060F49060C8602046FFF7EBFF012084F88D
:1074B000210010BD8800005801A006F0F5BC0000B6
:1074C000414C41524D2041210D0A000010B50446A7
:1074D00015494FF4003008602168886810F4805F17
:1074E0000CD0C86810F4807F08D0C86800F0800015
:1074F00060F4C070C8602046FFF7DEFF216888682E
:1075000010F4005F0CD0C86810F4007F08D0C86881
:1075100000F0800060F42070C8602046FFF7A4FFF0
:10752000012084F8210010BD880000580B464DF85A
:1075300004ED0068406820F0C00121F07F41080C94
:10754000D870C1F3042C83F801C001F03F0C83F81C
:1075500002C0C1F342311970002A0AD103F03CFF86
:10756000D870587803F038FF5870987803F034FFDB
:10757000987000205DF804FB0B464DF804ED01689F
:10758000896A596001680969C1F30E019960006850
:1075900000680F490140C1F305401870C1F3062C83
:1075A00083F801C001F07F0C83F802C0890DD97007
:1075B000002A0AD103F010FF1870587803F00CFF6E
:1075C0005870987803F008FF987000205DF804FB6D
:1075D0007F7F7F0010B504460120002C43D094F833
:1075E000210028B9002084F82000204600F03CF853
:1075F000022084F821002168CA20486253202168B3
:107600004862204603F0FDFE28BB2068816821F017
:10761000400121F4E0018160206881686268A3690B
:10762000114322691A43114381602189E06840EACD
:10763000014021680861204603F006FF58B921681F
:10764000CA6C22F00302CA646269E1690A432168D4
:10765000CB6C1A43CA642268FF215162002802D110
:10766000012184F8211010BD4DF804EDC3B012487B
:10767000016841F480310160006800F480300090BE
:10768000FDF7A6FA082030900020399001203590AF
:1076900030A8FFF767FB4FF48000019040132D9056
:1076A00001A8FEF7EFFB0548016841F400410160C5
:1076B00043B05DF804FB0000F444025870440258E3
:1076C00070B504460B4694F82000012807D0012627
:1076D00084F82060022084F8210012B109E0022021
:1076E00070BD587810F0100F03D000F0EF000A3092
:1076F0005870AAB1D97898781A7840EA0140597838
:10770000090241EA423140EA01052168CA20486283
:10771000532021684862204603F073FE88B119E0C7
:10772000D87803F062FE0204587803F05EFE42EA65
:107730000022987803F059FE1978104340EA413549
:10774000E3E7216825F0C00020F07F404860204634
:1077500003F07AFE2268FF21516208B984F82160A3
:10776000002184F8201070BD2DE9F04104460D463B
:10777000904694F82000012811D0012784F8207049
:10778000022084F821002168CA2048625320216821
:107790004862204603F035FE002618B140E0022082
:1077A000BDE8F081B8F1000F05D02068806810F0C6
:1077B000400F18D116E02068806810F0400F00D10B
:1077C000EE70287803F011FE0204687803F00DFED5
:1077D00042EA0022A87803F008FEE978104340EA64
:1077E00081500AE0EE702978A878EA7840EA0140F2
:1077F0006978090241EA825108430E49084021682C
:1078000008602068816821F4802181602969E86826
:1078100001432068826811438160204603F014FE12
:107820002268FF21516208B984F8217084F8206031
:10783000BDE8F0817F7F7F0070B504462068C16895
:1078400021F0A001C160FCF7DBFE05462068C0689E
:1078500010F0200F0CD1FCF7D3FE401BB0F57A7F5F
:1078600001D9032070BD2068C06810F0200FF2D04D
:10787000002070BD704770477047704770B5044670
:107880000D46002C03D094F82C0010B107E0012025
:1078900070BD002084F82D00204600F019F8022069
:1078A00084F82C002068211DFAF7BDFF6268294684
:1078B0002068FBF70BF80548016841F000410160C2
:1078C000012084F82C00002070BD00000040005210
:1078D000704710B5044694F82C00022805D094F89F
:1078E0002C00012803D0012010BD022010BD022071
:1078F00084F82C002068FAF7D0FF012084F82C00CF
:10790000002010BD70B504460D4694F82C000228E6
:1079100005D0012805D0052803D0012070BD022024
:1079200070BD022084F82C0020682946FAF7BDFFBC
:107930002868022803D0012084F82C0002E00520EA
:1079400084F82C00002070BDF0B587B004460D46C9
:107950000026032084F83000A06B03281ED0B5F564
:10796000004F08D0B5F5804F0AD085B1606B40F06C
:107970000060606316E0606B40F08050606311E06F
:10798000204604F09FFD616B084360630AE02046D7
:1079900004F069FD616B0843606303E0606B40F0D5
:1079A00080506063606B394F18B12068876301268F
:1079B00059E04FF48030FDF795FF0246002A4DD084
:1079C00060680290A0680390049520690590304B90
:1079D0006069B2FBF3F1814201D8069033E0A16DFA
:1079E000B1F5007F0ED0B1F5807F0DD0294908B3E5
:1079F0004FEA400CB2FBFCFC8C4523D9B2FBF3F000
:107A0000069020E006901EE0234948B14FEA400C62
:107A1000B2FBFCFC9C450BD9B2FBF1F0069012E0E6
:107A20009A4203D9B2FBF1F006900CE006900AE00E
:107A3000069008E08A4203D9B2FBF3F0069002E018
:107A4000069000E006900699059801910090206844
:107A5000049B039A029904F0ADF904E0606B40F0D6
:107A600000606063012620684FF4007103F047FE58
:107A700028B121688F63616B084360630126012090
:107A800084F8300007B03046F0BD0000FF0FE01F63
:107A900080F0FA0240787D0100E1F50510B5F9F7B4
:107AA000CDF910BD30B4C26D920F0A70C26DC2F331
:107AB00083624A70C26DC2F301628A70C26D120C99
:107AC000CA70B0F85C20120A0A7190F85C204A7102
:107AD000026E120DCA80026EC2F303420A72B0F83F
:107AE0006020C2F3C0324A72B0F86020C2F3803224
:107AF0008A72B0F86020C2F34032CA72B0F86020D7
:107B0000C2F300320A7300254D73826B4FF4007488
:107B10004FF0010C002A0DD0012A3CD002685249D6
:107B20009163416B41F08051416380F830C0012086
:107B300030BC7047B0F86020436E9205120D42EAE7
:107B400093720A61426EC2F3C2620A75426EC2F358
:107B500002624A75426EC2F342528A75426EC2F3A5
:107B60008242CA75426EC2F3C2320A760A69521C58
:107B700082640B7E03F007039B1C9A4082640B7A9D
:107B800003F00F030CFA03F3C3645B0A02FB03F276
:107B9000026544650EE090F86020436E9206920AFA
:107BA00042EA13420A610A69521C92028264026527
:107BB000C4644465B0F86420C2F380324A76B0F8F9
:107BC0006420C2F3C6128A7690F8642002F07F0225
:107BD000CA76826ED20F0A77826EC2F341724A77FA
:107BE000826EC2F382628A77826EC2F38352CA7750
:107BF000826EC2F3405281F8202081F82150826EBB
:107C0000C2F3004281F82220B0F86820C2F3C032EB
:107C100081F82320B0F86820C2F3803281F8242054
:107C2000B0F86820C2F3403281F82520B0F868200F
:107C3000C2F3003281F82620B0F86820C2F3812216
:107C400081F82720B0F86820C2F3012281F82820AB
:107C500090F86800C0F3460081F8290081F82AC036
:107C6000002030BC70470000FF0FE01F826B0A60ED
:107C7000C26B4A60026C8A60426CCA60826C0A61A4
:107C8000C26C4A61026D8A61406DC8610020704714
:107C900038B50446002000906946204604F0CCFB2D
:107CA00010B1616B084360630098C0F3432038BD96
:107CB0002DE9F04190B005460C46002695F83000BD
:107CC000032811D06946284604F01EFBDFF8CC805B
:107CD000012768B12968C1F83880696B0843686377
:107CE00085F83070012647E010B00120BDE8F08132
:107CF0000098C0F3811020700098C0F340106070AD
:107D00000098009900F47F00000A40EA116060804A
:107D10000198019901F47F41000640EA0120019990
:107D200001F47F0140EA1120019940EA116060608E
:107D3000029820720298000A60720298C0F3035001
:107D4000A0720299039801F07F41C0B240EA11404D
:107D5000A0810398C0F38520A0730398C0F301208D
:107D6000E0730398C0F303102074039800F00F0031
:107D700060740498000EA07428684FF4007103F03A
:107D8000BEFC30B12968C1F83880686385F830706E
:107D9000012610B03046BDE8F0810000FF0FE01F63
:107DA0002DE9F0470446E56A2068416B11F4004F65
:107DB00007D015F0080F04D02046BDE8F04704F0C6
:107DC00085BA416B4FF00109864F4FF0000811F45E
:107DD000807F6BD04FF4807181632068C16B21F488
:107DE0009D7121F44041C1632068C16B21F0805135
:107DF000C1632068C16821F04001C16015F0080F1F
:107E000023D005F0020605F02000304309D0206899
:107E100003F0BAFD28B1616B084360632046FFF7A9
:107E20003DFE2068876384F83090C4F82C8005F00C
:107E30000100304304D0204600F018FABDE8F08776
:107E4000204600F017FABDE8F08715F0800FFAD051
:107E50002068C0F828802068C0F82C802068C0F80E
:107E6000508005F0020605F0200756EA070009D009
:107E7000206803F089FD28B1616B084360632046E8
:107E8000FFF70CFE84F83090C4F82C8005F0100049
:107E9000384302D0204600F0EDF905F001003043F0
:107EA000D1D0204600F0E2F9BDE8F087416B11F433
:107EB000804F07D015F0080F04D02046BDE8F047EA
:107EC00004F02FBB416B11F03A0F64D0416B11F0FD
:107ED000020F03D0616B41F002016163416B11F04D
:107EE000080F03D0616B41F008016163416B11F031
:107EF000200F03D0616B41F020016163416B11F0F1
:107F0000100F03D0616B41F010016163876320683B
:107F1000C16B21F49D71C1632068C16821F04001EB
:107F2000C1602068C16A41F40051C1622068C16823
:107F300041F08001C160206803F026FD616B0843B9
:107F400060632068C16821F08001C16021684FF43E
:107F50000060886315F0080F08D084F83090C4F8EA
:107F60002C802046FFF79AFDBDE8F08715F0800FC2
:107F7000FAD0606B0028F7D02068C16B21F08051E7
:107F8000C1632068C0F8508084F830902046FFF725
:107F900085FDBDE8F087416B11F0805FF9D04FF0AF
:107FA000805181632068006D10F0040F07D015F038
:107FB000200F11D02046FFF75FFCBDE8F08715F0D9
:107FC000200F04D02046FFF758FCBDE8F08720467C
:107FD000FFF751FCBDE8F0872046FFF74BFCBDE8FA
:107FE000F08700003A0F0018F0B585B00446002C69
:107FF00004D094F83000002618B106E005B0012046
:10800000F0BD2676204600F0B5F8042084F8300054
:10801000204600F04BF810B105B00120F0BD6946D4
:108020002046FFF745FE10B105B00120F0BD9DF8D8
:1080300010109DF81120A06B012804D1114302D02B
:108040004002A06502E0012808D0A6652046E1684C
:10805000FFF77AFC30B105B00120F0BD4FF480701D
:10806000A065F3E7FCF7CCFA05462046FFF710FEC3
:10807000012704280AD0FCF7C3FA401BB0F1FF3FE8
:108080000BD02046FFF704FE0428F4D16663E662B5
:1080900084F8307005B00020F0BD4FF00040606300
:1080A00084F8307005B00320F0BD000070B588B0D2
:1080B0000446002003900490059006904FF4803011
:1080C000FDF710FC0546012635B32748B5FBF0F057
:1080D000079006980799019100902068059B049AE3
:1080E000039903F067FE206803F078FE07984000CC
:1080F000B5FBF0F01D49B1FBF0F0401CFCF720F897
:10810000204604F085F878B184F83060616B08434C
:10811000606308B0012070BD84F830604FF00060EB
:10812000606308B0012070BD204603F0EFFF38B156
:1081300084F83060616B0843606308B0012070BD53
:1081400020684FF4007103F0DAFA50B12268084950
:108150009163616B0843606384F8306008B001206C
:1081600070BD08B0002070BD00350C00102101006A
:10817000FF0FE01F704700002DE9F04186B0044674
:108180000E4615461F46002E07D094F830000128F1
:108190000BD006B00220BDE8F081606B40F00060BB
:1081A000606306B00120BDE8F0814FF00008C4F81C
:1081B0003480216DE819884207D9606B40F0007067
:1081C000606306B00120BDE8F081032084F8300030
:1081D0002068C0F82C8066627802A062A16B012939
:1081E00000D06D024FF0FF3100910190902002907D
:1081F00002200390CDF81080CDF8148069462068E5
:1082000003F020FC2068C16841F04001C160206893
:108210008665012620680665012F06D98220E06266
:108220002068294603F0CAFA05E08120E062206850
:10823000294603F0DDFA68B122680B499163616B4E
:108240000843606384F83060C4F82C8006B00120D5
:10825000BDE8F0812068C16B41F49571C16306B03F
:108260000020BDE8F0810000FF0FE01F10B5F8F717
:108270008BFE10BD10B5F8F79BFE10BD2DE9F04345
:1082800087B004460E4615461F46002E07D094F8C8
:10829000300001280BD007B00220BDE8F083606BEE
:1082A00040F00060606307B00120BDE8F0834FF04C
:1082B0000008C4F83480216DE819884207D9606B42
:1082C00040F00070606307B00120BDE8F083032038
:1082D00084F830002068C0F82C80E66178022062C3
:1082E000A16B012900D06D024FF0FF310091019088
:1082F0004FF09009CDF80890CDF80C80CDF81080A3
:10830000CDF814806946206803F09CFB2068C168A2
:1083100041F04001C160206886650126206806653D
:10832000012F06D9A020E0622068294603F056FB01
:1083300005E0C4F82C902946206803F069FB68B179
:1083400022680B499163616B0843606384F8306075
:10835000C4F82C8007B00120BDE8F0832068C16B11
:1083600041F48D71C16307B00020BDE8F0830000C7
:10837000FF0FE01F10B50446002C12D0022084F835
:1083800081002068016821F001010160204600F0B1
:108390003FFA0020C4F8840084F8810084F880004B
:1083A00010BD012010BD0000014902204860704747
:1083B000601200242DE9F04704462068D0F81080B0
:1083C000D0F8149008EA0905D0F808A0002094F825
:1083D000816005F0400105F02002114309D115F03C
:1083E000040F06D0616F20468847216F20468847DA
:1083F000012005F04501012903D1216F204688475E
:10840000012005F02601022903D1616F204688472B
:108410000120002851D115F0080F4FF0010763D05B
:108420002068816941F0080181612068816941F01B
:10843000100181612068816941F4006181612068D7
:10844000016921F0080101612068806810F4404F43
:1084500028D1B4F86A0028B3E0680F2807D920684B
:10846000006B616E0860606E001D606611E0072899
:1084700007D92068008E616E0880606E801C60667F
:1084800007E0206890F83000616E0870606E401C54
:108490006066B4F86A00401EA4F86A00B4F86A0086
:1084A0000028D9D1204604F069FA84F88170D4F804
:1084B000840020B12046FFF777FFBDE8F087052E46
:1084C00008D0042E0BD0032EF7D1204600F064FC18
:1084D000BDE8F087204600F060FCBDE8F08720464C
:1084E00000F026FBBDE8F08719F4006F09D018F002
:1084F000080F06D02068816941F400618161BDE800
:10850000F08715F4587FFAD015F0400F0AD0D4F850
:10851000840040F00400C4F884002068816941F0C0
:108520004001816115F4007F0AD0D4F8840040F046
:108530000100C4F884002068816941F40071816100
:1085400015F4807F0AD0D4F8840040F00800C4F805
:1085500084002068816941F48071816115F0200FE9
:108560000AD0D4F8840040F08000C4F88400206869
:10857000816941F020018161D4F884000028BED0D7
:108580002068016821F0010101602068016921F083
:108590006B0121F4407101614FF4404030EA0A0060
:1085A00006D084F881702046FFF7FEFEBDE8F08714
:1085B0002068816821F4404181600F4DE06F50B127
:1085C0000565E06FFAF734FC28B1D4F8840040F078
:1085D0004000C4F88400A06F0028E7D00565A06FB4
:1085E000FAF726FC0028E1D0D4F8840040F04000DF
:1085F000C4F88400BDE8F08765CA00082DE9F0479B
:108600000446002C10D0DFF8FC8120687E4E7F4F9E
:1086100040450CD0B0420AD0B84208D0E0680F28DC
:1086200005D90120BDE8F0870120BDE8F08720468C
:1086300004F06DFA01462068404505D0B04203D0F1
:10864000B84201D0082907D8404503D0B04201D034
:10865000B84204D1102902D90120BDE8F087A16AEF
:10866000B1F5800F07D0A089050494F881004FF080
:108670000009C0B11CE040450AD0B04208D0B84261
:1086800006D0206BB0F5702F02D90120BDE8F0872D
:10869000256B0DB9A0890504E068B0EB154FE4D94E
:1086A0000120BDE8F08784F88090204600F0B2F801
:1086B000022084F881002068016821F00101016036
:1086C000A069B0F1806F0FD16068B0F5800F01D163
:1086D000A16B21B140B9A06BB0F1805F04D12068DB
:1086E000016841F480510160A16AE0690843E16BCF
:1086F00029430843E168084321688860616A606B28
:10870000A2690843A16B11430843216908436169C9
:108710000843216A084361680843E16C0843A16883
:108720000843A16C0843A16D08432168C860A06A92
:10873000B0F5800F29D1206C012829D0206801686C
:1087400021F400410160606C012827D02068016895
:1087500021F4804101602068404506D0B04204D039
:10876000B84202D0B5F5702F1ED0404503D0B042BC
:1087700001D0B84202D1B5F5F81F15D0016821F437
:10878000005101602168E06A0864606888B120E0F7
:108790002068016841F400410160D4E72068016865
:1087A00041F480410160D6E7016841F40051016065
:1087B000E8E7A06A30B92068816821F4C05141F42B
:1087C000006181602068816821F4C06141F48061AA
:1087D00081602068016D21F001010165606810F47D
:1087E000800F06D02068C168626D21F000411143FE
:1087F000C160C4F88490012084F881000020BDE8A5
:10880000F08700000030014000380040003C00408C
:108810007047000070B586B005464449086840F0CE
:1088200002000860086800F002000090086840F04C
:1088300002000860086800F002000090086840F03C
:1088400002000860086800F00200009038480168E3
:1088500041F480510160006800F4805000900820CD
:1088600001900220029001210391049005240594B7
:1088700001A9304E3046FBF7B5FD1020019005945C
:1088800001A93046FBF7AEFD20200190059401A917
:108890003046FBF7A7FD4FF480660196059401A9C9
:1088A0002548FBF79FFD2548016841F00201016062
:1088B000006800F002000090224C21482060042053
:1088C00060620320A0620021E162216325206060D4
:1088D000A160E16026616161A161E1614FF4403016
:1088E00020622046FAF7F4FB18B1D32116A0F9F75D
:1088F00093FE1448FBF7BAF818B1D92112A0F9F782
:108900008BFEEC67A563002205213A20FCF718F9DD
:108910003A20FCF706F9002205212320FCF710F984
:108920002320FCF7FEF806B070BD0000E0440258BA
:10893000F04402580004025800180258D844025863
:1089400040040240FC1400242E2E5C2E2E5C557335
:1089500065725C6273705C7372635C6273705F7388
:1089600070695F6275732E63000000002DE9F041AD
:10897000044615460422A068002803D16368B3F5B5
:10898000800F10D094F88030012B15D0012784F887
:10899000807094F881300026012B10D0022084F8DA
:1089A0008060BDE8F08184F881202B4620460A468D
:1089B000BDE8F04100F0C6B80220BDE8F08199B1F1
:1089C00095B184F88120C4F884606166A4F8685089
:1089D000A4F86A5026676667A4F86060A4F862602D
:1089E000B0F5C02F05D009E0012084F88060BDE813
:1089F000F0812068016821F400610160E0680F28BF
:108A000004D9E16F8969B1F5804F09D107280CD9E4
:108A1000E06F8069B0F5005F07D0B0F5804F04D0FB
:108A2000012084F88060BDE8F0812068816821F42D
:108A300080418160E068072815D8E06F8169B1F551
:108A4000005F05D1B4F86A10491C4908A4F86A10FF
:108A50008069B0F5804F13D1B4F86A00C01C80085B
:108A6000A4F86A000CE00F280AD8E06F8069B0F51E
:108A7000804F05D1B4F86A00401C4008A4F86A0091
:108A8000E16F28480864E16F2748C863E16F274811
:108A9000C864E06F0665B4F86A302068626E00F161
:108AA0003001E06FFBF7DCF960B1D4F8840040F0EE
:108AB0001000C4F8840084F88060384684F881701F
:108AC000BDE8F081E06FC069B0F5807F19D0206803
:108AD00041686FF30F01294341602068816841F4C8
:108AE000804181602068016941F450710161206812
:108AF000016841F0010101606068B0F5800F06D0A7
:108B00000AE0206841686FF30F014160E5E72068E3
:108B1000016841F400710160304684F88060BDE86E
:108B2000F0810000ABCA0008BFCA00087FCA000875
:108B300002490120486009F035B9000060120024A4
:108B4000704700002DE9F04104461D4694F880006E
:108B500001280CD0012784F8807094F881006368A4
:108B6000002601280FD0B3F5800F07D102E00220C4
:108B7000BDE8F081A3680BB9042804D0022084F872
:108B80008060BDE8F08121B31AB315B394F8810079
:108B9000042802D0052084F88100C4F88460E165CF
:108BA000A4F86050A4F862506266A4F86850A4F873
:108BB0006A50266766672068816821F440418160B9
:108BC000E0680F280AD9E16F8969B1F5804F0FD1AC
:108BD00004E0012084F88060BDE8F08107280CD90A
:108BE000E16F8969B1F5005F07D0B1F5804F04D01E
:108BF000012084F88060BDE8F08107282AD8A06FA2
:108C00008169B1F5005F05D1B4F86210491C4908CB
:108C1000A4F862108069B0F5804F05D1B4F8620005
:108C2000C01C8008A4F86200E06F8169B1F5005FA4
:108C300005D1B4F86A10491C4908A4F86A10806983
:108C4000B0F5804F1ED1B4F86A00C01C8008A4F8AB
:108C50006A0017E00F2815D8A06F8069B0F5804F23
:108C600005D1B4F86200401C4008A4F86200E06F2F
:108C70008069B0F5804F05D1B4F86A00401C400807
:108C8000A4F86A0094F88100042821D0E16F3D48DF
:108C90000864E16F3C48C863E16F3C48C864E06F1A
:108CA0000665B4F86A302068626E00F13001E06F4A
:108CB000FBF7D6F898B1D4F8840040F01000C4F85F
:108CC000840084F88060384684F88170BDE8F081C3
:108CD000E16F2F480864E16F2E48C863DCE7206825
:108CE000816841F480418160A06F0664A06FC66313
:108CF000A06FC664A06F0665B4F862302068E16DAD
:108D000000F12002A06FFBF7ABF860B1D4F884004B
:108D100040F01000C4F8840084F88060384684F87D
:108D20008170BDE8F081A06FC069B0F5807F19D077
:108D3000206841686FF30F01294341602068816812
:108D400041F4004181602068016941F4587101617A
:108D50002068016841F0010101606068B0F5800F92
:108D600006D00AE0206841686FF30F014160E5E733
:108D70002068016841F400710160304684F8806029
:108D8000BDE8F081B5CA0008E7CA00087FCA00083C
:108D9000ABCA0008BFCA00087047704770470000A0
:108DA00070B504460E461546002C03D094F84500D5
:108DB00010B107E0012070BD002084F84400204677
:108DC00000F024F8206804F10801F9F79FFCA2687C
:108DD00031462068F9F7EAFCE36A2946A268606830
:108DE000F9F76AFC2168A06851F8202042F00102DE
:108DF00041F820200448016841F000410160012051
:108E000084F84500002070BD00400052704700000B
:108E1000401EB0F1807F01D3012070474FF0E02168
:108E20004861F020034A1070002088610720086123
:108E30000020704723ED00E010B50446002C03D05D
:108E400094F83D0010B107E0012010BD002084F827
:108E50003C00204600F022F8022084F83D00206803
:108E6000211D04F0D1F9012084F8480084F83E0067
:108E700084F83F0084F8400084F8410084F8420000
:108E800084F8430084F8440084F8450084F84600E0
:108E900084F8470084F83D00002010BD70470000B2
:108EA00090F83D10012901D001207047022180F87F
:108EB0003D100068A0F18041B1F5803126D0B0F1BD
:108EC000804F23D0A0F18041B1F580611ED0A0F188
:108ED0008041B1F5006119D0A0F18041B1F5406148
:108EE00014D0A0F18041B1F582310FD0A0F18041C2
:108EF000B1F5C0510AD0A0F18041B1F5A03105D043
:108F0000016841F001010160002070478168064A54
:108F100011400629F8D0B1F5803FF5D0016841F045
:108F200001010160F0E700000700010090F88010E7
:108F3000012918D0012180F880102421C0F8841064
:108F400001680A680B6823F001030B6022F00051EE
:108F500000224266036819602021C0F8841080F85E
:108F6000802000207047022070477047704770B51E
:108F7000044694F8800001281DD0012084F8800068
:108F80002420C4F8840020680568026822F00102E9
:108F900002602068826822F060621143816020468E
:108FA00004F014FA206805602020C4F88400002032
:108FB00084F8800070BD022070BD70B5044694F83E
:108FC000800001281DD0012084F880002420C4F8EE
:108FD000840020680568026822F0010202602068AF
:108FE000826822F0604211438160204604F0EEF96D
:108FF000206805602020C4F88400002084F88000E8
:1090000070BD022070BD7047704770B50446D4F83B
:109010008400D4F88860216889684FF0100511F049
:10902000800F18D0212816D12068083050E8001F82
:1090300021F0800140E80012002AF5D1A06F38B17C
:10904000F9F742FD20B1A06FFAF74EF920280AD0B7
:10905000204604F046FB2068806810F0400F1DD0C9
:10906000222E04D01AE0C4F88C50032070BD206872
:10907000083050E8001F21F0400140E80012002AAB
:10908000F5D1E06F38B1F9F71FFD20B1E06FFAF7C5
:109090002BF9202804D0204604F0E9FA002070BD06
:1090A000C4F88C50032070BD7047000070B50446B2
:1090B0002368D86919689A6840F60F0C00EA0C0C0E
:1090C000BCF1000F0FD110F0200F0CD001F02005E3
:1090D00002F08056354306D0216F00297ED020460D
:1090E000BDE8704008470025BCF1000F77D0DFF8DD
:1090F00050C3D44E02EA0C0C0E405CEA06066ED059
:1091000010F0010F0AD011F4807F07D001261E62F3
:10911000D4F88C3043F00103C4F88C3010F0020F07
:109120000BD012F0010F08D0266802233362D4F866
:109130008C3043F00403C4F88C3010F0040F0BD0D3
:1091400012F0010F08D0266804233362D4F88C3063
:1091500043F00203C4F88C3010F0080F0FD001F078
:10916000200353EA0C030AD0D4F800C00823CCF83B
:109170002030D4F88C3043F00803C4F88C3010F45D
:10918000006F0ED011F0806F0BD0D4F800C04FF4F8
:109190000063CCF82030D4F88C3043F02003C4F8BE
:1091A0008C30D4F88C30002B3CD010F0200F09D03C
:1091B00001F0200002F08051084303D0216F09B173
:1091C00020468847D4F88C002168896811F0400F48
:1091D00002D110F0280F2AD0204601E022E02CE036
:1091E00004F045FA2068806810F0400F1BD020681A
:1091F000083050E8001F21F0400140E80012002A2A
:10920000F5D1E06F58B190490165E06FF9F710FEB4
:10921000002807D0E06F016DBDE870400847204688
:10922000FFF742FF70BD2046FFF73EFF70BD2046AE
:10923000FFF73AFFC4F88C5070BDD4F86CC0BCF195
:10924000010F7DD110F0100F7AD011F0100F77D0F0
:1092500010201862206880684FF0200310F0400F43
:109260007AD0E16F794A086890422CD0784A9042CF
:1092700029D0784A904226D0774A904223D0774A24
:10928000904220D0764A90421DD0764A90421AD021
:10929000754A904217D0754A904214D0744A904251
:1092A00011D0744A90420ED0734A90420BD0734A48
:1092B000904208D0724A904205D0724A904202D041
:1092C000714A904201D1406800E0406880B20028B5
:1092D000B2D0B4F85C208242AED9A4F85E00C8696E
:1092E000B0F5807F2BD0206850E8001F21F48071FA
:1092F00040E80012002AF6D12068083050E8001F2C
:1093000021F0010140E80012002AF5D12068083060
:1093100050E8001F21F0400140E80012002AF5D17A
:10932000C4F88830E566206850E8001F21F010017D
:1093300040E80012002AF6D1E06FF9F7C5FB01E022
:109340003EE009E0B4F85C00B4F85E10401A81B267
:109350002046FFF70AFE70BDB4F85C00B4F85E105A
:10936000401A81B2B4F85E000028F4D00029F2D08F
:10937000206850E8002F22F4907240E8002CBCF1E5
:10938000000FF5D12068083050E8002F22F00102CC
:1093900022F0805240E8002CBCF1000FF2D1C4F85A
:1093A0008830E5662567206850E8002F22F010021B
:1093B00040E80023002BF6D12046FFF7D6FD70BD14
:1093C00010F4801F0AD012F4800F07D04FF48010E1
:1093D00018622046BDE87040FFF716BE10F0800FFF
:1093E0000CD001F0800302F400021A4306D0616F32
:1093F0000029E4D02046BDE87040084710F0400F37
:1094000007D011F0400F04D02046BDE8704004F0B2
:1094100056B910F4000F07D011F0804F04D0204649
:10942000BDE87040FFF7EFBD10F0807FC7D011F0AE
:10943000004FC4D02046BDE87040FFF797BD000044
:10944000010000102001000469D50008100002404E
:1094500028000240400002405800024070000240D4
:1094600088000240A0000240B80002401004024000
:1094700028040240400402405804024070040240A4
:1094800088040240A0040240B804024010B504461B
:10949000002C03D0D4F8840010B107E0012010BDE7
:1094A000002084F88000204600F028F82420C4F82A
:1094B00084002068016821F001010160204604F069
:1094C00027F9012818D0A06A10B1204603F0ACFF9C
:1094D0002068416821F4904141602068816821F052
:1094E0002A0181602068016841F001010160204685
:1094F000BDE8104004F004B8012010BD2DE9F04F84
:10950000B5B00446002530953195329533953495A4
:10951000BC2101A8F6F755FF20684FF480688E4EF5
:109520004FF0030B8D4FA0F18041B1F588314FF022
:10953000010A4FF002097CD0A0F18041B1F5F84159
:1095400078D1CDF804901E9501A8FCF79BFC18B1CA
:10955000D12183A0F9F760F88A48016841F0004101
:109560000160006800F000400090306840F4007036
:109570003060306800F4007000904FF4407030901C
:10958000CDF8C490CDF8C8A0CDF8CCB00820349068
:1095900030A97D48FAF726FF386840F001003860AE
:1095A000386800F001000090794E78483060512012
:1095B0007060B560F560C6F810807561B5614FF4F4
:1095C0008070F0614FF44030306275623046FAF7D7
:1095D0004DFA18B1F02162A0F9F71EF8E667B463FE
:1095E0006D4E6C483060522070604020B060F56075
:1095F000C6F810807561B561F561356275623046F7
:10960000FAF734FA20B156A040F20311F9F704F842
:10961000A667B463002201210D20FBF791FA0D200B
:10962000FBF77FFA002201210E20FBF789FA0E20BA
:1096300001E00DE009E0FBF774FA0022012153205C
:10964000FBF77EFA5320FBF76CFA35B0BDE8F08FDC
:10965000CDF804A01F9501A8FCF714FC18B18421D3
:109660003FA0F8F7D9FF4D48016841F010010160B3
:10967000006800F010000090306840F00100306099
:10968000306800F0010000904FF4C0603090CDF8D9
:10969000C490CDF8C8A0CDF8CCB00720349030A944
:1096A0003F48FAF79FFE386840F00100386038689C
:1096B00000F0010000903C4E3A4830602920706074
:1096C000B560F560C6F810807561B5614FF48070C3
:1096D000F0614FF44030306275623046FAF7C6F9F7
:1096E00018B1A3211EA0F8F797FFE667B463304EC8
:1096F0002E4830602A2070604020B060F560C6F8C7
:1097000010807561B561F561356275623046FAF7B2
:10971000ADF918B1B62112A0F8F77EFFA667B463C1
:10972000002201210B20FBF70BFA0B20FBF7F9F9C4
:10973000002201210C20FBF703FA0C20FBF7F1F9C2
:10974000002201212520FBF7FBF92520FBF7E9F991
:1097500035B0BDE8F08F0000E0440258D84402580C
:109760002E2E5C2E2E5C557365725C6273705C737A
:1097700072635C6273705F756172745F6669666F55
:109780002E630000E84402580024025840000240C2
:10979000B4170024580002402C180024F04402584A
:1097A0000000025810000240341600242800024035
:1097B000AC16002430B4D0F88830202B02D030BC56
:1097C00002207047F9B1F2B190F88030012B1DD022
:1097D000012380F880300023C3660368A3F1B04CF6
:1097E000BCF5406C0CD05B6813F4000F08D0036824
:1097F00053E800CF4CF0806C43E800C4002CF6D155
:1098000030BC04F0E7B930BC0120704730BC022006
:1098100070477047704770474DF804ED9BB04C217E
:1098200008A8F6F7CEFD00200790164908911649C2
:1098300009910521019102210291039101220492D3
:10984000059106910A900B900C9020210D910E909D
:109850000F901090C90111911290139014901590CF
:109860001690179001AA01A908A8FFF799FA0028F5
:1098700004D04FF4927105A0F8F7CEFE1BB05DF84E
:1098800004FB000000400052044100522E2E5C2ECA
:109890002E5C557365725C6273705C7372635C629C
:1098A00073705F666D635F696F2E630010B586B07D
:1098B0002E48016841F008010160016801F00801CB
:1098C0000091016841F010010160016801F0100190
:1098D0000091016841F040010160016801F0400120
:1098E0000091016841F080010160016801F0800190
:1098F0000091016841F480710160006800F480709B
:1099000000901B48016841F480510160006800F438
:1099100080500090022002900120039003240494C0
:109920000C2005904CF2B3700190124801A9FAF78F
:1099300059FD4FF6807001900F4801A9FAF752FDCA
:10994000019401A90D48FAF74DFD4FF47F400190B5
:109950000B4801A9FAF746FD40F2CF600190094893
:1099600001A9FAF73FFD06B010BD0000E04402581F
:10997000D4440258000C0258001002580018025833
:10998000001C02580020025870B44FF0000C00294F
:1099900012D910F80C40002304EBD47525F0010611
:1099A000A61B6C1003EBCC0556555B1C082BF3DB98
:1099B0000CF1010C8C45ECD370BC7047000000002A
:1099C00070B505462DED0C8BB0EE409AB0EE080A4E
:1099D00069EE009AF6EE00CADFED2B0AB0EE690AD6
:1099E00009EE2C0A20EE200A00249FED28CA69EE19
:1099F0000C0AFDEEE0BA1BEE900AA0423ED9B7EE8B
:109A000000DADFED230A9FED24AB20EE20BA00EE52
:109A1000104AF8EE400A80EE8C0A09EE6C0AC0EE9D
:109A2000290A30EE8D0A10EE100AF6F7C0FE41EC5E
:109A3000100B04F001FBB0EE408AF0EE608A1BEEE2
:109A4000100AF6F7B4FE53EC182BF6F779FDF6F78B
:109A5000F1FEF6F7ACFE41EC100B05F0E9FB53EC20
:109A60001A2B51EC100BF6F76BFDF6F7E3FE45F8F9
:109A70002400641C1BEE900AA042C8D8BDEC0C8BDD
:109A800070BD00000000000000401C460080BB4785
:109A9000DB0FC94000000000000000A09999E93FD9
:109AA0000148FAF7ECBD000038130024064A054BC4
:109AB00013605060916040F6FF70D0601046FAF776
:109AC000A5BD0000004800583813002470B51446A6
:109AD0001D460D490D4E0B78318803FB01F22946D6
:109AE000F7F7BAFA00203188002907D9295C4A1C07
:109AF00021188A70401C31888842F7D301202070D9
:109B00000220607070BD00000A1200240C120024B4
:109B10002DE9F0410746082F19D24FF000054FF00C
:109B2000FF062C46204600F035F810B1681CC5B27F
:109B30002646601CC4B2082CF4D3012D04D1BE42C9
:109B400002D10120BDE8F0810020BDE8F0810DD1F7
:109B5000002000F01FF830B1012000F01BF810B118
:109B60000120BDE8F0810020BDE8F081092F02D07E
:109B70000020BDE8F081012000F00CF830B1022097
:109B800000F008F810B10120BDE8F0810020BDE828
:109B9000F0810000094951F83020126901EBC00141
:109BA0008888024201D1002000E0012089798142A9
:109BB00001D101207047002070470000385D010886
:109BC00010B586B00D48016841F40071016000686D
:109BD00000F4007000900220019001200290039098
:109BE0000320049001A9064C2046FAF7FBFB002253
:109BF00020460221FAF7F7FC06B010BDE0440258F7
:109C00000024025870B505462DED068B9FED191AFC
:109C1000C1EE000A00249FED188A20EE080ABDEE6E
:109C2000C09A19EE100AA04220D99FED150ADFED67
:109C3000139A9FED14AA60EE808A00EE104AB8EEE7
:109C4000400AC0EE080A20EEA90A28EEA01A01EE8A
:109C5000200A06F04BFE20EE0A0A05EB840181ED96
:109C6000000A641C19EE101AA142E6D8BDEC068B5E
:109C700070BD000000C0DA450080BB474CCE2B47CA
:109C8000DB0F49409A99193F70B5044600204FF404
:109C9000C0410BF0BFFC054600204FF480410BF0A3
:109CA000B9FC064628464FF4C041F6F78AFB4FF44C
:109CB00080413046F6F785FB9FED0D0A2846FFF7F9
:109CC0007FFE062231464FF4C0532846F7F756FC74
:109CD0004FF400622146304606F00AFC0020294677
:109CE0000BF08CFC3146BDE8704000200BF086BCC8
:109CF0006F12833D70B5044600204FF4C0410BF055
:109D000089FC054600204FF480410BF083FC064699
:109D100028464FF4C041F6F754FB4FF480413046DB
:109D2000F6F74FFB9FED0D0A2846FFF76BFF062263
:109D300031464FF4C0532846F7F720FC4FF4006239
:109D40002146304606F0D4FB002029460BF056FC95
:109D50003146BDE8704000200BF050BC6F12833DCF
:109D60000148C06BFAF730BD101900240269C168C0
:109D700011430268D16082694169036A1143C26973
:109D80001A431143426A1143C26A1143026B1143E1
:109D9000028D521E41EA82418268114302681161BC
:109DA0004168B1F1804F04D101680A6942F0404234
:109DB0000A61016800234B61416B00290ADA0168DE
:109DC0004A6942F480224A61818E4942026889B21E
:109DD000116202E0026889B21162816B00290DDA1A
:109DE00001684A6942F400224A61018F4A420168CF
:109DF000D1F820C04CEA02420A6205E00268D2F8BB
:109E000020C04CEA014111624168B1F1804F03D09A
:109E10000268C9B2916201E001688B620068436226
:109E2000704730B4029CD0F800C0DCF8145063F3E3
:109E30001005CCF814500368641ED3F814C064F302
:109E40001F5CC3F814C0D0F800C01F23CCF8043046
:109E50000368DA610368996101F07F41B1F1005F45
:109E600015D0A1B101688B6A23F480338B6202F0B4
:109E70007F41B1F1005F10D079B101688A6A22F4A4
:109E800000328A62C16D0068416230BC704701686F
:109E90008B6A43F480338B62E9E701688A6A42F493
:109EA00000328A62EEE700002DE9F04184B0FAF753
:109EB00015FE01258DF800504FF010500190122032
:109EC0008DF8080003268DF80B608DF80F508DF883
:109ED0000E5000248DF80D408DF801408DF80A5089
:109EE0008DF809408DF80C406846FAF7CBFD8DF8E7
:109EF0000050700701904FF00F088DF808808DF822
:109F00000B608DF80F508DF80E408DF80D408DF8D8
:109F100001508DF80A408DF809408DF80C406846D4
:109F2000FAF7B0FD8DF80050B007019018208DF8B9
:109F300008008DF80B608DF80F408DF80E408DF8FD
:109F40000D4002208DF801008DF80A408DF809407F
:109F50008DF80C406846FAF795FD8DF800503007F3
:109F6000019010278DF808708DF80B608DF80F5058
:109F70008DF80E508DF80D408DF801608DF80A5067
:109F80008DF809408DF80C406846FAF77BFD8DF896
:109F90000050334801908DF808708DF80B608DF8F3
:109FA0000F508DF80E508DF80D4004208DF80100F3
:109FB0008DF80A508DF809408DF80C406846FAF784
:109FC00061FD8DF80050274801900E208DF80800A3
:109FD0008DF80B608DF80F508DF80E508DF80D40F8
:109FE00005208DF801008DF80A508DF809408DF894
:109FF0000C406846FAF746FD8DF800504FF060506F
:10A0000001908DF808808DF80B608DF80F408DF869
:10A010000E408DF80D4006208DF801008DF80A5095
:10A020008DF809408DF80C406846FAF72BFD8DF845
:10A0300000508DF801400C4801900A208DF808006E
:10A040008DF809408DF80A408DF80B60039468463E
:10A05000FAF718FD0420FAF751FD04B0BDE8F081CD
:10A060000000023000000430000000302DE9F00153
:10A070000026002A19D950F826404FF0000C002B7A
:10A0800010D903FB063804EBD47525F00107E71B54
:10A090006C10A8EB0C050D4405F8017C0CF1010CCB
:10A0A0009C45F0D3761C9642E5D3BDE8F00170479D
:10A0B0002DE9F74F82468B462DED028B86B0DFF8F7
:10A0C0002482012198F8000000EB400001EB4004DD
:10A0D000854F864E3878317810FB01F101200BF066
:10A0E00099FA05463878317810FB01F12846F6F7E1
:10A0F00068F998F80000397810FB01F0317800FB1E
:10A1000001F000EB5400810001200BF083FA039072
:10A1100098F80000397810FB01F0317800FB01F06D
:10A1200000EB540081000398F6F74BF998F8000013
:10A13000397810FB01F0317800FB01F000EB54009E
:10A14000810001200BF066FA814698F8000039780A
:10A1500010FB01F0317800FB01F000EB54008100AE
:10A160004846F6F72EF998F80000397810FB01F010
:10A17000317800FB01F0810001200BF04BFA0290D6
:10A1800098F80000397810FB01F0317800FB01F0FD
:10A1900081000298F6F715F90027307800280ED9CB
:10A1A0001AF80700411E5048027807FB025012FBC4
:10A1B00001B1F6F7DFF87F1C30788742F0D300203A
:10A1C000DFF824A13278B7EE008A9AF8001011FB6C
:10A1D00002F1002917D9295C00EE101A98F8001036
:10A1E000B8EE400A01FB00F2039930EE480A01EB99
:10A1F000820181ED000A401C9AF80010327811FBB0
:10A2000002F18142E7D86708CDF800900197234614
:10A2100098F800009AF80010354A10FB01F03178E8
:10A2200000FB01F000EB54010398F8F7B9FB0024A0
:10A2300098F800009AF8001010FB01F0317800FB4C
:10A2400001F0B4EBD00F17D2029907EBC40008233A
:10A2500009EB800001EB4412264906F0BBFE641CAA
:10A2600098F800009AF8001010FB01F0317800FB1C
:10A2700001F0B4EBD00FE7D398F8000004AB9AF8E4
:10A28000001005AA10FB01F0317800FB01F10298E3
:10A2900006F026FEDDED050A98F800009AF8001099
:10A2A00088EE200A10FB01F0317800FB01F20A99D8
:10A2B000029807F010FA012029460BF09FF9039944
:10A2C00001200BF09BF9012049460BF097F9029908
:10A2D00001200BF093F906B0BDEC028B03B0BDE892
:10A2E000F08F000008120024DA0100240912002473
:10A2F000E4090024680E00242DE9F74F92B083464C
:10A300000D460120A9000C460BF084F9109005F1D0
:10A310002000810010980E46F6F753F801202146E0
:10A320000BF078F90F9031460F98F6F74AF805F1DF
:10A3300060008400012021460BF06CF90E9021464C
:10A340000E98F6F73EF8012021460BF063F90D90C8
:10A3500021460D98F6F735F8FE4C2078B5FBF0F065
:10A36000810000200BF056F981462078B5FBF0F013
:10A3700081004846F6F725F82078B5FBF0F081001B
:10A3800000200BF047F982462078B5FBF0F0810001
:10A390005046F6F716F8F04FF04C3878217810FB5D
:10A3A00001F0810000200BF035F90646387821785D
:10A3B00010FB01F081003046F6F703F82078C10069
:10A3C00000200BF027F90C902078C1000C98F5F7CD
:10A3D000F8FF00204FF4C0610BF01CF907464FF462
:10A3E000C0613846F5F7EDFF00204FF4C0410BF097
:10A3F00011F980464FF4C0414046F5F7E2FF0020D6
:10A400004FF4F0310BF006F90B904FF4F0310B984C
:10A41000F5F7D7FF00204FF4A0610BF0FBF80A908E
:10A420004FF4A0610A98F5F7CCFF00204FF420719B
:10A430000BF0F0F809904FF420710998F5F7C1FF7F
:10A44000C74C2078810000200BF0E4F808902078B9
:10A4500081000898F5F7B5FF2078810000200BF007
:10A46000D9F80790207881000798F5F7AAFFBD4C2E
:10A47000002021880BF0CEF8069021880698F5F789
:10A48000A0FF0020002D25D9B74BDFF8E0C200F077
:10A4900007010BEB800203EB810492ED000AD4ED7F
:10A4A000000A109C20EE200A04EB800484ED000AD0
:10A4B00092ED000A0CEB8101D1ED000AB1EE400AE9
:10A4C0000F9920EE200A01EB800181ED000A401C6B
:10A4D000A842DCD30E9860240194C123009005F1BA
:10A4E0006001A34A1098F8F75BFA0D98C123009019
:10A4F00005F160019E4A0F980194F8F751FA002483
:10A5000094480178B5FBF1F1A1423AD9914809EBA1
:10A51000840B017801FB04F000F160020E9800EB5F
:10A5200082005A4606F028FD8A48DBED000A0078D2
:10A5300000EE100AB8EE400A20EE800A8BED000A09
:10A5400084480AEB840B017801FB04F000F16002FF
:10A550000D9800EB82005A4606F00EFD7D48DBEDBB
:10A56000000A007800EE100AB8EE400A20EE800AD9
:10A570008BED000A641C77480078B5FBF0F0A04230
:10A58000C4D80020744DDFF8D4B129789BF800209E
:10A5900011FB02F1002912D976490A5C521E00EE25
:10A5A000102A06EB8002B8EEC00A82ED000A401CB9
:10A5B0002A789BF8003012FB03F28242EDD80C9807
:10A5C0004FF400723146F5F7D5FE6B490878441C0C
:10A5D0006A480278521C94427DD20020664A117863
:10A5E000611A4B1E5D4991F800C003FB0C0309EB97
:10A5F000830393ED000A07EBC00383ED000A127892
:10A600000978A21A521E02FB01010AEB810191EDA9
:10A61000000A012101EB400107EB810181ED000AF5
:10A62000401CC028DAD300254B480078002818D9F0
:10A6300005EB450B0C994FF4007208EB0B20F5F776
:10A6400099FE802000EB8B1006EB052108EB8000C3
:10A650004FF48072F5F78EFE6D1C3F4800788542FE
:10A66000E6D30B994046F7F7B3FC0A9A0120019014
:10A67000A0210490C02002923B46009002460B9815
:10A68000039106F0DDFF0999A0220A9806F06EF802
:10A69000394D11AA2878201A411E089800EB810331
:10A6A0000998A02106F01CFC287808992A4A201A4B
:10A6B000401E51F820101278B1FBF2F302FB131286
:10A6C000079941F8202025494FF480720C980978A9
:10A6D00000EB810100E017E0F5F74CFE28784FF41D
:10A6E0008072201A411E079850F8210006EB0021C5
:10A6F0000C9800F58070F5F73DFE641C1F4800784B
:10A70000401C8442FFF469AF1D4806990378144841
:10A7100002780798FFF7AAFC1248082314990288C8
:10A720000698F6F74DFC109901200AF067FF0F9983
:10A7300001200AF063FF0E9901200AF05FFF0D99D6
:10A7400001200AF05BFF002049460AF057FF002075
:10A75000514617E008120024E0010024DA01002429
:10A76000E10100240C120024680E0024880E00244D
:10A77000A80E0024E4010024E201002409120024B0
:10A780000A1200240AF03AFF002031460AF036FF90
:10A790000C9900200AF032FF002039460AF02EFF03
:10A7A000002041460AF02AFF0B9900200AF026FFFC
:10A7B0000A9900200AF022FF099900200AF01EFFE2
:10A7C000089900200AF01AFF079900200AF016FFE6
:10A7D000069900200AF012FF15B0BDE8F08FFEE7E1
:10A7E0002DE9F04F83B080460D461646444C0020BC
:10A7F00021880AF00FFF074621883846F5F7E1FD6A
:10A8000002AA3B4629464046F8F726F920880299D5
:10A8100000FB01F100200AF0FDFE01902088029962
:10A8200000FB01F10198F5F7CCFD364C2078811C36
:10A8300000200AF0EFFE80462078811C4046F5F7A4
:10A84000C0FD217800200AF0E5FE009021780098F4
:10A85000F5F7B7FD2C4CDFF8B4A0DFF8B4B02078E2
:10A860009AF8001010FB01F09BF8001000FB01F0BB
:10A87000810001200AF0CEFE814620789AF800106F
:10A8800010FB01F09BF8001000FB01F0810048462E
:10A89000F5F797FD0198EA003946F5F76BFD0024BE
:10A8A0000298002814D91B4D4246009B214601986E
:10A8B000FFF70CF918494A464046FFF7F9FB2968AB
:10A8C00032464846F8F79AF8641C02988442EBD363
:10A8D000002039460AF092FE019900200AF08EFE0F
:10A8E000002041460AF08AFE009900200AF086FE08
:10A8F000012049460AF082FE03B0BDE8F08F000057
:10A900000C120024E101002408120024DA010024C2
:10A910000912002410120024E401002470470000F2
:10A9200010B586B01148016841F4007101600068FB
:10A9300000F4007000904FF47840019001200290E4
:10A9400003900020049001A9094C2046F9F74AFD24
:10A95000012220465103F9F746FE002220464FF41B
:10A960005841F9F740FE06B010BD0000E04402581F
:10A97000002402587047000010B586B00D480168E9
:10A9800041F400710160006800F400700090012043
:10A9900003900321049134210191029001A9064CF6
:10A9A0002046F9F71FFD002220463421F9F71BFE4F
:10A9B00006B010BDE04402580024025810B5084CFF
:10A9C000002220212046F9F70EFE4FF4FA70F9F725
:10A9D000B7FB00222046BDE810400421F9F703BE72
:10A9E0000024025810B50A4C012204212046F9F730
:10A9F000FAFD4FF4FA70F9F7A3FB0122204620215B
:10AA0000F9F7F1FDBDE810404FF4FA70F9F798BB83
:10AA100000240258114930280ED0114A31280ED096
:10AA2000322811D033284FF0330C42F2431311D0A7
:10AA30000B6082F806C07047032008607047412011
:10AA4000086031209071704740F28F2008603220FA
:10AA5000907170470B6082F806C0704708000024B0
:10AA60001300002470B5BE4C3038112880F0758179
:10AA7000DFE800F0092B4C6D8DAECEF3F1F0EFEF77
:10AA8000EFEFEFEFEE00B74D00224FF400612846E4
:10AA9000F9F7A9FD002228464FF48051F9F7A3FDEC
:10AAA000002228464FF40051F9F79DFD0022284668
:10AAB0004FF48041F9F797FD002228464FF40041FA
:10AAC000F9F791FD3020E07370BDA64D0122D1024F
:10AAD0002846F9F788FD002228464FF48051F9F7FF
:10AAE00082FD002228464FF40051F9F77CFD002238
:10AAF00028464FF48041F9F776FD002228464FF4AE
:10AB00000041F9F770FD3120E07370BD954D0022D2
:10AB10004FF400612846F9F766FD0122284611032B
:10AB2000F9F761FD002228464FF40051F9F75BFD6B
:10AB3000002228464FF48041F9F755FD00222846AF
:10AB40004FF40041F9F74FFD3220E07370BD854DA1
:10AB50000122D1022846F9F746FD012228461103B9
:10AB6000F9F741FD002228464FF40051F9F73BFD6B
:10AB7000002228464FF48041F9F735FD002228468F
:10AB80004FF40041F9F72FFD3320E07370BD754D90
:10AB900000224FF400612846F9F725FD00222846DF
:10ABA0004FF48051F9F71FFD012228465103F9F7B0
:10ABB0001AFD002228464FF48041F9F714FD0022C7
:10ABC00028464FF40041F9F70EFD3420E07370BDC4
:10ABD000644D0122D1022846F9F705FD00222846DE
:10ABE0004FF48051F9F7FFFC012228465103F9F791
:10ABF000FAFC002228464FF48041F9F7F4FC0022C9
:10AC000028464FF40041F9F7EEFC3520E07370BDA3
:10AC1000544D00224FF400612846F9F7E4FC01226C
:10AC200028461103F9F7DFFC012228465103F9F702
:10AC3000DAFC002228464FF48041F9F7D4FC0022C8
:10AC400028464FF40041F9F7CEFC3620E07370BD82
:10AC500063E082E041E01FE0FFE7424D0122D102C4
:10AC60002846F9F7C0FC012228461103F9F7BBFC7E
:10AC7000012228465103F9F7B6FC002228464FF47A
:10AC80008041F9F7B0FC002228464FF40041F9F763
:10AC9000AAFC3720E073DAE7324D00224FF400615E
:10ACA0002846F9F7A0FC002228464FF48051F9F716
:10ACB0009AFC002228464FF40051F9F794FC012237
:10ACC00028469103F9F78FFC002228464FF40041F3
:10ACD000F9F789FC3820E073B9E7224D0122D1024F
:10ACE0002846F9F780FC002228464FF48051F9F7F6
:10ACF0007AFC002228464FF40051F9F774FC012237
:10AD000028469103F9F76FFC002228464FF40041D2
:10AD1000F9F769FC3820E07399E7124D00224FF4EF
:10AD200000612846F9F75FFC012228461103F9F774
:10AD30005AFC002228464FF40051F9F754FC012236
:10AD400028469103F9F74FFC002228464FF40041B2
:10AD5000F9F749FC3820E07379E73120E07376E7B2
:10AD6000130000240024025870B44B6A002B08D052
:10AD7000B2F1406F05D0D0F800C08B6A5B1ECCF8F2
:10AD800010308B69002B7DD0D1F820C0BCF1000FB2
:10AD900056D0D0F800C08B68CCF81C30CB6963B3B8
:10ADA000D1F82CC00C6B4D6A4CEA040C4C6B2C4354
:10ADB0004CEA040C8C8A4CEA844C0C694CEA040C76
:10ADC0000C6A4CEA040CCC684CEA040C4CEA030311
:10ADD000D1F818C043EA0C03D1F800C043EA0C03D1
:10ADE000D0F800C01343CCF81430B2F1406F02D059
:10ADF00000684968816170BC7047D1F830C0CB6A87
:10AE00004C6A43EA0C03D1F834C000684CEA040CE5
:10AE100043EA0C03B1F814C043EA8C43D1F810C0E4
:10AE200043EA0C03D1F820C043EA0C03D1F818C060
:10AE3000096843EA0C0319431143416170BC704730
:10AE4000D1F81CC0BCF1000F22D00D6BCC6A4E6A49
:10AE50002C434D6B35432C438D8A44EA8544CD68A1
:10AE60002C4344EA0C0C4CEA0303D1F800C043EA3B
:10AE70000C03D0F800C01343CCF81430B2F1406F8B
:10AE8000DCD000E01AE000684968816170BC70475E
:10AE9000D1F82CC00C6B4D6A4CEA040C4C6B00686A
:10AEA0002C434CEA040C8C8A09684CEA844C4CEA2A
:10AEB000030319431143416170BC70470B6A002BB7
:10AEC0004ED0D0F800C08B68CCF81C30CB6943B3AF
:10AED000D1F82CC00C6B4D6A4CEA040C4C6B2C4323
:10AEE0004CEA040C8C8A4CEA844C0C694CEA040C45
:10AEF0000C6A4CEA040CCC684CEA040C4CEA0303E0
:10AF0000D1F818C043EA0C03D0F800C01343CCF8C2
:10AF10001430B2F1406FCFD000684968816170BCD5
:10AF20007047D1F830C0CB6A4C6A43EA0C03D1F8C1
:10AF300034C000684CEA040C43EA0C03B1F814C0B6
:10AF400043EA8C43D1F810C043EA0C03D1F820C087
:10AF5000896943EA0C0319431143416170BC70478E
:10AF6000CB69F3B1D1F82CC00C6B4D6A4CEA040CE0
:10AF70004C6B2C434CEA040C8C8A4CEA844CCC6815
:10AF80004CEA040C4CEA0303D0F800C01343CCF89D
:10AF90001430B2F1406FE1D000684968816170BC43
:10AFA00070474B6A002BFAD0D1F82CC00C6B0068AC
:10AFB0004CEA040C4C6B898A23434CEA030343EAB2
:10AFC00081411143416170BC704710B5006C002194
:10AFD0008163C16290F84110082905D0012180F8F1
:10AFE0004110F9F7A5FE10BD02680221D160016889
:10AFF0000A6842F400320A600068016841F0020108
:10B00000016010BD006C00218163C162416C41F0A0
:10B010000401416401680A6822F004020A60F9F739
:10B02000E1BD006C0021C1620068016841F400319B
:10B030000160704710B5104C0E4820602046F9F7AB
:10B0400064FE00B1FEE7042060602020A0601020B4
:10B05000E060182020614FF4807060610020A061E2
:10B06000E06120620448F9F785FF002800D0FEE780
:10B0700010BD000000500052101900242DE9F041CD
:10B080000546884617461E46069C2868806810EAD2
:10B09000080F01D0012000E00020B8421CD0B4F11C
:10B0A000FF3F05D0F9F7ACFA801BA04207D834B1B6
:10B0B0002868806810EA080F0BD001200AE00420FD
:10B0C00085F84100686C40F0010068640120BDE82B
:10B0D000F0810020B842E2D10020BDE8F0810000FC
:10B0E00070B58EB00646002402940394069407942B
:10B0F0000894049405940B940C940D940E4DAC702C
:10B10000342000904FF0407009900A92019141F272
:10B1100088320A486946F9F7AFFD00B1FEE70748F3
:10B120003146FAF77DF800B1FEE7A8780028FCD098
:10B13000AC700EB0012070BD9A12002410190024CA
:10B140000148F9F7F7BD0000101900242DE9F04778
:10B15000044688460027DFF82091D9F80000032133
:10B1600031EA000013D0454D286820F08060286047
:10B17000F9F746FA0646286810F0006F0ED0F9F786
:10B180003FFA801B022805D90320BDE8F087012083
:10B19000BDE8F087286810F0006FF0D1D9F8000002
:10B1A000216820F47C3040EA0130C9F80000A08812
:10B1B0004FF47E42A168401E491EC0F3080002EA17
:10B1C00041210843A189D201491E02EA01410843F5
:10B1D000217C491E120202EA0161084328490860E5
:10B1E00028480168626921F0C001114301600168CB
:10B1F000A26921F0200111430160016821F01001D2
:10B20000016021490A68E3696FF3CF0242EAC30291
:10B210000A60016841F010010160B8F1000F12D01E
:10B22000B8F1010F14D0016841F4001101602868E1
:10B2300040F080602860F9F7E3F90446286810F0D0
:10B24000006F0AD015E0016841F400210160EEE7CB
:10B25000016841F480110160E9E7F9F7D1F9001BB9
:10B26000022802D90320BDE8F087286810F0006F9B
:10B27000F3D03846BDE8F08728440258004402580D
:10B28000384402582C4402583C4402582DE9F047F7
:10B29000044688460027DFF82091D9F800000321F2
:10B2A00031EA000013D0454D286820F08050286016
:10B2B000F9F7A6F90646286810F0005F0ED0F9F7F6
:10B2C0009FF9801B022805D90320BDE8F0870120E3
:10B2D000BDE8F087286810F0005FF0D1D9F80000D1
:10B2E000218820F07C7040EA0150C9F80000A08855
:10B2F0004FF47E42A168401E491EC0F3080002EAD6
:10B3000041210843A189D201491E02EA01410843B3
:10B31000217C491E120202EA0161084328490860A3
:10B3200028480168626921F44061114301600168A5
:10B33000A26921F4007111430160016821F4807158
:10B34000016021490A68E3696FF3CF0242EAC30250
:10B350000A60016841F480710160B8F1000F12D0F9
:10B36000B8F1010F14D0016841F0807101602868C4
:10B3700040F080502860F9F743F90446286810F03F
:10B38000005F0AD015E0016841F480010160EEE73A
:10B39000016841F400010160E9E7F9F731F9001BA8
:10B3A000022802D90320BDE8F087286810F0005F6A
:10B3B000F3D03846BDE8F0872844025800440258CC
:10B3C000404402582C440258444402580148FCF7B7
:10B3D0007DB80000581E0024010901EB81014900DD
:10B3E00000F00F000844C0B2704700210A2804D3BF
:10B3F000491C0A38C0B20A28FAD2090740EA11608B
:10B4000070472DE9F041044600252068C16811F01D
:10B41000400F16D1691EC160F9F7F2F806460327FE
:10B4200008E0F9F7EDF8801BB0F57A7F02D9032523
:10B4300084F821702068C06810F0400F01D1032DFE
:10B44000EFD12846BDE8F0812DE9F0410546002402
:10B45000124EF06820F04000F060B0684FF0030733
:10B4600010F0200F11D0B06820F02000B060284606
:10B47000FCF7E2F910B185F821700324B06840F0C0
:10B480002000B0602046BDE8F0812846FCF7D4F9E2
:10B490000028F7D085F821700324F3E70040005816
:10B4A00010B5174815490160002141607F22826074
:10B4B000FF22C26001618161C161FCF78BF808B1B4
:10B4C000022010BD0E480021FBF7CFFFA0F5A041E0
:10B4D000503911D000230C201A46194600F024F8E8
:10B4E000062301221946182000F00CF80448002118
:10B4F00045F25002FBF7BFFF002010BD004000588E
:10B50000581E002408B58DF802208DF801108DF822
:10B5100000308DF80300002202486946FCF7D0F89D
:10B5200008BD0000581E00244DF804ED85B08DF8CC
:10B5300000008DF801108DF802208DF803300020F6
:10B5400003900490002203486946FCF70DF905B00A
:10B550005DF804FB581E00240148FBF793BF000070
:10B56000581E00244DF8044D4FF0000CBCEB430F67
:10B5700012D21CF0010F12D0ACF10104640802EBEE
:10B58000840494ED000A00EB8C0484ED000A0CF1B5
:10B59000010CBCEB430FECD35DF8044B70474FEA52
:10B5A0005C0401EB840494ED000A00EB8C0484ED50
:10B5B000000AECE72DE9F043054616461F462DED3F
:10B5C000048BF0EE408A83B04FF000090024002F76
:10B5D0003CD9B7EE009AA1F1010800EE104AB8EE8E
:10B5E000400A20EE288A18EE100AF5F7E0F841EC40
:10B5F000100B02F095FC51EC100BF5F7BFF800EEC4
:10B60000100AB8EE400A38EE400A404508D305EB70
:10B61000840090ED000A06EB840080ED000A12E041
:10B6200005EB800139EE401A401CD1ED000A05EB14
:10B63000800060EE810A90ED001A06EB840041EE76
:10B64000000AC0ED000A641CBC42C6D300240F4FA0
:10B6500002AD009504EB44000622396806EB403049
:10B660004FF4405301F0D2FA012809D0601CC4B253
:10B67000052CEED303B04846BDEC048BBDE8F08347
:10B68000029904EB440001EBC029F3E7EC1100241C
:10B690000148FCF785BB0000F813002410B585B005
:10B6A00004460091372101914FF4807102910021ED
:10B6B00003914FF4805104916946204600F098FBB5
:10B6C000372141F28832204600F0EAF905B010BD7A
:10B6D00010B585B004460091292101914FF4807185
:10B6E0000291002103914FF4805104916946204654
:10B6F00000F07EFB204600F0AFFA05B010BD10B59B
:10B7000085B00446009110210191090102910021A8
:10B7100003914FF4805104916946204600F068FB84
:10B72000102141F28832204600F0BAF905B010BD70
:10B7300010B585B004460091062101914FF4807147
:10B740000291002103914FF48051049169462046F3
:10B7500000F04EFB062141F28832204600F0A0F9AD
:10B7600005B010BD10B586B00446002101910291CC
:10B77000039104914FF48051059101A9204600F0F6
:10B7800037FB204600F070F906B010BD10B585B04B
:10B7900004464FF4D57100910821019149010291AD
:10B7A000002103914FF4805104916946204600F036
:10B7B0001FFB204600F0C4FA05B010BD10B585B0DF
:10B7C00004460091122101914FF4807102910021F1
:10B7D00003914FF4805104916946204600F008FB24
:10B7E000122141F28832204600F05AF905B010BD0E
:10B7F00010B585B004460091112101914FF480717C
:10B800000291002103914FF4805104916946204632
:10B8100000F0EEFA112141F28832204600F040F9A2
:10B8200005B010BD10B585B0044600910721019107
:10B830004FF480710291002103914FF480510491E3
:10B840006946204600F0D4FA072141F288322046AA
:10B8500000F026F905B010BD10B585B004460021F2
:10B860000091022201924FF44072029203914FF430
:10B87000805104916946204600F0BAFA204600F053
:10B88000BDF905B010BD10B585B004460091092181
:10B8900001914FF440710291002103914FF48051C6
:10B8A00004916946204600F0A3FA204600F0A6F96C
:10B8B00005B010BD10B585B00446002100913322BB
:10B8C00001924FF480720292039111010491694632
:10B8D000204600F08DFA332141F28832204600F0F4
:10B8E000DFF805B010BD10B585B0044600910D21FC
:10B8F00001914FF480710291002103914FF4805126
:10B9000004916946204600F073FA0D2141F2883215
:10B91000204600F0C5F805B010BD30B585B005462D
:10B920000C46002300934FF0030CCDF804C04FF4F5
:10B93000807CCDF808C003934FF48053049369468C
:10B94000284600F055FA03212246284600F0AAF9BD
:10B9500005B030BD10B585B00446002100910D2220
:10B9600001924FF480720292039111010491694691
:10B97000204600F03DFA0D2141F28832204600F0C9
:10B980008FF805B010BD000010B585B0044600204A
:10B9900000900C2101914FF48071029103900801F5
:10B9A0000490E06840F08000E060E06820F0400033
:10B9B000E0606946204600F01BFA074A0C21204649
:10B9C00000F06EF8E16821F08001E160B0F1007FE5
:10B9D00000D1002005B010BD00E1F50510B585B01F
:10B9E00004460091192101914FF4807102910021C8
:10B9F00003914FF4805104916946204600F0F8F914
:10BA0000192141F28832204600F04AF805B010BDF5
:10BA100010B585B004460091182101914FF4807152
:10BA20000291002103914FF4805104916946204610
:10BA300000F0DEF9182141F28832204600F030F89B
:10BA400005B010BD0A6842624A688262CB688A68A3
:10BA50001A430B69496919431143C26A22F0FF0274
:10BA60001143C162002070470B494FF4FA52096834
:10BA7000B1FBF2F141F2883201FB02F1491E02D220
:10BA80004FF000407047426B12F0800FF6D0034930
:10BA90008163002070470000FC120024C5002000D4
:10BAA000034610B551484FF4FA5C0068B0FBFCF057
:10BAB00000FB02F2DFF838C1521E02D24FF0004004
:10BAC00010BD586B10EA0C0FF6D010F4005FF3D1E4
:10BAD000586B10F0040F02D00420986310BD586B0F
:10BAE00010F0010F02D00120986310BD4148986307
:10BAF000184600F055F9884201D0012010BD002100
:10BB0000184600F054F93C49084201D1002010BD0C
:10BB100010F0004F02D04FF0007010BD10F0804FB9
:10BB200001D0402010BD10F0005F01D0802010BD7A
:10BB300010F0805F02D04FF4807010BD10F0006FE5
:10BB400002D04FF4007010BD10F0806F02D04FF49F
:10BB5000806010BD10F0807F02D04FF4006010BDF7
:10BB600010F4000F02D04FF4805010BD10F4800F7D
:10BB700002D04FF4005010BD10F4001F02D04FF45B
:10BB8000804010BD10F4801F02D04FF4004010BD63
:10BB900010F4802F02D04FF4003010BD10F4003F9D
:10BBA00002D04FF4802010BD10F4803F02D04FF43B
:10BBB000002010BD10F4004F02D04FF4801010BDD3
:10BBC00010F4804F02D04FF4001010BD10F4005F4D
:10BBD00002D04FF4800010BD10F0080F02D04FF4D7
:10BBE000000010BD4FF4803010BD0000FC12002496
:10BBF00045002000C500200008E0FFFD14494FF477
:10BC0000FA520968B1FBF2F141F2883201FB02F20B
:10BC1000521E02D24FF000407047416B11F0450FA9
:10BC2000F6D011F4005FF3D1416B11F0040F03D093
:10BC30000421816304207047416B11F0010F03D090
:10BC40000121816301207047024981630020704710
:10BC5000FC120024C500200010494FF4FA52096874
:10BC6000B1FBF2F141F2883201FB02F2521E02D224
:10BC70004FF000407047416B11F0450FF6D011F4C2
:10BC8000005FF3D1416B11F0040F03D004218163F5
:10BC9000042070470249816300207047FC12002491
:10BCA000C5002000034610B523484FF4FA5C006835
:10BCB000B0FBFCF041F2883C00FB0CFCBCF1010C39
:10BCC00002D24FF0004010BD586B10F0450FF5D078
:10BCD00010F4005FF2D1586B10F0040F02D0042072
:10BCE000986310BD586B10F0010F02D001209863CB
:10BCF00010BD184600F054F8884201D0012010BD54
:10BD00000E4898630021184600F051F810F4604F77
:10BD100005D010F4804F06D04FF4005010BD000C39
:10BD20001080002010BD10F4004F02D04FF480505E
:10BD300010BD4FF4803010BDFC120024C50020005F
:10BD400016494FF4FA520968B1FBF2F141F2883218
:10BD500001FB02F2521E02D24FF000407047416BCD
:10BD600011F0450FF6D011F4005FF3D1416B11F0E3
:10BD7000040F03D00421816304207047416B11F04C
:10BD8000010F03D00121816301207047416B11F045
:10BD9000400F01D04021816300207047FC12002435
:10BDA0000069C0B27047006800F0030070470844A3
:10BDB000406970470FB4029A0199049B1143039A9A
:10BDC0001A431143059A11434268034B1A40114329
:10BDD0004160002004B07047002CC0FF016841F0B2
:10BDE0000301016000207047D0F880007047000018
:10BDF0000A6882608B684A681A43CB6809691943EC
:10BE00001143C268024B1A401143C16000207047C1
:10BE1000C0E0FEFF0968C0F88010002070470000F5
:10BE20004DF804ED87B03748016841F00801016022
:10BE3000016801F008010191016841F01001016001
:10BE4000016801F010010191016841F020010160D9
:10BE5000016801F020010191016841F04001016099
:10BE6000016801F040010191016841F08001016029
:10BE7000016801F080010191016841F48071016065
:10BE8000006800F4807001901F48016841F48051FF
:10BE90000160006800F480500190022003900120AE
:10BEA0000490032005900C2006904CF20370029041
:10BEB000164802A9F8F796FA4FF6837002901448D4
:10BEC00002A9F8F78FFA4FF63F000290114802A935
:10BED000F8F788FA48F2331002900F4802A9F8F7F1
:10BEE00081FA4FF62C7002900C4802A9F8F77AFA02
:10BEF00040F2FF6002900A4802A9F8F773FA07B00F
:10BF00005DF804FBE0440258D4440258000C025887
:10BF1000001002580014025800180258001C025861
:10BF2000002002582DE9F84380460C460027009770
:10BF30000125256010266660A560E7604FF6FF7258
:10BF400021464046FBF7DEFC0120F8F7F9F8022015
:10BF500020606660A560E7604FF6FF7221464046AC
:10BF6000FBF7D0FC0320206066600820A060E7603B
:10BF70004FF6FF7221464046FBF7C4FC4FF40C71AC
:10BF80000091042020606660A560E1604FF6FF72BA
:10BF900021464046FBF7B6FC404640F20761BDE84B
:10BFA000F843FBF796BC000010B5064C012020704A
:10BFB000F4F74CFF18B9207820F0010020702078A9
:10BFC00010BD0000101300242DE9F04788B004468E
:10BFD0000E46F8F715FB07460025AA46CDF800A047
:10BFE000CDF804A008212068FFF789FB002848D17C
:10BFF000B4F8440001042068FFF750FB002840D14A
:10C00000401E02904FF00808CDF80C8030200490BC
:10C010004FF00209CDF81490CDF818A00120079038
:10C0200002A92068FFF70EFD2068FFF743FC0028F7
:10C0300027D12068406B40F22A5A10EA0A0F18D123
:10C040002068416B11F4002F08D13DB9FFF7CCFEF9
:10C0500000902068FFF7C8FE01900125F8F7D0FA9C
:10C06000C01BB0F1FF3F0FD02068406B10EA0A0FF1
:10C07000E6D02068416B11F0080F0AD0C0F8388074
:10C08000082008B0BDE8F08708B04FF00040BDE8D8
:10C09000F087416B11F0020F05D0C0F8389008B05E
:10C0A0000220BDE8F087416B11F0200F05D0202160
:10C0B000816308B02020BDE8F087134981630198AF
:10C0C000019901F47F41000640EA0120019901F441
:10C0D0007F0140EA1120019940EA11603060301D73
:10C0E0000099009A02F47F42090641EA0221009A6F
:10C0F00002F47F0241EA1221009A41EA12610160D2
:10C1000008B00020BDE8F0873A0F001870B58CB079
:10C11000044600200090F8F773FA05462068FFF700
:10C1200042FE10B3A06B032818D02068FFF794FBE1
:10C1300000281CD120680021FFF739FEE0660421A9
:10C140002068FFF734FE206708212068FFF72FFEE4
:10C1500060670C212068FFF72AFEA067A06B032808
:10C160001CD0BDF8000020B118E04FF080600CB08A
:10C1700070BD41F2883620686946FFF7CEFB002883
:10C18000F5D1F8F73DFA401BB04203D34FF0004021
:10C190000CB070BDBDF800000028ECD0A06B0328E7
:10C1A0001CD0BDF80000606401042068FFF76BFB41
:10C1B0000028EDD120680021FFF7F9FDE06504219A
:10C1C0002068FFF7F4FD206608212068FFF7EFFDE7
:10C1D00060660C212068FFF7EAFDA0660421206854
:10C1E000FFF7E5FD000D206401A92046FBF75AFC8E
:10C1F00018B14FF080500CB070BDB4F84400010489
:10C200002068FFF70FFB0028F5D10CB070BD0000CF
:10C210002DE9F84F044600270097002600252068E6
:10C22000FFF7A0FA00281BD12068FFF7AFFAB0F1A2
:10C23000004F4FF0010905D0C4F83C90E06B012895
:10C2400007D00FE0E7632068FFF78CFA002807D1DA
:10C25000F4E720680021FFF721FA18B14FF0805071
:10C26000BDE8F88FDFF860A04FF6FF7817E0206890
:10C270000021FFF713FA0028F2D120685146FFF79A
:10C2800027FA18B14FF08050BDE8F88F20680021E0
:10C29000FFF78DFD0646F50F0098401C00900098B2
:10C2A000404501D2002DE2D00098404503D34FF025
:10C2B0008070BDE8F88FA76316F0804F01D0C4F8F6
:10C2C00038900020BDE8F88F000010C170B5054619
:10C2D0006C6AA86A202815D300262868FFF784FD19
:10C2E0002070611C020A0A70491C020C0A70491C69
:10C2F000000E08704C1C761C082EEED36C62A86AE7
:10C300002038A86270BD0000F0B587B004460D4625
:10C31000F8F776F9074620680021FFF748FD10F08E
:10C32000007F03D007B04FF40060F0BD20684021CB
:10C33000FFF7E5F918B1616B616307B0F0BDB4F8C0
:10C34000440001042068FFF7A9F918B1616B61632B
:10C3500007B0F0BD4FF0FF3000904020019060200A
:10C360000290022003900020049001200590206894
:10C370006946FFF767FB2068FFF7ECFA18B1616BBD
:10C38000616307B0F0BD2068406B10F4957F18D151
:10C390002068406B10F4004F08D000262068FFF79B
:10C3A00023FD28602D1D761C082EF7D3F8F728F9F9
:10C3B000C01BB0F1FF3F0CD02068406B10F4957F9C
:10C3C000E6D02068416B11F0080F06D007B00820B6
:10C3D000F0BD07B04FF00040F0BD416B11F0020F0F
:10C3E00002D007B00220F0BD416B11F0200F02D047
:10C3F00007B02020F0BD406B10F4805F0FD02068A4
:10C40000FFF7F2FC28602D1DF8F7FAF8C01BB0F119
:10C41000FF3F0AD02068406B10F4805FEFD12168A5
:10C420000448886307B00020F0BD07B04FF000401B
:10C43000F0BD00003A0F001870B504460D46002DFF
:10C440000ED0B4F8440001042068FFF74CFA00282D
:10C4500005D120680021FFF7AAFC2860002070BDEC
:10C460004FF0006070BD10B582B00446002000900F
:10C47000019000212068FFF79AFC10F0007F03D0A4
:10C480004FF4006002B010BD69462046FFF79CFDE6
:10C490000028F7D1019810F4803F0FD0B4F8440081
:10C4A00001042068FFF7FAF80028EBD1206800218A
:10C4B000FFF73EF90028E5D102B010BD02B04FF001
:10C4C000806010BD10B582B004460020009001903D
:10C4D00000212068FFF76BFC10F0007F03D04FF4C1
:10C4E000006002B010BD69462046FFF76DFD0028D0
:10C4F000F7D1019810F4802F0FD0B4F84400010454
:10C500002068FFF7CBF80028EBD120680221FFF765
:10C510000FF90028E5D102B010BD02B04FF08060E5
:10C5200010BDF8B50546EC69286A20281DD3002601
:10C5300021780091601C027841EA02210091401CA0
:10C54000027841EA02410091401C027841EA02610E
:10C550000091441C28686946FFF75CFC761C082E95
:10C56000E6D3EC61286A20382862F8BD70B505462C
:10C57000F4F778FC034C18B92846FFF715FD207036
:10C58000207870BD1013002410B58AB014461748E7
:10C59000007810F0010F02D00AB0032010BD41B1A5
:10C5A000012909D002290FD0032915D004200AB08F
:10C5B00010BD00200AB010BD01A8F4F741FC079897
:10C5C000206000200AB010BD01A8F4F739FC0898DB
:10C5D000208000200AB010BD01A8F4F731FC0898B3
:10C5E000400A206000200AB010BD00001013002493
:10C5F0002DE9F84F0E46144698464FF001096D4854
:10C600004FF0000AC0F808A06B48C0F800A0BFF3C4
:10C610004F8F001F0068C0F34E32684D43F6FF771E
:10C62000C0F3C90C614607EA421343EA81702860EF
:10C63000491EFAD2521EF5D2BFF34F8FBFF36F8F50
:10C6400016F0030F0FD04FF0000BB8F1000F7DD99B
:10C650005B4801222146641CF4F788FC0090009896
:10C6600000284BD078E0424621463046F4F77EFC65
:10C67000002842D1F7F7C4FF0446DFF8388141F2C1
:10C680008836D8F8080020B9F7F7BAFF001BB04287
:10C69000F7D3D8F8080090B1C8F808A0F7F7B0FFB2
:10C6A0000446F7F7ADFF001BB04226D2F4F7CEFBED
:10C6B00040B1F7F7A5FF001BB042F7D377E04FF08A
:10C6C000010974E04FF000093B48C0F800A0BFF337
:10C6D0004F8F001F0068C0F34E33C0F3C90C604693
:10C6E00007EA431141EA80722A60401EFAD25B1EBB
:10C6F000F5D2BFF34F8FBFF36F8F58E0F7F780FF8E
:10C700000546DFF8B0A041F28837DAF8080020B912
:10C71000F7F776FF401BB842F7D3DAF80800A8B164
:10C720000025CAF80850F7F76BFF8246F7F768FF55
:10C73000A0EB0A00B84208D2F4F788FB88B1F7F7FB
:10C740005FFFA0EB0A00B842F6D300E004E00BF173
:10C75000010BC345FFF47CAFC34528D1009820B33B
:10C7600025E015480560BFF34F8F001F0068C0F338
:10C770004E33124943F6FF75C0F3C90C604605EA13
:10C78000431242EA80770F60401EFAD25B1EF5D258
:10C79000BFF34F8FBFF36F8F09494FF400723046DC
:10C7A000F3F7E8FD06F50076CFE74FF000094846BD
:10C7B000BDE8F88F1013002484ED00E074EF00E072
:10C7C000C01E0024FFF7F0BB2DE9F84F0E461546BA
:10C7D0001F464FF00108DFF888910020C9F80400D7
:10C7E000DFF880E1CEF80000BFF34F8FAEF1040018
:10C7F0000068C0F34E33DFF870A143F6FF7BC0F34F
:10C80000C90421460BEA431C4CEA8172CAF8002095
:10C81000491EF9D25B1EF4D2BFF34F8FBFF36F8F67
:10C8200016F0030F35D00024002F7CD94FF0000AFA
:10C83000C9F804A04D484FF400723146F3F79AFD51
:10C8400006F500764748C0F800A0BFF34F8F001FE1
:10C850000068C0F34E32444B43F6FF7AC0F3C90C74
:10C8600060460AEA421141EA807BC3F800B0401EEC
:10C87000F9D2521EF4D2BFF34F8FBFF36F8F3B48F4
:10C88000012229466D1CF4F785FB0090009870B3D7
:10C890005DE03A4629463046F4F77CFB00285CD13F
:10C8A000F7F7AEFE054641F28834D9F8040020B906
:10C8B000F7F7A6FE401BA042F7D3D9F8040098B1C1
:10C8C0000020C9F80400F7F79BFE0546F7F798FE2D
:10C8D000401BA04241D2F4F7B9FA48B1F7F790FEF5
:10C8E000401BA042F7D338E04FF0010835E002E0EA
:10C8F0004FF0000831E0F7F783FE824641F2883BB3
:10C90000D9F8040028B9F7F77BFEA0EB0A005845D8
:10C91000F6D3D9F8040030B10020C9F80400F7F7C5
:10C920006FFE824600E012E0F7F76AFEA0EB0A0015
:10C93000584508D2F4F78AFA28B1F7F761FEA0EB60
:10C940000A005845F6D3641CBC42FFF46FAFBC42EA
:10C9500003D1009808B94FF000084046BDE8F88FB1
:10C960001013002484ED00E074EF00E0C01E0024EA
:10C970000148FBF71FBD00007414002402685169D0
:10C98000936943F0080393610268936943F01003CD
:10C9900093610268136823F001031360026813694E
:10C9A00023F06F0323F4407313610268936823F448
:10C9B0004043936090F88120042A0DD011F0200F9D
:10C9C0000AD0D0F8842042F08002C0F884200268A7
:10C9D000936943F02003936190F88120032A1FD0CC
:10C9E00011F0400F0AD0D0F8842042F00402C0F8C1
:10C9F00084200268936943F040039361826AB2F530
:10CA0000800F0DD111F0800F0AD0D0F8842042F0B1
:10CA10000202C0F884200268936943F080039361A6
:10CA200011F4007F0AD0D0F8842042F00102C0F84F
:10CA300084200268936943F40073936111F4807F4A
:10CA40000AD0D0F8841041F00801C0F884100168C1
:10CA50008A6942F480728A610021A0F86210A0F80D
:10CA60006A10704710B5806B0021A0F86A10A0F81A
:10CA70006210012180F88110FBF796FC10BD10B503
:10CA8000846BF6F731FC02280ED02046FFF776FFC4
:10CA9000D4F8840040F01000C4F88400012084F829
:10CAA00081002046FBF780FC10BD10B5806BFCF7C1
:10CAB00047F810BD10B5806BFCF770F910BD10B5CC
:10CAC000806B90F88110072909D0C16FC969B1F551
:10CAD000807F05D00068016941F00801016110BD47
:10CAE000FCF726F810BD10B5806B90F8811007296F
:10CAF00009D0816FC969B1F5807F05D000680169EF
:10CB000041F00801016110BDFCF747F910BDC16B90
:10CB1000012202EB5111C0680830C00800FB01F08F
:10CB2000704700004DF804ED87B00B48016841F4F0
:10CB300080610160006800F480600190062002902E
:10CB40000120039004900320059002A90348F7F701
:10CB500049FC07B05DF804FBE04402580028025885
:10CB600070470000012080F31388BFF34F8F054802
:10CB70000168054A01F4E06111430160BFF34F8F82
:10CB800000BFFDE70CED00E00400FA05F0B583B04E
:10CB900004460D460020AF00394608F03BFD06462E
:10CBA00039463046F3F70DFC0021002D1ED9164BF7
:10CBB000002006EB810200EB010C04EB8C0C9CEDD9
:10CBC000000AD3F800C00CEB800CDCED000A20EE6C
:10CBD000200AD2ED000A30EE800A82ED000A401CE5
:10CBE000B0F5C05FE7D3491CA942E1D301AB2946A8
:10CBF00002AA304604F074F90020314608F0FEFC29
:10CC0000019803B0F0BD0000F41100242DE9F043B9
:10CC100083B006460D46174698460A9C00204FF4FE
:10CC2000804108F0F7FC814643463A464946304683
:10CC3000F4F7A4FC00204FF4804108F0EBFC06461A
:10CC40004FF480413046F3F7BCFB4FF400633246AB
:10CC50002946484603F0D4FD01231D481A463146B3
:10CC600003F0ABF800204FF4005108F0D3FC054668
:10CC70004FF400512846F3F7A4FB4FF40062294615
:10CC8000304603F0EDFC02AB284601AA4FF40061E8
:10CC900004F026F90020494608F0B0FC0020314697
:10CCA00008F0ACFC0020294608F0A8FC09490198CE
:10CCB000884209DD0298401E00EB400040002060E1
:10CCC00003B00120BDE8F08303B00020BDE8F0838D
:10CCD0004CC301083333B33E2DE9F04182B0054621
:10CCE0000C4616461F4600204FF4804108F092FC87
:10CCF00080463B46324641462846F4F73FFC00203A
:10CD00004FF4804108F086FC05464FF480412846E8
:10CD1000F3F757FB4FF400632A462146404603F0E1
:10CD20006FFD012326481A46294603F046F80020E5
:10CD30004FF4005108F06EFC04464FF400512046B9
:10CD4000F3F73FFB4FF400622146284603F088FCCE
:10CD500001AB6A464FF48061204604F0C1F8002020
:10CD6000414608F04BFC0020294608F047FC002013
:10CD7000214608F043FC0098B0F17A5F15DD1148B8
:10CD8000012101701048114A007888B1019800EB28
:10CD90004000400010600E48017005200D4A1070E0
:10CDA0000D48017006200D49087002B0BDE8F08101
:10CDB0000B480170019800EB400040001060ECE768
:10CDC0004CC30108D9010024D0010024D40100245F
:10CDD000D801002405000024D2010024C61100243B
:10CDE000D10100242DE9F8432D4E00272D4D307838
:10CDF000012812D007F0C2FD2C4806222A4C4FF41D
:10CE00004053009401682868FFF766FFDFF8A080B0
:10CE100098F80000002834D03DE0264C26492148EF
:10CE2000227809680068102A0ED202F1020202EB91
:10CE3000420200EB42304FF4C042F3F79BFA2078F5
:10CE4000401C2070BDE8F883FCD100F5D8204FF4D9
:10CE5000C042F3F78FFA19484FF4E42229680068BA
:10CE6000F3F788FA28684FF4E421F3F7AAFA277059
:10CE70003770012012490870062012490870BDE879
:10CE8000F8831148062200944FF440530168286843
:10CE9000FFF7BCFE307088F80070BDE8F883000032
:10CEA000C8110024E4110024CC110024F011002446
:10CEB000D9010024CA110024E0110024E811002443
:10CEC00007000024C6110024EC11002410B5F7F768
:10CED000DDFB04484078002803D0BDE8104000F096
:10CEE00003B810BD7C12002470B5174E706800287E
:10CEF00005D07068401E706001D1012030700024A0
:10CF0000124D04EB440005EB800004F0B2FE601CFF
:10CF1000C4B2042CF5D3B068401CB060B1680024E2
:10CF20006FF00040814200D1B46004F0A1FEB078FF
:10CF3000401CC0B2B0700A2804D3B470BDE8704081
:10CF400004F094BE70BD00007C120024741500240F
:10CF500030B59DB000241494159416941794189429
:10CF600019941A941B944C2101A8F3F72AFA3A4811
:10CF7000016821F0040101603848016821F00101D5
:10CF8000016000683648016841F440410160016871
:10CF900001F440410091016811F4005FFBD00120D1
:10CFA0000190000402900494089402200A900B90CF
:10CFB00005210C91A0210D910E90109004200F904E
:10CFC00012940825119501A8F9F7CCFE18B1F521A6
:10CFD00024A0F5F721FB3F20149003201590169410
:10CFE000179540201890199001011A911B90042167
:10CFF00014A8F9F71FFC20B11AA040F20F11F5F7A1
:10D000000BFB1E48016841F0800101601C4801686B
:10D0100041F002010160006800F002000090F7F7A3
:10D0200095F81848016841F000510160016801F06D
:10D0300000510091016841F080410160016801F0F8
:10D0400080410091016841F000410160006800F0FA
:10D05000004000901DB030BD0C4802582C04005810
:10D06000184802582E2E5C2E2E5C557365725C6239
:10D0700073705C6273702E630000000000440258FD
:10D08000F4440258DC4402582B48016841F4700112
:10D0900001602A4A106800F00F00072805D21068C6
:10D0A00020F00F0040F0070010602549086840F0AC
:10D0B00001000860234B002018600B68DFF888C06F
:10D0C00003EA0C030B60136803F00F03072B05D969
:10D0D000136823F00F0343F0070313601B4A10602B
:10D0E000121D1060121D10601A4B194A1A601B1D88
:10D0F000194A1A601B1D194A1A601B1D18601B1D56
:10D100001A601B1D18601B1D1A601A1D10600A682A
:10D1100022F480220A6012490860124800686FF306
:10D120000F00B0F1005F02D20F490120086043F206
:10D13000D2000E490860704788ED00E000200052E0
:10D1400000440258104402587FEDF6EA1844025891
:10D1500000020202284402580000FF01800201017F
:10D16000604402580010005C0881005100400052E9
:10D1700070B54FF08044206900F00201E06800F0D3
:10D180000200204D002908D038B14FF6FD70206113
:10D19000E1680840E060E8688047206900F004002A
:10D1A000E16801F0040140B139B14FF6FB70206134
:10D1B000E1680840E06028698047206900F00800C5
:10D1C000E16801F0080140B139B14FF6F770206114
:10D1D000E1680840E06068698047206900F010005D
:10D1E000E16801F0100100280BD0002909D04FF6AA
:10D1F000EF702061E1680840E060A869BDE8704018
:10D20000004770BD7C1200242DE9F0030268284B12
:10D21000DFF8A090DFF8A0C09842284D284C0AD033
:10D22000B0F1804F07D0484505D0604503D0A842F3
:10D2300001D0A04203D122F070024E683243214E49
:10D24000214F9842DFF8848010D0B0F1804F0DD08C
:10D2500048450BD0604509D0A84207D0A04205D070
:10D26000B04203D0B84201D0404505D122F440720B
:10D27000D1F80CC04CEA0202D1F814C022F08002AE
:10D2800042EA0C0202608A68C2620A6882629842BC
:10D2900007D0A04205D0B04203D0B84201D04045EB
:10D2A00001D10969016301214161BDE8F0037047C3
:10D2B000000001400004004000080040000C004055
:10D2C000000401400040014000440140004801408A
:10D2D00010B52A480068C16911F0100F48D010211C
:10D2E00001622648FBF791FE2548264900688842DE
:10D2F0002CD02549884229D02449884226D0244967
:10D30000884223D02349884220D0234988421DD017
:10D31000224988421AD02249884217D0214988429E
:10D3200014D02149884211D0204988420ED020498A
:10D3300088420BD01F49884208D01F49884205D037
:10D340001E49884202D01E49884201D1406800E04F
:10D3500040681C49C0F5006008804FF400611A481D
:10D36000F3F72FF818494FF400620448FCF722FA4B
:10D37000BDE810400148FBF799BE000024170024C7
:10D38000B417002410000240280002404000024070
:10D39000580002407000024088000240A000024095
:10D3A000B800024010040240280402404004024039
:10D3B000580402407004024088040240A004024065
:10D3C000B804024098120024000000304DF8044DCB
:10D3D000416E00291DD002689168C1F342619268D4
:10D3E000520F104B13F802C04FEA0C1403F1080C53
:10D3F0001CF80220B4FBF2F2A0F86A205A5C1CF878
:10D4000001101201B2FBF1F1A0F868105DF8044BB5
:10D4100070470121A0F86A10A0F868105DF8044B6D
:10D4200070470000706F040890F8281011F0010F89
:10D4300006D001684A68C36A22F400321A434A607F
:10D4400090F8281011F0020F06D001684A68036BAB
:10D4500022F480321A434A6090F8281011F0040F29
:10D4600006D001684A68436B22F480221A434A605E
:10D4700090F8281011F0080F06D001684A68836BF5
:10D4800022F400421A434A6090F8281011F0100F5D
:10D4900006D001688A68C36B22F480521A438A60FE
:10D4A00090F8281011F0200F06D001688A68036CEC
:10D4B00022F400521A438A6090F8281011F0400FAD
:10D4C00011D001684A68436C22F480121A434A6002
:10D4D000416CB1F5801F06D101684A68836C22F463
:10D4E000C0021A434A6090F8281011F0800F06D04D
:10D4F00001684A68C06C22F40022104348607047FB
:10D50000F8B504460025C4F88C50F7F779F80746BB
:10D51000206800686FF07E4610F0080F0AD00022E5
:10D520003B464FF400112046009600F0A7FB08B1DF
:10D530000320F8BD2068006810F0040F0AD0002214
:10D540003B464FF480012046009600F097FB08B15F
:10D550000320F8BD2020C4F88400C4F88800E566E4
:10D5600084F880500020F8BD10B5806B0021A0F831
:10D570005E10A0F85610FBF797FD10BD70B5846BD8
:10D58000D4F88400D4F88850216889684FF00006E8
:10D5900011F0800F06D0212804D1A4F8566020464F
:10D5A00000F09FF82068806810F0400F06D0222D10
:10D5B00004D1A4F85E60204600F059F8D4F88C003D
:10D5C00040F01000C4F88C002046FBF76DFD70BDE4
:10D5D000014610B5886BC969B1F5807F2ED0002156
:10D5E000A0F85E10016851E8002F22F4807241E833
:10D5F0000023002BF6D10168083151E8002F22F0FA
:10D60000010241E80023002BF5D10168083151E8FF
:10D61000002F22F0400241E80023002BF5D1202109
:10D62000C0F88810C16E012908D1016851E8002FA7
:10D6300022F0100241E80023002BF6D1C16E01292F
:10D6400002D0FCF7E6F810BDB0F85C10FBF78DFCDB
:10D6500010BD10B5806BC16E012902D0FCF7DAF85D
:10D6600010BDB0F85C104908FBF77FFC10BD0168E5
:10D6700051E8002F22F4907241E80023002BF6D1EC
:10D680000168083151E8002F22F0010222F0805297
:10D6900041E80023002BF3D1C16E012908D10168B4
:10D6A00051E8002F22F0100241E80023002BF6D1B0
:10D6B0002021C0F888100021C1660167704710B5AD
:10D6C000016851E8002F22F0400241E80023002BBE
:10D6D000F6D12021C0F8841000214167FCF79BF8A7
:10D6E00010BD016851E8002F22F0C00241E800237C
:10D6F000002BF6D10168083151E8002F22F4000216
:10D7000041E80023002BF5D12021C0F88410704798
:10D710002DE9F04387B004460025F64B20682269C6
:10D72000A168D4F81CC01143626942EA0C0211439B
:10D730000268DFF8C4C302EA0C02114301602068EA
:10D740004168E26821F4405111434160A0692168B9
:10D75000994201D0226A10438A6822F4306222F092
:10D760006E42104388602068C16A626A21F00F012E
:10D770001143C1622268E148A2F18041B1F58831CC
:10D780002FD0A2F18041B1F5884148D0A2F180416B
:10D79000B1F590415BD0A2F18041B1F5984170D0D4
:10D7A000A2F18041B1F5A0416AD0A2F18041B1F56A
:10D7B0008A3172D0A2F18041B1F5F0416ED0A2F170
:10D7C0008041B1F5F8416AD09A4269D1001D0068E4
:10D7D00000F0070006286ED2DFE800F0D6D8DADCC9
:10D7E000DEE0006800F03800182812D005DC50B1E7
:10D7F00008280AD0102804D109E020280BD02828B6
:10D800000BD08021CFE00121CDE00421CBE0082125
:10D81000C9E01021C7E02021C5E04021C3E0006835
:10D8200000F00700062810D2DFE800F00305070922
:10D830000B0D0021B7E00421B5E00821B3E0102171
:10D84000B1E02021AFE04021ADE08021ABE00068F5
:10D8500000F00700062810D2DFE800F003050709F2
:10D860000B0D00219FE004219DE008219BE0102189
:10D8700099E0202197E0402195E0802193E000E0AD
:10D880001CE0006800F00700062815D2DFE800F071
:10D8900003090B0D0F11002185E027E044E05BE058
:10D8A00080E004217FE008217DE010217BE0202141
:10D8B00079E0402177E073E0802174E0006800F0B7
:10D8C0000700062810D2DFE800F0030507090B0D5A
:10D8D000002168E0042166E0082164E0102162E094
:10D8E000202160E040215EE080215CE0006800F0E3
:10D8F0003800182812D005DC50B108280AD01028AA
:10D9000004D109E020280BD028280BD080214AE040
:10D91000012148E0042146E0082144E0102142E0D2
:10D92000202140E040213EE0006800F0070006288A
:10D9300010D2DFE800F0030507090B0D002132E0EB
:10D94000042130E008212EE010212CE020212AE0E3
:10D95000402128E0802126E0006800F0070006282A
:10D9600010D2DFE800F0030507090B0D00211AE0D3
:10D97000042118E0082116E0102114E0202112E013
:10D98000402110E080210EE002210CE004210AE099
:10D99000082108E0102106E0202104E0402102E0F7
:10D9A000802100E080215648564E0027DFF858912C
:10D9B0009A424FEA201C57D110292AD006DC0229AE
:10D9C0001AD004291BD0082904D11DE020292BD00E
:10D9D00040292BD000200125F0B3616A36F81120D0
:10D9E000B0FBF2F1666806EB46038B4202D8B1EB5E
:10D9F000063F1ED90125E1E0F7F7AAFCECE704A8F1
:10DA0000F7F7A0FD0598E7E701A8F7F783FE02986E
:10DA1000E2E7D9F8001011F0200FDDD0D9F800109E
:10DA2000C1F3C101C840D7E76046D5E74FF40040D5
:10DA3000D2E700231946F2F74BFC0902020241EA41
:10DA4000106170081018324679410023F2F740FC4B
:10DA50002E4AA0F5407100E04BE0914202D82168C7
:10DA6000C860ABE00125A9E0E2694FF6EF78B2F5B6
:10DA7000004F08D008297DD061DC71B301297ED028
:10DA8000042962D17EE0082942D005DC31B30129A6
:10DA900027D0042906D127E010293ED0202947D0DD
:10DAA000402947D00020012518B3616A36F81110CB
:10DAB000B0FBF1F04100606801EB5001B1FBF0F008
:10DAC000A0F11001414538D84FF6F0710140C0F384
:10DAD000420008432168C86070E04DE0F9F72CF877
:10DAE000E2E7F9F73DF8DFE704A8F7F72BFD059823
:10DAF000DAE75CE0000C0058F369FFCF54440258A9
:10DB00000090D003586F040800440258FFFC0F0037
:10DB100001A8F7F7FFFD0298C6E7D9F8001011F049
:10DB2000200FC1D0D9F80010C1F3C101C840BBE734
:10DB30006046B9E74FF40040B6E701253EE0102902
:10DB40002AD0202934D0402934D00020012570B3B8
:10DB5000616A36F81110B0FBF1F1606801EB500119
:10DB6000B1FBF0F0A0F11001414526D8216880B248
:10DB7000C86023E00BE002E0F8F7DEFFE7E7F8F724
:10DB8000EFFFE4E704A8F7F7DDFC0598DFE701A85D
:10DB9000F7F7C0FD0298DAE7D9F8001011F0200F6E
:10DBA000D5D0D9F80010C1F3C101C840CFE705E0D6
:10DBB0006046CCE74FF40040C9E701250120A4F8F6
:10DBC0006A00A4F868002767676707B02846BDE8C1
:10DBD000F083000070B504461346A165A4F85C30DC
:10DBE0000025C4F88C502220C4F88800E06F00287B
:10DBF0001BD01F49C163E16F1E480864E16F1E48D6
:10DC0000C864E06F05652068A26D00F12401E06F33
:10DC1000F6F726F948B11020C4F88C0084F880503B
:10DC20002020C4F88800012070BD84F8805020694D
:10DC300040B1206850E8001F41F4807140E80012B4
:10DC4000002AF6D12068083050E8001F41F0010199
:10DC500040E80012002AF5D12068083050E8001F83
:10DC600041F0400140E80012002AF5D1002070BDCB
:10DC7000D1D5000853D600087DD500082DE9F0471E
:10DC80000446884691469A46089D2068C06938EA4D
:10DC9000000039D0002048455CD100272026B5F18E
:10DCA000FF3F4FD0F6F7ACFCA0EB0A00A8422DD8FE
:10DCB00065B32068016811F0040F43D0C06910F407
:10DCC000006F3FD021684FF400600862206850E880
:10DCD000001F21F4D07140E80012002AF6D120681C
:10DCE000083050E8001F21F0010140E80012002A2E
:10DCF000F5D1C4F88460C4F88860C4F88C6084F8F6
:10DD000080700320BDE8F0870120C4E7206850E858
:10DD1000001F21F4D07140E80012002AF6D12068DB
:10DD2000083050E8001F21F0010140E80012002AED
:10DD3000F5D1C4F88460C4F8886084F8807003204A
:10DD4000BDE8F0872068C06938EA000005D00020EF
:10DD50004845A4D00020BDE8F0870120F8E7000086
:10DD600010B52C480068C16911F0100F4CD010217B
:10DD700001622848FBF749F927482849006888428A
:10DD80002CD02749884229D02649884226D02649C6
:10DD9000884223D02549884220D0254988421DD079
:10DDA000244988421AD02449884217D023498842FE
:10DDB00014D02349884211D0224988420ED02249EA
:10DDC00088420BD02149884208D02149884205D099
:10DDD0002049884202D02049884201D1406800E0B1
:10DDE0004068C0F500611D48018001881C48F3F7B8
:10DDF000CBF91B484FF40061F2F7E3FA18494FF4EE
:10DE000000620448FBF7D6FCBDE810400148FBF770
:10DE10004DB90000A415002434160024100002405F
:10DE200028000240400002405800024070000240BA
:10DE300088000240A0000240B800024010040240E6
:10DE4000280402404004024058040240700402408A
:10DE500088040240A0040240B80402409812002442
:10DE600000000030002200290CD9074B10F802C036
:10DE7000C3F828C0D3F81CC01CF0400FFAD0521CC5
:10DE80008A42F3D37047000000100140FEE70346CA
:10DE900000200022002906D913F802C08CEA0000F5
:10DEA000521C8A42F8D370470FB4054B10B503A932
:10DEB000044A029801F07AFE10BC5DF814FB0000E1
:10DEC0008D480108281300240FB4084B10B504A98D
:10DED00002AA039801F06AFE044602A9002001F09C
:10DEE00041FF204610BC5DF814FB000065FD0008F2
:10DEF00003B401984100009850EAC12018BF0420E3
:10DF00004A0D18BF40F0010040F2FF72B2EB515FC2
:10DF100008BF40F00200012808BF052002B070478A
:10DF20002DE9F0412DED020B9FED3D0B2DED028B08
:10DF30009FED3D8BDDE90254C4F30A50A0F2FF3699
:10DF4000142E37DA002E18DA53EC102B9DED020B4D
:10DF500051EC100BF2F74DFA53EC182BF2F752FC80
:10DF600057D2002CA4BF0024254652DA24F00040EA
:10DF7000284318BF2E4C4CD01AE02E4820FA06F742
:10DF800004EA070028431FD053EC102B9DED020B31
:10DF900051EC100BF2F72DFA53EC182BF2F732FC80
:10DFA00037D2002C03DA4FF48010F0400444BC4315
:10DFB00000252EE0332E07DCA6F114004FF0FF31D0
:10DFC00021FA00F73D4206D19DED020BBDEC028B1C
:10DFD00002B0BDE8F08153EC102B9DED020B51EC2B
:10DFE000100BF2F7AAFA53EC182BF2F70BFC10D235
:10DFF000002C0DDA142E08BF641C09D0C6F13400C1
:10E00000012101FA00F02844A84238BF641C0546EB
:10E01000BD43CDE902549DED020BD7E7000000009F
:10E020009C7500883CE4377E000000000000000082
:10E030000000F0BFFFFF0F0070B5D94B00242DED9D
:10E04000020B2DED108BDDE91010984205DA20F05F
:10E0500000429A4201D809D141B19DED100BBDECAF
:10E06000108B02B0BDE8704001F046BDB0F5801FD6
:10E0700026DA11430BD0002813DA012001F090FDBD
:10E08000BDEC108B02B0BDE8704001F049BD02202C
:10E0900001F086FD01F018FD51EC100B81F00041FC
:10E0A0009EE06FF035049FEDC00B53EC102B9DEDFF
:10E0B000100B51EC100BF2F743FACDE910010846B2
:10E0C00004EB2051C0F31304B948A1F2FF312044FE
:10E0D00000F4801080F07F6282F04052224301EB16
:10E0E00020559FEDB50B119253EC102B9DED100BAD
:10E0F00051EC100BF2F71EFA41EC180BA01CC0F308
:10E1000013009FEDAFDB9FEDB0EBB14E7E440328D3
:10E110006CD296ED000B51EC180B53EC102BF2F770
:10E1200059FB1DD1002D01BF96ED000BBDEC108BEE
:10E1300002B070BD2846F2F7E4FA41EC180B53EC3C
:10E140001D2BF2F7FDF941EC190B53EC1E2B51EC92
:10E15000180BF2F7F5F953EC192BF2F74AF93FE0F7
:10E160009FED9D0B51EC180B53EC102BF2F7E8F9D7
:10E170009FED9B1B53EC112BF2F7DFF941EC190BD0
:10E1800053EC182B51EC180BF2F7DAF953EC192B6E
:10E19000F2F7D6F941EC190B002D04BF53EC192B03
:10E1A00051EC180B1AD02846F2F7ABFA41EC1A0BD7
:10E1B00053EC1D2BF2F7C4F953EC192BF2F7BDF910
:10E1C00053EC182BF2F7B6F941EC180B53EC1E2B5D
:10E1D00051EC1A0BF2F7B4F953EC182BF2F7AAF939
:10E1E000BDEC108B02B041EC100B70BD9FED7E0BAF
:10E1F00051EC180B53EC102BF2F7FBF841EC100B21
:10E2000051EC180B53EC102BF2F70CFA41EC190BF4
:10E210002846F2F776FA41EC1B0B53EC192B51EC24
:10E22000190BF2F78DF941EC1A0B714853EC1A2BCC
:10E23000261851EC1A0BF2F783F941EC1F0B6D48CD
:10E24000C4F1510404F5D724B0EE4F0AF0EE6F0A82
:10E250000321784401F024FB53EC1F2B51EC100BED
:10E26000F2F76EF941EC1C0B6348B0EE4F0AF0EE8A
:10E270006F0A0421784401F013FB53EC1A2B51EC84
:10E28000100BF2F75DF9344353EC1C2BF2F7B1F8A5
:10E2900041EC1C0B002C4CDD9FED510B51EC180B8D
:10E2A00053EC102BF2F74CF953EC182BF2F748F91A
:10E2B00041EC1A0B55B353EC1D2B51EC1B0BF2F731
:10E2C0003FF941EC1D0B53EC1C2B51EC1A0BF2F7F0
:10E2D00090F853EC192BF2F733F953EC1D2BF2F7AE
:10E2E00088F853EC1A2BF2F728F953EC182BF2F7B5
:10E2F00021F941EC180B53EC1E2B51EC1B0BF2F7E0
:10E300001FF953EC182BF2F715F969E753EC1C2BA6
:10E3100051EC1A0BF2F76DF853EC192BF2F710F9D8
:10E3200053EC1A2BF2F709F953EC182BF2F705F915
:10E3300056E735B353EC1D2B51EC1B0BF2F700F9EC
:10E3400041EC1A0B53EC1C2B51EC180BF2F7F2F8C2
:10E3500053EC192BF2F7F4F853EC1A2BF2F7EAF816
:10E3600053EC182BF2F7E6F841EC180B53EC1E2B8C
:10E3700051EC1B0BF2F7E4F853EC182BF2F7DAF838
:10E380002EE753EC1C2B51EC180BF2F7D3F853EC9F
:10E39000192BF2F7D5F853EC182BF2F7CEF81FE74C
:10E3A0000000F07F0000000000000000000050436B
:10E3B000645F090000000000000000000000F03F62
:10E3C000763C7935EF39EA3D0000E0FE422EE63F2B
:10E3D000608F030000000000555555555555D53F39
:10E3E000000000000000E03F0000000000000040CE
:10E3F00086EBF9FF2A8D0300208D0300000000004A
:10E4000000B52DED028BB0EE408AF0EE608A18EE7A
:10E41000101A85B018EE900A8DED028B002918BFF6
:10E420000121084320F00040C0F17F6000F1E0408E
:10E43000C00F08D151EC180B9FED290B53EC102B9A
:10E44000F2F7C8F909D1B0EE480AF0EE680A01F017
:10E4500053FB05B0BDEC028B00BD9FED230B51ECCF
:10E46000180B53EC102BF2F7B5F908D2012001F08C
:10E4700097FB01F055FB05B0BDEC028B00BD6A4671
:10E4800051EC180B06F034FA41EC100B0098002800
:10E490000BDD401E9FED161B009053EC112B51EC31
:10E4A000100BF2F74DF841EC100B51EC100B06F08D
:10E4B000E0FC9FED111B53EC112BF2F7B3F841EC8C
:10E4C000180B0098F2F71DF953EC182BF1F791FF98
:10E4D00005B041EC100BBDEC028B00BD000000004C
:10E4E000000000000000F07F0000000000000000BD
:10E4F0000000000000000040EF39FAFE422EE63F27
:10E500002DE9F04D2DED040B2DED0E8B96B0DDE9D0
:10E510002550279CDDF890A025F0004624F0004807
:10E52000BAF1000F14BF0121002101EB4502FC49A3
:10E5300053184A1093422AD3002814BF0123002302
:10E5400003EB44030B44F7498B4220D358EA000104
:10E550009FEDF59B76D0DFF8D8B35D4503D1BAF1D6
:10E56000000F05D188E0BAF1000F08BF002100D0EC
:10E57000012101EB450111F5001F08D8002814BF47
:10E580000121002101EB440111F5001F0BD99DED84
:10E59000261B9DED240B16B0BDEC0E8B04B0BDE820
:10E5A000F04D01F0B3BA0027002DBCBFE14988450A
:10E5B00021DAE1498845A8BF02271CDAC3451ADCE5
:10E5C000DE4901EB2851142908DDC1F1340220FA9B
:10E5D00002F101FA02F282420DD108E058B9C1F10C
:10E5E000140228FA02F101FA02F2424503D101F0C5
:10E5F0000101C1F1020756EA0A0124D1002C22DAF6
:10E60000002D18BF022F01D0012F0AD0022001F0E7
:10E61000C7FA16B0BDEC0E8B04B0BDE8F04D01F0AA
:10E6200053BA022001F0BCFA01F04EFA51EC100B83
:10E6300081F0004141EC100B16B0BDEC0E8B04B024
:10E64000BDE8F08D18E09FEDBEAB9FEDBF8B0028BD
:10E6500071D1B848804522D105F1804010F5801075
:10E6600008BFBAF1000F07D0B3450ADC002CA8BFE1
:10E670009DED260BE0DA0DE0B0EE490AF0EE690AF6
:10E68000DAE7002C06DA9DED260B51EC100B81F039
:10E6900000416FE0AE48784490ED000BCCE7D845E0
:10E6A0004DD1002C48DA2EB186423AD1BAF1000F92
:10E6B00042D126E0BAF1000F13D0022001F070FA27
:10E6C00001F03EFA8DED020B9DED240B8DED000B5C
:10E6D00010EE900A039961F31E0003909DED020B6A
:10E6E000AAE78DED02AB9DED240B1AEE901A10EE09
:10E6F000900A8DED000B61F31E0003909DED020B5F
:10E700009AE78DED028B9DED240B18EE901A10EE1A
:10E71000900A8DED000B61F31E0003909DED020B3E
:10E720008AE709DA9DED240B51EC190B53EC102B01
:10E73000F1F778FF1EE020E09DED240B7CE7864298
:10E740001BDAB4F1804F0DD0A4F10050B0F1FF50AE
:10E7500013D1002D11DB9DED240B51EC100B07F0B4
:10E7600032F907E09DED240B53EC102B51EC100B0C
:10E7700000F0C2BC41EC100B5EE79DED240B51ECA8
:10E78000100B05F0EBFCBAF1000FCDE90E0142D100
:10E790009FED710B46B3A6F1E040B0F17F600CD065
:10E7A0005E4538D1002D00DAA7B3022F0CBF01203F
:10E7B0004FF0FF30F1F7A5FFDCE7002D01DD002C65
:10E7C0000DDA002D01DD002C1FDB002D16DA002CE8
:10E7D00014DB012F08BF9FED620B3FF42DAFB0EEAD
:10E7E0004A0AF0EE6A0A27E7022F18BF002D0CD064
:10E7F000012F0AD1002DFFF61FAF06E0002DB8BF94
:10E80000002C08DA012F3FF417AFB0EE480AF0EE03
:10E81000680A11E71BE0012000EBE57050EA0701F0
:10E8200015D0791EB0EE498AF0EE698A084308BF18
:10E830009FED4D8B4E480025804570DD4D494E487B
:10E84000884514DDB0420DDB002C19DB2FE00120E0
:10E8500001F0A6F916B0BDEC0E8B04B0BDE8F04D8A
:10E8600001F05EB9B34502DC002C09DC1FE08642F2
:10E8700002DA002C1BDA03E05E452BDD002C16DDEE
:10E88000022001F08DF901F05BF98DED020B53ECE4
:10E890001A2B51EC180BF1F753FECDE90001039947
:10E8A000019861F31E0003909DED020BC4E6022067
:10E8B00001F076F901F054F910EE901A18EE900A72
:10E8C0008DED020B8DED008B61F31E0003909DED2D
:10E8D000020BB1E69DED0E0B53EC192B51EC100B16
:10E8E000F1F728FE9FED260BCDE9080153EC102B24
:10E8F0009DED080B51EC100BF1F722FE9FED221B52
:10E9000053EC112BF1F719FE9DED081B53EC112B65
:10E91000F1F716FE9FED1E1B53EC112B3CE08CE033
:10E92000FFFF1F00FFFF0F00000000000000F03F8E
:10E930000000F03F0000F07F0000404301FCFFFFBB
:10E94000000000000000F07F000000000000000058
:10E95000D6890300000000000000000000000080D5
:10E96000000000000000F0FF000000000000F0BF09
:10E970000000E0410000F043FFFFEF3F0000000017
:10E98000000000000000D03F555555555555D53F66
:10E99000000000000000E03FF1F7CFFD9DED080B07
:10E9A00041EC1A0B53EC102B51EC100BF1F7C8FD96
:10E9B00053EC1A2BF1F7C4FD41EC1A0B9FEDFE0B43
:10E9C00053EC102B9DED080B51EC100BF1F7B8FD3B
:10E9D00041EC1B0B9FEDFA0B51EC1A0B53EC102B77
:10E9E000F1F7AEFD41EC1A0B9FEDF70B53EC102B3A
:10E9F0009DED080B51EC100BF1F7A2FD53EC1A2B17
:10EA0000F1F798FD41EC1A0B51EC1B0B53EC1A2B50
:10EA1000F1F7EFFC0690CDE906519DED060B53ECA6
:10EA20001B2B51EC100BF1F785FD53EC1A2BF1F772
:10EA300084FD41EC100B00F0A1B90020B6F5801F59
:10EA40000EDA9FEDE30B53EC102B9DED0E0B51EC0A
:10EA5000100BF1F775FDCDE90E016FF034000E4695
:10EA600000EB2650A0F2FF37C6F31300DA4940F05E
:10EA70007F6646F040568842D8BF002408DDD7495B
:10EA80008142C8BF012403DC0024A6F580167F1C48
:10EA9000D348784400EBC4000F9690ED00CB9DED79
:10EAA0000E0B53EC1C2B51EC100BF1F743FD9DEDBD
:10EAB0000E0B41EC1B0B53EC1C2B51EC100BF1F724
:10EAC00098FC41EC100B51EC190B53EC102BF1F7A7
:10EAD000A9FD41EC1D0B51EC1B0B53EC1D2BF1F769
:10EAE0002FFD41EC1A0BBF488DED10AB784410950B
:10EAF00090ED000B4FF0005040EA660000EB8440C0
:10EB00008DED080B00F5002009909DED080B53ECEE
:10EB10001C2B51EC100BF1F70DFD9DED0E1B53EC72
:10EB2000112BF1F70AFD41EC100B53EC102B9DED6E
:10EB3000100B51EC100BF1F703FD9DED080B41ECB0
:10EB40001C0B53EC102B9DED100B51EC100BF1F73F
:10EB5000F7FC53EC1B2BF1F7F0FC53EC1C2BF1F7FB
:10EB6000E9FC53EC1D2BF1F7EBFC41EC1C0B53ECD7
:10EB70001A2B51EC1A0BF1F7E3FC41EC1B0B9A48F2
:10EB80000621B0EE4B0AF0EE6B0A784400F088FEE6
:10EB9000B0EE401AF0EE601AB0EE41DAF0EE61DA53
:10EBA00053EC1B2B51EC1B0BF1F7CAFC53EC1D2B48
:10EBB000F1F7C6FC9DED100B41EC1B0B53EC1A2B2F
:10EBC00051EC100BF1F715FC53EC1C2BF1F7B8FCD2
:10EBD00053EC1B2BF1F70DFC9DED100B41EC1B0BC7
:10EBE00053EC102B51EC100BF1F7AAFC41EC1D0B70
:10EBF0009FED7FEB53EC1E2BF1F7FBFB53EC1B2B34
:10EC0000F1F7F7FB0890CDE908519DED080B53ECA7
:10EC10001E2B51EC100BF1F78DFC53EC1D2BF1F773
:10EC200089FC53EC1B2BF1F788FC9DED080B41ECA4
:10EC30001D0B53EC102B9DED100B51EC100BF1F74D
:10EC40007FFC41EC1B0B53EC1A2B51EC1D0BF1F725
:10EC500077FC9DED080B41EC1A0B53EC102B51EC9B
:10EC60001C0BF1F76DFC53EC1A2BF1F7C2FB41ECD6
:10EC70001A0B51EC1B0B53EC1A2BF1F7BAFB0C904F
:10EC8000CDE90C519DED0C0B53EC1B2B51EC100BF3
:10EC9000F1F750FC53EC1A2BF1F74FFC41EC1B0B36
:10ECA0009FED550B53EC102B9DED0C0B51EC100B05
:10ECB000F1F746FC41EC1A0B9FED510B51EC1B0B8D
:10ECC00053EC102BF1F73CFC41EC1B0B9FED4E0B72
:10ECD00053EC102B9DED0C0B51EC100BF1F730FCAD
:10ECE00053EC1B2BF1F785FB41EC100B48487844A3
:10ECF00000EBC40090ED001B51EC100B53EC112BFA
:10ED0000F1F777FB41EC1B0B3846F1F7FAFCCDE944
:10ED1000080153EC1B2B51EC1A0BF1F76AFB41EC89
:10ED2000100B3C48784400EBC40090ED00CB51EC54
:10ED3000100B53EC1C2BF1F75CFB9DED081B53EC07
:10ED4000112BF1F756FB0690CDE906519DED080B0E
:10ED500053EC102B9DED060B51EC100BF1F7EAFB79
:10ED600053EC1C2BF1F7E6FB53EC1A2BF1F7E2FB0B
:10ED700053EC1B2BF1F7E1FB41EC100B9DED261B37
:10ED800053EC102B8DED001B00959DED260B51ECE7
:10ED9000100BF1F7D5FB9DED000B41EC1A0B53EC7A
:10EDA000102B9DED260B51EC100BF1F7C3FB9DEDE5
:10EDB000061B53EC112B2FE0000000604715F73FB6
:10EDC000FE822B654715F73F44DF5DF80BAE543EDE
:10EDD00000000000000040438E9803007AB60B004C
:10EDE00022850300808503005A8403000000000090
:10EDF0000000000000000840000000E009C7EE3FEE
:10EE0000FD033ADC09C7EE3FF5015B14E02F3EBE7F
:10EE1000E6820300A0820300F1F792FB53EC1A2B69
:10EE2000F1F7E7FA9DED060B41EC1A0B53EC102BB2
:10EE30009DED000B51EC100BF1F782FBCDE90C01BD
:10EE40009DED0C0B51EC1A0B53EC102BF1F7D1FA92
:10EE5000CDE902010C46AA498C422FDB611A084316
:10EE600018D19DED0C0B53EC102B9DED020B51ECCA
:10EE7000100BF1F75FFB41EC1B0B9FEDA30B51EC6B
:10EE80001A0B53EC102BF1F7B4FA53EC1B2BF1F7E0
:10EE9000B9FC2DD2022000F083FE00F051FE10EEEE
:10EEA000901A18EE900A8DED020B8DED008B61F338
:10EEB0001E0003909DED020BFFF7BEBB944A24F0A9
:10EEC0000041914214D39349214408437FF4EFACAD
:10EED0009DED0C0B53EC102B9DED020B51EC100B28
:10EEE000F1F728FB53EC1A2BF1F78CFC7FF6DFAC23
:10EEF00024F000408849894A002601EB20518242D3
:10EF00002BDA481C4FF4801121FA00F02044844A87
:10EF1000C0F30A517A44A1F2FF3192ED000B814A0D
:10EF20008DED080BCA4020EA0202C0F3130040F442
:10EF30008010C1F1140120FA01F60992002CB8BF2B
:10EF400076429DED080B53EC102B9DED0C0B51EC14
:10EF5000100BF1F7EFFACDE90C019DED0C0B51EC24
:10EF60001A0B53EC102BF1F744FA9FED6F0B08903E
:10EF7000CDE9085153EC102B9DED080B51EC100B13
:10EF8000F1F7DEFA41EC1B0B9FED690B53EC102BF4
:10EF90009DED080B51EC100BF1F7D2FA9DED0C0B27
:10EFA00041EC1C0B53EC102B9DED080B51EC100B9E
:10EFB000F1F7C0FA53EC1A2BF1F7BFFA9FED5E1B85
:10EFC00053EC112BF1F7BCFA53EC1C2BF1F711FAAF
:10EFD00041EC1A0B51EC1B0B53EC1A2BF1F709FA0D
:10EFE000CDE902019DED020B53EC1B2B51EC100BF4
:10EFF000F1F7A0FA53EC1A2BF1F79FFA9DED020BF3
:10F0000041EC1A0B53EC102B51EC100BF1F798FA62
:10F01000CDE908014A489DED080B0521784400F030
:10F020003FFC9DED081B51EC100B53EC112BF1F73D
:10F0300087FA9DED021B53EC112BF1F77EFACDE917
:10F0400006019DED020B53EC1A2B51EC100BF1F75E
:10F0500077FA53EC1A2BF1F7CCF99FED3B0B41EC0F
:10F060001A0B53EC102B9DED060B51EC100BF1F726
:10F0700061FA9DED060B41EC1B0B53EC102B9DED43
:10F08000020B51EC100BF1F75BFA53EC1B2BF1F771
:10F09000C9FA53EC1A2BF1F74DFA9DED021B53EC14
:10F0A000112BF1F747FA53EC192BF1F746FACDE99A
:10F0B000020101EB065001150029C8BF039015DCC1
:10F0C0009DED020B324651EC100BF1F789FCFEF777
:10F0D0000FFF042808BF00F043FD32469DED020BF0
:10F0E00051EC100BF1F77CFCCDE902019DED020B18
:10F0F00051EC180B53EC102BF1F722FAFFF73ABB47
:10F100000000904000000000FE822B654715973CF0
:10F1100000CC904000346F3F01FCFFFF0000E03F57
:10F1200058810300FFFF0F0000000000432EE63F60
:10F13000396CA80C615C20BEEF39FAFE422EE63F26
:10F14000F87F030000000000000000000000004005
:10F1500010B52DED020B2DED088B84B09DED0C0B41
:10F1600051EC100BF1F7A4FC41EC180B9DED0C0BCE
:10F1700053EC182B51EC100BF1F7DCF941EC190BA7
:10F180000D989FED290B10F0004F53EC102B51EC14
:10F19000190B9FED21AB9FED22BB0ED0F1F71AFBAF
:10F1A0000ED953EC1B2B51EC190BF1F72BFB1CD296
:10F1B00014E000BF41EC180B17E0F1F70BFB06D28F
:10F1C00053EC1A2B51EC180BF1F7B4F9F2E753ECAE
:10F1D0001B2B51EC190BF1F715FB06D853EC1A2B2E
:10F1E00051EC180BF1F705F9E4E78DED028B9DED7D
:10F1F0000C0B18EE901A10EE900A8DED000B61F3D7
:10F200001E0003909DED020B04B0BDEC088B02B014
:10F2100010BD000000000000000000000000F03FF2
:10F22000000000000000E03F000000000000E0BF20
:10F2300010B52F499FED2C1B2DED020B84B00598C6
:10F2400020F000408842DCBF00209DED040B32DD41
:10F250002849884209D1049840B94FF0010000F0D4
:10F260009FFC00F05DFC06B010BD05DB9DED040BBE
:10F2700000F042FC06B010BD68469DED040B00F0A6
:10F280003BF810F0030011D0012818D09DED021BAF
:10F290009DED000B02281AD000F04AFA51EC100B39
:10F2A00081F0004106B041EC100B10BD9DED021B3A
:10F2B0009DED000B012000F06FFB06B010BD9DED31
:10F2C000021B9DED000B00F033FA06B010BD0120CB
:10F2D00000F062FB51EC100B81F0004106B041ECF4
:10F2E000100B10BD00000000000000000000000036
:10F2F000FB21E93F0000F07F2DE9F14F04462DEDA1
:10F30000020B2DED088B8AB09FEDE70B80ED020B11
:10F31000139EE74826F0004585420ADC9DED120B5E
:10F32000002084ED000B0AB0BDEC088B03B0BDE8F3
:10F33000F08FE0489FEDE0AB9FEDE1BBA84247DDD9
:10F34000E14F9FEDE39B9FEDE48B9DED120B53ECA2
:10F350001A2B51EC100B002E1CDDF1F7EBF841ECF1
:10F36000100BBD4208D053EC1B2B51EC100BF1F7E6
:10F37000E1F8C4E900010BE053EC192B51EC100B40
:10F38000F1F7D8F853EC182BF1F7D4F8C4E90001E1
:10F390000120C8E7F1F72DF841EC100BBD4208D071
:10F3A00053EC1B2B51EC100BF1F723F8C4E90001CF
:10F3B0000BE053EC192B51EC100BF1F71AF853EC4E
:10F3C000182BF1F716F8C4E900014FF0FF30AAE757
:10F3D000C348A84279DB9DED120B51EC100B04F0F1
:10F3E000BDFE41EC180B9FEDC00B53EC102BF1F759
:10F3F000A7F89FEDBF1B53EC112BF0F7FAFFF1F7C5
:10F400009EF90746F1F77DF941EC190B53EC1A2BE5
:10F41000F1F796F853EC182BF1F78FF841EC180B35
:10F4200053EC1B2B51EC190BF1F78AF8DFF8C8A24B
:10F4300041EC100B4FEA15580125FA4453EC102B00
:10F4400051EC180BF1F776F8032DC4E900013DD01B
:10F45000C1F30A5005EB4511A8EB000011398142B8
:10F4600034DA0AEB051BB0EE48AA9BED000BF0EE78
:10F4700068AA53EC102B51EC190BF1F761F841EC31
:10F480001B0B51EC1A0B53EC1B2BF1F753F841EC0F
:10F49000180B51EC1A0B53EC182BF1F74BF853ECFB
:10F4A0001B2BF1F747F89BED020B41EC1A0B53ECC9
:10F4B000102B51EC190BF1F743F853EC1A2BF1F721
:10F4C00039F841EC100B6D1CB8E70EE0002EA8BF18
:10F4D0003846BFF628AF94ED000B51EC100B81F0CD
:10F4E0000041C4E9000178421DE7C6F3130040F46F
:10F4F000801EC6F30A50A0F2F530471100F01F0538
:10F50000C5F12000DDF848B0089000200690079073
:10F510000520EC467949002D07EB0002794408BF2D
:10F5200051F8221009D051F8223001EB8201AB4092
:10F530004A68089922FA01F11943A1FB0E26A1FBA2
:10F540000B131A449A4234BF0123002303EB06082D
:10F550000CEB8003D3E901A60E448E4234BF012197
:10F56000002192448A4411B1924502D903E09245A8
:10F5700001D2012100E00021C3E901A641444CF879
:10F580002010011EA0F10100C4DC029800F100501F
:10F59000850F0298DDE903678000DDF81480F1F73C
:10F5A000B0F841EC1A0B3046F1F7BCF89FED541B54
:10F5B00053EC112BF0F7C4FF41EC1B0B3846F1F76D
:10F5C000B1F89FED511B53EC112BF0F7B9FF41EC53
:10F5D000180B4046F1F7A6F89FED4D1B53EC112B8D
:10F5E000F0F7AEFF41EC190B51EC180B53EC192B53
:10F5F000F0F7FFFE53EC1B2BF0F7FBFE53EC1A2B3E
:10F60000F0F7F7FECDE90801002008909DED080B0A
:10F6100053EC1A2B51EC100BF0F78CFF53EC1B2B17
:10F62000F0F788FF53EC182BF0F784FF53EC192BFD
:10F63000F0F783FF9FED381B53EC112BF0F780FFA1
:10F640009FED370B41EC180B53EC102B9DED080B85
:10F6500051EC100BF0F774FF53EC182BF0F7C9FEC8
:10F660009FED310B41EC180B53EC102B9DED080B6B
:10F6700051EC100BF0F764FF53EC182BF0F7B9FEC8
:10F6800041EC100B139810F0004F06D06D4251EC76
:10F69000100B81F0004141EC100B284684ED000B6B
:10F6A00041E6000000000000000000000000000033
:10F6B000FB21E93F7CD9024000004054FB21F93F87
:10F6C0003163621A61B4D03DFB21F93F00000000B4
:10F6D0000000601A61B4D03D7370032E8A19A33BF9
:10F6E000FB2139410000000083C8C96D305FE43F51
:10F6F000000000000000E03F3A7C0300887B03002C
:10F70000000000000000103E000000000000103C5F
:10F71000000000000000103A182D4454FB21F93D70
:10F720003326A611460B113C00000054FB21F93D85
:10F7300010B52DED040B2DED088B82B0B0EE419A83
:10F74000F0EE619A0B9820F000449FED4BABB4F1C2
:10F75000795F11DA9DED0A0B51EC100BF0F7EFFF1A
:10F76000002801BFB0EE4A0AF0EE6A0A02B0BDEC12
:10F77000088B04BF04B010BD9DED0A0B53EC102B99
:10F7800051EC100BF0F7DCFE41EC180B3C48062165
:10F79000B0EE480AF0EE680A784400F081F853ECC5
:10F7A000182B51EC100BF0F7CBFE9DED0A0B41EC42
:10F7B0001B0B53EC192B51EC100BF0F7C1FE41EC75
:10F7C000190B53EC1B2B51EC180BF0F7B9FE53EC53
:10F7D000192BF0F7AFFE9FED2C0B41EC190B53ECFE
:10F7E000102B51EC180BF0F7ABFE41EC100B284836
:10F7F000844210DA53EC192B51EC100BF0F79AFEFF
:10F8000053EC1A2BF0F799FE41EC100B02B0BDEC53
:10F81000088B04B010BD1F48A042BCBF9FED1E1B4B
:10F820008DED001B06DBA4F5001001900020009078
:10F830009DED001B51EC100B53EC112BF0F77AFEF1
:10F840009DED000B41EC180B53EC102B51EC1A0BF7
:10F85000F0F770FE41EC1A0B53EC192B51EC180B1E
:10F86000F0F768FE53EC1A2BF0F767FE41EC100B33
:10F87000CCE7000000000000000000000000F03FA6
:10F88000A478030000000000000000000000E03F3A
:10F890003333D33F0000E93F000000000000D23FB7
:10F8A00070B504462DED028B4D1E00EBC500B0EE89
:10F8B000408AF0EE608A90ED000B35F0060017D01C
:10F8C00053EC182B51EC100BF0F73AFE41EC100BF7
:10F8D0006D1E04EBC50090ED001B51EC100B53ECBA
:10F8E000112BF0F786FD41EC100B35F00600E7D147
:10F8F000022D36D0042D1CD0062D1CBFBDEC028B72
:10F9000070BD53EC182B51EC100BF0F719FE94ED71
:10F910000A1B53EC112BF0F76CFD53EC182BF0F78E
:10F920000FFE94ED081B53EC112BF0F762FD41EC38
:10F93000100B53EC182B51EC100BF0F701FE94ED6B
:10F94000061B53EC112BF0F754FD53EC182BF0F77A
:10F95000F7FD94ED040B53EC102BF0F74AFD41EC4E
:10F96000100B53EC182B51EC100BF0F7E9FD94ED54
:10F97000021B53EC112BF0F73CFD53EC182BF0F766
:10F98000DFFD94ED001B53EC112BF0F732FDBDECC5
:10F99000028B41EC100B70BD31B504462DED040B0C
:10F9A0002DED0A8BB0EE41BAF0EE61BA0B989DEDE9
:10F9B0000A0B20F00040B0F1795F0DDA51EC100B2A
:10F9C000FEF796FA042808BF00F0CAF89DED0A0B6E
:10F9D000BDEC0A8B05B030BD53EC102B51EC100B75
:10F9E000F0F7AEFD41EC180B9DED0A0B53EC182B14
:10F9F00051EC100BF0F7A4FD41EC190B2C48B0EEC4
:10FA0000480AF0EE680A05217844FFF749FF9FEDA8
:10FA10002ACBB0EE40AAF0EE60AA9CB353EC1C2BAC
:10FA200051EC190BF0F78CFD41EC1C0B53EC1A2B2D
:10FA300051EC190BF0F784FD9FED210B41EC190BF4
:10FA400053EC102B51EC1B0BF0F77AFD53EC192BF8
:10FA5000F0F770FD53EC182BF0F772FD53EC1B2BF5
:10FA6000F0F768FD53EC1C2BF0F764FD9DED0A1BCD
:10FA700053EC112BF0F761FDBDEC0A8B05B041ECA6
:10FA8000100B30BDFFE753EC1A2B51EC180BF0F7BD
:10FA900057FD53EC1C2BF0F7ACFC53EC192BF0F793
:10FAA0004FFD9DED0A1B53EC112BF0F7A2FCE3E791
:10FAB0003477030000000000495555555555C5BF22
:10FAC000000000000000E03F9FED070B10B553EC75
:10FAD000102B9FED070B51EC100BF0F7A3FD41EC41
:10FAE000100B10BD0000000000000000000000002E
:10FAF000000000000000F03F10B553EC102B51EC5B
:10FB0000100BF0F776FC41EC100B10BD10B553EC68
:10FB1000112B51EC100BF0F76CFC41EC100B10BDED
:10FB20009FED050B10B553EC102B51EC100BF0F7BB
:10FB300079FD41EC100B10BD00000000000000003A
:10FB40009FED050B10B553EC102B51EC100BF0F79B
:10FB5000F7FC41EC100B10BD00000000000000702D
:10FB60009FED050B10B553EC102B51EC100BF0F77B
:10FB7000E7FC41EC100B10BD00000000000000107D
:10FB800002E008C8121F08C1002AFAD17047704766
:10FB9000002001E001C1121F002AFBD170470000C4
:10FBA0000149086070470000341300242DE9FF4F1D
:10FBB0008BB09A460F460546002606E025280BD056
:10FBC00052460D9990476D1C761C28780028F5D177
:10FBD0000FB03046BDE8F08F0024A04601226049F6
:10FBE00000E0044315F8013F203B02FA03F008420D
:10FBF000F7D128782E2817D115F8010F44F0040406
:10FC00002A280ED06FF02F022878A0F130010929A0
:10FC10000AD808EB880102EB410100EB01086D1CDA
:10FC2000F2E757F8048B6D1C287869283ED006DC73
:10FC30000028CDD063280BD0642804D136E0732887
:10FC400010D075284BD052460D999047761C85E010
:10FC500017F8040B8DF8000000208DF80100E9462C
:10FC6000012003E057F8049B4FF0FF3061074FF08D
:10FC7000000401D40AE0641C44450DDA8442FADB36
:10FC800019F804100029F6D106E0641C8442FCDB5C
:10FC900019F804100029F8D1264404E019F8010BE2
:10FCA00052460D999047641EF8D257E001CF4FF0AD
:10FCB0000A0B002802DA40422D2102E0210504D57A
:10FCC0002B218DF82410012103E0E10705D020212C
:10FCD000F7E70DF1200908910CE00021F9E701CFC9
:10FCE0004FF00A0BF9E75946F0F7C0FD01F1300279
:10FCF00009F8012D0028F6D1ADEB090000F1200B29
:10FD0000600701D44FF00108D84502DDA8EB0B00D5
:10FD100000E000208046002406E009A85246005D6D
:10FD20000D999047641C761C08988442F5DB04E02A
:10FD3000302052460D999047761CB8F10001A8F189
:10FD40000108F5DC05E019F8010B52460D999047C2
:10FD5000761CBBF10001ABF1010BF4DC6D1C34E748
:10FD6000092801000A68531C0B601070704770B4BA
:10FD7000002300291FD932F813C04FEA9C0403F175
:10FD8000010C32F81CC04FEA9C0C50F8245050F87B
:10FD90002C6040F8246040F82C50641C50F824502B
:10FDA0000CF1010C50F82C6040F8246040F82C5005
:10FDB0009B1C8B42DFD370BC70472DE9F041064697
:10FDC0000D46174698463488012F0FD1281D4FF055
:10FDD000000C002C0AD990ED000AB1EE400A80ED2B
:10FDE000000A08300CF1010CA445F4D3B4F5807F6F
:10FDF0001BD008DC102C13D0202C16D0402C19D08E
:10FE0000802C1DD10CE0B4F5007F13D0B4F5806FC9
:10FE100006D0B4F5006F08D0B4F5805F10D109E0CA
:10FE20002946304600F036F80AE02946304600F010
:10FE300015F905E0A1B272680123284601F00EF918
:10FE4000B8F1000F04D0B1892846B268FFF78FFFE0
:10FE5000012F1DD100EE104AB7EE001AF8EE400A4D
:10FE600081EE200A0021002C12D9D5ED000A281DB0
:10FE700060EE800AC5ED000AD0ED000AF1EE600ADE
:10FE800060EE800AC0ED000A051D491CA142ECD3BA
:10FE9000BDE8F0812DE9F04106462DED028B90B0D2
:10FEA000308801EB8004D6F804C088462746450810
:10FEB00001EB850004EB8502AB08002B7ED0D1ED71
:10FEC000001ACDED0C1AD1ED012ACDED0D2A91EDE0
:10FED000021A8DED0E1AD1ED030ACDED0F0AD4ED05
:10FEE000007A94ED017AD4ED026A94ED035A90ED14
:10FEF000003A8DED043AD0ED013ACDED053A90EDA2
:10FF0000020A8DED060A90ED032A8DED072A92ED87
:10FF1000004AD2ED015AD2ED024A92ED036A31EE67
:10FF2000A78AA1EC018A32EE878AA1EC018A31EE20
:10FF3000268AA1EC018A30EE858AA1EC018A71EE55
:10FF4000E71ACDED081A72EEC72ACDED092A31EE77
:10FF5000661A8DED0A1A30EEC55A8DED0B5A73EE06
:10FF6000040AE0EC010A73EEA50AE0EC010A70EE67
:10FF7000240AE0EC010A72EE060AE0EC010A34EE13
:10FF8000433A8DED003A75EEE33ACDED013A34EEA9
:10FF9000C04A8DED024A36EE422A8DED032ABCECB2
:10FFA000010AFCEC010A61EE804A62EEA05A62EEA0
:10FFB000802A61EEA01A74EEA54A00E03DE0E4EC70
:10FFC000014A72EEE11AE4EC011A63EE201A63EEC4
:10FFD000802A63EEA00A23EE000A71EEE21AE2EC38
:10FFE000011A30EE800AA2EC010ABCEC010AFCEC1A
:10FFF000010A61EE002A65EE201A25EE003A21EE94
:020000040801F1
:10000000201A72EEA11AE4EC011A33EE411AA4ECA4
:10001000011A64EE201A22EE001A62EE200A24EE83
:10002000000A31EEC11AA2EC011A30EE800AA2ECED
:10003000010A5B1E002B7FF442AFA9B27268022353
:10004000404601F00BF8726810B0A9B2384602239E
:10005000BDEC028BBDE8F04101F000B82DE9F04F96
:1000600007462DED048B93B038884FEA500801EB1A
:10007000880505EB880606EB8800119110950F9610
:100080000E902C1F321FA0F1040C0CEB8803D7F844
:1000900004904FEA5808CDF848804FF00408CDF896
:1000A00004804FF00608CDF8008091ED000AD6EDEF
:1000B000000A30EE201A70EE601A91ED010AD6EDBA
:1000C000010A70EE202A30EE602A95ED013AD0ED5B
:1000D000013A33EE210A70EE635ACDED0A5A95EDDE
:1000E000000AD0ED000A32EE404A34EE204A8DED8F
:1000F0000B4A71EE404A74EEE04ACDED064A32EE0C
:10010000C35A35EE635A8DED075A71EEC31A71EE7C
:10011000A31ACDED021A30EE022A32EE602A8DEDDE
:10012000032A30EE010A30EE200AA1EC010A95ED17
:10013000010AD0ED010A30EE220A30EE200AA1ECCD
:10014000010AE5EC015AA5EC014AE6EC014AA6ECED
:10015000015AE0EC011AA0EC012A09F1080A09F1A0
:10016000100B09F11809DDF84880A8F102084FEAE0
:100170005808B8F1000F00F01C8191ED000AD6ED8F
:10018000000A30EE203A30EE601A91ED010AD6ED09
:10019000010A70EE203A70EE605AD5ED011A90ED2A
:1001A000015A31EE810A30EE454A8DED0A4A95ED4D
:1001B000000AD0ED000A35EEC02A72EE204ACDEDDD
:1001C0000B4A33EE402A32EE602A8DED062A73EE9A
:1001D000E12A72EEC52ACDED072A31EE611A31EE21
:1001E000051A8DED021A70EE251A71EEE01ACDEDAA
:1001F000031A30EE030A30EE200AA1EC010A95ED55
:10020000010AD0ED010A30EE230A30EE200AA1ECFB
:10021000010A14ED010A5CED010A70EE207A30EE5D
:10022000603A94ED000ADCED003A70EE230A70EEBD
:10023000638A92ED000A93ED007A30EE479A39EE28
:10024000036A8DED0C6A52ED013A13ED018A38EE26
:10025000E35A75EE086ACDED0D6A37EEE35A35EED6
:10026000485A8DED085A70EEC05A75EEC75ACDED5A
:10027000095A39EE433A8DED043A78EE633A73EE5B
:10028000E83ACDED053A30EE200A30EE070A84ED6B
:10029000000A241F12ED010A53ED010A30EE270A6D
:1002A00030EE200A84ED000A241FBAEC010AFAECB1
:1002B000010A24EE007A64EEA07A64EE804A24EE0D
:1002C000204A37EE277AA5EC017A34EEC44AA5EC31
:1002D000014A26EEA04A66EE004A66EE200A26EEA5
:1002E000800A34EE644A82ED004A121F30EE800A22
:1002F00082ED000A121F9BED000ADBED010ADDF81A
:1003000004E00BEB8E0B22EE004A62EEA04A62EE96
:10031000802A22EE202A34EE244AA6EC014A32EE4C
:10032000C22AA6EC012AB1EE652A62EE002A25EE69
:10033000202A25EE000A65EEA00A32EEC22A8CEDD4
:10034000002AACF1040C30EEC00A8CED000AACF1CE
:10035000040C99ED000AD9ED010ADDF800E009EB83
:100360008E0921EE002A61EEA02A61EE801A21EEAC
:10037000201A32EE222AA0EC012A31EEC11AA0EC9A
:10038000011A23EEA01A63EE001A63EE200A23EE90
:10039000800A31EE611A83ED001A1B1F30EE800ACD
:1003A00083ED000A1B1FA8F10108B8F1000F7FF4CC
:1003B000E4AE91ED000AD6ED000A70EE204A70EE30
:1003C000605A91ED010AD6ED010A30EE201A30EEA6
:1003D000604A95ED015AD0ED011A35EE250A30EE4E
:1003E000612A95ED000AD0ED000A74EE402A72EE03
:1003F000A02A34EEC03A33EE603A71EE453A73EE1D
:10040000E13A35EEC55A75EE211A30EE044A34EE63
:10041000604A30EE240A30EE200A81ED000A95EDA4
:10042000010AD0ED010A30EE010A30EE200A81ED1A
:10043000010A9AED000ADAED010A22EE001A62EED4
:10044000A04A22EE800A62EE200A291D31EE241A0B
:1004500085ED001A30EE600A81ED000A9BED000A7E
:10046000DBED010A23EE002A23EEA01A23EE800A18
:1004700063EE200A311D32EE011A86ED001A30EECD
:10048000600A81ED000AD9ED000A99ED010A21EE1A
:10049000A01A24EE002A64EE200A21EE800A31EE32
:1004A000021A80ED001A30EEC00A80ED010A12989F
:1004B00004237A6881B2119800F0D0FD12980423C9
:1004C0007A6881B2109800F0C9FD129804237A6806
:1004D00081B20F9800F0C2FD129804237A6881B2AD
:1004E0000E9813B0BDEC048BBDE8F04F00F0B6BD24
:1004F0009308002B2AD0B0EC010AA1EC010AB0EC61
:10050000010AB1EE400AA1EC010AB0EC010AA1EC2B
:10051000010AB0EC010AB1EE400AA1EC010AB0EC0C
:10052000010AA1EC010AB0EC010AB1EE400AA1EC0B
:10053000010AB0EC010AA1EC010AB0EC010AB1EE2B
:10054000400AA1EC010A5B1E002BD4D102F0030289
:10055000002A0CD0B0EC010AA1EC010AB0EC010AAF
:10056000B1EE400AA1EC010A521E002AF2D17047F6
:100570004DF8044D019C9FED390AF0EE400A4FEA18
:10058000920CBCF1000F4CD0B0EC011AF0EC011A47
:10059000B1EC012AF1EC012AB0EE403A01EE023A48
:1005A000F0EE603A41EE223A01EEE23A41EE823A52
:1005B000B0EC012AF0EC011AB1EC011AB1EC010A1D
:1005C00002EE013A42EE003A01EEC03A41EE813AC3
:1005D000B0EC010AB0EC012AB1EC011AF1EC011AFD
:1005E00000EE013A40EE213A02EE613A42EE013A63
:1005F000B0EC012AB0EC011AF1EC011AF1EC010A9D
:1006000002EE213A42EE203AB0EE430A01EE600AD1
:10061000F0EE630A41EE210AACF1010CBCF1000FCF
:10062000B2D102F0030292B1F0EC011AB0EC012A4F
:10063000B1EC011AF1EC012A01EE810A41EEA20AA5
:1006400002EE620A42EE010A521E002AECD183ED4C
:10065000000AC4ED000A5DF8044B7047000000007A
:1006600093089FED411A002B60D0B0EC010A00F115
:10067000040CD0ED000A081D20EE000A00EEA00ACE
:10068000B5EEC00AF1EE10FA04DBF1EEC00AC1EDDE
:10069000000A01E081ED001A9CED000A0CF1040152
:1006A00001F1040CD1ED000A20EE000A011D00EE5C
:1006B000A00AB5EEC00AF1EE10FA04DBF1EEC00AB2
:1006C000C0ED000A01E080ED001A9CED000A0CF17B
:1006D0000400F0EC010A20EE000A01F1040C00EE27
:1006E000A00AB5EEC00AF1EE10FA04DBF1EEC00A82
:1006F000C1ED000A01E081ED001AB0EC010AF0EC56
:10070000010A0CF1040120EE000A00EEA00AB5EE89
:10071000C00AF1EE10FA04DBF1EEC00ACCED000ADB
:1007200001E08CED001A5B1E002B9ED102F003024B
:10073000002A18D0B0EC010AF0EC010A0B4620EEBA
:10074000000A091D00EEA00AB5EEC00AF1EE10FA8B
:1007500004DBF1EEC00AC3ED000A01E083ED001AEC
:10076000521E002AE6D17047000000009308002BBB
:1007700034D0F0EC010A00F1040C90ED000A081DE1
:1007800060EEA00A40EE000AC1ED000ADCED000AAE
:100790000CF10401B1EC010A60EEA00A40EE000A7F
:1007A000E0EC010AF1EC010A01F1040C91ED000A00
:1007B000011D60EEA00A40EE000AC0ED000ADCED6B
:1007C000000A0CF10400B0EC010A60EEA00A40EE51
:1007D000000AE1EC010A5B1E002BCAD102F0030201
:1007E000002A0CD0F0EC010AB0EC010A60EEA00A7D
:1007F00040EE000AE1EC010A521E002AF2D17047D5
:100800004FEA930CBCF1000F54D0F0EC010AB0ECAD
:10081000011AB1EC010AF1EC011A20EE802A01EE76
:10082000612AA2EC012A60EEA10A41EE000AE2EC84
:10083000010AB0EC010AF0EC010AB1EC011AF1EC8A
:10084000011A20EE012A00EEE12AA2EC012A20EE94
:10085000210A00EE810AA2EC010AB0EC011AF0ECC8
:10086000010AB1EC010AF1EC011A21EE002A00EEB6
:10087000E12AA2EC012A21EE211A00EE801AA2EC54
:10088000011AB0EC011AB0EC010AF1EC011AF1EC1A
:10089000010A21EE212A00EE602AA2EC012A61EE73
:1008A000200A40EE210AE2EC010AACF1010CBCF195
:1008B000000FAAD103F00303002B16D0F0EC010ABD
:1008C000B0EC011AF1EC011AB1EC010A20EEA12AF8
:1008D00001EE402AA2EC012A20EE800A01EE210A54
:1008E000A2EC010A5B1E002BE8D170479FED1E1A97
:1008F000F5EE000A40EE010ABDEEE00A10EE100A25
:10090000F5EEC00AF1EE10FA00D2401E00EE100A19
:10091000B8EEC00A30EEC00ADFED140A20EE200A5D
:10092000BCEEC01A11EE100A80B2B0F5007F02D3FF
:10093000002030EE600A00EE900AF8EE600A70EED9
:10094000600A0B4901EB800292ED000A401C01EBAA
:10095000800090ED001AF7EE001A71EEE01A21EE19
:10096000800A00EE810A704783F9223E00000044AD
:1009700048BB01082DE9F04F2DED028B4568D0F8FA
:1009800008A0B0F80090A9F1010E05EB8E074FEA20
:10099000D308DFEDC48AB8F1000F00F03B814FEAC5
:1009A000D90BB1EC010A07F1040C87ED000AB1EC98
:1009B000010AACEC010AB1EC010AACEC010A0CF141
:1009C0000404B1EC010A8CED000AF0EE685AB0EEB6
:1009D000657AF0EE685AB0EE656AF0EE685AF0EEAD
:1009E000656AF0EE685AB0EE658AF0EE685AF0EE8D
:1009F000654AF0EE685AB0EE655AF0EE685AF0EECD
:100A0000657AD446B1EC010AA4EC010AB1EC010A02
:100A1000A4EC010AB1EC010AA4EC010A271DB1EC17
:100A2000010A84ED000A95ED003A2C1DF4EC010A50
:100A3000B4EC011AF4EC011AB4EC012AF4EC012A2A
:100A4000B4EC010A5E46002E7ED0BCEC014AF4EC08
:100A5000013A43EE045A00EE847A01EE046A41EE54
:100A6000846A02EE048A42EE844A00EE045A43EE9F
:100A7000847ABCEC014AB4EC013A40EE845A01EEAF
:100A8000047A01EE846A42EE046A02EE848A40EE41
:100A9000044A03EE845A43EE047ABCEC014AF4ECB7
:100AA000010A41EE045A01EE847A02EE046A42EE33
:100AB000846A00EE048A43EE844A03EE045A40EE50
:100AC000847ABCEC014AB4EC011A41EE845A02EE7D
:100AD000047A02EE846A40EE046A03EE848A43EEEE
:100AE000044A00EE845A41EE047ABCEC014AF4EC6C
:100AF000011A42EE045A02EE847A00EE046A43EED2
:100B0000846A03EE048A40EE844A01EE045A41EE00
:100B1000847ABCEC014AB4EC012A42EE845A00EE1D
:100B2000047A03EE846A43EE046A00EE848A41EE9E
:100B3000044A01EE845A42EE047ABCEC014AF4EC19
:100B4000012A40EE045A00E025E003EE847A03EE29
:100B5000046A40EE846A01EE048A41EE844A02EEA1
:100B6000045A42EE847ABCEC014AB4EC010A43EE2A
:100B7000845A03EE047A00EE846A41EE046A01EEC0
:100B8000848A42EE044A02EE845A40EE047A761ECB
:100B9000002E7FF45AAF09F0070626B3FCEC013AA9
:100BA000B4EC014A43EE235A00EEA37A01EE236A25
:100BB00041EEA36A02EE238A42EEA34A00EE235AD4
:100BC00044EE237AB0EE603AF0EE410AB0EE611ADC
:100BD000F0EE421AB0EE622AF0EE402AB0EE440A7D
:100BE000761E002EDAD12035E2EC015AA2EC017A11
:100BF000A2EC016AE2EC016AA2EC018AE2EC014A91
:100C0000A2EC015AE2EC017AA8F10108B8F1000F58
:100C10007FF4C7AE03F00706C6B1B1EC010AA7EC3A
:100C2000010AB0EE680AAC4654464B4643B1FCECB0
:100C3000010AB4EC011A00EE810A5B1E002BF6D10A
:100C4000A2EC010A2D1D761E002EE6D140684FEA67
:100C50009E01C1B195ED000A2A1D031D80ED000A19
:100C600092ED000A101D1A1D83ED000AB0EC010A76
:100C7000A2EC010A90ED000A051D101D82ED000A8C
:100C8000491E0029E6D10EF00301002906D0B5EC7B
:100C9000010AA0EC010A491E0029F8D1BDEC028B23
:100CA000BDE8F08F0000000070B504461D460498B2
:100CB0002180A2600844401E81002846EFF781FB96
:100CC000656070BD2DE9F84FD0F80480536800933B
:100CD000B0F800A0B1F802C0B0F802904FF0000BDD
:100CE0000888814505D113889A4502D152889445D8
:100CF00003D06FF00200BDE8F88F9FED4F4A4FEA36
:100D0000990E009800EBCB07654648680026B0EEC8
:100D1000440AF0EE400A43467246002A58D093ED4A
:100D2000001A90ED002AD3ED011AD0ED012AB0EEA1
:100D3000403A01EE023AF0EE603A41EE823A083370
:100D400000EBCC0401EEE23A41EE223A93ED001AB8
:100D5000D4ED000A93ED010AD4ED011A01EE203A18
:100D600040EE203A03F1080004EBCC0300EE613AB8
:100D700041EE213A90ED001AD3ED000AD0ED011AB0
:100D800093ED010A01EE203A41EEA03A083003EB60
:100D9000CC0401EEC03A41EE003A90ED001AD4EDD9
:100DA000001A90ED010AD4ED010A01EE213A40EE5D
:100DB000213A00F1080304EBCC0000EE603AB0EEFB
:100DC000430A41EE203AF0EE630A521E002AA6D1F1
:100DD00009F00304ACB193ED001AD0ED002A93EDB5
:100DE000012AD0ED011A01EE220A42EE220A08334E
:100DF00000EBCC0002EE610A41EE210A641E002CD9
:100E0000E9D1381D87ED000A071DC0ED000A761CE8
:100E1000486800EBC6006D1E002D7FF478AFE344F8
:100E200008EBC908AAF1010ABAF1000F7FF469AF13
:100E30000020BDE8F88F0000000000000180428023
:100E4000436070472DE9F00142684E680388478887
:100E50001C4600254888834202D109888F4204D06D
:100E6000BDE8F0016FF0020070474FEA970806EB0B
:100E700085004146E1B1B2EC010A80ED000A00EBC9
:100E8000830C92ED000A101D8CED000A0CEB83021E
:100E9000B0EC010A82ED000A02EB830C90ED000A2F
:100EA000021D8CED000A0CEB8300491E0029E2D1E3
:100EB00007F0030CBCF1000F0AD0B2EC010A80ED80
:100EC000000A00EB8300ACF1010CBCF1000FF4D17F
:100ED0006D1C641E002CCAD1BDE8F00100207047D3
:100EE00070B4002490ED000A00F1040C00204E1EA6
:100EF000B508002D2BD0FCEC010AB4EEE00AF1EEAF
:100F000010FA02D2B0EE600A441CFCEC010AB4EE06
:100F1000E00AF1EE10FA02D2B0EE600A841CFCEC9A
:100F2000010AB4EEE00AF1EE10FA02D2B0EE600A65
:100F3000C41CFCEC010AB4EEE00AF1EE10FA02D295
:100F4000B0EE600A041D001D6D1E002DD3D106F009
:100F5000030060B1FCEC010AB4EEE00AF1EE10FA15
:100F600002D2B0EE600A0C1A401E0028F2D182EDC7
:100F7000000A1C6070BC70479FED150A8B08002B9F
:100F800012D0F0EC010A30EE800AF0EC010A30EEEB
:100F9000800AF0EC010A30EE800AF0EC010A30EE33
:100FA000800A5B1E002BECD101F0030333B1F0EC9F
:100FB000010A30EE800A5B1E002BF8D100EE901A79
:100FC000F8EE600A80EE201A82ED001A70470000E9
:100FD000000000004DF8044D4FEA930CBCF1000FE7
:100FE0002AD0B0EC010AD1ED000A0C1D111D20EE33
:100FF000200A82ED000AD4ED000A221DB0EC010A9D
:1010000020EE200AA1EC010A0C1DB0EC010AF2EC62
:10101000010A20EE200A81ED000AD2ED000A111D1E
:10102000221DB0EC010A20EE200A84ED000AACF18A
:10103000010CBCF1000FD4D103F00303002B0AD044
:10104000B0EC010AF1EC010A20EE200AA2EC010A40
:101050005B1E002BF4D15DF8044B70472DE9FF4F68
:101060002DED108B8FB09FEDFEFA20990191C908EC
:10107000002303EB010C0CEB010465186E187718C4
:1010800007EB010808EB010900EBC30B00EBC60EF0
:10109000DBED000A9EED001A30EE810A30EEC12A27
:1010A00000EBCC0ACDF838A09AED001A00EBC70A85
:1010B000CDF834A0DAED001A71EE210A71EE612A42
:1010C00000EBC40ACDF830A09AED001A00EBC80A74
:1010D000CDF82CA0DAED001A31EE214A71EE611A3A
:1010E00000EBC50ACDF828A09AED003A00EBC90A3A
:1010F000CDF824A0DAED003A33EE231A33EE633A4A
:1011000070EE443A30EE044A30EEC10A70EE810AC5
:1011100034EE201A8BED001A74EE600ACEED000A50
:101120004FF0010B0BEB430A0BEB460600EB8A0A70
:1011300000EB8606DAED000A96ED001A30EE817AB1
:1011400070EEC15A0BEB4C0C0BEB470700EB8C0C11
:1011500000EB8707DCED000A97ED001A70EE816A5C
:1011600030EEC16A0BEB44040BEB480800EB84043F
:1011700000EB880894ED001A98ED004A71EE040A1D
:1011800031EE445A0BEB45050BEB490900EB8505A5
:1011900000EB890995ED004AD9ED004A34EE241A96
:1011A00034EE644A77EE604A77EE200A36EEC17A72
:1011B00036EE811A70EE816ACAED006A70EEC10ADD
:1011C000C6ED000ADDF830A073EE870ACAED000A0A
:1011D000DDF82CA073EEC70ACAED000A74EEC00A4F
:1011E000C4ED000A34EE800A88ED000A32EEC30A2C
:1011F00060EE0F0A32EE830A60EE0F2A36EE440AE2
:1012000020EE0F0A36EE041A21EE0F1A32EE603A83
:1012100072EE200A31EEE22A71EEA21A75EEC02AB1
:1012200035EE800A75EE413A35EE011ADDF838A048
:1012300030EE814A8AED004ADDF824A070EEC10A42
:10124000CAED000ADDF834A073EE230ACAED000AE5
:10125000DDF828A073EE630ACAED000A70EE610A99
:10126000CCED000A30EE210A89ED000A32EEC20A06
:1012700087ED000A32EE820A85ED000ADDF804C02F
:101280006344DDF880C06345FFF4F3AE08297DD3E5
:101290004FF0000E01230093229B73449E460EEBF9
:1012A000030C0CEB0304E518EE18F7183B4402EBB3
:1012B000CE0898ED007A02EBCC08D8ED007A02EB6C
:1012C000C40898ED008A02EBC508D8ED008A02EB4D
:1012D000C60898ED009A02EBC708D8ED009A02EB19
:1012E000C30898ED00AA4FF0010808EB4E0902EB85
:1012F0008909D9ED00AA08EB4C0C02EB8C0C9CED93
:1013000000BA08EB440C02EB8C0CDCED00BA08EBE5
:10131000450C02EB8C0C9CED00CA08EB460C02EB72
:101320008C0CDCED00CA08EB470C02EB8C0C9CED3E
:1013300000DA08EB430302EB8303D3ED00DA009BF2
:1013400003EB010C0CEB010465186E18771807EB22
:10135000010808EB010A00EBC30B00EBC6099BED8B
:10136000000ACDF82090D9ED000A70EE203A30EE58
:10137000601A00EBCC09CDF81C90D9ED000A00EB07
:10138000C709CDF81890D9ED001A00E052E130EE0F
:10139000A10A70EEE11A00EBC409CDF81490D9ED62
:1013A000000A00EBC809CDF8109099ED002A30EE44
:1013B000824A30EEC22A00EBC509CDF80C90D9ED77
:1013C000002A00EBCA09CDF8089099ED003A72EEB8
:1013D000830A72EEC32A33EEC43A33EE844A70EEC7
:1013E000603A30EE200A74EE000ACBED000A74EE8B
:1013F000400A4FF0010909EB430B09EB460600EBED
:101400008B0B00EB86069BED000AD6ED004A30EE12
:10141000244A30EE645A09EB4C0C09EB470700EB09
:101420008C0C00EB87079CED000AD7ED005A70EE9C
:10143000254A70EE655A09EB440409EB480800EBB5
:10144000840400EB880894ED000A98ED006A70EEC1
:1014500006EA30EE466A09EB450500EB850501E03A
:10146000F304353F09EB4A09D5ED006A00EB890A20
:101470009AED00EA36EE8E0A76EECE6A34EE6EEA29
:1014800034EE2E4A74EEC0EA74EE804A33EE2E0A31
:1014900033EE6E3A74EE24EACBED00EA74EE644A61
:1014A0003EEE634A7EEE233A28EEA0EA6CEE24EA92
:1014B00068EEA44A6CEE200ADDF820903EEE2EEA9B
:1014C00089ED00EA74EEE00AC6ED000A67EE800AD4
:1014D0006BEE044A27EE844A2BEE000ADDF81490E6
:1014E00070EEA40AC9ED000A34EE400A84ED000A49
:1014F00029EE830A6DEE230A69EEA33A2DEE033A34
:10150000DDF8109030EE200A89ED000A33EEC30AB0
:1015100088ED000A31EEE20A20EE0F0A71EEA20A0F
:1015200060EE8F0A75EEE61A61EE8F1A75EEA62A46
:1015300022EE8F3A71EE402A31EE000A32EE601A46
:1015400072EE200A35EE612A75EE211A76EE433AE4
:1015500036EE034A30EE043A30EE444A32EEA30A45
:1015600072EEE33A71EEE02A71EEA00A72EE411AD1
:1015700032EE011A27EE032A6AEEA24A67EE222A09
:101580002AEE833ADDF81C9032EE242A89ED002AF7
:1015900032EEC32A8CED002A6AEE042A2DEEA02A30
:1015A0006AEE200A2DEE843ADDF8089032EE822AA7
:1015B00089ED002A70EEC30ACAED000A29EE002A5E
:1015C0006CEEA10A69EE211A2CEE800ADDF8189063
:1015D00072EE200AC9ED000A31EEC00A87ED000A5A
:1015E00068EE230A2BEE810A28EE011A6BEEA31A8D
:1015F000DDF80C9030EE800A89ED000A31EE610AC8
:1016000085ED000ADDF804C06344DDF880C0634561
:10161000FFF496AE009B5B1C0093009B8B42FFF493
:101620003BAE229B4FF6FF7C0CEAC30322930729B3
:101630003FF61CAD0FB0BDEC108B04B0BDE8F08FD1
:101640002DE9FF4F87B006460C461546DDF860A031
:10165000DDF85490DDF85080600000FB05F081005B
:1016600001208B4603F0D6FF074659463846EEF771
:10167000A8FE002004FB05F100290AD906EB800230
:1016800092ED000A07EBC00282ED000A401C814285
:10169000F4D8AAB23B46A1B204A8FFF7CFFB1FFAC9
:1016A00089F20A9B1FFA88F102A8FFF7C7FB179877
:1016B0001FFA8AF2169B81B26846FFF7BFFB02A9A8
:1016C0006A4604A8FFF7FEFA0120394603F096FFA8
:1016D0000BB0BDE8F08F9308002B1AD0F0EC010A94
:1016E00060EE800AB0EC011A21EE001AF0EC011A4B
:1016F00061EE801AB0EC012A22EE002AE1EC010A28
:10170000A1EC011AE1EC011AA1EC012A5B1E002BED
:10171000E4D102F00302002A08D0F0EC010A60EEE6
:10172000800AE1EC010A521E002AF6D1704700003F
:1017300030B400214FF0E02463690D4ADFF834C073
:101740001268B2FBFCF202FB00FCA269A0699042A5
:10175000FCD003D2A2EB0002114403E0A3EB00058E
:101760002A44114402466145F0D330BC7047000062
:10177000FC12002440420F0070B505462A4800EBD9
:1017800005142846F8F7C4F905210026002805EBC2
:10179000450335D02079052801D2217170BD0A2872
:1017A00002D2401C207170BDA07A05EB45014D1C92
:1017B00020B90120A072E8B200F04AFA208900287E
:1017C000F1D0E18881420BD2481C80B2E0802189AF
:1017D0008842E8D1BDE87040D81CC0B200F038BAE9
:1017E000E07A0028DFD0207B401CC0B22073E17A71
:1017F0008842D8D32673E8B2BDE8704000F028BA1A
:101800002079052801D921710BE010B1401E20710B
:1018100007E0A07A012804D1A672981CC0B200F09B
:1018200017FAE680267370BD4813002470B5F8F7E8
:101830003BFBEFF75FFCF2F731FFFBF789FB00F0B2
:101840009FF800F0C9F9F8F7BBF9042040F6C4117D
:10185000F8F72CF900F0A6F8002003F049FE01206B
:1018600003F046FE022003F043FE032003F040FE97
:10187000042003F03DFEF9F7DDFB00F043F94FF4DF
:10188000E13000F005FAF1F76DF8FBF74BF9F0F7EE
:101890009DFEF9F705FE274800220121F2F7A3FE7D
:1018A0002548022404700022244D02212846F2F724
:1018B0009AFE012228460421F2F795FEF9F730F846
:1018C000F9F75AF81E49102009680862EFF776F90F
:1018D0003320F9F79FF83420F9F7C4F819494FF489
:1018E000C040086018480470002018490870184962
:1018F0000870184908701849087018490860184994
:101900000860184908700121174A1170174A1060C1
:10191000174A1180174908701749087000F042FAF9
:101920001649332088710921BDE870401348FCF73F
:1019300099BA000000080258050000240028025847
:10194000A415002478120024C6110024C711002415
:10195000C8110024C9110024D0110024BC11002496
:10196000C0110024CA110024AC110024B0110024BD
:10197000B4110024C5110024C41100241300002454
:1019800010B5F7F793FFF7F747FF044840F61471D7
:10199000016000680249086010BD00005C1200246C
:1019A0000010006010B598B000240B940C940D94B6
:1019B0000E940F94109411941294139414941594FB
:1019C0001694179404940594069407940894099423
:1019D0000A940094019402940394FAF721FA1648A9
:1019E0000B90022004900722059204210691079291
:1019F000089009900A900C9401200D900E912020DF
:101A00000F90402010904FF4C07011901294480233
:101A1000139040001490159404A90BA8F5F72EFF1D
:101A200018B1602105A0F0F7F7FD0BA86946FAF799
:101A300079FA18B010BD0000404100522E2E5C2EE5
:101A40002E5C557365725C6273705C7372635C626A
:101A500073705F666D635F736472616D2E63000007
:101A60004DF804ED95B04C2102A8EEF7AAFC4FF01A
:101A700080411948026842F001020260006800F0EB
:101A800001000190154800684008154AB0FBF2F0CB
:101A9000401E82B24FF0FF30029103920590002069
:101AA0000690049007908020089002A8F7F7C4F9E8
:101AB00020B14FF40C710BA0F0F7AEFD0222002113
:101AC0001C20F3F73DF81C20F3F72BF802A8F7F7DA
:101AD000E7F915B05DF804FBE8440258FC12002455
:101AE00040420F002E2E5C2E2E5C557365725C6298
:101AF00073705C7372635C6273705F74696D65723E
:101B00002E6300000449002008704FF0807100220D
:101B1000080100F003B800006012002410B5224B49
:101B2000D3F80CC0844507D1D3F810C08C4503D13D
:101B3000D3F814C0944535D0D86019615A611C4956
:101B40001A4A0A60C8614FF48020886080014861A9
:101B5000002008610722CA604FF400030B6248624C
:101B60008862CA6212040A634FF4F072CA63886121
:101B7000486388638864C86492064A65486008467A
:101B8000F6F7F8FB18B18A210AA0F0F745FD0848DE
:101B9000F6F734FD002805D0BDE81040902105A0DF
:101BA000F0F73ABD10BD0000601200240030014083
:101BB000741400242E2E5C2E2E5C557365725C62AC
:101BC00073705C7372635C6273705F7370695F6281
:101BD00075732E63000000000020DFF850C0002362
:101BE00000EB40020CEB82014B608B604B700CF8F9
:101BF0002230401CC0B20428F2D30D484FF47A7151
:101C00000068B0FBF1F0401EB0F1807F08D24FF0C9
:101C1000E0214861F020074A10708B6107200861BD
:101C2000012005494870FFF71BBF00007415002410
:101C3000FC12002423ED00E07C12002410B50024E7
:101C40002046FFF799FD601CC4B20A2CF8D310BDE2
:101C50000549CA7A8854C87A401CC0B2C8720A289A
:101C600001D30020C8727047E8130024FFF7E6BFD5
:101C70007047416800290AD04168491E416006D179
:101C8000012141700178012901D1816841607047CB
:101C90002DE9F041374C364820604FF4E13767605A
:101CA0000025A560E56025610C266661A561E561FA
:101CB00025626562A5622046F7F7E8FB18B13C2172
:101CC0002DA0F0F7A9FC2B480021F7F776F918B101
:101CD000412129A0F0F7A0FC26480021F7F747F999
:101CE00018B1462124A0F0F797FC2248F7F71EF917
:101CF00018B14B2120A0F0F78FFC2068016841F05B
:101D000010010160264C254820606760A560E560F1
:101D100025616661A561E56125626562A56220466F
:101D2000F7F7B4FB18B1612113A0F0F775FC1C485C
:101D30000021F7F742F918B166210FA0F0F76CFC0B
:101D400017480021F7F713F918B16B210AA0F0F733
:101D500063FC1348F7F7EAF818B1702106A0F0F712
:101D60005BFC2068016841F010010160BDE8F08172
:101D700000100140A41500242E2E5C2E2E5C5573FD
:101D800065725C6273705C7372635C6273705F75C2
:101D90006172745F6669666F2E630000007C0040AC
:101DA000241700242DE9F041374E0025756037488F
:101DB0000078012865D0308B354982B23548F6F776
:101DC000D5FD18B1FD2134A0F0F726FC3B4C4FF4B3
:101DD000C0422F492068EEF7CDFA2D484FF4C0419C
:101DE000EEF7EFFA36480078022812D0354F032874
:101DF0001BD0072843D0B068401CB06032498842ED
:101E000000D9B5604FF4C0412068BDE8F041EEF75D
:101E1000D8BA2E484FF4C0510268206802F030FF53
:101E2000FAF7E0FFF7F73CFEECE7294E3268294865
:101E300001884B1E28499A420ED230684FF4C042A6
:101E4000096800EB400001EB40302168EEF792FAA0
:101E50003068401C3060D5E732680088401E8242FE
:101E6000D0D130684FF4C042096800EB400001EB6C
:101E700040302168EEF77EFA35603D70C2E73D7074
:101E8000C0E7BDE8F08100006012002405000024D6
:101E900000600038741400242E2E5C2E2E5C5573C6
:101EA00065725C6273705C7372635C6273705F73A3
:101EB00070695F6275732E6300000000DC110024FE
:101EC000C6110024AC11002480969800E011002473
:101ED000B0110024B4110024B81100242DE9F047FA
:101EE000074615469846881E396B01EB1039C0F33A
:101EF000C8064FF0010A00F007000AFA00F0C4B269
:101F0000494609F10109384603F0A7FA10B101204A
:101F1000BDE8F087B91991F838C01CEA040000D078
:101F20000120404502D10220BDE8F0878CEA040080
:101F300081F8380087F803A06D1E0AD0600010F009
:101F4000FF04E8D10124761CB6F5007FE2D3002619
:101F5000D6E70020BDE8F08710B504460020E07009
:101F6000401E6063204603F078FA08B1042010BDDB
:101F700004F2362002F0E4FEA0F52A41553901D0E2
:101F8000032010BD94F83800E92805D0EB2817D1BC
:101F900094F83A00902813D104F16E0002F09BFEF1
:101FA0000D4920F07F40884201D1002010BD04F18E
:101FB0008A0002F090FE0949884201D1002010BD3C
:101FC0000B2207A104F1380003F02CFA08B102201B
:101FD00010BD012010BD000046415400464154335D
:101FE000EB769045584641542020200000E0401CEC
:101FF00002780AB18A42FAD10078704770B40022A0
:102000001446194D05EB0213D3F800C0BCF1000FC4
:102010000DD00668B4450BD1D3F804C08668B4452A
:1020200006D19B68D0F830C0634504D000E001249D
:10203000521C022AE6D3022A01D091B908E024B941
:10204000022902D070BC1220704770BC002070477B
:1020500005EB02108089B0F5807F02D070BC0020B3
:10206000704770BC102070477C1E00244DF8044D52
:102070000021074B8C4603EB01121468844201D106
:10208000C2F800C0491C0229F5D35DF8044B704723
:102090007C1E002410B50168006D041DB1F80AC053
:1020A000510A41EAC350590A62460023EEF710F97B
:1020B0002168221D21B1884204D21168084410BD54
:1020C000002010BD401A141DF2E7891EC269921E3D
:1020D0008A4201D800207047026B408901FB002032
:1020E000704700002DE9F05F81460F4607F11A00A6
:1020F00002F026FE10B10020BDE8F09F387800F015
:102100003F00401E00EB800101EBC00401260025CA
:10211000DFF864A04FF6FF7B1AF80500384402F0A0
:102120000FFE804696B1FF2C0BD2404602F056F8C7
:1021300006462046641C39F8100002F04FF886422B
:1021400002D00020BDE8F09F464604E0D84502D00A
:102150000020BDE8F09F6D1C0D2DDDD3387810F008
:10216000400F06D02EB139F8140010B10020BDE8A0
:10217000F09F0120BDE8F09F5CC301082DE9F0410C
:10218000064688463568B8F1000F08D0414630460B
:1021900002F05FFC022809D20120BDE8F0816F69DE
:1021A00017B1E869B84208D8012706E0B0F1FF3F4F
:1021B000F3D0E9698142F0D84746287804280AD04C
:1021C0003C46641CE869A04250D80224022F4DD23C
:1021D0000020BDE8F08101223946284602F08DF842
:1021E0000446200013D0B4F1FF3F10D00123214654
:1021F0001A462846FFF772FE02280BD001280CD0A1
:10220000B8F1000F0DD0F17902290DD014E020466D
:10221000BDE8F0810120BDE8F0814FF0FF30BDE85E
:10222000F0810221F17107E0791C8C4204D0B16881
:10223000791AB1610321F171F179022934D008F1E1
:1022400001018C4206D1F16909B1491C00E002216B
:10225000F16129E0F069012700B9F76122464146A2
:10226000304602F02EF8F8B9F7611DE021463046FD
:1022700002F0EFFB48B10128D1D0B0F1FF3FCED042
:10228000BC429ED10020BDE8F0814FF0FF322146D4
:10229000284603F01DFA38B9B8F1000F04D02246E1
:1022A0004146284603F014FA28B1012810D0012431
:1022B0002046BDE8F0816C61E969A869891E884201
:1022C00001D8401EA861287940F001002871EFE78D
:1022D0004FF0FF34ECE700002DE9F35F0F463E6856
:1022E00000980068D0F80CA00024254628466D1CF4
:1022F000305C20280FD32F2808D05C2806D0FF2C74
:102300000FD302B00620BDE8F09F6D1C715D2F2930
:10231000FBD05C29F9D071193960202833D204250B
:1023200032E0C0B2A0F181017D2910D829466D1C90
:10233000715C01EB002080B2A1F140023F2A06D37C
:1023400080397F2903D302B00620BDE8F09F012128
:1023500001F010FF8046B8F1000F0BD0B8F1800FEC
:102360000CD26EA04146FFF741FE38B102B0062004
:10237000BDE8F09F02B00620BDE8F09F2046641C37
:102380002AF81080B2E700254CB1601E3AF8100020
:10239000202801D02E2802D1641E002CF5D1002067
:1023A0002AF814003CB100980B222021403003F0A1
:1023B0004EF8002704E002B00620BDE8F09F7F1C25
:1023C0003AF817002028FAD02E28F8D01FB145F08F
:1023D000030500E0641E24B1601E3AF810002E28A8
:1023E000F8D14FF00008C1464FF0080B38467F1C6B
:1023F0003AF8106006B3202E03D02E2E04D1A74247
:1024000002D045F00305F1E7D84501D2A74219D122
:10241000BBF10B0F0ED0A74201D045F003050BD83E
:1024200027464FF008084FF00B0B4FEA89604FEA40
:102430001069DBE745F00305009890F84000E528B7
:1024400040D043E0802E08D3304601F0C7FE002183
:1024500001F090FE064645F00205B6F5807F10D3E8
:10246000ABF10100804503D345F00305D846BDE735
:1024700000994046320A084408F1010880F84020DB
:1024800018E026B128A03146FFF7B0FD18B15F264D
:1024900045F003050EE0A6F14100192802D849F0E5
:1024A000020907E0A6F16100192803D849F00109E3
:1024B000413086B200994046084408F1010880F88E
:1024C000406093E70098052180F84010BBF1080FA9
:1024D00003D14FEA89604FEA10690C2030EA090005
:1024E00003D0032030EA090001D145F0020515F0C0
:1024F000020F0BD109F00300012801D145F01005AE
:1025000009F00C00042801D145F00805009880F876
:102510004B5002B00020BDE8F09F0000222A3A3C58
:102520003E3F7C7F000000002B2C3B3D5B5D0000AC
:102530002DE9F05F0646884640223046002102F031
:1025400086FF85203070C02086F8200000254FF0DF
:102550000109012740244FF0000A4FF0C10B601C15
:1025600006F804B0441C06F800A027B138F815702E
:102570000FB1681CC5B23946301903F09DFAA41C8E
:1025800014F01F0FF1D109F1010000F0FF0938F834
:1025900015000028E3D186F8235086F801904046C4
:1025A00003F07EFB014606F12400BDE8F05F03F076
:1025B00083BA0000401E022810D2094901EB001125
:1025C0008889B0F5807F00D1002008B1401E80B21C
:1025D000888108B9002008600020704702207047F9
:1025E0007C1E00242DE9F04104460F462668002198
:1025F000204600F01BFB00BB00254FF00108A16B3B
:10260000304602F02AFFC0B93178042905D0E16BC9
:102610000A78E52A06D02AB108E0E16B097838EAA1
:10262000D11103D06D1CBD4207D000E0002520462B
:10263000012100F0BAF80028E1D0042800D10720D9
:10264000BDE8F0812DE9F05F05462E68002128469F
:1026500000F0ECFA00284FD1307804280ED0FF2784
:10266000B8464FF0FF3AC5F84CA03046A96B02F0CF
:10267000F4FE81465FEA090054D13FE0F06803F0C0
:102680000FFB82462846002100F02DF9B0F1000B27
:1026900031D13069243002F053FB504524D13069E8
:1026A00090F8237040244FF00008C7B114F01F0FBA
:1026B00000D1A41C3069204402F042FB01F08EFDE1
:1026C0008146F06830F8180001F088FD814506D198
:1026D000781EC7B2A41C08F10108002FE6D11FB96B
:1026E000F06830F8180030B10021284600F0FBF8FF
:1026F000B0F1000BCDD05846BDE8F09FE86B0478F0
:1027000074B1C17A01F03F01A971E52C04D011F038
:10271000080F08D00F2906D0FF27C5F84CA038E0D5
:102720004FF004093EE00F2901D0FFB122E095F8F7
:102730004B1011F0400F2CD114F0400F06D090F840
:102740000D8004F0BF042746296BE964BC420AD11E
:10275000417B414507D1F26801461046FFF7C2FCB4
:1027600008B1781E00E0FF20C7B212E003F0E1F9E3
:10277000404517D095F84B0010F0010F06D1E86BDB
:102780000B2205F1400102F04DFE58B1FF27C5F8BC
:102790004CA00021284600F008F881465FEA0900B5
:1027A0003FF463AF4846BDE8F09F2DE9F04705468A
:1027B0000E462C68286B00F12008A86B002806D074
:1027C0002178042906D04FF40011414505D8042092
:1027D000BDE8F0874FF08051F7E7C8F30801002902
:1027E00077D1401CA863696B4FF0000929B160895B
:1027F000401E10EA582F09D06BE02089B0EB581F1B
:1028000067D8C5F838900420BDE8F087284602F064
:1028100020F90746012F02D80220BDE8F087B7F162
:10282000FF3F1AD0E069B8424DD8CEB1696B284657
:10283000FFF7A4FC0746380017D0012F18D0B7F1D6
:10284000FF3F18D0E87940F00400E871204603F01B
:10285000C3F998B10120BDE8F0870120BDE8F087F9
:10286000C5F838900420BDE8F0870720BDE8F08760
:102870000220BDE8F0870120BDE8F08700214FF479
:10288000007204F1380002F0E2FD002639462046CD
:10289000FFF71BFC60636089002811D94FF0010924
:1028A00084F80390204603F097F910B10120BDE8A9
:1028B000F087761C606B401C60636089B042EFD883
:1028C000606B801B60636F6339462046FFF7FDFB3A
:1028D000A863C5F83080C8F3080020443830E863A6
:1028E0000020BDE8F0872DE9F04705468A46042719
:1028F000D5F80080FF26B146A86B002864D0A96BEC
:10290000404602F0AAFD074638005DD1E86B047826
:10291000A4B198F80010042912D0C17A01F03F0147
:10292000A971E52C08D02E2C06D021F02002082A0F
:1029300017D00022524516D0FF2632E0042743E08C
:10294000852C2ED1286BE864284602F01AFA074637
:10295000380039D1D8F81000007900F03F00A87194
:1029600032E00122E6E70F2901D036BB21E014F066
:10297000400F06D090F80D9004F0BF042646296B56
:10298000E964B4420BD1417B494508D1D8F80C2009
:102990000146104602F058FE08B1701E00E0FF200C
:1029A000C6B228460021FFF700FF074638000BD1CA
:1029B00007E003F0BEF8484506D04FF0FF30E8646A
:1029C00002E0A86B00289AD10FB10020A863384616
:1029D000BDE8F0872DE9F04397B00446256894F8E8
:1029E0004B0010F0A00F03D0062017B0BDE8F08315
:1029F0000026E86800E0761C30F816100029FAD1AD
:102A0000287804281BD00C2204F1400114A802F0FD
:102A100015FD9DF85B0010F0010F6ED0402084F88A
:102A20004B000127EA6814A93B4604F1400001F07D
:102A3000BDFF2046FFF706FE002856D152E05F4951
:102A400006F10E00A1FB0010C008861C204631468E
:102A5000FFF7C8FD0028C8D1711E206B494200EB6A
:102A60004110E064A068A8B3E07910F0040F31D001
:102A700068892369626940021B18236142F10000E2
:102A80006061204601F006FC0028AED1421E616B59
:102A9000204601F016FC0028A7D12146684602F026
:102AA00054F90028A1D1286963692269383002F0FD
:102AB000DFFF286963692269283002F0D9FF29699C
:102AC000E07940F0010081F82100684602F0F9FF4A
:102AD00000288AD1E9682869FFF72AFD002017B08D
:102AE000BDE8F0837F1C642F9CD3642F12D0042890
:102AF000F5D19DF85B0084F84B009DF85B0010F069
:102B0000020F0BD02E4906F10C00A1FB001080082B
:102B1000471C04E017B00720BDE8F08301272046DA
:102B20003946FFF75FFD06464FF0010836BB7F1EB2
:102B300024D0206B794200EB4111204600F076F85A
:102B4000064630001AD104F1400002F0F2FF81463F
:102B5000A16B284602F081FC06467EB9E16B4B462C
:102B6000E868FAB202F03EFE85F8038000212046B4
:102B7000FFF71BFE06460EB97F1EE9D1CEB9A16B49
:102B8000284602F06AFC0646300012D1E06B202293
:102B9000002102F05CFCE06B0B2204F1400102F02A
:102BA0004DFCE16B94F84B0000F01800087385F8B9
:102BB000038017B03046BDE8F0830000898888881C
:102BC0004FECC44E2DE9F04104462568266BE16CBC
:102BD000B1F1FF3F0DD0204600F028F800281DD1AC
:102BE000E5274FF00108A16B284602F036FC90B9AA
:102BF00001E00020F2E72978042911D0E16B0F7081
:102C000085F80380216BB14205D200212046FFF7F1
:102C1000CCFD0028E7D0042800D10220BDE8F081D7
:102C2000E16B0A7802F07F020A70E9E72DE9F041D2
:102C300006460C4637683878042809D04FF400104F
:102C4000A04202D914F01F0F05D00220BDE8F08188
:102C50004FF08050F4E73463B5682DB93878032815
:102C600002D3FD6A0020F071A5B178894FEA4028AF
:102C7000444520D32946304601F0EBFE0546B5F128
:102C8000FF3F11D0022D02D3F869A8420FD80220CD
:102C9000BDE8F0813889B0EB541F02D80220BDE8AE
:102CA000F081F86AB0630BE00120BDE8F081A4EB8D
:102CB00008044445DED229463846FFF706FAB063D9
:102CC0007563B06B50B100EB5420B063C4F30800DF
:102CD00038443830F0630020BDE8F0810220BDE8C0
:102CE000F081000010B5002208490B5C002B0AD1CE
:102CF00001220A540A1801EB8000127B4068016827
:102D0000104688470246104610BD00009C1E002455
:102D1000054B03EB000C03EB80009CF80CC04068F3
:102D200003696046184700009C1E002430B4DFF899
:102D300018C00CEB00040CEB8000247B4068D0F83A
:102D400008C0204630BC60479C1E002404490A1875
:102D500001EB8000127B4068416810460847000084
:102D60009C1E002430B4DFF818C00CEB00040CEB00
:102D70008000247B4068D0F80CC0204630BC6047FF
:102D80009C1E00240020084900E0401C022804D2B8
:102D900001EB00121268002AF7D1022801D00120AD
:102DA00070470020704700007C1E002438B50446A0
:102DB000204600F074FF00280CD16946204602F03E
:102DC00036FF002806D1E06AFFF7F4FB002801D1A6
:102DD0000021216038BD2DE9F04F83B082461446B2
:102DE0001D4601A9504602F022FF0290029810B938
:102DF0009AF831000290029850B90198007804289E
:102E000006D1421FDAF84010504601F05AFA0290FB
:102E1000029818B1029803B0BDE8F08FDAF85000BC
:102E20004FF0000B00287DD0E14371EA050147D047
:102E3000DAF81000DAF81410021B71EB050201D267
:102E400004460D46CAF83C50CAF8384054EA05001A
:102E500000F0C381621E504645F1FF3314461D4603
:102E6000FFF718F9CAF8400001460198FFF72DF95D
:102E70000146002962D00198620A42EAC55243899C
:102E80005B1E1A405418BAF83810C905C90D00F075
:102E9000A481DAF84420A24200F09F819AF8301011
:102EA00011F0800F56D0407801230AF15401FFF74A
:102EB00059FFC0B301208AF8310003B0BDE8F08F9C
:102EC000D0F80090071D0225DAF8081009B38846EB
:102ED0000024AD1C0E46641C504601F0BAFD0146AC
:102EE000012905D802208AF8310003B0BDE8F08F2F
:102EF000B1F1FF3F18D0701C8142EBD04D4504D892
:102F0000381D3C60071DC0F800800198C0698842E8
:102F1000DDD8DAF8500005604D450BD8C7F800B091
:102F200000F05BB929E00FE001208AF8310003B01E
:102F3000BDE8F08F1120029000F04FB902208AF80E
:102F4000310003B0BDE8F08F9AF8300000F07F0048
:102F50008AF83000019801230AF154012246407892
:102F6000FFF7E4FE28B101208AF8310003B0BDE884
:102F7000F08FCAF8444000F030B9019A1078042864
:102F800004D0012D02D300254FF0FF34DAF81000F1
:102F9000DAF81410031B71EB050306D29AF83030EF
:102FA00013F0020F01D104460D46DAF83C90DAF82E
:102FB000388000200090CAF83800CAF83C0054EA73
:102FC000050072D050894FEA402B58EA090029D0F9
:102FD000601E5A46002345F1FF31EDF779F90646A8
:102FE0000F46B8F101005A4649F1FF3180460023EF
:102FF0008946EDF76DF9301A77EB010012D3ABF18A
:1030000001010020CA43C14309EA0101CAF83C108A
:1030100008EA0200CAF83800241A65EB0105DAF85C
:10302000401010E0DAF8081059B900215046FFF7B7
:10303000A5F80146012939D0B1F1FF3F3CD0CAF8CB
:103040000810CAF8401081B30026BBEB040076EBF1
:1030500005005AD2B4EB0B0465EB0605DAF838002C
:10306000DAF83C3010EB0B027341CAF83C30CAF876
:1030700038209AF8300010F0020F26D0DAF810C08D
:10308000DAF81470BCEB020C77EB030C07D2CAF829
:103090001430CAF8102040F040008AF83000504642
:1030A000FFF76CF8014669B113E044E002208AF8AA
:1030B000310003B0BDE8F08F01208AF8310003B081
:1030C000BDE8F08F002425461FE0504601F0C1FC0A
:1030D0000146B1F1FF3F0BD0012903D90198C06926
:1030E00088420BD802208AF8310003B0BDE8F08F87
:1030F00001208AF8310003B0BDE8F08FCAF8401013
:10310000BBEB040276EB0500A4D3DAF83800DAF85A
:103110003C2000196A41CAF83C20CAF83800E00592
:10312000C00D08D00198FEF7D0FFB8B3620A42EA9A
:10313000C55108440090DAF81020DAF83800DAF8BF
:103140001430DAF83C10121A73EB010209D2CAF8F3
:103150001410CAF810009AF8300040F040008AF8C5
:103160003000BAF83800C005C00D36D0DAF8442077
:103170000098824231D09AF8300010F0800F1AD0B7
:10318000019801230AF154014078FFF7EBFD60B18B
:1031900001208AF8310003B0BDE8F08FFFE702207C
:1031A0008AF8310003B0BDE8F08F9AF8300000F0E3
:1031B0007F008AF8300001980123009A0AF1540137
:1031C0004078FFF7B3FD28B101208AF8310003B041
:1031D000BDE8F08F0098CAF84400029803B0BDE83B
:1031E000F08F2DE9F14F96B0022201A916A801F047
:1031F000CBF804460198029020007ED14FF48C60F9
:1032000000F0E8FF81465FEA09000DD00198C0F8A0
:103210000C9009F50071016102A8169901F0D1FA2C
:103220000446200004D004E017B01120BDE8F08F60
:103230000824042C7DD1002102A8FEF79FFF8046C0
:103240000198418949020691002207920024B8F1B1
:10325000000F00D10724B8F1010F00D10224B8F10A
:10326000FF3F00D1012414B902F0B6FC044601F07E
:1032700091FC0090002C4FF0100A4FF0010B51D13F
:1032800001984146FEF721FF0746019800F13806F4
:10329000002130464FF4007202F0D9F8019800780E
:1032A000042827D00B223046202102F0D0F82E250A
:1032B000357086F80BA006F11600009902F0CEFBDF
:1032C00001984246314602F0B5FB2022314606F114
:1032D000200002F0B3F886F82150049A0198017892
:1032E000032903D1C16A914200D1002206F12001D5
:1032F00002F0A0FB0198458900E023E095B1019818
:1033000047637F1C80F803B002F066FC044620008F
:1033100008D1002130464FF4007202F098F86D1E7B
:10332000002DECD11CB902A8FFF754FB04466CB188
:1033300000E004E00022414602A802F0C4FA484638
:1033400000F04AFF17B02046BDE8F08F01980178E1
:10335000042916D0119D009905F1160002F07EFB9C
:1033600001984246294602F065FB85F80BA00198BA
:1033700080F803B0002CE2D1019802F0E7FB04468C
:10338000DDE7006900990C3002F068FB01984146C6
:103390000069343002F062FB019806990069383008
:1033A00002F05CFB019806990069283002F056FB98
:1033B00001980321026982F82110006980F804A0B5
:1033C00002A802F07EFB0446D4E700002DE9F74195
:1033D00081B0164602980090684601F0DDFB044675
:1033E000002C03DA04B00B20BDE8F081104F57F831
:1033F00024504FF0000825B12846FEF737FE85F827
:1034000000800198002801D080F8008047F824004F
:1034100001D0012E03D004B00020BDE8F0810022CD
:1034200001A902A800F0B0FF04B0BDE8F0810000DF
:10343000081300242DE9F74F96B00446002C0CD059
:1034400002F03F0501A92A4617A800F09DFF074694
:103450004FF0000A2FB100F099B919B00920BDE86A
:10346000F08F019802904FF48C6000F0B3FE81461B
:103470005FEA09000DD00198C0F80C9009F50071C1
:10348000016102A8179901F09CF90746380004D0A1
:1034900014E019B01120BDE8F08F9DF8530010F032
:1034A000800F01D0062709E035F0010001D001218D
:1034B00000E0002102A8FEF7A1FD074615F01C0F51
:1034C0007ED06FB1042F08D1FFF75CFC20B102A8B9
:1034D000FFF780FA074600E0122745F008050AE0EA
:1034E0009DF80E0010F0110F01D0072703E015F032
:1034F000040F00D00827002F7ED115F0080F7BD0D5
:1035000001F048FB8346019801264FF0200801781E
:1035100004292AD0119859460E3002F09FFA1198CA
:103520005946163002F09AFA119880F80B801199DA
:10353000019801F0BDFB804611990198002202F02C
:1035400079FA119800211C3002F088FA0198C670AF
:10355000B8F1000F7BD0466B002202A8414602F072
:10356000B2F90746380059D071E02060019800692F
:10357000343001F0B0FBA06001980069383001F0F0
:10358000B5FB616120610198016991F8211001F09A
:103590000201E171C4F81CA059460069083002F02C
:1035A0005DFA0198016981F814A0594600690C3050
:1035B00002F054FA0198016981F815A0016900E050
:1035C00036E081F8048000210069343002F046FAC8
:1035D0000198002213460069383002F049FA019838
:1035E000002213460069283002F042FA019800696F
:1035F00080F8216002A800E029E002F062FA0746A4
:10360000380024D1A16811B30022204602F05BF9F2
:1036100007460199A068401E486118E001983146AC
:1036200001F01BFF07460199A8F1010048610EE077
:103630006FB99DF80E0010F0100F01D0042706E0BE
:1036400015F0020F03D010F0010F00D00727AFB91B
:1036500015F0080F01D045F040050198406BA064BB
:103660001198E06435F0010001D0012100E0002153
:1036700002A801F0BBFAE06200B90227002F7DD159
:1036800001980178042931D0119901F011FBA06053
:1036900011981C3001F01FFBC4F814A02061C4F87D
:1036A00050A0019820600198C088A08084F8305014
:1036B00084F831A0C4F844A00021A163E1634FF471
:1036C000007204F1540001F0C2FE15F0200F5AD030
:1036D0006669256955EA060055D0E663A563019839
:1036E00040894FEA4028A168D3462DE00499216221
:1036F00006999DF80F2021F0FF0111436162159991
:10370000A1620069343001F0E6FAA0600198006916
:10371000383001F0EBFA616120610198006990F89E
:10372000210000F00200E071B9E7204601F091F9B4
:103730000146012900D80227B1F1FF3F00D101273E
:10374000B5EB080566EB0B0627B9B8EB05007BEB7C
:103750000600EAD321648FB9E805C00D13D00198A3
:10376000FEF7B3FCC8B16A0A42EAC6510A1862649D
:103770000198012304F15401407800E003E0FFF7D1
:10378000D5FA00B10127484600F026FD0FB1C4F874
:1037900000A019B03846BDE8F08F0227F3E7F3B573
:1037A00081B00446002C08D00022694602A800F02F
:1037B000EBFD054600271DB168E003B00920F0BD10
:1037C000009921604FF48C6000F004FD0646300043
:1037D0000CD00098C66006F5007101612046029980
:1037E00000F0EFFF0546280003D049E003B01120A8
:1037F000F0BD94F84B0010F0800F2BD1A07910F0A1
:10380000100F26D000980178042904D0E16B01F054
:103810004FFAA0601EE0A2682262216921F0FF0237
:10382000E1790A436262E26CA2620069343001F01D
:1038300052FAA06000980069383001F057FA6161CF
:1038400020610098006990F8210000F00201E17108
:1038500000E00525A5B90098C188A1800021204677
:10386000FFF7E4F9054628000AD1A06838B1002125
:10387000204601F0BBF9E06210B9122500E0E762D2
:10388000304600F0A9FC042D00D1052505B12760C4
:1038900003B02846F0BD0FB42DE9F0479CB00146B7
:1038A00008A802F00BF826A81B904FF02D086F46D1
:1038B000259810F8011B2590002900F00581252985
:1038C00003D008A801F0C8FFF2E700252E4610F843
:1038D000011B2590302902D02D2905D008E00126B2
:1038E00010F8011B259003E0022610F8011B25901B
:1038F000A1F1300009280DD805EB850001EB40004F
:10390000A0F13005259810F8011B2590A1F1300099
:103910000928F1D96C2901D04C2905D146F00406BB
:10392000259810F8011B2590002972D00A46A2F1B3
:1039300061001146192801D84130C2B24F2A4ED039
:1039400006DC422A49D0432A3FD0442A06D148E027
:10395000532A07D0552A44D0582A44D008A801F049
:103960007BFFA5E71B9850F8049B1B90002400E008
:10397000641C19F804000028FAD116F0020F0BD1CC
:103980002046641CA84207D2202108A801F064FF49
:103990002046641CA842F7D399F8000040B199F87A
:1039A000001008A801F058FF19F8010F0028F6D1FF
:1039B000661CAC42BFF47CAF202108A801F04CFF8C
:1039C0003046761CA842F7D372E71B9810F8041B08
:1039D0001B9008A801F040FF6AE7022304E00823D7
:1039E00002E00A2300E0102316F0040F06D0DDF8F1
:1039F0006CC05CF8040BCDF86CC007E0442A09D019
:103A0000DDF86CC05CF8040BCDF86CC0442A08D01B
:103A10000DE059E0DDF86CC05CF8040BCDF86CC02B
:103A2000F4E710F0004F02D0404246F008060024B0
:103A3000B0FBF3F203FB1202D2B2B0FBF3F0092A9F
:103A400005D9782919D04FF0070C6244D2B2A446A8
:103A50003032641C07F80C2008B1202CE8D316F093
:103A6000080F03D02046641C07F80080A14616F01A
:103A7000010F05D04FF0300A09E04FF0270CE4E7C2
:103A80004FF0200A03E008A8514601F0E5FE16F0C9
:103A9000020F04D14846A84209F10109F3D3641E7C
:103AA00008A8395D01F0D8FE002CF8D1A94509F12C
:103AB0000104BFF4FDAE08A8514601F0CDFE20463A
:103AC000641CA842F7D3F3E608A801F0E2FE1CB09C
:103AD000BDE8F0075DF814FB2DE9F84F04460F46EA
:103AE000164698460025C8F800506946204602F060
:103AF0009EF800281DD194F83100002819D194F8BF
:103B0000300010F0010F13D02269A06B6369E16BE4
:103B1000101A63EB0101821BA94100D20646002E58
:103B20007ED04FF00109208FC005C00D03D093E077
:103B30000720BDE8F88FA26BE36B510A41EAC3503E
:103B400000994989491E00EA0105CDB952EA0300EE
:103B500005D0206D28B12046FEF79CFA05E0A0684C
:103B600003E0216C204600F074FF022804D20220FA
:103B700084F83100BDE8F88FB0F1FF3F20D0206419
:103B8000216C0098FEF7A1FAF8B100EB050B4FEAA3
:103B9000562ABAF1000F32D0009805EB0A0241898B
:103BA0008A4201D9A1EB050A407853465A46394664
:103BB000FFF7BCF870B184F831900120BDE8F88FB0
:103BC00084F831900120BDE8F88F022084F831009C
:103BD000BDE8F88F94F8300010F0800F0CD0606CC6
:103BE000A0EB0B00504507D207EB40204FF40072CA
:103BF00004F1540101F022FC4FEA4A253BE0626CDB
:103C00005A4527D094F8300010F0800F14D0009857
:103C1000012304F154014078FFF7A4F830B100E02B
:103C20003AE084F831900120BDE8F88F94F8300034
:103C300000F07F0084F830000098012304F1540163
:103C40005A464078FFF772F820B184F8319001208D
:103C5000BDE8F88FC4F844B0208FC0F30800C0F569
:103C60000075B54200D9354620442A4600F154017A
:103C7000384601F0E3FB2F44A16BE26B4919A163C5
:103C800042F10000E063D8F800002844C8F80000C2
:103C9000761B002E7FF447AF0020BDE8F88FF0B50B
:103CA00095B0044614A9204601F0C1FF0546002D39
:103CB0007DD194F8300010F0400F78D010F0800FD4
:103CC00011D014980123626C04F154014078FFF77D
:103CD00049F810B115B00120F0BD94F8300000F0A3
:103CE0007F0084F8300000F055FF064614980178F4
:103CF000042906D0A16C01F0B0FB0546002D66D06A
:103D00008AE0204600F0C6FA054635B9216C4FF02E
:103D1000FF32204600F0D5FA0546002D7CD14FF445
:103D20008C6000F057FA074638000BD01498C76033
:103D300007F5007101612146684601F006F8054665
:103D40001DB140E015B01120F0BD149801690A7949
:103D500042F020020A710269E17941F0010182F822
:103D600021100069A168343001F078FE149863696D
:103D700022690069383001F07BFE1498636922697A
:103D80000069283001F074FE1498314600690C3047
:103D900001F064FE14980021026951750069103029
:103DA00001F05CFE684601F08CFE054600E033E061
:103DB0004DB9149801F0CAFE054694F8300000F0A1
:103DC000BF0084F83000384600F006FA24E0E56CC5
:103DD000E87A40F02000E872A2682946206801F0E5
:103DE00029FE216905F11C0001F038FE05F11600DD
:103DF000314601F033FE002105F1120001F05CFEB6
:103E000014980121C17001F0A1FE054694F830001C
:103E100000F0BF0084F8300015B02846F0BD71B541
:103E2000B7B0002502220DA937A800F0ADFA04466C
:103E30000D982290002C7ED14FF48C6000F0CAF9CE
:103E4000064630000BD00D98C66006F50071016182
:103E500022A8379900F0B5FC04461CB107E038B041
:103E6000112070BD022122A8FEF7C8F80446002CDC
:103E700065D19DF8D30010F0800F01D0062405E035
:103E80009DF88E0010F0010F00D00724002C42D1C5
:103E90000D980090017804290FD0319900F008FFA7
:103EA00005469DF88E0010F0100F34D00D980E903E
:103EB00010950078042816D01DE00069343000F019
:103EC0000AFF054602900D980069383000F00EFF99
:103ED000059104900D98006990F8210000F002000F
:103EE0008DF80700DDE704980599139112909DF86D
:103EF00007008DF83F0000210EA8FEF797FE04464C
:103F00004CB900210EA8FEF7EEFC044604B90724C4
:103F1000042C00D1002494B922A8FEF753FE0446D5
:103F200034B92DB100222946684601F0CCFC044684
:103F30002CB90D9800E005E001F008FE044630467B
:103F400000F04AF938B0204670BD2DE9F84F074619
:103F50008A4691469B460024CBF800406946384685
:103F600001F065FE00281DD197F83100002819D115
:103F700097F8300010F0020F13D000980078042852
:103F800006D0B86B10EB0901814201D26FEA00093B
:103F9000B9F1000F00F0D980388FC005C00D03D0F3
:103FA000A0E00720BDE8F88FBA6BFB6B510A41EA2D
:103FB000C35000994989491E00EA01054DBB52EAE8
:103FC000030005D0386D50B13846FEF763F80AE0BB
:103FD000B86840B900213846FEF7D0F803E0396CE4
:103FE0003846FEF7CBF800287AD0012806D0B0F189
:103FF000FF3F08D03864B96851B10AE0022087F861
:104000003100BDE8F88F012087F83100BDE8F88F56
:10401000B86097F8300010F0800F13D0009801239B
:104020007A6C07F154014078FEF79CFE20B1012024
:1040300087F83100BDE8F88F97F8300000F07F0076
:1040400087F83000396C0098FEF73FF8A8B14619A0
:104050004FEA59245CB300982A1941898A4200D951
:104060004C1B4078234632465146FEF77BFE48B152
:10407000012087F83100BDE8F88F022087F8310071
:10408000BDE8F88F786C801BA0420DD20AEB40216E
:104090004FF4007207F1540001F0D0F997F83000A6
:1040A00000F07F0087F830004FEA44282EE0786C5B
:1040B000B04216D03A69B86B7B69F96B801A71EB24
:1040C00003000ED20098012307F1540132464078D4
:1040D000FEF72CFE28B1012087F83100BDE8F88FEB
:1040E00033E07E64388FC0F30800C0F50078C8451F
:1040F00000D9C846514638444246543001F09EF932
:1041000097F8300040F0800087F83000C244B96B67
:10411000FA6B11EB080342F10004FC63BB633D69D9
:104120007E69E81A76EB040001D32B4634467C61A5
:104130003B61DBF8000000EB0801CBF80010A9EBB5
:104140000809B9F1000F7FF427AF97F8300040F06D
:10415000400087F830000020BDE8F88F82B0CDE93C
:10416000000121F0004001909DED000B02B051ECE8
:10417000100B704730B4802822D319B1134C45F28C
:10418000205C02E0124C45F2205C00231022ACEBD4
:10419000030101EBD17103EB610134F82150854239
:1041A00007D001D20B4600E08C46A2F10102002AA2
:1041B000EDD13AB14FF0010000EB410034F81000AE
:1041C00030BC704730BC4FF0000070470A1803083D
:1041D00086C3010801F0F0B800F062BB4DF8044D51
:1041E000B0F5805F01D2294900E0294931F8022B5E
:1041F000002A16D0904214D331F8023B4FEA132C18
:10420000DBB2D41884423BD9BCF1090F09D2DFE8F4
:104210000CF0050B13181D22272C3100801A31F8E1
:1042200010005DF8044B7047811A01F00101401A3B
:1042300080B25DF8044B7047103880B25DF8044BD3
:104240007047203880B25DF8044B7047303880B238
:104250005DF8044B70471A3880B25DF8044B704724
:10426000083080B25DF8044B7047503880B25DF87A
:10427000044B7047A0F5E35080B25DF8044B7047E3
:10428000BCF1000FB2D101EB4301AFE78E6C040823
:10429000806E040870B50646F07903280FD1B56822
:1042A000B46954B130686A1C294601F011FA00283B
:1042B00006D16D1C641E002CF4D10020F07100208A
:1042C00070BD70B504460D461646E069002812D050
:1042D000E069012802D9291A8A1C00E03246281A0E
:1042E000411C206801F0F4F9002805D1E069401E66
:1042F000E0610028ECD1002070BD2DE9F0470646B2
:1043000091468F1EF069801EB84200D800273C46B7
:10431000A04600254FF0010A306B00EB1431304607
:1043200001F09BF818B14FF0FF30BDE8F087C4F3FF
:10433000C80004F007010AFA01F1C9B2F269931E3C
:10434000321892F838200A404906090E641C9C4233
:1043500003D3002400214FF4007032B1A0460025A1
:10436000BC4209D10020BDE8F0876D1C4D45F7D156
:1043700008F10200BDE8F0870029E1D10121401CCD
:10438000B0F5007FDCD3C7E72DE9F04784B00E46D7
:1043900017464FF00008C6F8008000F0FDFB054608
:1043A000280003D504B00B20BDE8F087FE4850F884
:1043B0002540BCB1346007F0FE06207828B1607853
:1043C000FEF7C4FC10F0010F10D084F80080E8B2B2
:1043D0006070FEF787FC10F0010F13D004B00320CB
:1043E000BDE8F08704B00C20BDE8F08736B110F0CE
:1043F000040F03D004B00A20BDE8F08704B0002009
:10440000BDE8F08736B110F0040F03D004B00A20E5
:10441000BDE8F087002520462946FDF79DFD0228CE
:104420001FD16F4604EB051000F5FB70017919B13F
:10443000083000F050FC00E0002047F825006D1C1B
:10444000042DEFD3002657F8265025B129462046E3
:10445000FDF782FD00E00320022802D3761C042E23
:10446000F1D3042805D0022807D304B00D20BDE8FD
:10447000F08704B00120BDE8F08701284FF0FF3934
:104480000AD004F1430000F05BFCB0F5007F7CD063
:1044900004B00D20BDE8F0870B2000E0401C402850
:1044A00004D2211891F838100029F7D0402803D2FF
:1044B00004B00D20BDE8F08704F1A00000F040FC3E
:1044C000B0F5807F03D004B00D20BDE8F08794F8EC
:1044D000A4004FF0010A0AFA00F0B0F5007F03D003
:1044E00004B00D20BDE8F08704F1800000F0FEFB71
:1044F000461941EB0807012F03D304B00D20BDE896
:10450000F08704F18C0000F0E6FB206294F8A6002E
:10451000A070012803D004B00D20BDE8F08794F806
:10452000A5000AFA00F080B2608158B104F194004D
:1045300000F0D1FB82469D48824507D904B00D208A
:10454000BDE8F08704B00D20BDE8F0870AF1020055
:10455000E061656204F1900000F0BDFB2844206337
:1045600004F1880000F0B7FB2844A0626189206B49
:1045700001FB0AF1401848EB0801301A77EB010003
:1045800004D204B00D20BDE8F0872DE004F19800BE
:1045900000F0A1FBE06201462046FDF796FD0146D2
:1045A000204600F05AFF18B104B00120BDE8F087A2
:1045B0000025601990F83810812904D14C3000F0A2
:1045C0008AFB022803D02035B5F5007FF1D3B5F57D
:1045D000007F05D0C4F81890C4F814900426D8E0E1
:1045E00004B00D20BDE8F08704F14E0000F0A8FBF8
:1045F000014621B904F15C0000F06DFB0146216227
:1046000094F84800A070012805D0022803D004B017
:104610000D20BDE8F08700FB01F794F845006081AC
:1046200010B1411E084203D004B00D20BDE8F08750
:1046300004F1490000F084FB208110F00F0F03D03B
:1046400004B00D20BDE8F08704F14B0000F078FBCA
:104650000646300004D104F1580000F03CFB064649
:1046600004F1460000F06CFB02464AB12389D019E0
:1046700000EB13118E4207D204B00D20BDE8F08785
:1046800004B00D20BDE8F087B4F80AC0701AB0FB82
:10469000FCF040B303264FF6F57C604500D80226B7
:1046A00040F6F57C604500D80126801CE06165621B
:1046B0002A44A26229442163032E18D073B3D1196E
:1046C000E162022E2ED000F0010100EB400001EB70
:1046D0005000216A00F2FF10B1EB502F24D204B039
:1046E0000D20BDE8F08704B00D20BDE8F08704F18F
:1046F000620000F025FB18B104B00D20BDE8F08782
:10470000208918B104B00D20BDE8F08704F16400E1
:1047100000F0E1FAE062E0698000DAE704B00D2021
:10472000BDE8F0874000D4E7C4F81890C4F81490AE
:1047300080202071032E2CD104F1680000F000FBD2
:10474000012826D1691C204600F087FE08BB84F8AA
:10475000048004F2362000F0F3FAA0F52A4155391E
:1047600017D104F1380000F0B6FA1149884210D18F
:1047700004F5077000F0AFFA0E49884209D104F53C
:10478000087000F0A8FAA06104F5097000F0A3FA1F
:104790006061267008490888401C0880E080204637
:1047A000FDF764FC002009E008130024FDFFFF7FF3
:1047B00052526141727241610413002404B0BDE899
:1047C000F08773B50446256801E0401C019001980C
:1047D00001782F29F9D05C29F7D00020A060E06192
:1047E00001980078202808D2802084F84B0000210E
:1047F0002046FEF71BFA02B070BD01A92046FDF766
:104800006BFD0028F7D12046FDF71CFF94F84B10F4
:1048100038B10428EFD111F0040FECD1052002B01B
:1048200070BD11F0040FFAD1A07910F0100F0DD067
:10483000287804280DD0208EC0F30800284400F109
:104840003801284600F034FAA060D6E7052002B00F
:1048500070BDA1682162206920F0FF01E079014369
:104860006162E16CA1622869343000F034FAA06022
:10487000286990F8210000F00201E17128693830C0
:1048800000F034FA61612061B7E700000349CA69AA
:1048900012F0400FFBD0C2B28A6270470010014094
:1048A00010B5002821D0114B0022001F196803E029
:1048B000814203D80A4649680029F9D152B11368E8
:1048C000841A9C4204D1006818441060104602E02B
:1048D000506000E0186039B102680B1A934203D1AE
:1048E0000B681A4402604968416010BD2C13002413
:1048F00010B582B01446CDE900010023009A236070
:10490000194B21F0004098422ADA024328D0B0F532
:10491000801FA8BF226810DA9FED150B53EC102BF7
:104920009DED000B51EC100BEBF70AFECDE90001F9
:104930006FF0350221F0004022600F4B6FF31E51E3
:1049400003EB20501044206041F0FF5040F0005035
:1049500001909DED000B00BF02B051EC100B10BD9B
:104960009DED000BF8E700000000F07F0000000064
:10497000000000000000504302FCFFFF10B5094C8E
:104980004FF4C042206800F5C041EBF7F3FC064845
:104990004FF4C04201682068BDE8104000F5C040F7
:1049A000EBF7E8BCE4110024E011002470B582B0FC
:1049B000054616461C460B22284600F03FFD052CF6
:1049C00016D93088A0B136F8021B002320460C46C9
:1049D00060F35F04490814F4803F03D084F021049D
:1049E00084F488345B1C102BF0D330880028EAD183
:1049F00007226B4604F00F0000F13001392901D97C
:104A0000C81DC1B21046521E19542409002CF1D100
:104A10007E2098540021A2F1010C06E081387D2807
:104A200002D8614506D0491C491C914202D2685CFB
:104A30002028F3D1082A03D21046521C185C00E04B
:104A400020208C46491C05F80C000829F2D302B03E
:104A500070BD2DE9F04102460D461468022D02D3C7
:104A6000E069A84201D8012691E04FF0FF36207896
:104A700001280AD0F70D02282FD0F10D032801EAF2
:104A800085073AD0042872D145E005EB5507A06AA6
:104A900000EB5721204600F0E0FC002877D1C7F357
:104AA0000800204407F1010890F83870A06A00EB74
:104AB0005821204600F0D1FC002868D1C8F3080036
:104AC000204490F8380047EA002015F0010F01D08B
:104AD00006095CE0C0F30B0659E0A06A00EB152163
:104AE000204600F0BAFC002851D107EA45002044D6
:104AF000383000F025F9064649E0A06A00EBD511F0
:104B0000204600F0AAFC00BB3819383000F0E3F86A
:104B100020F070463BE05169106950EA010335D03E
:104B20009368EB1AB0F1010C41F1FF304FEA5C21C0
:104B300041EAC0506189B0FBF1F1D079022808D177
:104B40008B4206D802D16FF0004620E005F1010645
:104B50001DE0032804D19169994201D96E1C16E029
:104B6000022813D0D06918B16FF000460FE00DE0B5
:104B7000A06A00EBD511204600F06FFC38B9381957
:104B8000383000F0A8F820F0004600E0012630465A
:104B9000BDE8F081002070474DF8044D04464FF009
:104BA000FF30D4F800C0BCF1000F0BD0614600E02C
:104BB000491C0A78202A01D33A2AF9D10A783A2ADC
:104BC00003D000205DF8044B70479CF800300CF1D6
:104BD0000102303B0A2BF5D28A42F3D1022BF1D2EB
:104BE0001846491C21605DF8044B704770B40022E0
:104BF000224CD0F800C004EB02131D68654507D1B4
:104C00005D688668B54203D19B68056BAB4202D0F4
:104C1000521C022AEFD3022A17D1002200E0521CB4
:104C2000022A04D204EB02131B68002BF7D1022ADC
:104C300013D004EB0213C3F800C0D0F808C0C3F8C7
:104C400004C0006B98600020988149B104EB021009
:104C5000808928B170BC0020704770BC002070476C
:104C600011B14FF4807003E004EB02108089401C06
:104C700004EB02118881501C70BC70477C1E00241C
:104C80000023002910D99FED090A50F823C000EE37
:104C900090CA02EB830CF8EEE00A60EE800ACCEDDD
:104CA000000A5B1C8B42F0D3704700000000003408
:104CB00070B506460C4604F11A0000F041F80546AE
:104CC0003078032805D104F1140000F039F845EAE2
:104CD0000045284670BDC178827842EA01214278B9
:104CE00042EA0121007840EA01207047C1798379C6
:104CF0000A0E43EA01214379120242EA116243EAB1
:104D000001210379120242EA116243EA0121C378C8
:104D1000120242EA116243EA01218378120242EA56
:104D2000116243EA0121120242EA1163427842EA27
:104D3000012200781B0243EA126140EA0220704718
:104D40004178007840EA0120704710B504460868B1
:104D50002060086AA06091F82400E0710022486A8F
:104D6000626120F0FF002061896AE1642046FDF75E
:104D70005DFF002804D12046BDE8104000F001B8D6
:104D800010BD2DE9F041044620680669A16B00F0D2
:104D900064FB002804D1E16B0878852802D002204A
:104DA000BDE8F0812022304600F048FB7078401CBE
:104DB0004701A7F16000B0F5007F02D90220BDE8ED
:104DC000F08100212046FDF7F0FC0028F7D1A16B0F
:104DD000206800F042FB0028F1D1E16B0878C02880
:104DE00002D00220BDE8F081202206F1200000F070
:104DF00025FB96F823002C3000EB001101EB00207E
:104E000000F21110000BB7EB401F02D20220BDE8E8
:104E1000F081402520460021FDF7C7FC0028F6D18F
:104E2000A16B206800F019FB0028F0D1E16B087835
:104E3000C12802D00220BDE8F081B5F5187F03D269
:104E40007019202200F0FAFA2035BD42E2D3B5F500
:104E5000187F0BD8304600F005FF0446B01CFFF762
:104E60006FFF844202D00220BDE8F0810020BDE83F
:104E7000F08110B541EC100BF9F7DEF851EC100B96
:104E800010BD0000000000002DED068B84B0FCF783
:104E9000CDFC9FEDFB8B9FEDFC9BFD4D0024FD4E5B
:104EA000DFF8F4B39BF80000012809D002287BD07A
:104EB000032800F06781052800F0878100F053BACD
:104EC000F6480078012870D1082106F16300EDF75B
:104ED00011FAF5F787FD1321012000F09BFB07462F
:104EE0003C607C60BC60FC603C82BC740120DFF8EC
:104EF000B093494600F08EFB804649464046EBF7AA
:104F000060FA4FEA490A0120514600F083FB8146CE
:104F100051464846EBF755FAF4F7C2FDDFF884A393
:104F2000DAF80000102802D91020CAF800009AF818
:104F300000003870DC48DAF800200168781CEBF7D4
:104F400019FADAF80000411C3846F8F7A0FFDAF841
:104F5000001039444870DAF80000811C3846EDF73B
:104F6000C9F9DAF800004A46811C3846F5F738FCE2
:104F70000020CE4ACE4BDFEDCF1A09EB800193ED36
:104F8000000AD1ED000AB8EE401AB0EE610A00EE58
:104F9000810ABDEEC00A10EE101A28F81010401C4D
:104FA0009042EAD3BE4901E04BE03DE0DFF808A3C0
:104FB000DAF80000EBF705FAB94A4146DAF80000E2
:104FC000EBF7D8F9BD494846EBF7FBF9F4F768FD74
:104FD00001202870DFF8E8A2012202215046EFF7F5
:104FE00002FB012250460421EFF7FDFA0221504650
:104FF000EFF7F2FA0128F9D04FF4FA70EFF7A0F8C2
:10500000F5F7DCFC0120414600F0F8FA01204946A2
:1050100000F0F4FA0120394600F0F0FAA2484FF40B
:1050200008610068EBF7CDF9082106F15B00EDF7A8
:1050300061F902208BF800002870FCF7B3FE00F045
:1050400092B9DFF880A29AF80000012840F08B8125
:10505000F4F726FD9C48D0F800804FF440500290B1
:1050600001204FF4903100F0D5FA00904FF49031C8
:105070000098EBF7A6F9F4F713FD03940298404467
:10508000A0F5A059A9F5BE79904F4FF49032386839
:1050900000EB89010098EBF76DF90098EDF75EFAE7
:1050A000039003984844A0EB080003900298EBF7A4
:1050B00039FB41EC1A0B0398EBF734FB53EC1A2B3A
:1050C000EBF7B0FA53EC182BEBF73AFA41EC100B74
:1050D000FAF73EF851EC100BEBF750FB8046A8F1C5
:1050E0000100EBF71FFB41EC110B9FED790B53EC2B
:1050F000112B51EC100BEBF795FA53EC192BEBF746
:105100001FFA41EC100BFAF723F851EC100BEBF7F8
:1051100035FB81464046EBF705FB53EC182BEBF7CC
:1051200081FAEBF787FB0AEE100A4FEA89080120A3
:10513000414600F06FFA019041460198EBF741F9C2
:1051400065494B46019A3868B0EE4A0AF6F732FADA
:1051500001460198EDF7C4F9F4F7A2FC019901208A
:1051600000F04CFA0099012000F048FA8AF800405B
:1051700002208BF8000028704FF40A213868EBF702
:1051800020F9F0E0DFF85481B8F8000000EB4000AF
:105190004103002000F03EFA514F3860B8F800108B
:1051A00001EB41014903EBF70CF9ECF7BBFD396862
:1051B000002000F023FA02208BF80000287009215B
:1051C00006F13300F8F74EFECDE0F4F769FC4548F0
:1051D000454F0178387881424ED0012819D1434893
:1051E0000068EBF79FFA9FED421B53EC112BEBF796
:1051F000A7F99FED411B53EC112BEBF713FAEBF7DB
:1052000019FB00EE100ABCEEC00A10EE100AFCF703
:105210008FFAF5F7E7FBDFF8E8804FF4C042394931
:10522000D8F80000096800F57030EBF7A3F800200B
:1052300035491F4BDFED1F1A0968D8F8002093EDA0
:10524000000A02EB8002B8EE401AD2ED000AB0EE7E
:10525000610A00EE810ABDEEC00A10EE102A21F8A4
:105260001020401CB0F5B43FE7D328484FF4343247
:105270000068EBF77FF84BE071E0000000000000F1
:10528000000000000088C34000000000F07FFC40E8
:10529000C611002413000024050000240600002489
:1052A000FE2F03000C000024D4110024FF970100FE
:1052B0000800002400FEFF46D8110024FC5F060011
:1052C0000028025807000024CC110024E811002413
:1052D000000000008087C340FFC70100B411002414
:1052E000B8110024D0010024D1010024D4010024ED
:1052F0000000000000408F40000000000000584007
:105300000012002404120024F8110024FC110024CF
:10531000F4F7C6FB08202870DFF88C8001220221F8
:105320004046EFF760F9012240460421EFF75BF9B0
:1053300002214046EFF750F90128F9D0C820EEF7D6
:10534000FFFEF5F73BFB3878012807D1082106F16D
:10535000B200F8F787FDC820EEF7F2FE3C7002209D
:105360008BF800002870114F3878012807D1ECF72E
:10537000CFFD092106F13C00F8F774FD3C700C4F9D
:105380003878012802D1ECF719FF3C70094F3878C2
:1053900001287FF485ADECF7D7FE092106F11B004B
:1053A000F8F760FD3C707BE50028025810000024EF
:1053B0001100002412000024F0B50B30154D20F030
:1053C00007010024144A0FE003688B420BD38B4281
:1053D00005D95E1A43184768C3E9006700E04368CF
:1053E000136002C004E0021D10680028ECD12046C2
:1053F000002802D1286808B10020F0BD064A0748FD
:105400001060074A121A22F00702C0E900240120A6
:105410002860D7E7301300242C130024C420002474
:10542000C028002410F8013B11F801CBA3EB0C03BA
:10543000521E01D0002BF5D018467047002A05D027
:1054400011F8013B00F8013B521EF9D17047C9B277
:1054500000F8011B521EFBD1704770B504460D4683
:105460000026606BA84210D0204600F0B5FB06462F
:105470005EB96078012304F138012A46FDF756FC35
:1054800010B14FF0FF3501266563304670BD000056
:1054900070B5144A131893F83830002B1BD0124BF8
:1054A00053F820308B421AD9104B53F82030B1FBFF
:1054B000F3F102EB8003186A50F821200020002A43
:1054C00007DD84461C6A0D1844F825C0401C904234
:1054D000F8DB002070BD11688847012070BD0220F4
:1054E00070BD00001C120024205D0108085D010849
:1054F00030B504460748084D002150F824008200CA
:1055000005EB8400006A00F097F80120291981F862
:10551000380030BDF05C01081C1200242DE9F04178
:1055200005460E460024214F781990F838000028CF
:1055300002D139682846884756B3DFF874C05CF852
:105540002500B6FBF0F2B6FBF0F100FB116000B1F4
:10555000521C184850F82500411E002921DB07EB9A
:105560008506306A50F82130B3B10024944215D139
:105570000023002A06D9306ACC1840F824205B1C8E
:105580009342F8D35CF8250000FB01F0BDE8F08100
:105590004FF0FF30BDE8F081641CE7E7491E0029A9
:1055A000E0DA4FF0FF30BDE8F08100001C1200246B
:1055B000085D0108F05C0108002200210D4B53F842
:1055C0002030002B0DD9DFF830C00CEB8000006AD2
:1055D00050F821C0BCF1000F00D0521C491C8B4276
:1055E000F6D84FF47A7002FB00F0B0FBF3F080B213
:1055F00070470000F05C01081C120024002906D04E
:10560000034A02EB80029268891AFFF741BF704794
:105610001C12002410B504462046FFF77FFFB0F1AE
:10562000FF3F05D0034901EB84018968084410BDA0
:10563000002010BD1C120024521E03D300F8011BD1
:10564000521EFBD2704700002DE9F04780460E46FF
:1056500006F11A00FFF774FB10B10020BDE8F087D7
:10566000307820F04000401E00EB800101EBC004C8
:1056700001270025DFF854904FF6FF7A19F805004E
:105680003044FFF75DFB57B1FF2C02D30020BDE88B
:10569000F08721460746641C28F8110004E05045B5
:1056A00002D00020BDE8F0876D1C0D2DE6D33078C8
:1056B00010F0400F07D0FF2C02D30020BDE8F08788
:1056C000002028F814000120BDE8F0875CC3010821
:1056D0002DE9F04704460D4616460227022D7DD3DC
:1056E000E069A8427AD920784FF0010A012808D051
:1056F000022840F2FF183ED003284FD004286DD175
:105700004CE005EB5508A06A00EB58212046FFF756
:10571000A4FE0746380061D1C8F3080020443830A1
:1057200008F1010915F0010F04D00178F2B262F31B
:105730001F1100E03146017084F803A0A06A00EB5D
:1057400059212046FFF789FE0746380046D1C9F3A4
:1057500008002044383015F0010F02D0C6F30711BD
:1057600005E00178C6F3032201F0F0011143017056
:1057700084F803A032E0A06A00EB15212046FFF771
:105780006CFE0746380029D108EA45002044B1B232
:10579000383000F091F984F803A01FE0A06A00EB14
:1057A000D5112046FFF759FE0746380016D140F2C2
:1057B000FF10217800EA85000519042907D005F1BA
:1057C0003800B046FFF787FA064668F31B0605F176
:1057D0003800314600F042F984F803A03846BDE8AD
:1057E000F08700002DE9F05F81460E469046737306
:1057F0000F20F07200203073002106F11A0000F033
:105800005BF9A8F1010000EB800101EBC005002469
:105810002746DFF840B04FF6FF7A544503D02846BC
:105820006D1C39F810401BF807002146304400F089
:1058300043F90CB94FF6FF747F1C0D2FEDD354457F
:1058400002D039F8150008B948F0400886F8008001
:10585000BDE8F09F5CC3010838B5044660680028C5
:1058600016DB451C204401733D2D0DDB206804F13F
:105870000C016B462A46FEF768FB0098A84201D14E
:10588000002501E04FF0FF356560A068401CA06076
:1058900038BD38B504466268002A0CDB206804F184
:1058A0000C016B46FEF751FB28B9606800998842ED
:1058B00001D1A06838BD4FF0FF3038BD0160002134
:1058C0004160816070472DE9F04780460F46914660
:1058D000D8F80040BA463E46022F02D3E069B842EB
:1058E00002D80220BDE8F087B9F1000F0ED0207871
:1058F000042803D198F80700022807D04FF0FF32A0
:1059000049462046FFF7E4FE0028EBD139464046E1
:10591000FFF79FF80546280037D0012D1CD0B5F1C0
:10592000FF3F1CD02078042806D0002239462046AC
:10593000FFF7CEFE0028D5D1E169A069891E884213
:1059400005D2401CA061207940F001002071701C3C
:10595000A84207D12E4614E00220BDE8F0870120BE
:10596000BDE8F0872078042809D1A6EB0A0051464B
:10597000421C20460023FCF7B1FA0028F0D12E4645
:10598000AA462F46E069B842C0D82078042817D12B
:10599000B9F1000F04D098F80700032804D00FE0F5
:1059A000002088F807000BE0D8F80800484507D821
:1059B000D8F818100844484502D3022088F8070098
:1059C0000020BDE8F08700B52DED048B83B041ECDD
:1059D000190BEBF71CF841EC180B18EE100A18EE37
:1059E000901A8DED008B002818BF0120084320F08D
:1059F0000040C0F17F6000F1E040C00F14D019EE0C
:105A0000101A19EE900A8DED009B002918BF012194
:105A1000084320F00040C0F17F6000F1E040C00F7B
:105A200004BF0120FAF7BCF851EC180B03B0BDEC31
:105A3000048B00BD70B506460C461546A9B204F1AC
:105A40001A0000F039F83078032806D1290C04F147
:105A50001400BDE8704000F02FB870BD421C01700A
:105A6000080A511C1070000A0870000A487070473C
:105A70000270120A42EA03621B0A4270120A42EAE8
:105A800003621B0A8270120A42EA03621B0AC27096
:105A9000120A42EA03621B0A0271120A42EA036214
:105AA0001B0A4271120A42EA03621B0A8271120A3D
:105AB00042EA0362C2717047421C0170080A10700A
:105AC00070472DE9F041044620680669304600F031
:105AD000C9F80146B01CFFF7EFFF7078471CE16C76
:105AE0002046FDF7A3F80546280019D14FF001081C
:105AF000A16B2068FFF7B1FC05468DB9E06B202251
:105B00003146FFF79BFC206880F803807F1E07D09A
:105B1000203620460021FCF748FE0546002DE7D040
:105B200025B1012D02D00220BDE8F0812846BDE854
:105B3000F081014600200B22430803EBC01011F84E
:105B4000013B1844C0B2521EF6D1704770B50446EE
:105B5000204600F041F80546002D37D12078032873
:105B60002DD1207901282AD14202002104F13800E8
:105B7000FFF76DFC04F236204AF65521FFF79CFF33
:105B8000134904F13800FFF769FF124904F5077063
:105B9000FFF764FFA16904F50870FFF75FFF616913
:105BA00004F50970FFF75AFF606A421C626360786F
:105BB000012304F13801FDF7D5F8002020710022FF
:105BC00060781146FDF7A4F800B10125284670BDA4
:105BD00052526141727241612DE9F0410446002741
:105BE000E078002820D0666B0123607804F138014A
:105BF0003246FDF7B7F808B1012715E00020E07044
:105C0000A06A216A301A88420ED2A578022D0BD3E1
:105C1000206A064460780123324604F13801FDF71A
:105C2000A1F86D1E022DF3D23846BDE8F08170B5A3
:105C300004460D46002C0DD0206858B1017849B1BA
:105C4000C188A288914205D14078FDF77FF810F015
:105C5000010F03D000202860092070BD2068286053
:105C6000002070BD84469CF80100401C43010020C8
:105C70000146002B13D9022905D010F0010F04D0E2
:105C80004FF4004202E0032106E0002202EB500044
:105C90001CF80120104480B2491C9942EBD3704794
:105CA00070B5014600248D1C088800281ED0FEF720
:105CB00095FA024614F0010F02D04FF4004000E0C4
:105CC000002000EB5400D1B2084480B210F0010F64
:105CD00002D04FF4004100E0002101EB500000EB46
:105CE000122084B235F8020B0028E0D1204670BDA6
:105CF000C01C000000000700401000002000000051
:105D0000000400000000000040000000400000000F
:105D100040000000400000004000000000000000C3
:105D2000003007000000C00100100400000800005F
:105D300000000100000000000020025800010000E7
:105D40000008025800200000001C0258100000004B
:105D5000001802580400000000040258010000006E
:105D600000180258080000000018025880000000C7
:105D70000020025800080000000000000102030497
:105D800001020304060708090000803F000000002C
:105D9000B1FF7F3FC70F493BC4FE7F3F890FC93B1F
:105DA00039FD7F3F59CB163C11FB7F3F900E493C9C
:105DB0004AF87F3F4B517B3CE6F47F3FB6C9963CA7
:105DC000E3F07F3F69EAAF3C43EC7F3FB00AC93C58
:105DD00005E77F3F7B2AE23C29E17F3FB949FB3C55
:105DE000AFDA7F3F2F340A3D98D37F3F2CC3163D57
:105DF000E2CB7F3FCC51233D8FC37F3F07E02F3D58
:105E00009EBA7F3FD56D3C3D0FB17F3F2FFB483D94
:105E1000E3A67F3F0E88553D189C7F3F6814623D86
:105E2000B1907F3F38A06E3DAB847F3F742B7B3DAC
:105E300008787F3F0ADB833DC76A7F3F0A208A3D9F
:105E4000E95C7F3FB464903D6D4E7F3F05A9963D70
:105E5000543F7F3FF9EC9C3D9D2F7F3F8C30A33D0D
:105E6000491F7F3FBA73A93D580E7F3F80B6AF3DB3
:105E7000C9FC7E3FDAF8B53D9DEA7E3FC33ABC3DA2
:105E8000D4D77E3F397CC23D6DC47E3F36BDC83D10
:105E900069B07E3FB7FDCE3DC99B7E3FB93DD53D44
:105EA0008B867E3F377DDB3DB0707E3F2EBCE13D73
:105EB000385A7E3F9AFAE73D23437E3F7638EE3DDF
:105EC000722B7E3FC075F43D24137E3F73B2FA3DC2
:105ED00038FA7D3F4577003EB1E07D3F0295033EB5
:105EE0008CC67D3F6EB2063ECCAB7D3F86CF093E71
:105EF0006E907D3F4AEC0C3E74747D3FB708103EB7
:105F0000DE577D3FCA24133EAC3A7D3F8340163EA8
:105F1000DD1C7D3FE05B193E73FE7C3FDE761C3E60
:105F20006CDF7C3F7B911F3EC9BF7C3FB6AB223EFE
:105F30008A9F7C3F8CC5253EB07E7C3FFCDE283EA0
:105F40003A5D7C3F04F82B3E283B7C3FA2102F3E5D
:105F50007A187C3FD428323E31F57B3F9840353E5D
:105F60004DD17B3FEC57383ECDAC7B3FCF6E3B3EB7
:105F7000B2877B3F3E853E3EFC617B3F379B413E87
:105F8000AB3B7B3FB9B0443EBE147B3FC2C5473EEE
:105F900037ED7A3F4FDA4A3E16C57A3F60EE4D3E06
:105FA000599C7A3FF101513E02737A3F0115543EEC
:105FB00010497A3F8F27573E841E7A3F97395A3EC1
:105FC0005EF3793F1A4B5D3E9DC7793F135C603E9F
:105FD000439B793F836C633E4E6E793F667C663EA1
:105FE000C040793FBA8B693E9812793F7F9A6C3EE8
:105FF000D6E3783FB2A86F3E7BB4783F51B6723E8D
:106000008684783F5AC3753EF853783FCCCF783EAC
:10601000D122783FA4DB7B3E10F1773FE1E67E3E64
:10602000B7BE773FC0F8803EC58B773FC07D823ECC
:106030003A58773F7002843E1724773FCE86853EDC
:106040005BEF763FDA0A873E07BA763F938E883E4B
:106050001B84763FF8118A3E974D763F07958B3E1D
:106060007A16763FC0178D3EC6DE753F229A8E3E69
:106070007BA6753F2C1C903E976D753FDD9D913E34
:106080001D34753F351F933E0BFA743F31A0943E8B
:1060900062BF743FD220963E2284743F17A1973E80
:1060A0004B48743FFE20993EDD0B743F86A09A3E1C
:1060B000D9CE733FAF1F9C3E3F91733F789E9D3E6C
:1060C0000E53733FDF1C9F3E4714733FE59AA03E7B
:1060D000EBD4723F8718A23EF894723FC595A33E59
:1060E0007054723F9F12A53E5213723F128FA63E0C
:1060F0009FD1713F1F0BA83E578F713FC486A93EA9
:106100007A4C713F0102AB3E0809713FD47CAC3E32
:1061100002C5703F3CF7AD3E6680703F3A71AF3EBE
:10612000373B703FCBEAB03E73F56F3FEF63B23E53
:106130001BAF6F3FA5DCB33E30686F3FEC54B53EFC
:10614000B0206F3FC3CCB63E9ED86E3F2A44B83EC7
:10615000F88F6E3F1EBBB93EBE466E3FA031BB3EC0
:10616000F2FC6D3FAFA7BC3E93B26D3F4A1DBE3EF1
:10617000A1676D3F6F92BF3E1D1C6D3F1E07C13E64
:1061800007D06C3F557BC23E5E836C3F15EFC33E2C
:1061900024366C3F5C62C53E58E86B3F29D5C63E4D
:1061A000FB996B3F7C47C83E0C4B6B3F53B9C93ED4
:1061B0008CFB6A3FAE2ACB3E7BAB6A3F8B9BCC3ECF
:1061C000D95A6A3FEA0BCE3EA7096A3FCA7BCF3E47
:1061D000E4B7693F2AEBD03E9165693F095AD23E48
:1061E000AE12693F67C8D33E3CBF683F4136D53EDB
:1061F000396B683F99A3D63EA816683F6B10D83E0E
:1062000087C1673FB97CD93ED86B673F80E8DA3EEB
:106210009915673FC153DC3ECCBE663F79BEDD3E7B
:106220007167663FA928DF3E880F663F4F92E03EC8
:1062300010B7653F6AFBE13E0B5E653FFA63E33EE4
:106240007904653FFECBE43E59AA643F7533E63ED0
:10625000AC4F643F5D9AE73E73F4633FB700E93E9D
:10626000AC98633F8166EA3E5A3C633FBBCBEB3E52
:106270007BDF623F6330ED3E1082623F7994EE3EF9
:106280001A24623FFBF7EF3E98C5613FEA5AF13EA0
:106290008A66613F43BDF23EF206613F071FF43E4E
:1062A000CFA6603F3580F53E2146603FCBE0F63E0D
:1062B000E9E45F3FC840F83E27835F3F2DA0F93EE9
:1062C000DB205F3FF7FEFA3E05BE5E3F275DFC3EEA
:1062D000A65A5E3FBBBAFD3EBEF65D3FB217FF3E1B
:1062E0004D925D3F063A003F532D5D3FE4E7003F8E
:1062F000D1C75C3F7395013FC7615C3FB142023F2C
:1063000034FB5B3F9FEF023F1A945B3F3D9C033F92
:10631000792C5B3F8948043F50C45A3F84F4043FC2
:10632000A05B5A3F2CA0053F6AF2593F824B063FC3
:10633000AD88593F86F6063F6A1E593F36A1073F92
:10634000A1B3583F924B083F5348583F9BF5083F35
:106350007FDC573F4E9F093F2670573FAD480A3FAD
:106360004803573FB7F10A3FE595563F6B9A0B3FFD
:10637000FE27563FC9420C3F93B9553FD0EA0C3F28
:10638000A44A553F81920D3F31DB543FDA390E3F2D
:106390003B6B543FDBE00E3FC3FA533F84870F3F14
:1063A000C789533FD52D103F4918533FCDD3103FD8
:1063B00049A6523F6B79113FC633523FB01E123F80
:1063C000C2C0513F9AC3123F3D4D513F2A68133F0F
:1063D00037D9503F5F0C143FAF64503F39B0143F82
:1063E000A8EF4F3FB753153F1F7A4F3FD9F6153FE0
:1063F00017044F3F9F99163F908D4E3F073C173F24
:1064000089164E3F12DE173F029F4D3FC07F183F57
:10641000FD264D3F0F21193F79AE4C3F00C2193F79
:1064200078354C3F93621A3FF8BB4B3FC6021B3F87
:10643000FA414B3F99A21B3F7FC74A3F0C421C3F8A
:10644000874C4A3F1FE11C3F12D1493FD17F1D3F7E
:106450002155493F221E1E3FB3D8483F12BC1E3F64
:10646000CA5B483F9F591F3F65DE473FCBF61F3F42
:106470008560473F9393203F2AE2463FF92F213F13
:106480005463463FFBCB213F03E4453F9967223FDE
:106490003964453FD302233FF5E3443FA99D233FA1
:1064A0003763443F1A38243F00E2433F25D2243F5C
:1064B0005160433FCB6B253F29DE423F0A05263F13
:1064C000895B423FE39D263F70D8413F5636273FC8
:1064D000E154413F61CE273FDAD0403F0566283F77
:1064E0005C4C403F41FD283F67C73F3F1594293F23
:1064F000FC413F3F802A2A3F1BBC3E3F82C02A3FCF
:10650000C5353E3F1B562B3FF9AE3D3F4AEB2B3F77
:10651000B8273D3F0F802C3F03A03C3F69142D3F1F
:10652000D9173C3F59A82D3F3B8F3B3FDE3B2E3FC9
:1065300029063B3FF7CE2E3FA47C3A3FA5612F3F73
:10654000ACF2393FE6F32F3F4268393FBB85303F1D
:1065500065DD383F2217313F1652383F1DA8313FC5
:1065600055C6373FAA38323F233A373FC9C8323F72
:106570007FAD363F7A58333F6C20363FBCE7333F20
:10658000E792353F8F76343FF304353FF304353FD0
:106590008F76343FE792353FBCE7333F6C20363F80
:1065A0007A58333F7FAD363FC9C8323F233A373F31
:1065B000AA38323F55C6373F1DA8313F1652383FE3
:1065C0002217313F65DD383FBB85303F4268393F98
:1065D000E6F32F3FACF2393FA5612F3FA47C3A3F51
:1065E000F7CE2E3F29063B3FDE3B2E3F3B8F3B3F06
:1065F00059A82D3FD9173C3F69142D3F03A03C3FBC
:106600000F802C3FB8273D3F4AEB2B3FF9AE3D3F73
:106610001B562B3FC5353E3F82C02A3F1BBC3E3F29
:10662000802A2A3FFC413F3F1594293F67C73F3FDF
:1066300041FD283F5C4C403F0566283FDAD0403F93
:1066400061CE273FE154413F5636273F70D8413F46
:10665000E39D263F895B423F0A05263F29DE423FF4
:10666000CB6B253F5160433F25D2243F00E2433F9F
:106670001A38243F3763443FA99D233FF5E3443F45
:10668000D302233F3964453F9967223F03E4453FE6
:10669000FBCB213F5463463FF92F213F2AE2463F7F
:1066A0009393203F8560473FCBF61F3F65DE473F12
:1066B0009F591F3FCA5B483F12BC1E3FB3D8483F9B
:1066C000221E1E3F2155493FD17F1D3F12D1493F18
:1066D0001FE11C3F874C4A3F0C421C3F7FC74A3F8B
:1066E00099A21B3FFA414B3FC6021B3FF8BB4B3FF1
:1066F00093621A3F78354C3F00C2193F79AE4C3F48
:106700000F21193FFD264D3FC07F183F029F4D3F8F
:1067100012DE173F89164E3F073C173F908D4E3FC4
:106720009F99163F17044F3FD9F6153F1F7A4F3FE9
:10673000B753153FA8EF4F3F39B0143FAF64503FF8
:106740005F0C143F37D9503F2A68133F3D4D513FEE
:106750009AC3123FC2C0513FB01E123FC633523FD0
:106760006B79113F49A6523FCDD3103F4918533F93
:10677000D52D103FC789533F84870F3FC3FA533F3E
:10678000DBE00E3F3B6B543FDA390E3F31DB543FC9
:1067900081920D3FA44A553FD0EA0C3F93B9553F33
:1067A000C9420C3FFE27563F6B9A0B3FE595563F7B
:1067B000B7F10A3F4803573FAD480A3F2670573F9D
:1067C0004E9F093F7FDC573F9BF5083F5348583F9A
:1067D000924B083FA1B3583F36A1073F6A1E593F6D
:1067E00086F6063FAD88593F824B063F6AF2593F15
:1067F0002CA0053FA05B5A3F84F4043F50C45A3F8D
:106800008948043F792C5B3F3D9C033F1A945B3FD2
:106810009FEF023F34FB5B3FB142023FC7615C3FE9
:106820007395013FD1C75C3FE4E7003F532D5D3FC7
:10683000063A003F4D925D3FB217FF3EBEF65D3F08
:10684000BBBAFD3EA65A5E3F275DFC3E05BE5E3FDD
:10685000F7FEFA3EDB205F3F2DA0F93E27835F3F26
:10686000C840F83EE9E45F3FCBE0F63E2146603F9A
:106870003580F53ECFA6603F071FF43EF206613F2C
:1068800043BDF23E8A66613FEA5AF13E98C5613FD8
:10689000FBF7EF3E1A24623F7994EE3E1082623F8E
:1068A0006330ED3E7BDF623FBBCBEB3E5A3C633F48
:1068B0008166EA3EAC98633FB700E93E73F4633FFC
:1068C0005D9AE73EAC4F643F7533E63E59AA643F9C
:1068D000FECBE43E7904653FFA63E33E0B5E653F21
:1068E0006AFBE13E10B7653F4F92E03E880F663F7E
:1068F000A928DF3E7167663F79BEDD3ECCBE663FAC
:10690000C153DC3E9915673F80E8DA3ED86B673F9C
:10691000B97CD93E87C1673F6B10D83EA816683F47
:1069200099A3D63E396B683F4136D53E3CBF683FA0
:1069300067C8D33EAE12693F095AD23E9165693F9E
:106940002AEBD03EE4B7693FCA7BCF3EA7096A3F36
:10695000EA0BCE3ED95A6A3F8B9BCC3E7BAB6A3F5B
:10696000AE2ACB3E8CFB6A3F53B9C93E0C4B6B3F02
:106970007C47C83EFB996B3F29D5C63E58E86B3F24
:106980005C62C53E24366C3F15EFC33E5E836C3FB0
:10699000557BC23E07D06C3F1E07C13E1D1C6D3F9C
:1069A0006F92BF3EA1676D3F4A1DBE3E93B26D3FE1
:1069B000AFA7BC3EF2FC6D3FA031BB3EBE466E3F72
:1069C0001EBBB93EF88F6E3F2A44B83E9ED86E3F3C
:1069D000C3CCB63EB0206F3FEC54B53E30686F3F3D
:1069E000A5DCB33E1BAF6F3FEF63B23E73F56F3F65
:1069F000CBEAB03E373B703F3A71AF3E6680703FA6
:106A00003CF7AD3E02C5703FD47CAC3E0809713FF7
:106A10000102AB3E7A4C713FC486A93E578F713F4D
:106A20001F0BA83E9FD1713F128FA63E5213723F9B
:106A30009F12A53E7054723FC595A33EF894723FD5
:106A40008718A23EEBD4723FE59AA03E4714733FED
:106A5000DF1C9F3E0E53733F789E9D3E3F91733FD8
:106A6000AF1F9C3ED9CE733F86A09A3EDD0B743F8C
:106A7000FE20993E4B48743F17A1973E2284743FF5
:106A8000D220963E62BF743F31A0943E0BFA743F11
:106A9000351F933E1D34753FDD9D913E976D753FCB
:106AA0002C1C903E7BA6753F229A8E3EC6DE753F1B
:106AB000C0178D3E7A16763F07958B3E974D763FF1
:106AC000F8118A3E1B84763F938E883E07BA763F44
:106AD000DA0A873E5BEF763FCE86853E1724773F06
:106AE0007002843E3A58773FC07D823EC58B773F27
:106AF000C0F8803EB7BE773FE1E67E3E10F1773FBB
:106B0000A4DB7B3ED122783FCCCF783EF853783F50
:106B10005AC3753E8684783F51B6723E7BB4783F47
:106B2000B2A86F3ED6E3783F7F9A6C3E9812793FC9
:106B3000BA8B693EC040793F667C663E4E6E793FB7
:106B4000836C633E439B793F135C603E9DC7793FF6
:106B50001A4B5D3E5EF3793F97395A3E841E7A3F69
:106B60008F27573E10497A3F0115543E02737A3FF2
:106B7000F101513E599C7A3F60EE4D3E16C57A3F79
:106B80004FDA4A3E37ED7A3FC2C5473EBE147B3FDF
:106B9000B9B0443EAB3B7B3F379B413EFC617B3F02
:106BA0003E853E3EB2877B3FCF6E3B3ECDAC7B3FCA
:106BB000EC57383E4DD17B3F9840353E31F57B3F19
:106BC000D428323E7A187C3FA2102F3E283B7C3FCF
:106BD00004F82B3E3A5D7C3FFCDE283EB07E7C3FD5
:106BE0008CC5253E8A9F7C3FB6AB223EC9BF7C3F09
:106BF0007B911F3E6CDF7C3FDE761C3E73FE7C3F4C
:106C0000E05B193EDD1C7D3F8340163EAC3A7D3F84
:106C1000CA24133EDE577D3FB708103E74747D3F93
:106C20004AEC0C3E6E907D3F86CF093ECCAB7D3F5B
:106C30006EB2063E8CC67D3F0295033EB1E07D3FBD
:106C40004577003E38FA7D3F73B2FA3D24137E3F0C
:106C5000C075F43D722B7E3F7638EE3D23437E3F78
:106C60009AFAE73D385A7E3F2EBCE13DB0707E3F38
:106C7000377DDB3D8B867E3FB93DD53DC99B7E3F51
:106C8000B7FDCE3D69B07E3F36BDC83D6DC47E3F89
:106C9000397CC23DD4D77E3FC33ABC3D9DEA7E3F9E
:106CA000DAF8B53DC9FC7E3F80B6AF3D580E7F3F58
:106CB000BA73A93D491F7F3F8C30A33D9D2F7F3F75
:106CC000F9EC9C3D543F7F3F05A9963D6D4E7F3FBB
:106CD000B464903DE95C7F3F0A208A3DC76A7F3FEC
:106CE0000ADB833D08787F3F742B7B3DAB847F3F7D
:106CF00038A06E3DB1907F3F6814623D189C7F3F85
:106D00000E88553DE3A67F3F2FFB483D0FB17F3FE7
:106D1000D56D3C3D9EBA7F3F07E02F3D8FC37F3F3F
:106D2000CC51233DE2CB7F3F2CC3163D98D37F3F10
:106D30002F340A3DAFDA7F3FB949FB3C29E17F3F61
:106D40007B2AE23C05E77F3FB00AC93C43EC7F3F2A
:106D500069EAAF3CE3F07F3FB6C9963CE6F47F3F7B
:106D60004B517B3C4AF87F3F900E493C11FB7F3FE3
:106D700059CB163C39FD7F3F890FC93BC4FE7F3F8D
:106D8000C70F493BB1FF7F3F000000000000803F7C
:106D9000C70F49BBB1FF7F3F890FC9BBC4FE7F3F0F
:106DA00059CB16BC39FD7F3F900E49BC11FB7F3F8C
:106DB0004B517BBC4AF87F3FB6C996BCE6F47F3F97
:106DC00069EAAFBCE3F07F3FB00AC9BC43EC7F3F48
:106DD0007B2AE2BC05E77F3FB949FBBC29E17F3F45
:106DE0002F340ABDAFDA7F3F2CC316BD98D37F3F47
:106DF000CC5123BDE2CB7F3F07E02FBD8FC37F3F48
:106E0000D56D3CBD9EBA7F3F2FFB48BD0FB17F3F84
:106E10000E8855BDE3A67F3F681462BD189C7F3F76
:106E200038A06EBDB1907F3F742B7BBDAB847F3F9C
:106E30000ADB83BD08787F3F0A208ABDC76A7F3F8F
:106E4000B46490BDE95C7F3F05A996BD6D4E7F3F60
:106E5000F9EC9CBD543F7F3F8C30A3BD9D2F7F3FFD
:106E6000BA73A9BD491F7F3F80B6AFBD580E7F3FA3
:106E7000DAF8B5BDC9FC7E3FC33ABCBD9DEA7E3F92
:106E8000397CC2BDD4D77E3F36BDC8BD6DC47E3F00
:106E9000B7FDCEBD69B07E3FB93DD5BDC99B7E3F34
:106EA000377DDBBD8B867E3F2EBCE1BDB0707E3F63
:106EB0009AFAE7BD385A7E3F7638EEBD23437E3FCF
:106EC000C075F4BD722B7E3F73B2FABD24137E3FB2
:106ED000457700BE38FA7D3F029503BEB1E07D3FA5
:106EE0006EB206BE8CC67D3F86CF09BECCAB7D3F61
:106EF0004AEC0CBE6E907D3FB70810BE74747D3FA7
:106F0000CA2413BEDE577D3F834016BEAC3A7D3F98
:106F1000E05B19BEDD1C7D3FDE761CBE73FE7C3F50
:106F20007B911FBE6CDF7C3FB6AB22BEC9BF7C3FEE
:106F30008CC525BE8A9F7C3FFCDE28BEB07E7C3F90
:106F400004F82BBE3A5D7C3FA2102FBE283B7C3F4D
:106F5000D42832BE7A187C3F984035BE31F57B3F4D
:106F6000EC5738BE4DD17B3FCF6E3BBECDAC7B3FA7
:106F70003E853EBEB2877B3F379B41BEFC617B3F77
:106F8000B9B044BEAB3B7B3FC2C547BEBE147B3FDE
:106F90004FDA4ABE37ED7A3F60EE4DBE16C57A3FF6
:106FA000F10151BE599C7A3F011554BE02737A3FDC
:106FB0008F2757BE10497A3F97395ABE841E7A3FB1
:106FC0001A4B5DBE5EF3793F135C60BE9DC7793F8F
:106FD000836C63BE439B793F667C66BE4E6E793F91
:106FE000BA8B69BEC040793F7F9A6CBE9812793FD8
:106FF000B2A86FBED6E3783F51B672BE7BB4783F7D
:107000005AC375BE8684783FCCCF78BEF853783F9C
:10701000A4DB7BBED122783FE1E67EBE10F1773F54
:10702000C0F880BEB7BE773FC07D82BEC58B773FBC
:10703000700284BE3A58773FCE8685BE1724773FCC
:10704000DA0A87BE5BEF763F938E88BE07BA763F3B
:10705000F8118ABE1B84763F07958BBE974D763F0D
:10706000C0178DBE7A16763F229A8EBEC6DE753F59
:107070002C1C90BE7BA6753FDD9D91BE976D753F24
:10708000351F93BE1D34753F31A094BE0BFA743F7B
:10709000D22096BE62BF743F17A197BE2284743F70
:1070A000FE2099BE4B48743F86A09ABEDD0B743F0C
:1070B000AF1F9CBED9CE733F789E9DBE3F91733F5C
:1070C000DF1C9FBE0E53733FE59AA0BE4714733F6B
:1070D0008718A2BEEBD4723FC595A3BEF894723F49
:1070E0009F12A5BE7054723F128FA6BE5213723FFC
:1070F0001F0BA8BE9FD1713FC486A9BE578F713F99
:107100000102ABBE7A4C713FD47CACBE0809713F22
:107110003CF7ADBE02C5703F3A71AFBE6680703FAE
:10712000CBEAB0BE373B703FEF63B2BE73F56F3F43
:10713000A5DCB3BE1BAF6F3FEC54B5BE30686F3FEC
:10714000C3CCB6BEB0206F3F2A44B8BE9ED86E3FB7
:107150001EBBB9BEF88F6E3FA031BBBEBE466E3FB0
:10716000AFA7BCBEF2FC6D3F4A1DBEBE93B26D3FE1
:107170006F92BFBEA1676D3F1E07C1BE1D1C6D3F54
:10718000557BC2BE07D06C3F15EFC3BE5E836C3F1C
:107190005C62C5BE24366C3F29D5C6BE58E86B3F3D
:1071A0007C47C8BEFB996B3F53B9C9BE0C4B6B3FC4
:1071B000AE2ACBBE8CFB6A3F8B9BCCBE7BAB6A3FBF
:1071C000EA0BCEBED95A6A3FCA7BCFBEA7096A3F37
:1071D0002AEBD0BEE4B7693F095AD2BE9165693F38
:1071E00067C8D3BEAE12693F4136D5BE3CBF683FCB
:1071F00099A3D6BE396B683F6B10D8BEA816683FFE
:10720000B97CD9BE87C1673F80E8DABED86B673FDB
:10721000C153DCBE9915673F79BEDDBECCBE663F6B
:10722000A928DFBE7167663F4F92E0BE880F663FB8
:107230006AFBE1BE10B7653FFA63E3BE0B5E653FD4
:10724000FECBE4BE7904653F7533E6BE59AA643FC0
:107250005D9AE7BEAC4F643FB700E9BE73F4633F8D
:107260008166EABEAC98633FBBCBEBBE5A3C633F42
:107270006330EDBE7BDF623F7994EEBE1082623FE9
:10728000FBF7EFBE1A24623FEA5AF1BE98C5613F90
:1072900043BDF2BE8A66613F071FF4BEF206613F3E
:1072A0003580F5BECFA6603FCBE0F6BE2146603FFD
:1072B000C840F8BEE9E45F3F2DA0F9BE27835F3FD9
:1072C000F7FEFABEDB205F3F275DFCBE05BE5E3FDA
:1072D000BBBAFDBEA65A5E3FB217FFBEBEF65D3F0B
:1072E000063A00BF4D925D3FE4E700BF532D5D3F7E
:1072F000739501BFD1C75C3FB14202BFC7615C3F1C
:107300009FEF02BF34FB5B3F3D9C03BF1A945B3F82
:10731000894804BF792C5B3F84F404BF50C45A3FB2
:107320002CA005BFA05B5A3F824B06BF6AF2593FB3
:1073300086F606BFAD88593F36A107BF6A1E593F82
:10734000924B08BFA1B3583F9BF508BF5348583F25
:107350004E9F09BF7FDC573FAD480ABF2670573F9D
:10736000B7F10ABF4803573F6B9A0BBFE595563FED
:10737000C9420CBFFE27563FD0EA0CBF93B9553F18
:1073800081920DBFA44A553FDA390EBF31DB543F1D
:10739000DBE00EBF3B6B543F84870FBFC3FA533F04
:1073A000D52D10BFC789533FCDD310BF4918533FC8
:1073B0006B7911BF49A6523FB01E12BFC633523F70
:1073C0009AC312BFC2C0513F2A6813BF3D4D513FFF
:1073D0005F0C14BF37D9503F39B014BFAF64503F72
:1073E000B75315BFA8EF4F3FD9F615BF1F7A4F3FD0
:1073F0009F9916BF17044F3F073C17BF908D4E3F14
:1074000012DE17BF89164E3FC07F18BF029F4D3F47
:107410000F2119BFFD264D3F00C219BF79AE4C3F69
:1074200093621ABF78354C3FC6021BBFF8BB4B3F77
:1074300099A21BBFFA414B3F0C421CBF7FC74A3F7A
:107440001FE11CBF874C4A3FD17F1DBF12D1493F6E
:10745000221E1EBF2155493F12BC1EBFB3D8483F54
:107460009F591FBFCA5B483FCBF61FBF65DE473F32
:10747000939320BF8560473FF92F21BF2AE2463F03
:10748000FBCB21BF5463463F996722BF03E4453FCE
:10749000D30223BF3964453FA99D23BFF5E3443F91
:1074A0001A3824BF3763443F25D224BF00E2433F4C
:1074B000CB6B25BF5160433F0A0526BF29DE423F03
:1074C000E39D26BF895B423F563627BF70D8413FB8
:1074D00061CE27BFE154413F056628BFDAD0403F67
:1074E00041FD28BF5C4C403F159429BF67C73F3F13
:1074F000802A2ABFFC413F3F82C02ABF1BBC3E3FBF
:107500001B562BBFC5353E3F4AEB2BBFF9AE3D3F67
:107510000F802CBFB8273D3F69142DBF03A03C3F0F
:1075200059A82DBFD9173C3FDE3B2EBF3B8F3B3FB9
:10753000F7CE2EBF29063B3FA5612FBFA47C3A3F63
:10754000E6F32FBFACF2393FBB8530BF4268393F0D
:10755000221731BF65DD383F1DA831BF1652383FB5
:10756000AA3832BF55C6373FC9C832BF233A373F62
:107570007A5833BF7FAD363FBCE733BF6C20363F10
:107580008F7634BFE792353FF30435BFF304353FC0
:10759000E79235BF8F76343F6C2036BFBCE7333F70
:1075A0007FAD36BF7A58333F233A37BFC9C8323F21
:1075B00055C637BFAA38323F165238BF1DA8313FD3
:1075C00065DD38BF2217313F426839BFBB85303F88
:1075D000ACF239BFE6F32F3FA47C3ABFA5612F3F41
:1075E00029063BBFF7CE2E3F3B8F3BBFDE3B2E3FF6
:1075F000D9173CBF59A82D3F03A03CBF69142D3FAC
:10760000B8273DBF0F802C3FF9AE3DBF4AEB2B3F63
:10761000C5353EBF1B562B3F1BBC3EBF82C02A3F19
:10762000FC413FBF802A2A3F67C73FBF1594293FCF
:107630005C4C40BF41FD283FDAD040BF0566283F83
:10764000E15441BF61CE273F70D841BF5636273F36
:10765000895B42BFE39D263F29DE42BF0A05263FE4
:10766000516043BFCB6B253F00E243BF25D2243F8F
:10767000376344BF1A38243FF5E344BFA99D233F35
:10768000396445BFD302233F03E445BF9967223FD6
:10769000546346BFFBCB213F2AE246BFF92F213F6F
:1076A000856047BF9393203F65DE47BFCBF61F3F02
:1076B000CA5B48BF9F591F3FB3D848BF12BC1E3F8B
:1076C000215549BF221E1E3F12D149BFD17F1D3F08
:1076D000874C4ABF1FE11C3F7FC74ABF0C421C3F7B
:1076E000FA414BBF99A21B3FF8BB4BBFC6021B3FE1
:1076F00078354CBF93621A3F79AE4CBF00C2193F38
:10770000FD264DBF0F21193F029F4DBFC07F183F7F
:1077100089164EBF12DE173F908D4EBF073C173FB4
:1077200017044FBF9F99163F1F7A4FBFD9F6153FD9
:10773000A8EF4FBFB753153FAF6450BF39B0143FE8
:1077400037D950BF5F0C143F3D4D51BF2A68133FDE
:10775000C2C051BF9AC3123FC63352BFB01E123FC0
:1077600049A652BF6B79113F491853BFCDD3103F83
:10777000C78953BFD52D103FC3FA53BF84870F3F2E
:107780003B6B54BFDBE00E3F31DB54BFDA390E3FB9
:10779000A44A55BF81920D3F93B955BFD0EA0C3F23
:1077A000FE2756BFC9420C3FE59556BF6B9A0B3F6B
:1077B000480357BFB7F10A3F267057BFAD480A3F8D
:1077C0007FDC57BF4E9F093F534858BF9BF5083F8A
:1077D000A1B358BF924B083F6A1E59BF36A1073F5D
:1077E000AD8859BF86F6063F6AF259BF824B063F05
:1077F000A05B5ABF2CA0053F50C45ABF84F4043F7D
:10780000792C5BBF8948043F1A945BBF3D9C033FC2
:1078100034FB5BBF9FEF023FC7615CBFB142023FD9
:10782000D1C75CBF7395013F532D5DBFE4E7003FB7
:107830004D925DBF063A003FBEF65DBFB217FF3EF8
:10784000A65A5EBFBBBAFD3E05BE5EBF275DFC3ECD
:10785000DB205FBFF7FEFA3E27835FBF2DA0F93E16
:10786000E9E45FBFC840F83E214660BFCBE0F63E8A
:10787000CFA660BF3580F53EF20661BF071FF43E1C
:107880008A6661BF43BDF23E98C561BFEA5AF13EC8
:107890001A2462BFFBF7EF3E108262BF7994EE3E7E
:1078A0007BDF62BF6330ED3E5A3C63BFBBCBEB3E38
:1078B000AC9863BF8166EA3E73F463BFB700E93EEC
:1078C000AC4F64BF5D9AE73E59AA64BF7533E63E8C
:1078D000790465BFFECBE43E0B5E65BFFA63E33E11
:1078E00010B765BF6AFBE13E880F66BF4F92E03E6E
:1078F000716766BFA928DF3ECCBE66BF79BEDD3E9C
:10790000991567BFC153DC3ED86B67BF80E8DA3E8C
:1079100087C167BFB97CD93EA81668BF6B10D83E37
:10792000396B68BF99A3D63E3CBF68BF4136D53E90
:10793000AE1269BF67C8D33E916569BF095AD23E8E
:10794000E4B769BF2AEBD03EA7096ABFCA7BCF3E26
:10795000D95A6ABFEA0BCE3E7BAB6ABF8B9BCC3E4B
:107960008CFB6ABFAE2ACB3E0C4B6BBF53B9C93EF2
:10797000FB996BBF7C47C83E58E86BBF29D5C63E14
:1079800024366CBF5C62C53E5E836CBF15EFC33EA0
:1079900007D06CBF557BC23E1D1C6DBF1E07C13E8C
:1079A000A1676DBF6F92BF3E93B26DBF4A1DBE3ED1
:1079B000F2FC6DBFAFA7BC3EBE466EBFA031BB3E62
:1079C000F88F6EBF1EBBB93E9ED86EBF2A44B83E2C
:1079D000B0206FBFC3CCB63E30686FBFEC54B53E2D
:1079E0001BAF6FBFA5DCB33E73F56FBFEF63B23E55
:1079F000373B70BFCBEAB03E668070BF3A71AF3E96
:107A000002C570BF3CF7AD3E080971BFD47CAC3EE7
:107A10007A4C71BF0102AB3E578F71BFC486A93E3D
:107A20009FD171BF1F0BA83E521372BF128FA63E8B
:107A3000705472BF9F12A53EF89472BFC595A33EC5
:107A4000EBD472BF8718A23E471473BFE59AA03EDD
:107A50000E5373BFDF1C9F3E3F9173BF789E9D3EC8
:107A6000D9CE73BFAF1F9C3EDD0B74BF86A09A3E7C
:107A70004B4874BFFE20993E228474BF17A1973EE5
:107A800062BF74BFD220963E0BFA74BF31A0943E01
:107A90001D3475BF351F933E976D75BFDD9D913EBB
:107AA0007BA675BF2C1C903EC6DE75BF229A8E3E0B
:107AB0007A1676BFC0178D3E974D76BF07958B3EE1
:107AC0001B8476BFF8118A3E07BA76BF938E883E34
:107AD0005BEF76BFDA0A873E172477BFCE86853EF6
:107AE0003A5877BF7002843EC58B77BFC07D823E17
:107AF000B7BE77BFC0F8803E10F177BFE1E67E3EAB
:107B0000D12278BFA4DB7B3EF85378BFCCCF783E40
:107B1000868478BF5AC3753E7BB478BF51B6723E37
:107B2000D6E378BFB2A86F3E981279BF7F9A6C3EB9
:107B3000C04079BFBA8B693E4E6E79BF667C663EA7
:107B4000439B79BF836C633E9DC779BF135C603EE6
:107B50005EF379BF1A4B5D3E841E7ABF97395A3E59
:107B600010497ABF8F27573E02737ABF0115543EE2
:107B7000599C7ABFF101513E16C57ABF60EE4D3E69
:107B800037ED7ABF4FDA4A3EBE147BBFC2C5473ECF
:107B9000AB3B7BBFB9B0443EFC617BBF379B413EF2
:107BA000B2877BBF3E853E3ECDAC7BBFCF6E3B3EBA
:107BB0004DD17BBFEC57383E31F57BBF9840353E09
:107BC0007A187CBFD428323E283B7CBFA2102F3EBF
:107BD0003A5D7CBF04F82B3EB07E7CBFFCDE283EC5
:107BE0008A9F7CBF8CC5253EC9BF7CBFB6AB223EF9
:107BF0006CDF7CBF7B911F3E73FE7CBFDE761C3E3C
:107C0000DD1C7DBFE05B193EAC3A7DBF8340163E74
:107C1000DE577DBFCA24133E74747DBFB708103E83
:107C20006E907DBF4AEC0C3ECCAB7DBF86CF093E4B
:107C30008CC67DBF6EB2063EB1E07DBF0295033EAD
:107C400038FA7DBF4577003E24137EBF73B2FA3DFC
:107C5000722B7EBFC075F43D23437EBF7638EE3D68
:107C6000385A7EBF9AFAE73DB0707EBF2EBCE13D28
:107C70008B867EBF377DDB3DC99B7EBFB93DD53D41
:107C800069B07EBFB7FDCE3D6DC47EBF36BDC83D79
:107C9000D4D77EBF397CC23D9DEA7EBFC33ABC3D8E
:107CA000C9FC7EBFDAF8B53D580E7FBF80B6AF3D48
:107CB000491F7FBFBA73A93D9D2F7FBF8C30A33D65
:107CC000543F7FBFF9EC9C3D6D4E7FBF05A9963DAB
:107CD000E95C7FBFB464903DC76A7FBF0A208A3DDC
:107CE00008787FBF0ADB833DAB847FBF742B7B3D6D
:107CF000B1907FBF38A06E3D189C7FBF6814623D75
:107D0000E3A67FBF0E88553D0FB17FBF2FFB483DD7
:107D10009EBA7FBFD56D3C3D8FC37FBF07E02F3D2F
:107D2000E2CB7FBFCC51233D98D37FBF2CC3163D00
:107D3000AFDA7FBF2F340A3D29E17FBFB949FB3C51
:107D400005E77FBF7B2AE23C43EC7FBFB00AC93C1A
:107D5000E3F07FBF69EAAF3CE6F47FBFB6C9963C6B
:107D60004AF87FBF4B517B3C11FB7FBF900E493CD3
:107D700039FD7FBF59CB163CC4FE7FBF890FC93B7D
:107D8000B1FF7FBFC70F493B000080BF000000006C
:107D9000B1FF7FBFC70F49BBC4FE7FBF890FC9BBFF
:107DA00039FD7FBF59CB16BC11FB7FBF900E49BC7C
:107DB0004AF87FBF4B517BBCE6F47FBFB6C996BC87
:107DC000E3F07FBF69EAAFBC43EC7FBFB00AC9BC38
:107DD00005E77FBF7B2AE2BC29E17FBFB949FBBC35
:107DE000AFDA7FBF2F340ABD98D37FBF2CC316BD37
:107DF000E2CB7FBFCC5123BD8FC37FBF07E02FBD38
:107E00009EBA7FBFD56D3CBD0FB17FBF2FFB48BD74
:107E1000E3A67FBF0E8855BD189C7FBF681462BD66
:107E2000B1907FBF38A06EBDAB847FBF742B7BBD8C
:107E300008787FBF0ADB83BDC76A7FBF0A208ABD7F
:107E4000E95C7FBFB46490BD6D4E7FBF05A996BD50
:107E5000543F7FBFF9EC9CBD9D2F7FBF8C30A3BDED
:107E6000491F7FBFBA73A9BD580E7FBF80B6AFBD93
:107E7000C9FC7EBFDAF8B5BD9DEA7EBFC33ABCBD82
:107E8000D4D77EBF397CC2BD6DC47EBF36BDC8BDF0
:107E900069B07EBFB7FDCEBDC99B7EBFB93DD5BD24
:107EA0008B867EBF377DDBBDB0707EBF2EBCE1BD53
:107EB000385A7EBF9AFAE7BD23437EBF7638EEBDBF
:107EC000722B7EBFC075F4BD24137EBF73B2FABDA2
:107ED00038FA7DBF457700BEB1E07DBF029503BE95
:107EE0008CC67DBF6EB206BECCAB7DBF86CF09BE51
:107EF0006E907DBF4AEC0CBE74747DBFB70810BE97
:107F0000DE577DBFCA2413BEAC3A7DBF834016BE88
:107F1000DD1C7DBFE05B19BE73FE7CBFDE761CBE40
:107F20006CDF7CBF7B911FBEC9BF7CBFB6AB22BEDE
:107F30008A9F7CBF8CC525BEB07E7CBFFCDE28BE80
:107F40003A5D7CBF04F82BBE283B7CBFA2102FBE3D
:107F50007A187CBFD42832BE31F57BBF984035BE3D
:107F60004DD17BBFEC5738BECDAC7BBFCF6E3BBE97
:107F7000B2877BBF3E853EBEFC617BBF379B41BE67
:107F8000AB3B7BBFB9B044BEBE147BBFC2C547BECE
:107F900037ED7ABF4FDA4ABE16C57ABF60EE4DBEE6
:107FA000599C7ABFF10151BE02737ABF011554BECC
:107FB00010497ABF8F2757BE841E7ABF97395ABEA1
:107FC0005EF379BF1A4B5DBE9DC779BF135C60BE7F
:107FD000439B79BF836C63BE4E6E79BF667C66BE81
:107FE000C04079BFBA8B69BE981279BF7F9A6CBEC8
:107FF000D6E378BFB2A86FBE7BB478BF51B672BE6D
:10800000868478BF5AC375BEF85378BFCCCF78BE8C
:10801000D12278BFA4DB7BBE10F177BFE1E67EBE44
:10802000B7BE77BFC0F880BEC58B77BFC07D82BEAC
:108030003A5877BF700284BE172477BFCE8685BEBC
:108040005BEF76BFDA0A87BE07BA76BF938E88BE2B
:108050001B8476BFF8118ABE974D76BF07958BBEFD
:108060007A1676BFC0178DBEC6DE75BF229A8EBE49
:108070007BA675BF2C1C90BE976D75BFDD9D91BE14
:108080001D3475BF351F93BE0BFA74BF31A094BE6B
:1080900062BF74BFD22096BE228474BF17A197BE60
:1080A0004B4874BFFE2099BEDD0B74BF86A09ABEFC
:1080B000D9CE73BFAF1F9CBE3F9173BF789E9DBE4C
:1080C0000E5373BFDF1C9FBE471473BFE59AA0BE5B
:1080D000EBD472BF8718A2BEF89472BFC595A3BE39
:1080E000705472BF9F12A5BE521372BF128FA6BEEC
:1080F0009FD171BF1F0BA8BE578F71BFC486A9BE89
:108100007A4C71BF0102ABBE080971BFD47CACBE12
:1081100002C570BF3CF7ADBE668070BF3A71AFBE9E
:10812000373B70BFCBEAB0BE73F56FBFEF63B2BE33
:108130001BAF6FBFA5DCB3BE30686FBFEC54B5BEDC
:10814000B0206FBFC3CCB6BE9ED86EBF2A44B8BEA7
:10815000F88F6EBF1EBBB9BEBE466EBFA031BBBEA0
:10816000F2FC6DBFAFA7BCBE93B26DBF4A1DBEBED1
:10817000A1676DBF6F92BFBE1D1C6DBF1E07C1BE44
:1081800007D06CBF557BC2BE5E836CBF15EFC3BE0C
:1081900024366CBF5C62C5BE58E86BBF29D5C6BE2D
:1081A000FB996BBF7C47C8BE0C4B6BBF53B9C9BEB4
:1081B0008CFB6ABFAE2ACBBE7BAB6ABF8B9BCCBEAF
:1081C000D95A6ABFEA0BCEBEA7096ABFCA7BCFBE27
:1081D000E4B769BF2AEBD0BE916569BF095AD2BE28
:1081E000AE1269BF67C8D3BE3CBF68BF4136D5BEBB
:1081F000396B68BF99A3D6BEA81668BF6B10D8BEEE
:1082000087C167BFB97CD9BED86B67BF80E8DABECB
:10821000991567BFC153DCBECCBE66BF79BEDDBE5B
:10822000716766BFA928DFBE880F66BF4F92E0BEA8
:1082300010B765BF6AFBE1BE0B5E65BFFA63E3BEC4
:10824000790465BFFECBE4BE59AA64BF7533E6BEB0
:10825000AC4F64BF5D9AE7BE73F463BFB700E9BE7D
:10826000AC9863BF8166EABE5A3C63BFBBCBEBBE32
:108270007BDF62BF6330EDBE108262BF7994EEBED9
:108280001A2462BFFBF7EFBE98C561BFEA5AF1BE80
:108290008A6661BF43BDF2BEF20661BF071FF4BE2E
:1082A000CFA660BF3580F5BE214660BFCBE0F6BEED
:1082B000E9E45FBFC840F8BE27835FBF2DA0F9BEC9
:1082C000DB205FBFF7FEFABE05BE5EBF275DFCBECA
:1082D000A65A5EBFBBBAFDBEBEF65DBFB217FFBEFB
:1082E0004D925DBF063A00BF532D5DBFE4E700BF6E
:1082F000D1C75CBF739501BFC7615CBFB14202BF0C
:1083000034FB5BBF9FEF02BF1A945BBF3D9C03BF72
:10831000792C5BBF894804BF50C45ABF84F404BFA2
:10832000A05B5ABF2CA005BF6AF259BF824B06BFA3
:10833000AD8859BF86F606BF6A1E59BF36A107BF72
:10834000A1B358BF924B08BF534858BF9BF508BF15
:108350007FDC57BF4E9F09BF267057BFAD480ABF8D
:10836000480357BFB7F10ABFE59556BF6B9A0BBFDD
:10837000FE2756BFC9420CBF93B955BFD0EA0CBF08
:10838000A44A55BF81920DBF31DB54BFDA390EBF0D
:108390003B6B54BFDBE00EBFC3FA53BF84870FBFF4
:1083A000C78953BFD52D10BF491853BFCDD310BFB8
:1083B00049A652BF6B7911BFC63352BFB01E12BF60
:1083C000C2C051BF9AC312BF3D4D51BF2A6813BFEF
:1083D00037D950BF5F0C14BFAF6450BF39B014BF62
:1083E000A8EF4FBFB75315BF1F7A4FBFD9F615BFC0
:1083F00017044FBF9F9916BF908D4EBF073C17BF04
:1084000089164EBF12DE17BF029F4DBFC07F18BF37
:10841000FD264DBF0F2119BF79AE4CBF00C219BF59
:1084200078354CBF93621ABFF8BB4BBFC6021BBF67
:10843000FA414BBF99A21BBF7FC74ABF0C421CBF6A
:10844000874C4ABF1FE11CBF12D149BFD17F1DBF5E
:10845000215549BF221E1EBFB3D848BF12BC1EBF44
:10846000CA5B48BF9F591FBF65DE47BFCBF61FBF22
:10847000856047BF939320BF2AE246BFF92F21BFF3
:10848000546346BFFBCB21BF03E445BF996722BFBE
:10849000396445BFD30223BFF5E344BFA99D23BF81
:1084A000376344BF1A3824BF00E243BF25D224BF3C
:1084B000516043BFCB6B25BF29DE42BF0A0526BFF3
:1084C000895B42BFE39D26BF70D841BF563627BFA8
:1084D000E15441BF61CE27BFDAD040BF056628BF57
:1084E0005C4C40BF41FD28BF67C73FBF159429BF03
:1084F000FC413FBF802A2ABF1BBC3EBF82C02ABFAF
:10850000C5353EBF1B562BBFF9AE3DBF4AEB2BBF57
:10851000B8273DBF0F802CBF03A03CBF69142DBFFF
:10852000D9173CBF59A82DBF3B8F3BBFDE3B2EBFA9
:1085300029063BBFF7CE2EBFA47C3ABFA5612FBF53
:10854000ACF239BFE6F32FBF426839BFBB8530BFFD
:1085500065DD38BF221731BF165238BF1DA831BFA5
:1085600055C637BFAA3832BF233A37BFC9C832BF52
:108570007FAD36BF7A5833BF6C2036BFBCE733BF00
:10858000E79235BF8F7634BFF30435BFF30435BFB0
:108590008F7634BFE79235BFBCE733BF6C2036BF60
:1085A0007A5833BF7FAD36BFC9C832BF233A37BF11
:1085B000AA3832BF55C637BF1DA831BF165238BFC3
:1085C000221731BF65DD38BFBB8530BF426839BF78
:1085D000E6F32FBFACF239BFA5612FBFA47C3ABF31
:1085E000F7CE2EBF29063BBFDE3B2EBF3B8F3BBFE6
:1085F00059A82DBFD9173CBF69142DBF03A03CBF9C
:108600000F802CBFB8273DBF4AEB2BBFF9AE3DBF53
:108610001B562BBFC5353EBF82C02ABF1BBC3EBF09
:10862000802A2ABFFC413FBF159429BF67C73FBFBF
:1086300041FD28BF5C4C40BF056628BFDAD040BF73
:1086400061CE27BFE15441BF563627BF70D841BF26
:10865000E39D26BF895B42BF0A0526BF29DE42BFD4
:10866000CB6B25BF516043BF25D224BF00E243BF7F
:108670001A3824BF376344BFA99D23BFF5E344BF25
:10868000D30223BF396445BF996722BF03E445BFC6
:10869000FBCB21BF546346BFF92F21BF2AE246BF5F
:1086A000939320BF856047BFCBF61FBF65DE47BFF2
:1086B0009F591FBFCA5B48BF12BC1EBFB3D848BF7B
:1086C000221E1EBF215549BFD17F1DBF12D149BFF8
:1086D0001FE11CBF874C4ABF0C421CBF7FC74ABF6B
:1086E00099A21BBFFA414BBFC6021BBFF8BB4BBFD1
:1086F00093621ABF78354CBF00C219BF79AE4CBF28
:108700000F2119BFFD264DBFC07F18BF029F4DBF6F
:1087100012DE17BF89164EBF073C17BF908D4EBFA4
:108720009F9916BF17044FBFD9F615BF1F7A4FBFC9
:10873000B75315BFA8EF4FBF39B014BFAF6450BFD8
:108740005F0C14BF37D950BF2A6813BF3D4D51BFCE
:108750009AC312BFC2C051BFB01E12BFC63352BFB0
:108760006B7911BF49A652BFCDD310BF491853BF73
:10877000D52D10BFC78953BF84870FBFC3FA53BF1E
:10878000DBE00EBF3B6B54BFDA390EBF31DB54BFA9
:1087900081920DBFA44A55BFD0EA0CBF93B955BF13
:1087A000C9420CBFFE2756BF6B9A0BBFE59556BF5B
:1087B000B7F10ABF480357BFAD480ABF267057BF7D
:1087C0004E9F09BF7FDC57BF9BF508BF534858BF7A
:1087D000924B08BFA1B358BF36A107BF6A1E59BF4D
:1087E00086F606BFAD8859BF824B06BF6AF259BFF5
:1087F0002CA005BFA05B5ABF84F404BF50C45ABF6D
:10880000894804BF792C5BBF3D9C03BF1A945BBFB2
:108810009FEF02BF34FB5BBFB14202BFC7615CBFC9
:10882000739501BFD1C75CBFE4E700BF532D5DBFA7
:10883000063A00BF4D925DBFB217FFBEBEF65DBFE8
:10884000BBBAFDBEA65A5EBF275DFCBE05BE5EBFBD
:10885000F7FEFABEDB205FBF2DA0F9BE27835FBF06
:10886000C840F8BEE9E45FBFCBE0F6BE214660BF7A
:108870003580F5BECFA660BF071FF4BEF20661BF0C
:1088800043BDF2BE8A6661BFEA5AF1BE98C561BFB8
:10889000FBF7EFBE1A2462BF7994EEBE108262BF6E
:1088A0006330EDBE7BDF62BFBBCBEBBE5A3C63BF28
:1088B0008166EABEAC9863BFB700E9BE73F463BFDC
:1088C0005D9AE7BEAC4F64BF7533E6BE59AA64BF7C
:1088D000FECBE4BE790465BFFA63E3BE0B5E65BF01
:1088E0006AFBE1BE10B765BF4F92E0BE880F66BF5E
:1088F000A928DFBE716766BF79BEDDBECCBE66BF8C
:10890000C153DCBE991567BF80E8DABED86B67BF7C
:10891000B97CD9BE87C167BF6B10D8BEA81668BF27
:1089200099A3D6BE396B68BF4136D5BE3CBF68BF80
:1089300067C8D3BEAE1269BF095AD2BE916569BF7E
:108940002AEBD0BEE4B769BFCA7BCFBEA7096ABF16
:10895000EA0BCEBED95A6ABF8B9BCCBE7BAB6ABF3B
:10896000AE2ACBBE8CFB6ABF53B9C9BE0C4B6BBFE2
:108970007C47C8BEFB996BBF29D5C6BE58E86BBF04
:108980005C62C5BE24366CBF15EFC3BE5E836CBF90
:10899000557BC2BE07D06CBF1E07C1BE1D1C6DBF7C
:1089A0006F92BFBEA1676DBF4A1DBEBE93B26DBFC1
:1089B000AFA7BCBEF2FC6DBFA031BBBEBE466EBF52
:1089C0001EBBB9BEF88F6EBF2A44B8BE9ED86EBF1C
:1089D000C3CCB6BEB0206FBFEC54B5BE30686FBF1D
:1089E000A5DCB3BE1BAF6FBFEF63B2BE73F56FBF45
:1089F000CBEAB0BE373B70BF3A71AFBE668070BF86
:108A00003CF7ADBE02C570BFD47CACBE080971BFD7
:108A10000102ABBE7A4C71BFC486A9BE578F71BF2D
:108A20001F0BA8BE9FD171BF128FA6BE521372BF7B
:108A30009F12A5BE705472BFC595A3BEF89472BFB5
:108A40008718A2BEEBD472BFE59AA0BE471473BFCD
:108A5000DF1C9FBE0E5373BF789E9DBE3F9173BFB8
:108A6000AF1F9CBED9CE73BF86A09ABEDD0B74BF6C
:108A7000FE2099BE4B4874BF17A197BE228474BFD5
:108A8000D22096BE62BF74BF31A094BE0BFA74BFF1
:108A9000351F93BE1D3475BFDD9D91BE976D75BFAB
:108AA0002C1C90BE7BA675BF229A8EBEC6DE75BFFB
:108AB000C0178DBE7A1676BF07958BBE974D76BFD1
:108AC000F8118ABE1B8476BF938E88BE07BA76BF24
:108AD000DA0A87BE5BEF76BFCE8685BE172477BFE6
:108AE000700284BE3A5877BFC07D82BEC58B77BF07
:108AF000C0F880BEB7BE77BFE1E67EBE10F177BF9B
:108B0000A4DB7BBED12278BFCCCF78BEF85378BF30
:108B10005AC375BE868478BF51B672BE7BB478BF27
:108B2000B2A86FBED6E378BF7F9A6CBE981279BFA9
:108B3000BA8B69BEC04079BF667C66BE4E6E79BF97
:108B4000836C63BE439B79BF135C60BE9DC779BFD6
:108B50001A4B5DBE5EF379BF97395ABE841E7ABF49
:108B60008F2757BE10497ABF011554BE02737ABFD2
:108B7000F10151BE599C7ABF60EE4DBE16C57ABF59
:108B80004FDA4ABE37ED7ABFC2C547BEBE147BBFBF
:108B9000B9B044BEAB3B7BBF379B41BEFC617BBFE2
:108BA0003E853EBEB2877BBFCF6E3BBECDAC7BBFAA
:108BB000EC5738BE4DD17BBF984035BE31F57BBFF9
:108BC000D42832BE7A187CBFA2102FBE283B7CBFAF
:108BD00004F82BBE3A5D7CBFFCDE28BEB07E7CBFB5
:108BE0008CC525BE8A9F7CBFB6AB22BEC9BF7CBFE9
:108BF0007B911FBE6CDF7CBFDE761CBE73FE7CBF2C
:108C0000E05B19BEDD1C7DBF834016BEAC3A7DBF64
:108C1000CA2413BEDE577DBFB70810BE74747DBF73
:108C20004AEC0CBE6E907DBF86CF09BECCAB7DBF3B
:108C30006EB206BE8CC67DBF029503BEB1E07DBF9D
:108C4000457700BE38FA7DBF73B2FABD24137EBFEC
:108C5000C075F4BD722B7EBF7638EEBD23437EBF58
:108C60009AFAE7BD385A7EBF2EBCE1BDB0707EBF18
:108C7000377DDBBD8B867EBFB93DD5BDC99B7EBF31
:108C8000B7FDCEBD69B07EBF36BDC8BD6DC47EBF69
:108C9000397CC2BDD4D77EBFC33ABCBD9DEA7EBF7E
:108CA000DAF8B5BDC9FC7EBF80B6AFBD580E7FBF38
:108CB000BA73A9BD491F7FBF8C30A3BD9D2F7FBF55
:108CC000F9EC9CBD543F7FBF05A996BD6D4E7FBF9B
:108CD000B46490BDE95C7FBF0A208ABDC76A7FBFCC
:108CE0000ADB83BD08787FBF742B7BBDAB847FBF5D
:108CF00038A06EBDB1907FBF681462BD189C7FBF65
:108D00000E8855BDE3A67FBF2FFB48BD0FB17FBFC7
:108D1000D56D3CBD9EBA7FBF07E02FBD8FC37FBF1F
:108D2000CC5123BDE2CB7FBF2CC316BD98D37FBFF0
:108D30002F340ABDAFDA7FBFB949FBBC29E17FBF41
:108D40007B2AE2BC05E77FBFB00AC9BC43EC7FBF0A
:108D500069EAAFBCE3F07FBFB6C996BCE6F47FBF5B
:108D60004B517BBC4AF87FBF900E49BC11FB7FBFC3
:108D700059CB16BC39FD7FBF890FC9BBC4FE7FBF6D
:108D8000C70F49BBB1FF7FBF00000080000080BF5C
:108D9000C70F493BB1FF7FBF890FC93BC4FE7FBFEF
:108DA00059CB163C39FD7FBF900E493C11FB7FBF6C
:108DB0004B517B3C4AF87FBFB6C9963CE6F47FBF77
:108DC00069EAAF3CE3F07FBFB00AC93C43EC7FBF28
:108DD0007B2AE23C05E77FBFB949FB3C29E17FBF25
:108DE0002F340A3DAFDA7FBF2CC3163D98D37FBF27
:108DF000CC51233DE2CB7FBF07E02F3D8FC37FBF28
:108E0000D56D3C3D9EBA7FBF2FFB483D0FB17FBF64
:108E10000E88553DE3A67FBF6814623D189C7FBF56
:108E200038A06E3DB1907FBF742B7B3DAB847FBF7C
:108E30000ADB833D08787FBF0A208A3DC76A7FBF6F
:108E4000B464903DE95C7FBF05A9963D6D4E7FBF40
:108E5000F9EC9C3D543F7FBF8C30A33D9D2F7FBFDD
:108E6000BA73A93D491F7FBF80B6AF3D580E7FBF83
:108E7000DAF8B53DC9FC7EBFC33ABC3D9DEA7EBF72
:108E8000397CC23DD4D77EBF36BDC83D6DC47EBFE0
:108E9000B7FDCE3D69B07EBFB93DD53DC99B7EBF14
:108EA000377DDB3D8B867EBF2EBCE13DB0707EBF43
:108EB0009AFAE73D385A7EBF7638EE3D23437EBFAF
:108EC000C075F43D722B7EBF73B2FA3D24137EBF92
:108ED0004577003E38FA7DBF0295033EB1E07DBF85
:108EE0006EB2063E8CC67DBF86CF093ECCAB7DBF41
:108EF0004AEC0C3E6E907DBFB708103E74747DBF87
:108F0000CA24133EDE577DBF8340163EAC3A7DBF78
:108F1000E05B193EDD1C7DBFDE761C3E73FE7CBF30
:108F20007B911F3E6CDF7CBFB6AB223EC9BF7CBFCE
:108F30008CC5253E8A9F7CBFFCDE283EB07E7CBF70
:108F400004F82B3E3A5D7CBFA2102F3E283B7CBF2D
:108F5000D428323E7A187CBF9840353E31F57BBF2D
:108F6000EC57383E4DD17BBFCF6E3B3ECDAC7BBF87
:108F70003E853E3EB2877BBF379B413EFC617BBF57
:108F8000B9B0443EAB3B7BBFC2C5473EBE147BBFBE
:108F90004FDA4A3E37ED7ABF60EE4D3E16C57ABFD6
:108FA000F101513E599C7ABF0115543E02737ABFBC
:108FB0008F27573E10497ABF97395A3E841E7ABF91
:108FC0001A4B5D3E5EF379BF135C603E9DC779BF6F
:108FD000836C633E439B79BF667C663E4E6E79BF71
:108FE000BA8B693EC04079BF7F9A6C3E981279BFB8
:108FF000B2A86F3ED6E378BF51B6723E7BB478BF5D
:109000005AC3753E868478BFCCCF783EF85378BF7C
:10901000A4DB7B3ED12278BFE1E67E3E10F177BF34
:10902000C0F8803EB7BE77BFC07D823EC58B77BF9C
:109030007002843E3A5877BFCE86853E172477BFAC
:10904000DA0A873E5BEF76BF938E883E07BA76BF1B
:10905000F8118A3E1B8476BF07958B3E974D76BFED
:10906000C0178D3E7A1676BF229A8E3EC6DE75BF39
:109070002C1C903E7BA675BFDD9D913E976D75BF04
:10908000351F933E1D3475BF31A0943E0BFA74BF5B
:10909000D220963E62BF74BF17A1973E228474BF50
:1090A000FE20993E4B4874BF86A09A3EDD0B74BFEC
:1090B000AF1F9C3ED9CE73BF789E9D3E3F9173BF3C
:1090C000DF1C9F3E0E5373BFE59AA03E471473BF4B
:1090D0008718A23EEBD472BFC595A33EF89472BF29
:1090E0009F12A53E705472BF128FA63E521372BFDC
:1090F0001F0BA83E9FD171BFC486A93E578F71BF79
:109100000102AB3E7A4C71BFD47CAC3E080971BF02
:109110003CF7AD3E02C570BF3A71AF3E668070BF8E
:10912000CBEAB03E373B70BFEF63B23E73F56FBF23
:10913000A5DCB33E1BAF6FBFEC54B53E30686FBFCC
:10914000C3CCB63EB0206FBF2A44B83E9ED86EBF97
:109150001EBBB93EF88F6EBFA031BB3EBE466EBF90
:10916000AFA7BC3EF2FC6DBF4A1DBE3E93B26DBFC1
:109170006F92BF3EA1676DBF1E07C13E1D1C6DBF34
:10918000557BC23E07D06CBF15EFC33E5E836CBFFC
:109190005C62C53E24366CBF29D5C63E58E86BBF1D
:1091A0007C47C83EFB996BBF53B9C93E0C4B6BBFA4
:1091B000AE2ACB3E8CFB6ABF8B9BCC3E7BAB6ABF9F
:1091C000EA0BCE3ED95A6ABFCA7BCF3EA7096ABF17
:1091D0002AEBD03EE4B769BF095AD23E916569BF18
:1091E00067C8D33EAE1269BF4136D53E3CBF68BFAB
:1091F00099A3D63E396B68BF6B10D83EA81668BFDE
:10920000B97CD93E87C167BF80E8DA3ED86B67BFBB
:10921000C153DC3E991567BF79BEDD3ECCBE66BF4B
:10922000A928DF3E716766BF4F92E03E880F66BF98
:109230006AFBE13E10B765BFFA63E33E0B5E65BFB4
:10924000FECBE43E790465BF7533E63E59AA64BFA0
:109250005D9AE73EAC4F64BFB700E93E73F463BF6D
:109260008166EA3EAC9863BFBBCBEB3E5A3C63BF22
:109270006330ED3E7BDF62BF7994EE3E108262BFC9
:10928000FBF7EF3E1A2462BFEA5AF13E98C561BF70
:1092900043BDF23E8A6661BF071FF43EF20661BF1E
:1092A0003580F53ECFA660BFCBE0F63E214660BFDD
:1092B000C840F83EE9E45FBF2DA0F93E27835FBFB9
:1092C000F7FEFA3EDB205FBF275DFC3E05BE5EBFBA
:1092D000BBBAFD3EA65A5EBFB217FF3EBEF65DBFEB
:1092E000063A003F4D925DBFE4E7003F532D5DBF5E
:1092F0007395013FD1C75CBFB142023FC7615CBFFC
:109300009FEF023F34FB5BBF3D9C033F1A945BBF62
:109310008948043F792C5BBF84F4043F50C45ABF92
:109320002CA0053FA05B5ABF824B063F6AF259BF93
:1093300086F6063FAD8859BF36A1073F6A1E59BF62
:10934000924B083FA1B358BF9BF5083F534858BF05
:109350004E9F093F7FDC57BFAD480A3F267057BF7D
:10936000B7F10A3F480357BF6B9A0B3FE59556BFCD
:10937000C9420C3FFE2756BFD0EA0C3F93B955BFF8
:1093800081920D3FA44A55BFDA390E3F31DB54BFFD
:10939000DBE00E3F3B6B54BF84870F3FC3FA53BFE4
:1093A000D52D103FC78953BFCDD3103F491853BFA8
:1093B0006B79113F49A652BFB01E123FC63352BF50
:1093C0009AC3123FC2C051BF2A68133F3D4D51BFDF
:1093D0005F0C143F37D950BF39B0143FAF6450BF52
:1093E000B753153FA8EF4FBFD9F6153F1F7A4FBFB0
:1093F0009F99163F17044FBF073C173F908D4EBFF4
:1094000012DE173F89164EBFC07F183F029F4DBF27
:109410000F21193FFD264DBF00C2193F79AE4CBF49
:1094200093621A3F78354CBFC6021B3FF8BB4BBF57
:1094300099A21B3FFA414BBF0C421C3F7FC74ABF5A
:109440001FE11C3F874C4ABFD17F1D3F12D149BF4E
:10945000221E1E3F215549BF12BC1E3FB3D848BF34
:109460009F591F3FCA5B48BFCBF61F3F65DE47BF12
:109470009393203F856047BFF92F213F2AE246BFE3
:10948000FBCB213F546346BF9967223F03E445BFAE
:10949000D302233F396445BFA99D233FF5E344BF71
:1094A0001A38243F376344BF25D2243F00E243BF2C
:1094B000CB6B253F516043BF0A05263F29DE42BFE3
:1094C000E39D263F895B42BF5636273F70D841BF98
:1094D00061CE273FE15441BF0566283FDAD040BF47
:1094E00041FD283F5C4C40BF1594293F67C73FBFF3
:1094F000802A2A3FFC413FBF82C02A3F1BBC3EBF9F
:109500001B562B3FC5353EBF4AEB2B3FF9AE3DBF47
:109510000F802C3FB8273DBF69142D3F03A03CBFEF
:1095200059A82D3FD9173CBFDE3B2E3F3B8F3BBF99
:10953000F7CE2E3F29063BBFA5612F3FA47C3ABF43
:10954000E6F32F3FACF239BFBB85303F426839BFED
:109550002217313F65DD38BF1DA8313F165238BF95
:10956000AA38323F55C637BFC9C8323F233A37BF42
:109570007A58333F7FAD36BFBCE7333F6C2036BFF0
:109580008F76343FE79235BFF304353FF30435BFA0
:10959000E792353F8F7634BF6C20363FBCE733BF50
:1095A0007FAD363F7A5833BF233A373FC9C832BF01
:1095B00055C6373FAA3832BF1652383F1DA831BFB3
:1095C00065DD383F221731BF4268393FBB8530BF68
:1095D000ACF2393FE6F32FBFA47C3A3FA5612FBF21
:1095E00029063B3FF7CE2EBF3B8F3B3FDE3B2EBFD6
:1095F000D9173C3F59A82DBF03A03C3F69142DBF8C
:10960000B8273D3F0F802CBFF9AE3D3F4AEB2BBF43
:10961000C5353E3F1B562BBF1BBC3E3F82C02ABFF9
:10962000FC413F3F802A2ABF67C73F3F159429BFAF
:109630005C4C403F41FD28BFDAD0403F056628BF63
:10964000E154413F61CE27BF70D8413F563627BF16
:10965000895B423FE39D26BF29DE423F0A0526BFC4
:109660005160433FCB6B25BF00E2433F25D224BF6F
:109670003763443F1A3824BFF5E3443FA99D23BF15
:109680003964453FD30223BF03E4453F996722BFB6
:109690005463463FFBCB21BF2AE2463FF92F21BF4F
:1096A0008560473F939320BF65DE473FCBF61FBFE2
:1096B000CA5B483F9F591FBFB3D8483F12BC1EBF6B
:1096C0002155493F221E1EBF12D1493FD17F1DBFE8
:1096D000874C4A3F1FE11CBF7FC74A3F0C421CBF5B
:1096E000FA414B3F99A21BBFF8BB4B3FC6021BBFC1
:1096F00078354C3F93621ABF79AE4C3F00C219BF18
:10970000FD264D3F0F2119BF029F4D3FC07F18BF5F
:1097100089164E3F12DE17BF908D4E3F073C17BF94
:1097200017044F3F9F9916BF1F7A4F3FD9F615BFB9
:10973000A8EF4F3FB75315BFAF64503F39B014BFC8
:1097400037D9503F5F0C14BF3D4D513F2A6813BFBE
:10975000C2C0513F9AC312BFC633523FB01E12BFA0
:1097600049A6523F6B7911BF4918533FCDD310BF63
:10977000C789533FD52D10BFC3FA533F84870FBF0E
:109780003B6B543FDBE00EBF31DB543FDA390EBF99
:10979000A44A553F81920DBF93B9553FD0EA0CBF03
:1097A000FE27563FC9420CBFE595563F6B9A0BBF4B
:1097B0004803573FB7F10ABF2670573FAD480ABF6D
:1097C0007FDC573F4E9F09BF5348583F9BF508BF6A
:1097D000A1B3583F924B08BF6A1E593F36A107BF3D
:1097E000AD88593F86F606BF6AF2593F824B06BFE5
:1097F000A05B5A3F2CA005BF50C45A3F84F404BF5D
:10980000792C5B3F894804BF1A945B3F3D9C03BFA2
:1098100034FB5B3F9FEF02BFC7615C3FB14202BFB9
:10982000D1C75C3F739501BF532D5D3FE4E700BF97
:109830004D925D3F063A00BFBEF65D3FB217FFBED8
:10984000A65A5E3FBBBAFDBE05BE5E3F275DFCBEAD
:10985000DB205F3FF7FEFABE27835F3F2DA0F9BEF6
:10986000E9E45F3FC840F8BE2146603FCBE0F6BE6A
:10987000CFA6603F3580F5BEF206613F071FF4BEFC
:109880008A66613F43BDF2BE98C5613FEA5AF1BEA8
:109890001A24623FFBF7EFBE1082623F7994EEBE5E
:1098A0007BDF623F6330EDBE5A3C633FBBCBEBBE18
:1098B000AC98633F8166EABE73F4633FB700E9BECC
:1098C000AC4F643F5D9AE7BE59AA643F7533E6BE6C
:1098D0007904653FFECBE4BE0B5E653FFA63E3BEF1
:1098E00010B7653F6AFBE1BE880F663F4F92E0BE4E
:1098F0007167663FA928DFBECCBE663F79BEDDBE7C
:109900009915673FC153DCBED86B673F80E8DABE6C
:1099100087C1673FB97CD9BEA816683F6B10D8BE17
:10992000396B683F99A3D6BE3CBF683F4136D5BE70
:10993000AE12693F67C8D3BE9165693F095AD2BE6E
:10994000E4B7693F2AEBD0BEA7096A3FCA7BCFBE06
:10995000D95A6A3FEA0BCEBE7BAB6A3F8B9BCCBE2B
:109960008CFB6A3FAE2ACBBE0C4B6B3F53B9C9BED2
:10997000FB996B3F7C47C8BE58E86B3F29D5C6BEF4
:1099800024366C3F5C62C5BE5E836C3F15EFC3BE80
:1099900007D06C3F557BC2BE1D1C6D3F1E07C1BE6C
:1099A000A1676D3F6F92BFBE93B26D3F4A1DBEBEB1
:1099B000F2FC6D3FAFA7BCBEBE466E3FA031BBBE42
:1099C000F88F6E3F1EBBB9BE9ED86E3F2A44B8BE0C
:1099D000B0206F3FC3CCB6BE30686F3FEC54B5BE0D
:1099E0001BAF6F3FA5DCB3BE73F56F3FEF63B2BE35
:1099F000373B703FCBEAB0BE6680703F3A71AFBE76
:109A000002C5703F3CF7ADBE0809713FD47CACBEC7
:109A10007A4C713F0102ABBE578F713FC486A9BE1D
:109A20009FD1713F1F0BA8BE5213723F128FA6BE6B
:109A30007054723F9F12A5BEF894723FC595A3BEA5
:109A4000EBD4723F8718A2BE4714733FE59AA0BEBD
:109A50000E53733FDF1C9FBE3F91733F789E9DBEA8
:109A6000D9CE733FAF1F9CBEDD0B743F86A09ABE5C
:109A70004B48743FFE2099BE2284743F17A197BEC5
:109A800062BF743FD22096BE0BFA743F31A094BEE1
:109A90001D34753F351F93BE976D753FDD9D91BE9B
:109AA0007BA6753F2C1C90BEC6DE753F229A8EBEEB
:109AB0007A16763FC0178DBE974D763F07958BBEC1
:109AC0001B84763FF8118ABE07BA763F938E88BE14
:109AD0005BEF763FDA0A87BE1724773FCE8685BED6
:109AE0003A58773F700284BEC58B773FC07D82BEF7
:109AF000B7BE773FC0F880BE10F1773FE1E67EBE8B
:109B0000D122783FA4DB7BBEF853783FCCCF78BE20
:109B10008684783F5AC375BE7BB4783F51B672BE17
:109B2000D6E3783FB2A86FBE9812793F7F9A6CBE99
:109B3000C040793FBA8B69BE4E6E793F667C66BE87
:109B4000439B793F836C63BE9DC7793F135C60BEC6
:109B50005EF3793F1A4B5DBE841E7A3F97395ABE39
:109B600010497A3F8F2757BE02737A3F011554BEC2
:109B7000599C7A3FF10151BE16C57A3F60EE4DBE49
:109B800037ED7A3F4FDA4ABEBE147B3FC2C547BEAF
:109B9000AB3B7B3FB9B044BEFC617B3F379B41BED2
:109BA000B2877B3F3E853EBECDAC7B3FCF6E3BBE9A
:109BB0004DD17B3FEC5738BE31F57B3F984035BEE9
:109BC0007A187C3FD42832BE283B7C3FA2102FBE9F
:109BD0003A5D7C3F04F82BBEB07E7C3FFCDE28BEA5
:109BE0008A9F7C3F8CC525BEC9BF7C3FB6AB22BED9
:109BF0006CDF7C3F7B911FBE73FE7C3FDE761CBE1C
:109C0000DD1C7D3FE05B19BEAC3A7D3F834016BE54
:109C1000DE577D3FCA2413BE74747D3FB70810BE63
:109C20006E907D3F4AEC0CBECCAB7D3F86CF09BE2B
:109C30008CC67D3F6EB206BEB1E07D3F029503BE8D
:109C400038FA7D3F457700BE24137E3F73B2FABDDC
:109C5000722B7E3FC075F4BD23437E3F7638EEBD48
:109C6000385A7E3F9AFAE7BDB0707E3F2EBCE1BD08
:109C70008B867E3F377DDBBDC99B7E3FB93DD5BD21
:109C800069B07E3FB7FDCEBD6DC47E3F36BDC8BD59
:109C9000D4D77E3F397CC2BD9DEA7E3FC33ABCBD6E
:109CA000C9FC7E3FDAF8B5BD580E7F3F80B6AFBD28
:109CB000491F7F3FBA73A9BD9D2F7F3F8C30A3BD45
:109CC000543F7F3FF9EC9CBD6D4E7F3F05A996BD8B
:109CD000E95C7F3FB46490BDC76A7F3F0A208ABDBC
:109CE00008787F3F0ADB83BDAB847F3F742B7BBD4D
:109CF000B1907F3F38A06EBD189C7F3F681462BD55
:109D0000E3A67F3F0E8855BD0FB17F3F2FFB48BDB7
:109D10009EBA7F3FD56D3CBD8FC37F3F07E02FBD0F
:109D2000E2CB7F3FCC5123BD98D37F3F2CC316BDE0
:109D3000AFDA7F3F2F340ABD29E17F3FB949FBBC31
:109D400005E77F3F7B2AE2BC43EC7F3FB00AC9BCFA
:109D5000E3F07F3F69EAAFBCE6F47F3FB6C996BC4B
:109D60004AF87F3F4B517BBC11FB7F3F900E49BCB3
:109D700039FD7F3F59CB16BCC4FE7F3F890FC9BB5D
:109D8000B1FF7F3FC70F49BB080000101000002043
:109D900018000030200000022800001230000022CD
:109DA0003800003240000004480000145000002435
:109DB000580000346000000668000016700000269D
:109DC0007800003680000008880000189000002805
:109DD00098000038A000000AA800001AB000002A6D
:109DE000B800003AC000000CC800001CD000002CD5
:109DF000D800003CE000000EE800001EF000002E3D
:109E0000F800003E0001000408014010100140204D
:109E10001801403020014002280140123001402248
:109E200038014032400140044801401450014024B0
:109E30005801403460014006680140167001402618
:109E40007801403680014008880140189001402880
:109E500098014038A001400AA801401AB001402AE8
:109E6000B801403AC001400CC801401CD001402C50
:109E7000D801403CE001400EE801401EF001402EB8
:109E8000F801403E00020008080280101002802005
:109E900018028030200280022802801230028022C4
:109EA000380280324002800448028014500280242C
:109EB0005802803460028006680280167002802694
:109EC00078028036800280088802801890028028FC
:109ED00098028038A002800AA802801AB002802A64
:109EE000B802803AC002800CC802801CD002802CCC
:109EF000D802803CE002800EE802801EF002802E34
:109F0000F802803E0003000C0803C0101003C020BC
:109F10001803C0302003800C2803C0123003C02275
:109F20003803C0324003C0044803C0145003C024A7
:109F30005803C0346003C0066803C0167003C0260F
:109F40007803C0368003C0088803C0189003C02877
:109F50009803C038A003C00AA803C01AB003C02ADF
:109F6000B803C03AC003C00CC803C01CD003C02C47
:109F7000D803C03CE003C00EE803C01EF003C02EAF
:109F8000F803C03E08040011100400211804003139
:109F90002004000C2804001330040023380400338C
:109FA00040040005480400155004002558040035FD
:109FB0006004000768040017700400277804003765
:109FC00080040009880400199004002998040039CD
:109FD000A004000BA804001BB004002BB804003B35
:109FE000C004000DC804001DD004002DD804003D9D
:109FF000E004000FE804001FF004002FF804003F05
:10A000000805401110054021180540312005000DBC
:10A0100028054013300540233805403348054015D6
:10A020005005402558054035600540076805401734
:10A03000700540277805403780054009880540199C
:10A040009005402998054039A005400BA805401B04
:10A05000B005402BB805403BC005400DC805401D6C
:10A06000D005402DD805403DE005400FE805401FD4
:10A07000F005402FF805403F000640080806801113
:10A0800010068021180680312006C008280680139B
:10A090003006802338068033400640094806801584
:10A0A00050068025580680356006800768068017B0
:10A0B0007006802778068037800680098806801918
:10A0C0009006802998068039A006800BA806801B80
:10A0D000B006802BB806803BC006800DC806801DE8
:10A0E000D006802DD806803DE006800FE806801F50
:10A0F000F006802FF806803F0007400C0807C011CB
:10A100001007C0211807C0312007C00C2807C01352
:10A110003007C0233807C0334007400D4807C0153B
:10A120005007C0255807C0356007C0076807C0172B
:10A130007007C0277807C0378007C0098807C01993
:10A140009007C0299807C039A007C00BA807C01BFB
:10A15000B007C02BB807C03BC007C00DC807C01D63
:10A16000D007C02DD807C03DE007C00FE807C01FCB
:10A17000F007C02FF807C03F0008001008080810BB
:10A180001008082018080830200880102808081235
:10A19000300808223808083240080011480808141E
:10A1A0005008082458080834600880116808081608
:10A1B00070080826780808368008081088080818EB
:10A1C0009008082898080838A008080AA808081A5B
:10A1D000B008082AB808083AC008080CC808081CC3
:10A1E000D008082CD808083CE008080EE808081E2B
:10A1F000F008082EF808083E000900140809481065
:10A2000010094820180948302009801428094812EC
:10A2100030094822380948324009001548094814D5
:10A2200050094824580948346009801568094816BF
:10A2300070094826780948368009081488094818A2
:10A240009009482898094838A009480AA809481AD6
:10A25000B009482AB809483AC009480CC809481C3E
:10A26000D009482CD809483CE009480EE809481EA6
:10A27000F009482EF809483E000A0018080A88101C
:10A28000100A8820180A8830200A8018280A8812A4
:10A29000300A8822380A8832400A0019480A88148D
:10A2A000500A8824580A8834600A8019680A881677
:10A2B000700A8826780A8836800A0818880A88185A
:10A2C000900A8828980A8838A00A8818A80A881A44
:10A2D000B00A882AB80A883AC00A880CC80A881CBA
:10A2E000D00A882CD80A883CE00A880EE80A881E22
:10A2F000F00A882EF80A883E000B001C080BC810D4
:10A30000100BC820180BC830200B801C280BC8125B
:10A31000300BC822380BC832400B001D480BC81444
:10A32000500BC824580BC834600B801D680BC8162E
:10A33000700BC826780BC836800B081C880BC81811
:10A34000900BC828980BC838A00B881CA80BC81AFB
:10A35000B00BC82AB80BC83AC00BC80CC80BC81C35
:10A36000D00BC82CD80BC83CE00BC80EE80BC81E9D
:10A37000F00BC82EF80BC83E000C4010080C08115A
:10A38000100C0821180C0831200CC010280C0813E0
:10A39000300C0823380C0833400C4011480C0815C9
:10A3A000500C0825580C0835600CC011680C0817B3
:10A3B000700C0827780C0837800C4810880C081996
:10A3C000900C0829980C0839A00CC810A80C081B80
:10A3D000B00C082BB80C083BC00C080DC80C081DAD
:10A3E000D00C082DD80C083DE00C080FE80C081F15
:10A3F000F00C082FF80C083F000D4014080D481110
:10A40000100D4821180D4831200DC014280D481397
:10A41000300D4823380D4833400D4015480D481580
:10A42000500D4825580D4835600DC015680D48176A
:10A43000700D4827780D4837800D4814880D48194D
:10A44000900D4829980D4839A00DC814A80D481B37
:10A45000B00D482BB80D483BC00D4815C80D481D20
:10A46000D00D482DD80D483DE00D480FE80D481F90
:10A47000F00D482FF80D483F000E4018080E8811C7
:10A48000100E8821180E8831200EC018280E88134F
:10A49000300E8823380E8833400E4019480E881538
:10A4A000500E8825580E8835600EC019680E881722
:10A4B000700E8827780E8837800E4818880E881905
:10A4C000900E8829980E8839A00EC818A80E881BEF
:10A4D000B00E882BB80E883BC00E4819C80E881DD8
:10A4E000D00E882DD80E883DE00E880FE80E881F0C
:10A4F000F00E882FF80E883F000F401C080FC8117F
:10A50000100FC821180FC831200FC01C280FC81306
:10A51000300FC823380FC833400F401D480FC815EF
:10A52000500FC825580FC835600FC01D680FC817D9
:10A53000700FC827780FC837800F481C880FC819BC
:10A54000900FC829980FC839A00FC81CA80FC81BA6
:10A55000B00FC82BB80FC83BC00F481DC80FC81D8F
:10A56000D00FC82DD80FC83DE00FC81DE80FC81F79
:10A57000F00FC82FF80FC83F00100020081010106F
:10A5800010101020181010302010802028101012E9
:10A5900030101022381010324010002148101014D2
:10A5A00050101024581010346010802168101016BC
:10A5B000701010267810103680100820881010189F
:10A5C0009010102898101038A0108820A810101A89
:10A5D000B010102AB810103AC0100821C810101C72
:10A5E000D010102CD810103CE0108821E810101E5C
:10A5F000F010102EF810103E001100240811102445
:10A6000010115020181150302011802428115012A0
:10A610003011502238115032401100254811501489
:10A620005011502458115034601180256811501673
:10A630007011502678115036801108248811501856
:10A640009011502898115038A0118824A811501A40
:10A65000B011502AB811503AC0110825C811501C29
:10A66000D011502CD811503CE0118825E811501E13
:10A67000F011502EF811503E001200280812102838
:10A680001012902018129030201280282812901258
:10A690003012902238129032401200294812901441
:10A6A000501290245812903460128029681290162B
:10A6B000701290267812903680120828881290180E
:10A6C0009012902898129038A0128828A812901AF8
:10A6D000B012902AB812903AC0120829C812901CE1
:10A6E000D012902CD812903CE0128829E812901ECB
:10A6F000F012902EF812903E0013002C0813102C2C
:10A700001013D0201813D0302013802C2813902C35
:10A710003013D0223813D0324013002D4813D014F8
:10A720005013D0245813D0346013802D6813D016E2
:10A730007013D0267813D0368013082C8813D018C5
:10A740009013D0289813D038A013882CA813D01AAF
:10A75000B013D02AB813D03AC013082DC813D01C98
:10A76000D013D02CD813D03CE013882DE813D01E82
:10A77000F013D02EF813D03E0014402008145020BF
:10A7800010141021181410312014C0202814D020C7
:10A79000301410233814103340144021481410157D
:10A7A00050141025581410356014C0216814101767
:10A7B000701410277814103780144820881410194A
:10A7C0009014102998141039A014C820A814101B34
:10A7D000B014102BB814103BC0144821C814101D1D
:10A7E000D014102DD814103DE014C821E814101F07
:10A7F000F014102FF814103F0015402408155024B1
:10A8000010155021181550312015C0242815D024BA
:10A810003015502338155033401540254815501534
:10A8200050155025581550356015C025681550171E
:10A830007015502778155037801548248815501901
:10A840009015502998155039A015C824A815501BEB
:10A85000B015502BB815503BC0154825C815501DD4
:10A86000D015502DD815503DE015C825E815501FBE
:10A87000F015502FF815503F0016402808165028A4
:10A8800010169021181690312016C0282816D028AE
:10A890003016902338169033401640294816502918
:10A8A00050169025581690356016C02968169017D6
:10A8B00070169027781690378016482888169019B9
:10A8C0009016902998169039A016C828A816901BA3
:10A8D000B016902BB816903BC0164829C816901D8C
:10A8E000D016902DD816903DE016C829E816901F76
:10A8F000F016902FF816903F0017402C0817502C98
:10A900001017D0211817D0312017C02C2817D02CA1
:10A910003017D0233817D0334017402D4817502D0B
:10A920005017D0255817D0356017C02D6817D0178D
:10A930007017D0277817D0378017482C8817D01970
:10A940009017D0299817D039A017C82CA817D01B5A
:10A95000B017D02BB817D03BC017482DC817D01D43
:10A96000D017D02DD817D03DE017C82DE817D01F2D
:10A97000F017D02FF817D03F00180030081810300B
:10A980001018182018181830201880302818903007
:10A990003018182238181832401800314818103171
:10A9A00050181824581818346018803168189031DD
:10A9B000701818267818183680180830881818303B
:10A9C0009018182898181838A0188830A818181A3D
:10A9D000B018182AB818183AC0180831C818181C26
:10A9E000D018182CD818183CE0188831E818181E10
:10A9F000F018182EF818183E0019003408191034F1
:10AA000010195820181958302019803428199034FA
:10AA10003019582238195832401900354819103564
:10AA200050195824581958346019803568199035D0
:10AA3000701958267819583680190834881918342E
:10AA40009019582898195838A0198834A819581AF4
:10AA5000B019582AB819583AC0190835C819581CDD
:10AA6000D019582CD819583CE0198835E819581EC7
:10AA7000F019582EF819583E001A0038081A1038E4
:10AA8000101A9820181A9830201A8038281A9038EE
:10AA9000301A9822381A9832401A0039481A103958
:10AAA000501A9824581A9834601A8039681A9039C4
:10AAB000701A9826781A9836801A0838881A183822
:10AAC000901A9828981A9838A01A8838A81A98388E
:10AAD000B01A982AB81A983AC01A0839C81A981C95
:10AAE000D01A982CD81A983CE01A8839E81A981E7F
:10AAF000F01A982EF81A983E001B003C081B103CD8
:10AB0000101BD820181BD830201B803C281B903CE1
:10AB1000301BD822381BD832401B003D481B103D4B
:10AB2000501BD824581BD834601B803D681B903DB7
:10AB3000701BD826781BD836801B083C881B183C15
:10AB4000901BD828981BD838A01B883CA81B983C81
:10AB5000B01BD82AB81BD83AC01B083DC81BD81C4C
:10AB6000D01BD82CD81BD83CE01B883DE81BD81E36
:10AB7000F01BD82EF81BD83E001C4030081C50306B
:10AB8000101C1821181C1831201CC030281CD03073
:10AB9000301C1823381C1833401C4031481C5031DD
:10ABA000501C1825581C1835601CC031681CD03149
:10ABB000701C1827781C1837801C4830881C5830A7
:10ABC000901C1829981C1839A01CC830A81CD83013
:10ABD000B01C182BB81C183BC01C4831C81C181DD1
:10ABE000D01C182DD81C183DE01CC831E81C181FBB
:10ABF000F01C182FF81C183F001D4034081D50345D
:10AC0000101D5821181D5831201DC034281DD03466
:10AC1000301D5823381D5833401D4035481D5035D0
:10AC2000501D5825581D5835601DC035681DD0353C
:10AC3000701D5827781D5837801D4834881D58349A
:10AC4000901D5829981D5839A01DC834A81DD83406
:10AC5000B01D582BB81D583BC01D4835C81D583570
:10AC6000D01D582DD81D583DE01DC835E81D581F72
:10AC7000F01D582FF81D583F001E4038081E503850
:10AC8000101E9821181E9831201EC038281ED0385A
:10AC9000301E9823381E9833401E4039481E5039C4
:10ACA000501E9825581E9835601EC039681ED03930
:10ACB000701E9827781E9837801E4838881E58388E
:10ACC000901E9829981E9839A01EC838A81ED838FA
:10ACD000B01E982BB81E983BC01E4839C81E583964
:10ACE000D01E982DD81E983DE01EC839E81E981F2A
:10ACF000F01E982FF81E983F001F403C081F503C44
:10AD0000101FD821181FD831201FC03C281FD03C4D
:10AD1000301FD823381FD833401F403D481F503DB7
:10AD2000501FD825581FD835601FC03D681FD03D23
:10AD3000701FD827781FD837801F483C881F583C81
:10AD4000901FD829981FD839A01FC83CA81FD83CED
:10AD5000B01FD82BB81FD83BC01F483DC81F583D57
:10AD6000D01FD82DD81FD83DE01FC83DE81FD83DC3
:10AD7000F01FD82FF81FD83F082080201020202057
:10AD8000182020302820802830202022382020320F
:10AD9000402000214820C02050202024582020346A
:10ADA000602010246820C0287020202678202036BB
:10ADB000882080309020202898202038A02008303B
:10ADC000A8208038B020202AB820203AC0200821AE
:10ADD000C820C030D020202CD820203CE0200831D2
:10ADE000E820C038F020202EF820203E002100244A
:10ADF00008218021102110241821603020212024D6
:10AE0000282180293021602238216032402100250C
:10AE10004821C021502160245821603460215024F1
:10AE20006821C0297021602678216036802108249D
:10AE3000882180319021602898216038A021083431
:10AE4000A8218039B021602AB821603AC0210825A4
:10AE5000C821C031D021602CD821603CE0210835C8
:10AE6000E821C039F021602EF821603E0022003038
:10AE700008228030102208301822A0302022103002
:10AE8000282288283022A0223822A03240224030B6
:10AE90004822C0305022A0245822A03460225030D2
:10AEA0006822C8287022A0267822A036802220306E
:10AEB000882288309022A0289822A038A02218301A
:10AEC000A8228838B022A02AB822A03AC022603036
:10AED000C822C830D022A02CD822A03CE0221831B1
:10AEE000E822C838F022A02EF822A03E002300312C
:10AEF00008238031102308311823E030202310313B
:10AF000028238829302318313823E0324023403168
:10AF10004823C0315023E0245823E03460235031CB
:10AF20006823C8297023E0267823E036802318247C
:10AF3000882388319023E0289823E038A023183410
:10AF4000A8238839B023E02AB823E03AC023182583
:10AF5000C823C831D023E02CD823E03CE0231835A7
:10AF6000E823C839F023E02EF823E03E08248024AB
:10AF700010242024182420312824802C302410313F
:10AF800038242033402400254824C0245024202580
:10AF900058242035602410256824C02C70242027D4
:10AFA000782420378824803490242029982420393C
:10AFB000A0244830A824803CB024202BB824203B77
:10AFC000C0240825C824C034D024202DD824203DF6
:10AFD000E0244831E824C03CF024202FF824203F0E
:10AFE0000825802510252025182560312825802D4D
:10AFF00030255031382560334825C025502560253F
:10B00000582560356825C02D702560277825603764
:10B01000882580359025602998256039A0254834F9
:10B02000A825803DB025602BB825603BC825C035DC
:10B03000D025602DD825603DE0254835E825C03D68
:10B04000F025602FF825603F002600340826803464
:10B05000102608341826A031202610342826882CE3
:10B06000302618343826A033402640344826C034D1
:10B07000502648345826A035602650346826C82CFF
:10B080007026A0277826A03780262034882688348A
:10B090009026A0299826A039A0265830A826883CBA
:10B0A000B026A02BB826A03BC0266034C826C834E2
:10B0B000D026A02DD826A03DE0265831E826C83C51
:10B0C000F026A02FF826A03F00270035082780355E
:10B0D000102708351827E031202710352827882D1C
:10B0E000302718353827E033402740354827C0350A
:10B0F000502748355827E035602750356827C82D38
:10B100007027E0277827E037802720358827883583
:10B110009027E0299827E039A0275834A827883DB0
:10B12000B027E02BB827E03BC0276035C827C835DB
:10B13000D027E02DD827E03DE0275835E827C83D47
:10B14000F027E02FF827E03F082820281028802843
:10B15000182828302828902830288828382828328D
:10B160004028002C4828202C5028802C582828348F
:10B170006028082C6828D0287028882C7828283641
:10B180008828903098282838A0282830A828903877
:10B19000B028282AB828283AC028102CC828D0302F
:10B1A000D028282CD828283CE028182CE828D0388B
:10B1B000F028282EF828283E0029002C0829082CE1
:10B1C0001029102C182968302029202C2829902992
:10B1D0003029D030382968324029402C4829602C49
:10B1E0005029C02C582968346029482C6829D02956
:10B1F0007029C82C782968368029802C88299031BC
:10B200009029282C98296838A0292834A829903911
:10B21000B029682AB829683AC029502CC829D031E9
:10B22000D029682CD829683CE029582CE829D03945
:10B23000F029682EF829683E002A0038082A2038AC
:10B24000102A8038182AA830202A0838282A2838B6
:10B25000302A8838382AA832402A003C482A203C24
:10B26000502A803C582AA834602A083C682A283C86
:10B27000702A883C782AA836802A1038882A983084
:10B28000902A9038982AA838A02A1838A82A9838DE
:10B29000B02A9838B82AA83AC02A103CC82AD83010
:10B2A000D02AA82CD82AA83CE02A183CE82AD8386A
:10B2B000F02AA82EF82AA83E002B4038082B603828
:10B2C000102BC038182BE830202B4838282B683832
:10B2D000302BC838382BE832402B403C482B603CA0
:10B2E000502BC03C582BE834602B483C682B683C02
:10B2F000702BC83C782BE836802B5038882B98313F
:10B30000902BD038982BE838A02B5838A82B983998
:10B31000B02BD838B82BE83AC02B503CC82BD831CA
:10B32000D02BE82CD82BE83CE02B583CE82BD83924
:10B33000F02BE82EF82BE83E082C202C102C802C2B
:10B34000182C2831282C902C302C9031382C283374
:10B35000402C002D482C202D502C802D582C283589
:10B36000602C082D682CD02C702C882D782C283738
:10B37000882C9034982C2839A02C6830A82C903C2C
:10B38000B02C6838B82C283BC02C102DC82CD034D9
:10B39000D02C282DD82C283DE02C182DE82CD03C82
:10B3A000F02C282FF82C283F082D202D102D802D33
:10B3B000182D6831282D902D302DD031382D68333F
:10B3C000482D602D502DC02D582D6835682DD02D5D
:10B3D000702DC82D782D6837882D9035982D6839B7
:10B3E000A02D6834A82D903DB02D683CB82D683B49
:10B3F000C82DD035D82D683DE02D6835E82DD03DDD
:10B40000F02D682FF82D683F002E0039082E2039C6
:10B41000102E8039182EA831202E0839282E2839D0
:10B42000302E8839382EA833402E003D482E203D3E
:10B43000502E803D582EA835602E083D682E283DA0
:10B44000702E883D782EA837802E1039882E98349B
:10B45000902E9039982EA839A02E1839A82E983CF5
:10B46000B02E9839B82EA83BC02E103DC82ED83427
:10B47000D02E903DD82EA83DE02E183DE82ED83C89
:10B48000F02EA82FF82EA83F002F4039082F603942
:10B49000102FC039182FE831202F4839282F68394C
:10B4A000302FC839382FE833402F403D482F603DBA
:10B4B000502FC03D582FE835602F483D682F683D1C
:10B4C000702FC83D782FE837802F5039882F983556
:10B4D000902FD039982FE839A02F5839A82F983DB0
:10B4E000B02FD839B82FE83BC02F503DC82FD835E2
:10B4F000D02FD03DD82FE83DE02F583DE82FD83D44
:10B50000F02FD83DF82FE83F183030303830303247
:10B51000403000314830083150301031583030342C
:10B52000603020316830283170301834783030364F
:10B530008830A03098303038A830A038B030883803
:10B54000B830303AC0308031C830E030D03090313F
:10B55000D830303CE0308831E830E038F03088399D
:10B56000F830303E003100340831083410311034E6
:10B570001831183420312034283128343031303417
:10B58000383170324031003548310835503110358E
:10B590005831703460312035683128357031583475
:10B5A00078317036803180348831A03190319034D8
:10B5B00098317038A0318834A831A039B031883C36
:10B5C000B831703AC0318035C831E031D031903572
:10B5D000D831703CE0318835E831E039F031883DD0
:10B5E000F831703E003200380832803810320838A6
:10B5F00018328838203210382832903830321838D3
:10B600003832B032403240384832C0385032483890
:10B610005832B034603250386832D03870325838CE
:10B620007832B036803220388832A03890322838CC
:10B630009832B038A0323038A832A838B0329838B2
:10B64000B832B03AC0326038C832E038D0326838E8
:10B65000D832B03CE0327038E832E838F03298390D
:10B66000F832B03E003300390833803910330839DE
:10B67000183388392033103928339039303318394A
:10B6800038339839403340394833C039503348391A
:10B690005833F034603350396833D0397033583907
:10B6A0007833F036803320398833A0399033283905
:10B6B0009833F038A0339834A833A839B033983C85
:10B6C000B833F03AC0336039C833E039D033683921
:10B6D000D833F03CE0339835E833E839F033983D1F
:10B6E000F833F03E183430343834183940340035EB
:10B6F00048340835503410355834303560342035EE
:10B700006834283570341835783430378834A034AC
:10B7100098343039A834A03CB034C838B834303B01
:10B72000C0348035C834E034D0349035D834303D1E
:10B73000E0348835E834E03CF034C839F834303F40
:10B7400018353035383558395835703578357037C3
:10B750008835A03598357039A835A03DB035C83C3E
:10B76000B835703BC835E035D835703DE835E03D3B
:10B77000F035C83DF835703F0036003C0836803C57
:10B780001036083C1836883C2036103C2836903C51
:10B790003036183C3836983C4036403C4836C03C41
:10B7A0005036483C5836C83C6036503C6836D03C31
:10B7B0007036583C7836B0378036203C8836A03C0E
:10B7C0009036283C9836B039A036303CA836A83C94
:10B7D000B036D838B836B03BC036603CC836E03CEE
:10B7E000D036683CD836B03DE036703CE836E83CB0
:10B7F000F036D839F836B03F0037003D0837803D85
:10B800001037083D1837883D2037103D2837903DC8
:10B810003037183D3837983D4037403D4837C03DB8
:10B820005037483D5837C83D6037503D6837D03DA8
:10B830007037583D7837F0378037203D8837A03D46
:10B840009037283D9837F039A037303DA837A83DCC
:10B85000B037D83CB837F03BC037603DC837E03D23
:10B86000D037683DD837F03DE037703DE837E83DE8
:10B87000F037D83DF837F03F38389838403800393D
:10B880004838083950381039583818396038203954
:10B8900068382839703830397838983CA838B0384A
:10B8A000B838383AC0388039C8388839D0389039F3
:10B8B000D838383CE038A039E838F038F838383E25
:10B8C000F038A8390039003C0839083C1039103CE0
:10B8D0001839183C2039203C2839283C3039303C74
:10B8E0003839383C4039003D4839083D5039103D21
:10B8F0005839183D6039203D6839283D7039303D50
:10B900007839D83C8039803C8839883C9039903CE3
:10B910009839983CA039A03CA839B039B839783A60
:10B92000B039A83CC039803DC839883DD039903DF8
:10B93000D839783CE039A03DE839F039F839783E1B
:10B94000F039A83D083A103A103A203A183A303AFD
:10B95000203A803A283A903A303AA03A383AB03A07
:10B96000403A003B483A103B503A203B583A303B73
:10B97000603A803B683A903B703AA03B783AB03BE3
:10B98000883AA03A983AB03AA83AB03AC03A083B56
:10B99000C83A183BD03A283BD83AB83CE03A883B02
:10B9A000E83A983BF03AA83BF83AB83E003B003EF4
:10B9B000083B103E103B203E183B303E203B803E73
:10B9C000283B903E303BA03E383BB03E403B003FE2
:10B9D000483B103F503B203F583B303F603B803F4F
:10B9E000683B903F703BA03F783BB03F803B083EB8
:10B9F000883B183E903B283E983B383EA03B883E13
:10BA0000A83B983EB03BA83EB83BB83EC03B083F81
:10BA1000C83B183FD03B283FD83BF83CE03B883F31
:10BA2000E83B983FF03BA83FF83BF83E383C983C59
:10BA3000403C003D483C083D503C103D583C183DC2
:10BA4000603C203D683C283D703C303D783C983D52
:10BA5000A83CB03CB83CB03EC03C803DC83C883DB2
:10BA6000D03C903DD83C383DE03CA03DE83CF03C2B
:10BA7000F03CA83DF83C383F383D983D783DD83DF6
:10BA8000A83DB03DB83DB03FE83DF03D083E803EAA
:10BA9000F83D783F103E803E183E883E203E803E76
:10BAA000283E903E303E883E383E983E403E003F25
:10BAB000483E203F503E803F583EA03F603E083FFA
:10BAC000683E283F703E883F783EA83F883EA03EB3
:10BAD000983EA83EC03E103FA83EB03EC83E303F14
:10BAE000D03E903FD83EB03FE03E183FE83E383F62
:10BAF000F03E983F083F803FF83EB83F103F803F00
:10BB0000183F883F203F803F283F903F303F883F8D
:10BB1000383F983F483F503F503F603F583F703F4D
:10BB2000603FC03F683FD03F703FE03F783FF03F0D
:10BB3000883FA03F983FA83FA83FB03FD83FF03F85
:10BB4000C83FE03FE83FF03F00000000920E493C54
:10BB5000B10AC93C2BC3163D2EFB483D752B7B3DDE
:10BB600004A9963D80B6AF3D36BDC83D2FBCE13D32
:10BB700073B2FA3D87CF093E8340163EB5AB223EF5
:10BB8000A2102F3ECF6E3B3EC2C5473E0115543E2C
:10BB9000135C603E7F9A6C3ECCCF783EC07D823E87
:10BBA000938E883E229A8E3E32A0943E86A09A3E84
:10BBB000E59AA03E128FA63ED47CAC3EEF63B23E27
:10BBC0002A44B83E491DBE3E15EFC33E53B9C93E97
:10BBD000CA7BCF3E4136D53E80E8DA3E4F92E03E0A
:10BBE0007533E63EBBCBEB3EEA5AF13ECBE0F63E88
:10BBF000275DFC3EE4E7003F3D9C033F824B063F50
:10BC00009BF5083F6B9A0B3FDA390E3FCDD3103FBF
:10BC10002A68133FD9F6153FC07F183FC6021B3F65
:10BC2000D17F1D3FCBF61F3F9967223F25D2243F8E
:10BC30005636273F1594293F4AEB2B3FDE3B2E3FDC
:10BC4000BB85303FC9C8323FF304353F233A373F05
:10BC50004268393F3B8F3B3FF9AE3D3F67C73F3FAF
:10BC600070D8413F01E2433F03E4453F65DE473F73
:10BC700012D1493FF8BB4B3F029F4D3F207A4F3FC7
:10BC80003D4D513F4918533F31DB543FE595563FF9
:10BC90005348583F6AF2593F1A945B3F532D5D3F1A
:10BCA00005BE5E3F2146603F97C5613F5A3C633FFA
:10BCB00059AA643F880F663FD86B673F3CBF683F17
:10BCC000A7096A3F0C4B6B3F5E836C3F93B26D3F9D
:10BCD0009ED86E3F73F56F3F0809713F5213723F54
:10BCE0004714733FDD0B743F0BFA743FC6DE753F9C
:10BCF00007BA763FC58B773FF853783F9812793F64
:10BD00009DC7793F02737A3FBE147B3FCDAC7B3F2A
:10BD1000283B7C3FC9BF7C3FAC3A7D3FCCAB7D3FED
:10BD200023137E3FB0707E3F6DC47E3F580E7F3F31
:10BD30006D4E7F3FAB847F3F0FB17F3F97D37F3FF7
:10BD400043EC7F3F11FB7F3F0000803F11FB7F3FB3
:10BD500043EC7F3F97D37F3F0FB17F3FAB847F3F63
:10BD60006D4E7F3F580E7F3F6DC47E3FB0707E3F6B
:10BD700023137E3FCCAB7D3FAC3A7D3FC9BF7C3FB8
:10BD8000283B7C3FCDAC7B3FBE147B3F02737A3FA8
:10BD90009DC7793F9812793FF853783FC58B773F1D
:10BDA00007BA763FC6DE753F0BFA743FDD0B743F72
:10BDB0004714733F5213723F0809713F73F56F3F89
:10BDC0009ED86E3F93B26D3F5E836C3F0C4B6B3FD2
:10BDD000A7096A3F3CBF683FD86B673F880F663F43
:10BDE00059AA643F5A3C633F97C5613F2146603F73
:10BDF00005BE5E3F532D5D3F1A945B3F6AF2593F8B
:10BE00005348583FE595563F31DB543F4918533F5F
:10BE10003D4D513F207A4F3F029F4D3FF8BB4B3F76
:10BE200012D1493F65DE473F03E4453F01E2433F0E
:10BE300070D8413F67C73F3FF9AE3D3F3B8F3B3F27
:10BE40004268393F233A373FF304353FC9C8323F90
:10BE5000BB85303FDE3B2E3F4AEB2B3F1594293FFD
:10BE60005636273F25D2243F9967223FCBF61F3F06
:10BE7000D17F1D3FC6021B3FC07F183FD9F6153F3B
:10BE80002A68133FCDD3103FDA390E3F6B9A0B3F30
:10BE90009BF5083F824B063F3D9C033FE4E7003F94
:10BEA000275DFC3ECBE0F63EEA5AF13EBBCBEB3ED3
:10BEB0007533E63E4F92E03E80E8DA3E4136D53EAD
:10BEC000CA7BCF3E53B9C93E15EFC33E491DBE3EA6
:10BED0002A44B83EEF63B23ED47CAC3E128FA63EFD
:10BEE000E59AA03E86A09A3E32A0943E229A8E3ECB
:10BEF000938E883EC07D823ECCCF783E7F9A6C3E4A
:10BF0000135C603E0115543EC2C5473ECF6E3B3EBA
:10BF1000A2102F3EB5AB223E8340163E87CF093E8E
:10BF200073B2FA3D2FBCE13D36BDC83D80B6AF3D92
:10BF300004A9963D752B7B3D2EFB483D2BC3163D3A
:10BF4000B10AC93C920E493C00000000920E49BC67
:10BF5000B10AC9BC2BC316BD2EFB48BD752B7BBDDA
:10BF600004A996BD80B6AFBD36BDC8BD2FBCE1BD2E
:10BF700073B2FABD87CF09BE834016BEB5AB22BEF1
:10BF8000A2102FBECF6E3BBEC2C547BE011554BE28
:10BF9000135C60BE7F9A6CBECCCF78BEC07D82BE83
:10BFA000938E88BE229A8EBE32A094BE86A09ABE80
:10BFB000E59AA0BE128FA6BED47CACBEEF63B2BE23
:10BFC0002A44B8BE491DBEBE15EFC3BE53B9C9BE93
:10BFD000CA7BCFBE4136D5BE80E8DABE4F92E0BE06
:10BFE0007533E6BEBBCBEBBEEA5AF1BECBE0F6BE84
:10BFF000275DFCBEE4E700BF3D9C03BF824B06BF4C
:10C000009BF508BF6B9A0BBFDA390EBFCDD310BFBB
:10C010002A6813BFD9F615BFC07F18BFC6021BBF61
:10C02000D17F1DBFCBF61FBF996722BF25D224BF8A
:10C03000563627BF159429BF4AEB2BBFDE3B2EBFD8
:10C04000BB8530BFC9C832BFF30435BF233A37BF01
:10C05000426839BF3B8F3BBFF9AE3DBF67C73FBFAB
:10C0600070D841BF01E243BF03E445BF65DE47BF6F
:10C0700012D149BFF8BB4BBF029F4DBF207A4FBFC3
:10C080003D4D51BF491853BF31DB54BFE59556BFF5
:10C09000534858BF6AF259BF1A945BBF532D5DBF16
:10C0A00005BE5EBF214660BF97C561BF5A3C63BFF6
:10C0B00059AA64BF880F66BFD86B67BF3CBF68BF13
:10C0C000A7096ABF0C4B6BBF5E836CBF93B26DBF99
:10C0D0009ED86EBF73F56FBF080971BF521372BF50
:10C0E000471473BFDD0B74BF0BFA74BFC6DE75BF98
:10C0F00007BA76BFC58B77BFF85378BF981279BF60
:10C100009DC779BF02737ABFBE147BBFCDAC7BBF26
:10C11000283B7CBFC9BF7CBFAC3A7DBFCCAB7DBFE9
:10C1200023137EBFB0707EBF6DC47EBF580E7FBF2D
:10C130006D4E7FBFAB847FBF0FB17FBF97D37FBFF3
:10C1400043EC7FBF11FB7FBF000080BF11FB7FBFAF
:10C1500043EC7FBF97D37FBF0FB17FBFAB847FBF5F
:10C160006D4E7FBF580E7FBF6DC47EBFB0707EBF67
:10C1700023137EBFCCAB7DBFAC3A7DBFC9BF7CBFB4
:10C18000283B7CBFCDAC7BBFBE147BBF02737ABFA4
:10C190009DC779BF981279BFF85378BFC58B77BF19
:10C1A00007BA76BFC6DE75BF0BFA74BFDD0B74BF6E
:10C1B000471473BF521372BF080971BF73F56FBF85
:10C1C0009ED86EBF93B26DBF5E836CBF0C4B6BBFCE
:10C1D000A7096ABF3CBF68BFD86B67BF880F66BF3F
:10C1E00059AA64BF5A3C63BF97C561BF214660BF6F
:10C1F00005BE5EBF532D5DBF1A945BBF6AF259BF87
:10C20000534858BFE59556BF31DB54BF491853BF5B
:10C210003D4D51BF207A4FBF029F4DBFF8BB4BBF72
:10C2200012D149BF65DE47BF03E445BF01E243BF0A
:10C2300070D841BF67C73FBFF9AE3DBF3B8F3BBF23
:10C24000426839BF233A37BFF30435BFC9C832BF8C
:10C25000BB8530BFDE3B2EBF4AEB2BBF159429BFF9
:10C26000563627BF25D224BF996722BFCBF61FBF02
:10C27000D17F1DBFC6021BBFC07F18BFD9F615BF37
:10C280002A6813BFCDD310BFDA390EBF6B9A0BBF2C
:10C290009BF508BF824B06BF3D9C03BFE4E700BF90
:10C2A000275DFCBECBE0F6BEEA5AF1BEBBCBEBBECF
:10C2B0007533E6BE4F92E0BE80E8DABE4136D5BEA9
:10C2C000CA7BCFBE53B9C9BE15EFC3BE491DBEBEA2
:10C2D0002A44B8BEEF63B2BED47CACBE128FA6BEF9
:10C2E000E59AA0BE86A09ABE32A094BE229A8EBEC7
:10C2F000938E88BEC07D82BECCCF78BE7F9A6CBE46
:10C30000135C60BE011554BEC2C547BECF6E3BBEB6
:10C31000A2102FBEB5AB22BE834016BE87CF09BE8A
:10C3200073B2FABD2FBCE1BD36BDC8BD80B6AFBD8E
:10C3300004A996BD752B7BBD2EFB48BD2BC316BD36
:10C34000B10AC9BC920E49BC000000800008000080
:10C35000885D0108889D0108E00E000001030507C3
:10C36000090E10121416181C1E0001000400100003
:10C37000400000010002000001000200040008006B
:10C38000100020000000A400E8A1A700ECA1A80074
:10C39000A7A1B000E3A1B100C0A1B700A4A1D7003C
:10C3A000C1A1E000A4A8E100A2A8E800A8A8E900B3
:10C3B000A6A8EA00BAA8EC00ACA8ED00AAA8F20072
:10C3C000B0A8F300AEA8F700C2A1F900B4A8FA0023
:10C3D000B2A8FC00B9A80101A1A81301A5A81B01DE
:10C3E000A7A82B01A9A84401BDA84801BEA84D01DA
:10C3F000ADA86B01B1A8CE01A3A8D001ABA8D20112
:10C40000AFA8D401B3A8D601B5A8D801B6A8DA015F
:10C41000B7A8DC01B8A85102BBA86102C0A8C70236
:10C42000A6A1C902A5A1CA0240A8CB0241A8D9026F
:10C4300042A89103A1A69203A2A69303A3A69403E4
:10C44000A4A69503A5A69603A6A69703A7A6980358
:10C45000A8A69903A9A69A03AAA69B03ABA69C0328
:10C46000ACA69D03ADA69E03AEA69F03AFA6A003F8
:10C47000B0A6A103B1A6A303B2A6A403B3A6A503C5
:10C48000B4A6A603B5A6A703B6A6A803B7A6A90394
:10C49000B8A6B103C1A6B203C2A6B303C3A6B40330
:10C4A000C4A6B503C5A6B603C6A6B703C7A6B803F8
:10C4B000C8A6B903C9A6BA03CAA6BB03CBA6BC03C8
:10C4C000CCA6BD03CDA6BE03CEA6BF03CFA6C00398
:10C4D000D0A6C103D1A6C303D2A6C403D3A6C50365
:10C4E000D4A6C603D5A6C703D6A6C803D7A6C90334
:10C4F000D8A60104A7A71004A1A71104A2A712049B
:10C50000A3A71304A4A71404A5A71504A6A716049B
:10C51000A8A71704A9A71804AAA71904ABA71A0467
:10C52000ACA71B04ADA71C04AEA71D04AFA71E0437
:10C53000B0A71F04B1A72004B2A72104B3A7220407
:10C54000B4A72304B5A72404B6A72504B7A72604D7
:10C55000B8A72704B9A72804BAA72904BBA72A04A7
:10C56000BCA72B04BDA72C04BEA72D04BFA72E0477
:10C57000C0A72F04C1A73004D1A73104D2A7320429
:10C58000D3A73304D4A73404D5A73504D6A73604DB
:10C59000D8A73704D9A73804DAA73904DBA73A04A7
:10C5A000DCA73B04DDA73C04DEA73D04DFA73E0477
:10C5B000E0A73F04E1A74004E2A74104E3A7420447
:10C5C000E4A74304E5A74404E6A74504E7A7460417
:10C5D000E8A74704E9A74804EAA74904EBA74A04E7
:10C5E000ECA74B04EDA74C04EEA74D04EFA74E04B7
:10C5F000F0A74F04F1A75104D7A710205CA913207E
:10C6000043A81420AAA1152044A81620ACA11820E4
:10C61000AEA11920AFA11C20B0A11D20B1A12520E1
:10C6200045A82620ADA13020EBA13220E4A1332083
:10C63000E5A1352046A83B20F9A1AC2080000321CC
:10C64000E6A1052147A8092148A81621EDA121212D
:10C6500059A96021F1A26121F2A26221F3A2632112
:10C66000F4A26421F5A26521F6A26621F7A2672152
:10C67000F8A26821F9A26921FAA26A21FBA26B2122
:10C68000FCA27021A1A27121A2A27221A3A27321F6
:10C69000A4A27421A5A27521A6A27621A7A2772122
:10C6A000A8A27821A9A27921AAA29021FBA1912177
:10C6B000FCA19221FAA19321FDA1962149A89721DD
:10C6C0004AA898214BA899214CA80822CAA10F2258
:10C6D000C7A11122C6A115224DA81A22CCA11D2244
:10C6E000D8A11E22DEA11F224EA82022CFA12322E4
:10C6F0004FA82522CEA12722C4A12822C5A12922E4
:10C70000C9A12A22C8A12B22D2A12E22D3A1342230
:10C71000E0A13522DFA13622C3A13722CBA13D22E1
:10C72000D7A14822D6A14C22D5A1522250A86022DE
:10C73000D9A16122D4A16422DCA16522DDA16622F7
:10C7400051A8672252A86E22DAA16F22DBA195229E
:10C7500092A89922D1A1A522CDA1BF2253A812232C
:10C76000D0A16024D9A26124DAA26224DBA26324CE
:10C77000DCA26424DDA26524DEA26624DFA2672495
:10C78000E0A26824E1A26924E2A27424C5A275246F
:10C79000C6A27624C7A27724C8A27824C9A2792485
:10C7A000CAA27A24CBA27B24CCA27C24CDA27D2455
:10C7B000CEA27E24CFA27F24D0A28024D1A2812425
:10C7C000D2A28224D3A28324D4A28424D5A28524F5
:10C7D000D6A28624D7A28724D8A28824B1A28924ED
:10C7E000B2A28A24B3A28B24B4A28C24B5A28D2435
:10C7F000B6A28E24B7A28F24B8A29024B9A2912405
:10C80000BAA29224BBA29324BCA29424BDA29524D4
:10C81000BEA29624BFA29724C0A29824C1A29924A4
:10C82000C2A29A24C3A29B24C4A20025A4A90125C4
:10C83000A5A90225A6A90325A7A90425A8A9052518
:10C84000A9A90625AAA90725ABA90825ACA90925E8
:10C85000ADA90A25AEA90B25AFA90C25B0A90D25B8
:10C86000B1A90E25B2A90F25B3A91025B4A9112588
:10C87000B5A91225B6A91325B7A91425B8A9152558
:10C88000B9A91625BAA91725BBA91825BCA9192528
:10C89000BDA91A25BEA91B25BFA91C25C0A91D25F8
:10C8A000C1A91E25C2A91F25C3A92025C4A92125C8
:10C8B000C5A92225C6A92325C7A92425C8A9252598
:10C8C000C9A92625CAA92725CBA92825CCA9292568
:10C8D000CDA92A25CEA92B25CFA92C25D0A92D2538
:10C8E000D1A92E25D2A92F25D3A93025D4A9312508
:10C8F000D5A93225D6A93325D7A93425D8A93525D8
:10C90000D9A93625DAA93725DBA93825DCA93925A7
:10C91000DDA93A25DEA93B25DFA93C25E0A93D2577
:10C92000E1A93E25E2A93F25E3A94025E4A9412547
:10C93000E5A94225E6A94325E7A94425E8A9452517
:10C94000E9A94625EAA94725EBA94825ECA94925E7
:10C95000EDA94A25EEA94B25EFA9502554A851254C
:10C9600055A8522556A8532557A8542558A85525EB
:10C9700059A856255AA857255BA858255CA85925BB
:10C980005DA85A255EA85B255FA85C2560A85D258B
:10C9900061A85E2562A85F2563A8602564A861255B
:10C9A00065A8622566A8632567A8642568A865252B
:10C9B00069A866256AA867256BA868256CA86925FB
:10C9C0006DA86A256EA86B256FA86C2570A86D25CB
:10C9D00071A86E2572A86F2573A8702574A871259B
:10C9E00075A8722576A8732577A8812578A8822551
:10C9F00079A883257AA884257BA885257CA8862507
:10CA00007DA887257EA8882580A8892581A88A25D4
:10CA100082A88B2583A88C2584A88D2585A88E25A2
:10CA200086A88F2587A8932588A8942589A8952569
:10CA30008AA8A025F6A1A125F5A1B225F8A1B325C4
:10CA4000F7A1BC258BA8BD258CA8C625F4A1C725B8
:10CA5000F3A1CB25F0A1CE25F2A1CF25F1A1E225AE
:10CA60008DA8E3258EA8E4258FA8E52590A80526A6
:10CA7000EFA10626EEA1092691A84026E2A14226B2
:10CA8000E1A10030A1A10130A2A10230A3A1033095
:10CA9000A8A10530A9A1063065A9073096A90830DC
:10CAA000B4A10930B5A10A30B6A10B30B7A10C3042
:10CAB000B8A10D30B9A10E30BAA10F30BBA1103012
:10CAC000BEA11130BFA1123093A81330FEA11430C3
:10CAD000B2A11530B3A11630BCA11730BDA11D30D5
:10CAE00094A81E3095A8213040A9223041A92330B6
:10CAF00042A9243043A9253044A9263045A927302E
:10CB000046A9283047A9293048A94130A1A442307C
:10CB1000A2A44330A3A44430A4A44530A5A4463025
:10CB2000A6A44730A7A44830A8A44930A9A44A30F5
:10CB3000AAA44B30ABA44C30ACA44D30ADA44E30C5
:10CB4000AEA44F30AFA45030B0A45130B1A4523095
:10CB5000B2A45330B3A45430B4A45530B5A4563065
:10CB6000B6A45730B7A45830B8A45930B9A45A3035
:10CB7000BAA45B30BBA45C30BCA45D30BDA45E3005
:10CB8000BEA45F30BFA46030C0A46130C1A46230D5
:10CB9000C2A46330C3A46430C4A46530C5A46630A5
:10CBA000C6A46730C7A46830C8A46930C9A46A3075
:10CBB000CAA46B30CBA46C30CCA46D30CDA46E3045
:10CBC000CEA46F30CFA47030D0A47130D1A4723015
:10CBD000D2A47330D3A47430D4A47530D5A47630E5
:10CBE000D6A47730D7A47830D8A47930D9A47A30B5
:10CBF000DAA47B30DBA47C30DCA47D30DDA47E3085
:10CC0000DEA47F30DFA48030E0A48130E1A4823054
:10CC1000E2A48330E3A48430E4A48530E5A4863024
:10CC2000E6A48730E7A48830E8A48930E9A48A30F4
:10CC3000EAA48B30EBA48C30ECA48D30EDA48E30C4
:10CC4000EEA48F30EFA49030F0A49130F1A4923094
:10CC5000F2A49330F3A49B3061A99C3062A99D306B
:10CC600066A99E3067A9A130A1A5A230A2A5A330D4
:10CC7000A3A5A430A4A5A530A5A5A630A6A5A73038
:10CC8000A7A5A830A8A5A930A9A5AA30AAA5AB3008
:10CC9000ABA5AC30ACA5AD30ADA5AE30AEA5AF30D8
:10CCA000AFA5B030B0A5B130B1A5B230B2A5B330A8
:10CCB000B3A5B430B4A5B530B5A5B630B6A5B73078
:10CCC000B7A5B830B8A5B930B9A5BA30BAA5BB3048
:10CCD000BBA5BC30BCA5BD30BDA5BE30BEA5BF3018
:10CCE000BFA5C030C0A5C130C1A5C230C2A5C330E8
:10CCF000C3A5C430C4A5C530C5A5C630C6A5C730B8
:10CD0000C7A5C830C8A5C930C9A5CA30CAA5CB3087
:10CD1000CBA5CC30CCA5CD30CDA5CE30CEA5CF3057
:10CD2000CFA5D030D0A5D130D1A5D230D2A5D33027
:10CD3000D3A5D430D4A5D530D5A5D630D6A5D730F7
:10CD4000D7A5D830D8A5D930D9A5DA30DAA5DB30C7
:10CD5000DBA5DC30DCA5DD30DDA5DE30DEA5DF3097
:10CD6000DFA5E030E0A5E130E1A5E230E2A5E33067
:10CD7000E3A5E430E4A5E530E5A5E630E6A5E73037
:10CD8000E7A5E830E8A5E930E9A5EA30EAA5EB3007
:10CD9000EBA5EC30ECA5ED30EDA5EE30EEA5EF30D7
:10CDA000EFA5F030F0A5F130F1A5F230F2A5F330A7
:10CDB000F3A5F430F4A5F530F5A5F630F6A5FC3072
:10CDC00060A9FD3063A9FE3064A90531C5A806310C
:10CDD000C6A80731C7A80831C8A80931C9A80A31AF
:10CDE000CAA80B31CBA80C31CCA80D31CDA80E317F
:10CDF000CEA80F31CFA81031D0A81131D1A812314F
:10CE0000D2A81331D3A81431D4A81531D5A816311E
:10CE1000D6A81731D7A81831D8A81931D9A81A31EE
:10CE2000DAA81B31DBA81C31DCA81D31DDA81E31BE
:10CE3000DEA81F31DFA82031E0A82131E1A822318E
:10CE4000E2A82331E3A82431E4A82531E5A826315E
:10CE5000E6A82731E7A82831E8A82931E9A8203237
:10CE6000E5A22132E6A22232E7A22332E8A224324E
:10CE7000E9A22532EAA22632EBA22732ECA228321E
:10CE8000EDA22932EEA231325AA9A33249A98E333A
:10CE90004AA98F334BA99C334CA99D334DA99E338E
:10CEA0004EA9A1334FA9C43350A9CE3351A9D133D0
:10CEB00052A9D23353A9D53354A9004EBBD2014E47
:10CEC000A1B6024E4081034EDFC6044E4181054E9D
:10CED0004281064E4381074EF2CD084EC9D5094E18
:10CEE000FDC80A4ECFC90B4EC2CF0C4EA2D80D4E74
:10CEF000BBB20E4EEBD30F4E4481104EA4D8114E50
:10CF0000F3B3124E4581134EA8D7144ED2C7154E17
:10CF1000A7D8164EC0CA174E4681184EF0C7194EF4
:10CF2000FBB11A4EB5D21B4ED4B41C4EABB61D4E3F
:10CF3000BFCB1E4EA9D81F4E4781204E4881214E9F
:10CF40004981224EAAB6234E4A81244EBDC1254EA8
:10CF5000CFD1264E4B81274EA5C9284EADD8294E9C
:10CF60004C812A4EF6B82B4EBED12C4EDCE32D4E12
:10CF7000D0D62E4E4D812F4E4E81304EE1B7314EE0
:10CF80004F81324EAEB4334E5081344ED9C1354EFE
:10CF90005181364EBCD8374E5281384EE8CD394E8D
:10CFA000A4B53A4EAACE3B4EF7D63C4E53813D4EE9
:10CFB000F6C03E4ED9BE3F4EAFD8404E5481414E92
:10CFC0005581424E5681434ECBC4444E5781454E07
:10CFD000C3BE464E5881474EB1D8484EB4C3494EA1
:10CFE000E5D24A4E59814B4EAED64C4EDACE4D4E1E
:10CFF000A7D54E4EF5BA4F4EA6B7504ED6C0514E9D
:10D000005A81524EB9C6534ED2C5544EC7C7554E1B
:10D010005B81564ED4B9574E5C81584ECBB3594EB6
:10D02000D2D25A4E5D815B4E5E815C4EBFD85D4E62
:10D03000C5BE5E4EF2C65F4EB2D2604EB0CF614EFC
:10D04000E7CF624E5F81634E6081644E6181654EC1
:10D050006281664EE9CA674E6381684E6481694E9B
:10D06000C0D86A4E65816B4E66816C4E67816D4E8D
:10D0700068816E4E69816F4E6A81704EF2C2714E48
:10D08000D2C2724E6B81734EE9C8744E6C81754E7C
:10D090006D81764E6E81774E6F81784E7081794EBC
:10D0A00071817A4E72817B4E73817C4E74817D4E8C
:10D0B00075817E4EACC77F4E7681804E7781814EE2
:10D0C0007881824E7981834E7A81844E7B81854E30
:10D0D0007C81864ECBC1874E7D81884EE8D3894EB8
:10D0E000F9D58A4E7E818B4EC2CA8C4EFEB68D4ECD
:10D0F000A1D88E4EDAD38F4EF7BF904E8081914EDD
:10D10000C6D4924EA5BB934EC1D8944EE5CE954E53
:10D11000AEBE964E8181974E8281984EA8D8994E88
:10D1200083819A4EC7D19B4EA9D09C4E84819D4E3F
:10D1300085819E4E86819F4EBDD8A04EEFD9A14ECF
:10D14000F6CDA24EBABFA34E8781A44EBBBDA54E5D
:10D15000A5BAA64EE0D2A74EFAB2A84EE0BAA94EA2
:10D16000B6C4AA4E8881AB4EEDCFAC4EA9BEAD4E33
:10D17000A4CDAE4EC1C1AF4E8981B04E8A81B14EB1
:10D180008B81B24ED7C7B34EF1D9B44E8C81B54E18
:10D19000F4D9B64E8D81B74E8E81B84E8F81B94E7F
:10D1A0009081BA4ECBC8BB4EE9D8BC4E9181BD4EE2
:10D1B0009281BE4E9381BF4EDAD2C04EB2CAC14EEA
:10D1C000CAC8C24EECD8C34EEAD8C44EC6D8C54E63
:10D1D000F6BDC64ECDC6C74EF0B3C84E9481C94EFB
:10D1E000EBD8CA4EF1BDCB4EE9BDCC4E9581CD4EAC
:10D1F000D4C8CE4ED3B4CF4E9681D04E9781D14E67
:10D20000D8C2D24E9881D34ED6B2D44ED0D7D54EB6
:10D21000CBCAD64EFBCBD74ECCD5D84EB6B8D94E0E
:10D22000C9CFDA4E9981DB4E9A81DC4E9B81DD4E6F
:10D23000DAD9DE4EF0D8DF4EAAC7E04E9C81E14E2F
:10D24000EED8E24E9D81E34EFAB4E44EEEC1E54ED7
:10D25000D4D2E64E9E81E74E9F81E84EEDD8E94E4E
:10D26000A081EA4EC7D2EB4EEFD8EC4EC7C3ED4ECD
:10D27000A181EE4EA281EF4EA381F04EF6D1F14E88
:10D28000A481F24ED9D6F34EF2D8F44EA581F54ED4
:10D29000F5D8F64EFEBCF74EDBBCF84EA681F94E33
:10D2A000A781FA4EA881FB4ECEC8FC4EA981FD4E47
:10D2B000DDB7FE4EAA81FF4EC2B7004FAB81014FD2
:10D2C000F3C6024FAC81034FAD81044FAE81054FD1
:10D2D000AF81064FB081074FB181084FB281094F2E
:10D2E000F8D80A4FC1D20B4FB3810C4FB4810D4F08
:10D2F000E9CE0E4FBFBC0F4FFCB7104FA5B7114F73
:10D30000DDD0124FB581134FB681144FB781154F41
:10D31000B881164FB981174FDAD6184FC5D3194FB8
:10D32000EFBB1A4FE1BB1B4FF1D81C4FBA811D4F09
:10D33000BB811E4FA1C91F4FB0CE204FABB4214FB0
:10D34000BC81224FF3D8234FBD81244FCBC9254F39
:10D35000F6D8264FD7C2274FF7D8284FBE81294F7E
:10D36000BF812A4FB1CE2B4FF9D82C4FC0812D4F02
:10D37000C1812E4FC2812F4FAEB2304FC0B9314F55
:10D38000C381324FA3D9334FC481344FE9B0354FF5
:10D39000C581364FE6C1374FC681384FECC9394F8A
:10D3A000C7813A4FC5CB3B4FC8813C4FC6CB3D4FA1
:10D3B000A4D93E4FC9813F4FCA81404FCB81414FD5
:10D3C000CC81424FCD81434FE8B5444FCE81454F8C
:10D3D000CF81464FABB5474FD081484FD181494FA0
:10D3E000D2814A4FD3814B4FD4814C4FD5814D4F81
:10D3F000BBCE4E4FCDB54F4FA1D7504FF4D7514F65
:10D40000D3D3524FD681534FE5CC544FD781554F8C
:10D41000CEBA564FD881574FA2D9584FDCD9594F61
:10D42000E0D35A4FFDD85B4FF0B75C4FF7D75D4F55
:10D43000FED85E4FFAD85F4FA1D9604FE3C4614F69
:10D44000D981624FDA81634FB6D3644FF4D8654F08
:10D45000DDD9664FDB81674FFBD8684FDC81694FB0
:10D46000E5C56A4FDD816B4FDE816C4FD0C06D4FDB
:10D47000DF816E4FE0816F4FF0D1704FDBB0714FA5
:10D48000E181724FE281734FD1BC744FA6D9754FC1
:10D49000E381764FA5D9774FE481784FE581794FC5
:10D4A000E6817A4FE7817B4FACD97C4FAED97D4F77
:10D4B000E8817E4FABD97F4FB9CA804FE981814F58
:10D4C000EA81824FEB81834FA9D9844FB6D6854F2D
:10D4D000EC81864FED81874FEE81884FDEB3894F17
:10D4E000A8D98A4FEF818B4FFDC08C4FF0818D4FB3
:10D4F000CCCA8E4FF1818F4FAAD9904FF281914FB4
:10D50000A7D9924FF381934FF481944FB0D9954F9F
:10D51000F581964FF681974FB1B6984FF781994FA5
:10D52000F8819A4FF9819B4FA9B99C4FFA819D4F81
:10D53000C0D29E4FFB819F4FFC81A04FC0CFA14F17
:10D54000FD81A24FFE81A34FC2C2A44F4082A54FCE
:10D55000C4BDA64FECD5A74FE0B2A84FC8C7A94F8E
:10D56000EBBFAA4FADD9AB4F4182AC4FAFD9AD4F56
:10D570004282AE4FEACEAF4FEEBAB04F4382B14FC8
:10D580004482B24F4582B34F4682B44F4782B54F73
:10D59000D6C7B64F4882B74F4982B84F4A82B94F73
:10D5A0004B82BA4F4C82BB4F4D82BC4F4E82BD4F17
:10D5B0004F82BE4F5082BF4FE3B1C04F5182C14F27
:10D5C0005282C24F5382C34FD9B4C44FEDB6C54F38
:10D5D000B4D9C64F5482C74F5582C84F5682C94FDF
:10D5E0005782CA4FA1BFCB4F5882CC4F5982CD4FE3
:10D5F0005A82CE4FDED9CF4FCEC7D04FFEC0D14FCB
:10D60000B8D9D24F5B82D34F5C82D44F5D82D54F65
:10D610005E82D64F5F82D74FD7CBD84FFDB7D94F59
:10D620006082DA4FB5D9DB4F6182DC4FB7D9DD4F6D
:10D63000A3B1DE4FE1D3DF4FB9D9E04F6282E14FB2
:10D64000C5D0E24F6382E34FB6D9E44F6482E54F21
:10D650006582E64FB1D9E74F6682E84FB2D9E94F0C
:10D66000A9C1EA4FB3D9EB4F6782EC4F6882ED4F07
:10D67000F3BCEE4FDED0EF4FA9B8F04F6982F14F07
:10D68000E3BEF24F6A82F34FBDD9F44F6B82F54F80
:10D690006C82F64F6D82F74F6E82F84FBAD9F94F10
:10D6A0006F82FA4FB3B0FB4F7082FC4F7182FD4F17
:10D6B0007282FE4FC2D9FF4F7382005074820150B4
:10D6C000758202507682035077820450788205502A
:10D6D000798206507A8207507B8208507C820950FA
:10D6E0007D820A507E820B5080820C50C4D90D502E
:10D6F000B6B10E5081820F50BFD9105082821150A6
:10D7000083821250B9B5135084821450F3BE155061
:10D71000858216508682175087821850C8CC1950BF
:10D72000F2BA1A50D0D21B5088821C50C3D91D5057
:10D7300089821E508A821F50E8BD20508B82215062
:10D74000ABB322508C8223508D8224508E82255080
:10D75000C5D92650EBBE27508F822850C6D92950F4
:10D76000BBD92A50DFC42B5090822C50BED92D50EB
:10D77000C1D92E50C0D92F50918230509282315051
:10D780009382325094823350958234509682355031
:10D790009782365098823750998238509A82395001
:10D7A0009B823A50AED53B509C823C50B5D63D5002
:10D7B0009D823E50E3C73F509E8240509F82415021
:10D7C000A0824250A1824350C8D94450A282455001
:10D7D000A3824650A4824750D9BC4850CAD9495068
:10D7E000A5824A50A6824B50A7824C50BCD94D50BE
:10D7F000A8824E50CBD94F50ABC65050A982515041
:10D80000AA825250AB825350AC825450AD825550D4
:10D81000C9D95650AE825750AF825850B082595035
:10D82000B1825A50F6D75B50B2825C50A3CD5D50A6
:10D83000B3825E50B4825F50B5826050B682615050
:10D84000B7826250B8826350B9826450BA82655020
:10D85000A1BD6650BB826750BC826850BD826950D2
:10D86000BE826A50BF826B50C0826C50CCD96D5062
:10D87000C1826E50C2826F50C3827050C482715098
:10D88000C5827250C6827350C7827450C882755068
:10D89000C9827650BCC57750B5CD7850CA827950D0
:10D8A000CB827A50CC827B50CDD97C50CD827D50BA
:10D8B000CE827E50C7D97F50A5B38050FEBF815025
:10D8C000CF828250D0828350D1828450D2828550C0
:10D8D000B5B88650D3828750D4828850FCC0895016
:10D8E000D5828A50D6828B50D7828C50D8828D5068
:10D8F000F8B08E50D9828F50DA829050DB829150EE
:10D90000DC829250DD829350DE829450DF8295500B
:10D91000E0829650E1829750E2829850E3829950DB
:10D92000E4829A50E5829B50E6829C50E7829D50AB
:10D93000E8829E50E9829F50EA82A050EB82A1507B
:10D94000EC82A250ED82A350F6B4A450EE82A55012
:10D95000CED9A650EF82A750CFD9A850A2B4A950D3
:10D96000D0D9AA50F082AB50F182AC50DFB4AD50A8
:10D97000F282AE50F382AF50F482B050F582B150D3
:10D98000F682B250C1B0B350F782B450F882B550AD
:10D99000F982B650FA82B750FB82B850FC82B95077
:10D9A000FD82BA50D1D9BB50B5C9BC50FE82BD5022
:10D9B0004083BE504183BF504283C0504383C15017
:10D9C0004483C2504583C3504683C4504783C550E7
:10D9D0004883C6504983C7504A83C8504B83C950B7
:10D9E0004C83CA504D83CB504E83CC504F83CD5087
:10D9F0005083CE505183CF50F1CFD0505283D1506D
:10DA00005383D2505483D3505583D4505683D5502A
:10DA10005783D650D2D9D7505883D8505983D9502C
:10DA20005A83DA50C5C1DB505B83DC505C83DD5028
:10DA30005D83DE505E83DF505F83E0506083E150A2
:10DA40006183E2506283E3506383E4506483E55072
:10DA50006583E650D6D9E750AEC9E8506683E950F1
:10DA60006783EA506883EB506983EC50D5D9ED5059
:10DA7000D4D9EE50D7D9EF506A83F0506B83F15070
:10DA80006C83F2506D83F350DBCBF4506E83F55012
:10DA9000A9BDF6506F83F7507083F8507183F95029
:10DAA0007283FA507383FB50A7C6FC507483FD50F9
:10DAB0007583FE507683FF50778300517883015140
:10DAC000798302517A8303517B8304517C8305510E
:10DAD0007D830651D3D90751D8D908517E83095186
:10DAE00080830A5181830B51D9D90C5182830D5106
:10DAF00083830E5184830F51858310518683115186
:10DB000087831251E5C813518883145189831551B5
:10DB10008A8316518B8317518C8318518D83195129
:10DB20008E831A518F831B5190831C5191831D51F9
:10DB300092831E5193831F519483205195832151C9
:10DB4000DCC0225196832351978324519883255119
:10DB5000998326519A8327519B8328519C8329516D
:10DB60009D832A519E832B519F832C51A0832D513D
:10DB7000A1832E51A2832F51A3833051A48331510D
:10DB8000A5833251A6833351A7833451A8833551DD
:10DB9000A9833651AA833751AB833851AC833951AD
:10DBA000AD833A51AE833B51AF833C51B0833D517D
:10DBB000B1833E51B2833F51F9B64051A3D8415190
:10DBC000CAD44251B3834351AAD44451D6D045510B
:10DBD000E4B34651D7D54751B4834851C8CF4951D2
:10DBE000E2B94A51B5834B51CBBF4C51B6834D512D
:10DBF000E2C34E51B7834F51B8835051B98351514D
:10DC0000D2B65251BA835351BB835451C3CD5551EF
:10DC1000EED95651F0D95751BC835851BD83595153
:10DC2000BE835A51B3B55B51BF835C51B5B65D51EC
:10DC3000C0835E51C1835F51C2836051C383615110
:10DC4000C4836251A4BE6351C5836451C6836551C8
:10DC5000EBC86651C7836751C8836851ABC8695127
:10DC6000C9836A51CA836B51CBB06C51ABB96D514A
:10DC7000F9C16E51E2D96F51CB837051BCC0715163
:10DC8000B2B97251CC837351D8B97451CBD075519C
:10DC9000F8B17651E4C67751DFBE7851E4B57951D9
:10DCA000C8D77A51CD837B51F8D17C51E6BC7D51E8
:10DCB000DECA7E51CE837F51CF838051BDBC81515E
:10DCC000E6D98251E7D88351D0838451D1838551DD
:10DCD000DAC48651D2838751D3838851D4B889510D
:10DCE000BDC88A51D4838B51D5838C51E1B28D51FB
:10DCF000D9D48E51D6838F51D7839051D8839151E7
:10DD0000D9839251B0C39351DA839451DB839551F7
:10DD1000E1C39651A2DA9751DFC89851DC8399513B
:10DD2000B4D09A51DD839B51FCBE9C51A9C59D5135
:10DD3000DE839E51DF839F51E083A051DAB9A15168
:10DD4000E183A251A3DAA351E283A451A9D4A5513E
:10DD5000A4DAA651E383A751E483A851E583A9512E
:10DD6000E683AA51E783AB51FBD9AC51ACB6AD51B8
:10DD7000E883AE51E983AF51EBB7B051F9B1B1517E
:10DD8000FCD9B251E5B3B351F6BEB451EA83B551F3
:10DD9000F6BFB651B1D2B751E4C0B851EB83B95117
:10DDA000EC83BA51ED83BB51B3B6BC51FED9BD5122
:10DDB000FDD9BE51EE83BF51EF83C051BBBEC151EF
:10DDC000F083C251F183C351F283C451E0C6C551FF
:10DDD000F383C651BCD7C751A1DAC851F483C951E6
:10DDE000B9C1CA51F583CB51F2B5CC51E8C1CD517F
:10DDF000F683CE51F783CF51F5BCD051F883D15182
:10DE0000D5B4D251F983D351FA83D451FB83D55180
:10DE1000FC83D651FD83D751FE83D8514084D9511C
:10DE20004184DA514284DB51DDC1DC514384DD5150
:10DE3000FDC4DE514484DF514584E051B8BCE1515A
:10DE4000B2B7E2514684E3514784E451EFB7E5515C
:10DE50004884E6514984E7514A84E8514B84E951AA
:10DE60004C84EA514D84EB51ECD9EC514E84ED5188
:10DE7000BEC6EE514F84EF51ADBFF051CBBBF15157
:10DE80005084F2515184F351CAB5F4515284F55182
:10DE9000C9DBF651D7D0F7515384F851B9CDF951B8
:10DEA000BCB0FA51F6B3FB51F7BBFC51CADBFD51D4
:10DEB000AFBAFE515484FF51E4D40052B6B50152BA
:10DEC000F3B50252D6D80352D0C804525584055235
:10DED00056840652D6B70752D0C70852D7D809522F
:10DEE00057840A52AFBF0B5258840C5259840D52BA
:10DEF000BBDB0E52D8D80F525A8410525B84115299
:10DF0000CCD01252AEBB13525C8414525D841552B5
:10DF10005E841652BEEB1752D0C11852F5C1195289
:10DF2000F2D41A52D5B81B52B4B41C525F841D529D
:10DF3000F5B31E5260841F5261842052BEC9215223
:10DF4000628422526384235264842452D0C52552B1
:10DF5000658426526684275267842852D9C529527F
:10DF6000FBC02A5268842B52F0B12C5269842D5286
:10DF7000D9D82E52CEB92F526A843052BDB5315203
:10DF80006B8432526C843352DAD834526D843552F9
:10DF90006E843652C6D63752A2CB3852AFC83952E9
:10DFA000B2C93A52CCB43B52CCBF3C526F843D52C2
:10DFB000F4B93E5270843F52DBD84052DCD8415213
:10DFC000E7B64252C1BC4352EACC44527184455236
:10DFD00072844652738447527484485275844952FD
:10DFE00076844A52F7CF4B5277844C52DDD84D524B
:10DFF000B0C74E5278844F5279845052D0B95152A2
:10E00000A3BD52527A8453527B845452DECC555273
:10E010007C845652CAC657527D8458527E845952C7
:10E0200080845A5281845B5282845C52E0D85D5273
:10E0300083845E52DED85F5284846052858461524C
:10E04000DFD8625286846352878464528884655222
:10E05000FEB0665289846752E7BE68528A8469526C
:10E06000A3CA6A52F4BC6B528B846C528C846D527E
:10E070008D846E528E846F52B1B870528F847152FB
:10E0800090847252EEB87352918474529284755295
:10E0900093847652948477529584785296847952F8
:10E0A00097847A5298847B5299847C529A847D52C8
:10E0B000E2D87E529B847F52CBBD80529C84815299
:10E0C000E4D88252E3D883529D8484529E84855240
:10E0D0009F848652A0848752A1848852FCC58952AD
:10E0E000A2848A52A3848B52A4848C52A5848D521C
:10E0F000A6848E52A7848F52A8849052E5D891525C
:10E10000A9849252AA849352E6D89452AB84955231
:10E11000AC849652AD849752AE849852AF84995293
:10E12000B0849A52B1849B52A6C19C52B2849D5233
:10E13000B0C89E52ECB09F52A6B9A052D3BCA15217
:10E14000F1CEA252BDDBA352D3C1A452B384A552D7
:10E15000B484A652B584A752B684A852AFB6A952C9
:10E16000FAD6AA52ACC5AB52D9BDAC52BEDBAD5249
:10E17000BFDBAE52B784AF52B884B052B984B1524B
:10E18000F8C0B252A2BEB352CDC0B452BA84B55296
:10E19000BB84B652BC84B752BD84B852BE84B95257
:10E1A000BF84BA52C084BB52C184BC52C284BD5227
:10E1B000C384BE52C0DBBF52C6CAC052C484C1525F
:10E1C000C584C252C684C352AAB2C452C784C552BF
:10E1D000C884C652C984C752C2D3C852CA84C9525D
:10E1E000E3C3CA52CB84CB52ABD1CC52CC84CD52F8
:10E1F000CD84CE52CE84CF52CF84D052C2DBD15206
:10E20000D084D252D5C0D352D184D452D284D552E4
:10E21000D384D652C3DBD752D484D852B1BFD9529B
:10E22000D584DA52D684DB52D784DC52D884DD52CE
:10E23000D984DE52DA84DF52BCC4E052DB84E1527E
:10E24000DC84E252DD84E352DE84E452DAC7E55234
:10E25000DF84E652E084E752E184E852E284E95246
:10E26000E384EA52E484EB52E584EC52E684ED5216
:10E27000E784EE52E884EF52E984F052C4DBF152B5
:10E28000EA84F252EB84F352EC84F452ED84F552BA
:10E29000EE84F652EF84F752F084F852F184F9528A
:10E2A000E8D9FA52D7C9FB52F284FC52F384FD52EA
:10E2B000F484FE52B4B9FF52F0CE0053C8D40153D7
:10E2C000F5840253F6840353F7840453F88405530A
:10E2D000FCB00653D2B40753F9840853D9D009537C
:10E2E000FA840A53FB840B53FC840C53FD840D53B6
:10E2F000E9D90E53FE840F53CBDE1053EBD91153E3
:10E300004085125341851353428514534385155359
:10E31000B0D81653AFBB1753B1B118534485195336
:10E32000D7B31A53CED81B5345851C5346851D536E
:10E33000D1D41E5347851F5348852053B3BD215365
:10E34000EFBF225349852353BBCF24534A8525531E
:10E350004B852653D0D827534C8528534D852953B8
:10E360004E852A53CBB72B534F852C5350852D53B5
:10E3700051852E53D1D82F53528530535385315365
:10E380005485325355853353568534535785355309
:10E3900058853653598537535A8538535B853953D9
:10E3A000A5C63A53F8C73B53BDD23C535C853D5399
:10E3B0005D853E53D2D83F53E4C440535E854153FC
:10E3C000AECA42535F854353A7C744536085455344
:10E3D000A6D8465361854753FDC94853E7CE4953F4
:10E3E000DCBB4A53EBB04B5362854C5363854D53B2
:10E3F00064854E53AABB4F53ADD0505365855153DE
:10E40000B0B15253E4D75353BFD7545366855553D5
:10E41000A5B55653F4C25753CFC4585367855953C3
:10E4200068855A53A9B25B5369855C53B7B25D5393
:10E430006A855E53E5B15F53B2DF6053BCD561536B
:10E44000A8BF6253ACC26353D5D86453B1C26553FD
:10E450006B856653D4D86753D4CE68536C856953A3
:10E46000E0DA6A536D856B53C0CE6C536E856D5385
:10E470006F856E53B4D86F53AEC37053A1D371532D
:10E48000A3CE725370857353B4BC7453B4C8755320
:10E49000D1C2765371857753EDBE7853B6D0795398
:10E4A00072857A53E1DA7B5373857C5374857D538F
:10E4B00075857E5376857F53E4C780537785815376
:10E4C00078858253A7B3835379858453F2B68553F5
:10E4D000FCCC8653FAC087537A8588537B85895351
:10E4E000F7C08A537C858B53B9D18C53E1D18D53BE
:10E4F000C7D88E537D858F537E85905380859153E9
:10E500008185925382859353838594538485955353
:10E51000DEB296538585975386859853E5C0995307
:10E5200087859A53F1BA9B5388859C5389859D535F
:10E53000C8D89E538A859F53ADD4A0538B85A153D1
:10E540008C85A253E1CFA353C9D8A4538D85A5537D
:10E55000CAD8A653C3CFA7538E85A853F8B3A953DF
:10E56000C7BEAA538F85AB539085AC539185AD53ED
:10E570009285AE53CBD8AF539385B0539485B153A6
:10E580009585B2539685B3539785B4539885B55303
:10E590009985B653CCDBB7539A85B8539B85B9534D
:10E5A0009C85BA539D85BB53A5C8BC539E85BD535E
:10E5B0009F85BE53A085BF53D8CFC053A185C153FB
:10E5C000FEC8C253CEB2C353A285C453A385C5535C
:10E5D000A485C653A585C753A685C853D6D3C953AA
:10E5E000E6B2CA53B0BCCB53D1D3CC53ABCBCD5393
:10E5F000B4B7CE53A785CF53A885D053A985D1539F
:10E60000A2B7D253AA85D353AB85D453E5CAD55309
:10E61000AC85D653A1C8D753DCCAD853E4B1D9537B
:10E62000F0D0DA53AD85DB53D1C5DC53AE85DD5375
:10E63000AF85DE53B085DF53C5DBE053FEB5E15354
:10E64000B185E253B285E353DABFE453C5B9E5536C
:10E65000E4BEE653EDC1E753B385E853B6DFE953B3
:10E66000B5DFEA53BBD6EB53D0BDEC53D9D5ED5350
:10E67000C8B0EE53A3B6EF53C9BFF053A8CCF153C3
:10E68000B3DFF253B7CAF353D2D3F453B485F5537F
:10E69000CFD8F653B6D2F753C5BAF853BECBF95319
:10E6A000BECCFA53B585FB53B7DFFC53F0B5FD5331
:10E6B000B4DFFE53B685FF53B7850054B8850154C7
:10E6C000F5D30254B9850354D4B30454F7B80554B0
:10E6D000BA850654BADF0754BB850854CFBA09542B
:10E6E000AABC0A54F5B50B54BC850C54ACCD0D54E2
:10E6F000FBC30E54F3BA0F54F4C01054C2CD1154DE
:10E70000F2CF1254B8DF1354C5CF1454BD8515543D
:10E71000C0C21654B9DF1754F0C21854BE8519543C
:10E72000BF851A54C0851B54FDBE1C54C1851D54A1
:10E73000DFC11E54CCCD1F54F7D22054CDB7215485
:10E74000C1DF2254C2852354C4DF2454C385255419
:10E75000C4852654F1B72754C9B02854D6B62954D5
:10E76000D4B72A54C5852B54ACBA2C54FDCC2D54A7
:10E77000D4BF2E54B1CB2F54F4C63054C685315477
:10E78000A8D63254C5DF3354C7853454E2CE35544D
:10E79000B3B33654C8853754C9853854FCCE395480
:10E7A000B5B43A54CA853B54C7CE3C54F0BA3D5434
:10E7B000CB853E54E1CE3F54CC854054BDD141542D
:10E7C000CD854254CE854354C0DF4454CF85455453
:10E7D000D0854654F4B44754D1854854CAB34954FB
:10E7E000D2854A54E6B84B54BBDF4C54D3854D54C4
:10E7F000D4854E54D5854F54D6855054C5C45154F4
:10E80000D7855254BCDF5354BDDF5454BEDF55543A
:10E81000BBC55654BFDF5754C2DF5854B1D4595406
:10E82000C3DF5A54D8855B54BAC75C54D8CE5D5404
:10E83000D9855E54DA855F54DB856054DC8561548C
:10E84000DD856254D8C46354DE856454CADF6554E0
:10E85000DF856654CFDF6754E0856854DCD66954A1
:10E86000E1856A54E2856B54E3856C54E4856D540C
:10E87000E5856E54E6856F54E7857054E8857154DC
:10E88000C9DF7254DADF7354B6CE7454E985755417
:10E89000C7BA7654CEDF7754C8DF7854DEC57954D2
:10E8A000EA857A54EB857B54EBC97C54F4BA7D54E9
:10E8B000FCC37E54EC857F54ED858054D7BE8154D3
:10E8C000EE858254C6DF8354EF858454CDDF8554B2
:10E8D000F0858654D8C58754F1858854F2858954CB
:10E8E000F3858A54F4858B54A6D58C54CDBA8D54B7
:10E8F000F5858E54CCBE8F54BDD39054C0B891547E
:10E90000F6859254E4D69354F7859454C7DF955412
:10E91000BEB99654A7BF9754F8859854F985995471
:10E92000FCC19A54CBDF9B54CCDF9C54FA859D5498
:10E93000D0DF9E54FB859F54FC85A054FD85A154D7
:10E94000FE85A2544086A354DBDFA454E5DFA55422
:10E950004186A654D7DFA754D6DFA854C9D7A954F7
:10E96000E3DFAA54E4DFAB54EBE5AC54A7D2AD54DB
:10E97000D2DFAE544286AF54A9BFB0544386B154DF
:10E98000DBD4B2544486B354C8BFB454D4DFB554B6
:10E990004586B6544686B7544786B854CCCFB9544A
:10E9A0004886BA544986BB54DDDFBC544A86BD5400
:10E9B000CAD1BE544B86BF54DEDFC054A7B0C15489
:10E9C000B7C6C254D3DFC3544C86C454E5BAC55449
:10E9D0004D86C654DFB6C754DBCDC854FEB9C95402
:10E9E000D5D4CA544E86CB544F86CC54DFDFCD5499
:10E9F000ECCFCE54A5B0CF54E7DFD054D1DFD15403
:10EA0000C6D1D254D5DFD354D8DFD454D9DFD554AE
:10EA1000DCDFD6545086D754A9BBD8545186D9547C
:10EA2000E0DFDA54E1DFDB545286DC54E2DFDD5410
:10EA3000E6DFDE54E8DFDF54B4D3E0545386E1541C
:10EA40005486E2545586E3545686E4545786E5547A
:10EA5000E7B8E654B6C5E754EADFE854DAC9E95442
:10EA6000A8C1EA54C4C4EB545886EC545986ED54FA
:10EA7000DEBFEE54F8CFEF545A86F0545B86F15463
:10EA80005C86F254DCD5F354EEDFF4545D86F55425
:10EA90005E86F6545F86F7546086F8546186F954B2
:10EAA0006286FA54B8B2FB546386FC54DFBAFD5454
:10EAB000ECDFFE546486FF54C1DB005565860155CA
:10EAC000E4D1025566860355678604556886055568
:10EAD00069860655F4CB0755BDB408556A860955B5
:10EAE000A6B00A556B860B556C860C556D860D5578
:10EAF0006E860E556F860F55F1DF1055C6CC115539
:10EB0000F2DF12557086135571861455EDDF1555D9
:10EB1000728616557386175574861855758619555D
:10EB200076861A5577861B55E9DF1C5578861D5564
:10EB300079861E557A861F557B862055EBDF215539
:10EB40007C862255EFDF2355F0DF2455BDBB2555CC
:10EB50007D8626557E862755F3DF285580862955E4
:10EB600081862A55F4DF2B5582862C55A3BB2D5563
:10EB700083862E55DBCA2F55A8CE3055A7E03155D8
:10EB8000AAB3325584863355A6E03455858635556B
:10EB90008686365587863755A1E03855888639559B
:10EBA00089863A558A863B558B863C55FEDF3D5516
:10EBB0008C863E55D9CD3F55FCDF40558D8641555D
:10EBC000FADF42558E864355D0BF4455C4D74555CC
:10EBD0008F864655CCC947559086485591864955EC
:10EBE000F8DF4A55A1B04B5592864C5593864D554A
:10EBF00094864E5595864F5596865055FDDF515556
:10EC00009786525598865355998654559A865555E8
:10EC1000FBDF5655A2E057559B8658559C865955A3
:10EC20009D865A559E865B559F865C55A8E05D552E
:10EC3000A0865E55A1865F55A2866055A386615564
:10EC4000C8B76255A4866355A5866455A1C66555A7
:10EC5000B6C96655B2C06755F5DF6855A6866955D1
:10EC6000A7866A55BEC56B55A8866C55C4D86D5528
:10EC7000F9DF6E55F6C46F55A9867055AA86715591
:10EC8000AB867255AC867355AD867455AE86755598
:10EC9000A3E07655A4E07755A5E07855A5D0795541
:10ECA000AF867A55B0867B55B4E07C55E4CC7D5573
:10ECB000B1867E55B1E07F55B2868055A6BF81559D
:10ECC000AFE08255B9CE8355ABE08455C6C98555B2
:10ECD000B3868655B4868755AEC08855AEE0895553
:10ECE000EDBA8A55B0BA8B55A9E08C55B5868D55CD
:10ECF000B6868E55B7868F55F6DF9055B8869155F6
:10ED0000B3E09255B9869355BA869455B8E09555B7
:10ED1000BB869655BC869755BD869855ADB499551A
:10ED2000B9E09A55BE869B55BF869C55B2CF9D557E
:10ED3000C8BA9E55C0869F55B0E0A055C186A15562
:10ED4000C286A255C386A355C486A455C586A555BB
:10ED5000C686A655C786A755FAD0A855C886A95510
:10ED6000C986AA55CA86AB55CB86AC55CC86AD555F
:10ED7000CD86AE55CE86AF55CF86B055D086B1552F
:10ED8000ACE0B255D186B355FBD4B455D286B55557
:10ED9000F7DFB655D386B755E7C5B855D486B9550C
:10EDA000ADE0BA55D586BB55F7D3BC55D686BD5513
:10EDB000B6E0BE55B7E0BF55D786C055D886C15519
:10EDC000D986C255DA86C355DB86C455C4E0C5551D
:10EDD000E1D0C655DC86C755DD86C855DE86C955E7
:10EDE000BCE0CA55DF86CB55E086CC55C9E0CD5591
:10EDF000CAE0CE55E186CF55E286D055E386D1559F
:10EE0000BEE0D255AAE0D355A4C9D455C1E0D5552A
:10EE1000E486D655B2E0D755E586D855E686D9556D
:10EE2000E786DA55E886DB55E986DC55C8CADD5544
:10EE3000C3E0DE55EA86DF55B5E0E055EB86E155E7
:10EE4000CBCEE255EC86E355C3CBE455CDE0E5559A
:10EE5000C6E0E655C2E0E755ED86E855CBE0E9555A
:10EE6000EE86EA55BAE0EB55BFE0EC55C0E0ED5553
:10EE7000EF86EE55F086EF55C5E0F055F186F15579
:10EE8000F286F255C7E0F355C8E0F455F386F55520
:10EE9000CCE0F655F486F755BBE0F855F586F95504
:10EEA000F686FA55F786FB55F886FC55F986FD552A
:10EEB000D4CBFE55D5E0FF55FA860056D6E0015674
:10EEC000D2E00256FB860356FC860456FD860556A4
:10EED000FE8606564087075641870856D0E00956F9
:10EEE000CEBC0A5642870B5643870C56D1E00D56CE
:10EEF00044870E56C2B80F56C5D8105645871156CE
:10EF00004687125647871356488714564987155621
:10EF10004A8716564B8717564C871856EAD019560B
:10EF20004D871A564E871B56EFC21C564F871D56EB
:10EF300050871E56CFE01F56BDE020565187215600
:10EF40005287225653872356D4E02456D3E02556C1
:10EF50005487265655872756D7E028565687295670
:10EF600057872A5658872B5659872C56DCE02D5642
:10EF7000D8E02E565A872F565B8730565C8731561D
:10EF8000F6D63256B0B333565D873456ECD7355685
:10EF90005E873656BBCB37565F8738566087395603
:10EFA000DAE03A5661873B56FBCE3C5662873D56C7
:10EFB00063873E5664873F56D9BA405665874156A7
:10EFC0006687425667874356688744566987455621
:10EFD0006A8746566B8747566C8748566D874956F1
:10EFE0006E874A566F874B5670874C56E1E04D56F8
:10EFF000DDE04E56ADD24F5671875056728751564E
:10F00000738752567487535675875456E2E05556A7
:10F010007687565677875756DBE05856D9E05956CB
:10F02000DFE05A5678875B5679875C56E0E05D569C
:10F030007A875E567B875F567C8760567D876156F0
:10F040007E876256DEE0635680876456E4E065564C
:10F05000818766568287675683876856F7C66956E2
:10F06000ACD86A56EBD46B56E6E06C56C9CA6D56FE
:10F0700084876E5685876F56868770568787715648
:10F08000E5E0725688877356898774568A87755665
:10F090008B877656C1B877568C8778568D87795688
:10F0A0008E877A568F877B56E7E07C56E8E07D5660
:10F0B00090877E5691877F56928780569387815698
:10F0C0009487825695878356968784569787855668
:10F0D000E9E08656E3E087569887885699878956EF
:10F0E0009A878A569B878B569C878C569D878D5610
:10F0F0009E878E56BFBA8F56E7CC90569F87915603
:10F10000A0879256A1879356EAE09456A287955617
:10F11000A3879656A4879756A5879856A68799568B
:10F12000A7879A56A8879B56A9879C56AA879D565B
:10F13000AB879E56AC879F56AD87A056AE87A1562B
:10F14000AF87A256B087A356F9CFA456B187A5566C
:10F15000B287A656B387A756B487A856B587A956CF
:10F16000B687AA56B787AB56B887AC56B987AD569F
:10F17000BA87AE56BB87AF56EBE0B056BC87B156E8
:10F18000BD87B256BE87B356BF87B456C087B55643
:10F19000C187B656C287B756C2C8B856C387B956D4
:10F1A000C487BA56C587BB56C687BC56C0BDBD56B8
:10F1B000C787BE56C887BF56C987C056CA87C156BB
:10F1C000CB87C256CC87C356CD87C456CE87C5568B
:10F1D000CF87C656D087C756D187C856D287C9565B
:10F1E000D387CA56D2C4CB56D487CC56D587CD56F2
:10F1F000D687CE56D787CF56D887D056D987D156FF
:10F20000DA87D256DB87D356DC87D456ECE0D55666
:10F21000DD87D656DE87D756EDE0D856DF87D9563C
:10F22000E087DA56F4C7DB56C4CBDC56E187DD56FF
:10F23000EEE0DE56D8BBDF56B6D8E056F2D2E15645
:10F24000EFE0E256C5CDE356E287E456DAB6E5567E
:10F25000E387E656E487E756E587E856E687E9560A
:10F26000E787EA56E887EB56F1E0EC56E987ED567A
:10F27000B0D4EE56EA87EF56EB87F056A7C0F156AA
:10F28000D1B4F256EC87F356ED87F456A7CEF55677
:10F29000F0E0F656EE87F756EF87F856F087F95606
:10F2A000F2E0FA56CCB9FB56F187FC56F287FD56D0
:10F2B000FAB9FE56BCCDFF56F3E00057F38701576D
:10F2C000F4870257F5870357D4C60457F4E005576F
:10F2D000F6870657B2D40757F7870857A6C80957C5
:10F2E000F6E00A57F5E00B57F8870C57F9870D57EA
:10F2F000FA870E57FB870F57FC871057FD8711576A
:10F30000FE87125740881357418814574288155773
:10F310004388165744881757458818574688195701
:10F3200047881A5748881B5749881C57F7E01D57CC
:10F330004A881E574B881F57C1CD20574C882157EC
:10F340004D8822574E882357A5CA24574F882557E2
:10F35000508826575188275752882857DAD429577A
:10F36000D7DB2A57D9DB2B5753882C57D8DB2D579F
:10F37000E7B92E57DCDB2F57DDDB3057D8B53157D7
:10F380005488325755883357DADB34575688355707
:10F390005788365758883757598838575A883957B1
:10F3A000DBDB3A57A1B33B57DFDB3C575B883D576C
:10F3B0005C883E57F8BB3F575D884057B7D64157EA
:10F3C0005E884257E0DB43575F8844576088455763
:10F3D0006188465762884757F9BE4857638849573E
:10F3E00064884A57BBB74B5765884C57D0DB4D579D
:10F3F000AECC4E57B2BF4F57B5BB5057F8D7515749
:10F40000D3BF5257668853576788545768885557F3
:10F41000698856576A885757E9BF58576B885957B4
:10F420006C885A57E1BC5B57B3CC5C57DEDB5D5749
:10F43000D3B05E57EBCE5F57D8B76057B9D7615797
:10F44000C2C662576D8863576E886457A4C06557FB
:10F450006F886657B9CC675770886857E7DB69577C
:10F46000E1DB6A57BAC66B57E3DB6C5771886D579F
:10F47000E8DB6E5772886F57F7C5705773887157FE
:10F480007488725775887357EADB74577688755796
:10F4900077887657E9DB7757C0BF785778887957F0
:10F4A00079887A577A887B57E6DB7C57E5DB7D578E
:10F4B0007B887E577C887F577D8880577E888157E0
:10F4C00080888257B9B48357ACC08457A2C285578D
:10F4D000E2DB8657E4DB8757818888578288895723
:10F4E00083888A5784888B57CDD08C57EDDB8D5716
:10F4F00085888E5786888F57878890578888915738
:10F5000089889257DDC09357F2DB94578A889557C4
:10F510008B8896578C8897578D8898578E889957DF
:10F520008F889A5790889B57E2B69C5791889D5731
:10F5300092889E5793889F579488A057F3DBA157D2
:10F54000D2DBA257B8B9A357ABD4A457ECDBA5576D
:10F550009588A657D1BFA757F0DBA8579688A9571B
:10F56000D1DBAA579788AB57E6B5AC579888AD570B
:10F57000EBDBAE57E5BFAF579988B0579A88B157C4
:10F580009B88B257EEDBB3579C88B457F1DBB55775
:10F590009D88B6579E88B7579F88B857F9DBB957EB
:10F5A000A088BA57A188BB57A288BC57A388BD576B
:10F5B000A488BE57A588BF57A688C057A788C1573B
:10F5C000A888C257A1B9C357A3B0C457A988C557C3
:10F5D000AA88C657AB88C757AC88C857AD88C957E3
:10F5E000AE88CA57AF88CB57F1C2CC57B088CD5739
:10F5F000B188CE57C7B3CF57EFDBD057B288D157BA
:10F60000B388D257F8DBD357B488D457D2C6D5576E
:10F61000F4DBD657B588D757B688D857F5DBD95716
:10F62000F7DBDA57F6DBDB57B788DC57B888DD57EE
:10F63000FEDBDE57B988DF57F2D3E057BAB2E157A5
:10F64000BA88E257BB88E357BC88E457FDDBE5572F
:10F65000BD88E657BE88E757BF88E857C088E95796
:10F66000C188EA57C288EB57C388EC57C488ED5766
:10F67000A4DCEE57C588EF57FBDBF057C688F1577F
:10F68000C788F257C888F357C988F457FADBF5578B
:10F69000CA88F657CB88F757CC88F857FCDBF95760
:10F6A000E0C5FA57F9BBFB57CD88FC57CE88FD570C
:10F6B000A3DCFE57CF88FF57D0880058A5DC01583F
:10F6C000D1880258C3CC0358D2880458D38805582F
:10F6D000D4880658D1B60758C0DD0858D5880958CF
:10F6E000D6880A58D7880B58A1DC0C58D8880D58F2
:10F6F000A2DC0E58D9880F58DA881058DB881158C8
:10F70000B5C71258DC881358DD881458DE881558A0
:10F71000E9B61658DF881758E0881858E188195854
:10F72000A7DC1A58E2881B58E3881C58E4881D5847
:10F73000E5881E58A6DC1F58E6882058A9DC215809
:10F74000A4B12258E7882358E8882458CCB5255816
:10F75000E9882658EA882758EB882858EC882958E1
:10F76000ED882A58B0BF2B58EE882C58EF882D58BA
:10F77000F0882E58F1882F58F2883058DFD1315850
:10F78000F3883258F4883358F5883458F688355859
:10F79000C2B63658F7883758F8883858F988395833
:10F7A000FA883A58FB883B58FC883C58FD883D58FD
:10F7B000FE883E5840893F58418940584289415807
:10F7C000438942584489435845894458A8DC4558E0
:10F7D0004689465847894758488948584989495869
:10F7E0004A894A584B894B584C894C58FACB4D584A
:10F7F000F3EB4E584D894F584E8950584F89515808
:10F80000DCCB52585089535851895458FECB555827
:10F81000528956585389575854895858C1CC595809
:10F8200055895A5856895B5857895C5858895D588C
:10F8300059895E58FBC85F585A8960585B8961587E
:10F840005C8962585D8963585E8964585F89655830
:10F85000AADC665860896758618968586289695866
:10F8600063896A5864896B58EECC6C58ABDC6D5870
:10F8700065896E5866896F586789705868897158AC
:10F88000698972586A8973586B8974586C8975587C
:10F890006D8976586E8977586F897858708979584C
:10F8A00071897A5872897B5873897C5874897D581C
:10F8B00075897E58D3DB7F5876898058AFDC8158B4
:10F8C000ACDC825877898358B3BE845878898558D0
:10F8D000FBCA8658798987587A8988587B898958DC
:10F8E000ADDC8A587C898B587D898C587E898D58EF
:10F8F00080898E5881898F58828990588389915840
:10F9000084899258CAC99358B9C49458858995581E
:10F9100086899658878997588889985889899958E7
:10F92000BDC79A58AEDC9B588A899C588B899D58D4
:10F930008C899E58F6D49F58E6D0A0588D89A1583E
:10F940008E89A2588F89A3589089A4589189A55867
:10F950009289A6589389A7589489A858ABC4A958E6
:10F96000D5B6AA589589AB589689AC589789AD58A1
:10F970009889AE589989AF589A89B0589B89B158DF
:10F980009C89B2589D89B3589E89B4589F89B558AF
:10F99000A089B658A189B758A289B858A389B9587F
:10F9A000A489BA58A589BB58A689BC58D4DBBD58D0
:10F9B000A789BE58A889BF58A989C058AA89C15823
:10F9C000DAB1C258AB89C358AC89C458AD89C5589F
:10F9D000D5DBC658AE89C758AF89C858B089C95851
:10F9E000B189CA58B289CB58B389CC58B489CD589B
:10F9F000B589CE58B689CF58B789D058B889D1586B
:10FA0000D6DBD258B989D358BA89D458BB89D558CE
:10FA1000BEBAD658BC89D758BD89D858BE89D958DE
:10FA2000BF89DA58C089DB58C189DC58C289DD58E2
:10FA3000C389DE58C489DF58C589E058C689E158B2
:10FA4000C789E258C889E358C989E458C0C8E5584D
:10FA5000CA89E658CB89E758CC89E858CD89E95856
:10FA6000CE89EA58CF89EB58BFCAEC58C9C8ED58BF
:10FA7000D089EE58B3D7EF58D189F058F9C9F15869
:10FA8000D289F258D389F358C7BFF458D489F558AE
:10FA9000D589F658F8BAF758D689F858D789F95859
:10FAA000BCD2FA58D889FB58D989FC58DA89FD5854
:10FAB000DB89FE58DC89FF58DD890059DE89015950
:10FAC000DF890259BAE20359E0890459A6B40559FD
:10FAD000E1890659E2890759B8B10859E3890959FA
:10FAE000E4890A59E5890B59E6890C59E7890D59CA
:10FAF000B4B80E59E8890F59C4CF1059E989115982
:10FB0000EA891259EB891359EC891459E7D9155927
:10FB1000A6CF1659E2CD1759ED891859EE89195912
:10FB2000EDD91A59E0B61B59EF891C59B9D21D59A4
:10FB3000F0891E59F1891F59BBB92059F289215901
:10FB4000F3892259F4892359F5892459B9E22559B1
:10FB5000B7E22659F6892759F3B42859F789295964
:10FB6000ECCC2A59ABCC2B59F2B72C59F8892D592A
:10FB7000B2D82E59EBD12F59BBBA3059F989315926
:10FB8000A7CA3259FA893359FB893459B7CD355947
:10FB9000FC893659FD893759C4D23859E4BF3959DF
:10FBA000D0BC3A59E1B63B59FE893C59C5DE3D59B6
:10FBB000408A3E59418A3F59428A4059438A4159B5
:10FBC000C6DE4259BCDB4359448A4459D9D1455910
:10FBD000458A4659468A4759E6C64859CEC44959C6
:10FBE000EEB74A59478A4B59DCB74C59488A4D59A8
:10FBF000498A4E59FCBF4F59E0D750594A8A51594A
:10FC0000F5C652594B8A53594C8A5459BCB155596F
:10FC1000C8DE5659B1BD5759D7CC5859CADE5959C3
:10FC20004D8A5A59C9DE5B594E8A5C594F8A5D59D3
:10FC3000508A5E59518A5F59528A6059ECB56159B0
:10FC4000538A6259DDC96359548A6459558A655982
:10FC5000C2B06659568A6759578A6859588A69598D
:10FC6000598A6A595A8A6B595B8A6C595C8A6D59F0
:10FC70005D8A6E595E8A6F595F8A7059608A7159C0
:10FC8000618A7259628A7359AEC57459ABC5755988
:10FC9000638A7659CCC47759648A7859E9BC795912
:10FCA000FDCB7A59658A7B59668A7C59678A7D596A
:10FCB000C3BA7E59688A7F59698A80596A8A81598C
:10FCC000F9E58259E7C88359FAE58459FDCD85598C
:10FCD0006B8A8659B1D78759BEB88859E8C2895905
:10FCE0006C8A8A59D1C88B596D8A8C596E8A8D5904
:10FCF000FBE58E596F8A8F59708A9059718A915994
:10FD0000728A9259CAB69359CBBC9459738A955941
:10FD1000748A9659FDD19759A1E69859758A9959CF
:10FD2000EEC39A59768A9B59778A9C59788A9D594D
:10FD3000798A9E59A4E69F597A8AA0597B8AA1594B
:10FD40007C8AA2597D8AA359FEE5A459A5E6A55946
:10FD5000D7CDA6597E8AA759808AA859C1B7A95973
:10FD6000FCE5AA59FDE5AB59A3E6AC59818AAD592A
:10FD7000828AAE59DDC4AF59A8E6B059838AB15919
:10FD8000848AB259A7E6B359858AB459868AB55987
:10FD9000878AB659888AB759898AB8598A8AB959D7
:10FDA000C3C3BA598B8ABB59DEC6BC598C8ABD59AC
:10FDB0008D8ABE59AAE6BF598E8AC0598F8AC15909
:10FDC000908AC259918AC359928AC459938AC55953
:10FDD000948AC659B7C4C759958AC859968AC959C9
:10FDE000978ACA59A2E6CB59BCCACC59988ACD5930
:10FDF000998ACE599A8ACF599B8AD059E3BDD15955
:10FE0000C3B9D259A6E6D359D5D0D459AFCED55916
:10FE10009C8AD6599D8AD759A9E6D859B0E6D959AE
:10FE20009E8ADA59A6D2DB599F8ADC59AABDDD59D0
:10FE3000ADE6DE59A08ADF59A18AE059A28AE159CC
:10FE4000A38AE259A48AE359AFE6E459A58AE559A1
:10FE5000D1C0E659A68AE759A78AE859CCD2E95910
:10FE6000A88AEA59A98AEB59AA8AEC59A7BCED5984
:10FE7000AB8AEE59AC8AEF59AD8AF059AE8AF15986
:10FE8000AF8AF259B08AF359B18AF459B28AF55956
:10FE9000B38AF659B48AF759B58AF859B68AF95926
:10FEA000B1E6FA59B78AFB59F6D2FC59B88AFD591E
:10FEB000B98AFE59BA8AFF59CBD7005ABB8A015A70
:10FEC000FECD025ABC8A035ADECD045AA6C2055A98
:10FED000ABE6065AACE6075ABFBD085AAEE6095A69
:10FEE000B3E60A5ABD8A0B5ABE8A0C5AB2E60D5ABC
:10FEF000BF8A0E5AC08A0F5AC18A105AC28A115A32
:10FF0000B6E6125AC38A135AB8E6145AC48A155A66
:10FF1000C58A165AC68A175AC78A185AEFC4195A78
:10FF2000C88A1A5AC98A1B5ACA8A1C5AC8C41D5A76
:10FF3000CB8A1E5ACC8A1F5AEABE205AEFC9215AD0
:10FF4000CD8A225ACE8A235AB7E6245ACF8A255A16
:10FF5000F0B6265AD08A275AD18A285AD28A295AE4
:10FF6000E4C32A5AD38A2B5AD48A2C5AD58A2D5ABA
:10FF7000D68A2E5AD78A2F5AD88A305AD98A315AD5
:10FF8000E9D3325AB4E6335ADA8A345AB5E6355AE6
:10FF9000DB8A365AA2C8375ADC8A385ADD8A395A7F
:10FFA000DE8A3A5ADF8A3B5AE08A3C5ABDE63D5A1D
:10FFB000E18A3E5AE28A3F5AE38A405AB9E6415AF8
:10FFC000E48A425AE58A435AE68A445AE78A455AFD
:10FFD000E88A465AC5C6475AE98A485AEA8A495AB7
:10FFE000F1CD4A5ABBE64B5AEB8A4C5AEC8A4D5A31
:10FFF000ED8A4E5AEE8A4F5AEF8A505AF08A515A79
:020000040802F0
:10000000F18A525AF28A535AF38A545AF48A555A48
:10001000BCE6565AF58A575AF68A585AF78A595AF8
:10002000F88A5A5AE9BB5B5AF98A5C5AFA8A5D5ACD
:10003000FB8A5E5AFC8A5F5AFD8A605AFE8A615AC0
:10004000408B625ABEE6635A418B645A428B655AB2
:10005000438B665A448B675ABAE6685A458B695A8D
:10006000468B6A5AB7C06B5A478B6C5A488B6D5A8D
:10007000498B6E5A4A8B6F5A4B8B705A4C8B715A04
:100080004D8B725A4E8B735A4F8B745AA4D3755A38
:10009000BFE6765AF4C9775AC3E6785A508B795A34
:1000A000518B7A5AC4E67B5A528B7C5A538B7D5AB9
:1000B000548B7E5A558B7F5AF6D0805A568B815A74
:1000C000578B825A588B835A598B845A5A8B855A2C
:1000D0005B8B865A5C8B875A5D8B885A5E8B895AFC
:1000E0005F8B8A5A608B8B5A618B8C5A628B8D5ACC
:1000F000638B8E5A648B8F5A658B905A668B915A9C
:10010000678B925ABDC3935A688B945A698B955AE0
:100110006A8B965A6B8B975A6C8B985A6D8B995A3F
:100120006E8B9A5AC4C39B5AC2E69C5A6F8B9D5AD7
:10013000708B9E5A718B9F5A728BA05A738BA15AE7
:10014000748BA25A758BA35A768BA45A778BA55AB7
:10015000788BA65A798BA75A7A8BA85A7B8BA95A87
:100160007C8BAA5AC1E6AB5A7D8BAC5A7E8BAD5ABA
:10017000808BAE5A818BAF5A828BB05A838BB15A27
:10018000848BB25AC7E6B35AB1CFB45A858BB55AED
:10019000F4EBB65A868BB75A878BB85ACAE6B95A67
:1001A000888BBA5A898BBB5A8A8BBC5A8B8BBD5AA7
:1001B0008C8BBE5AC5E6BF5A8D8BC05A8E8BC15AE6
:1001C000DEBCC25AA9C9C35A8F8BC45A908BC55A78
:1001D000918BC65A928BC75A938BC85A948BC95A23
:1001E000B5BCCA5A958BCB5A968BCC5AD3CFCD5A25
:1001F000978BCE5A988BCF5A998BD05A9A8BD15ACB
:100200009B8BD25AC8E6D35A9C8BD45AC9E6D55A8E
:100210009D8BD65ACEE6D75A9E8BD85AD0E6D95A5D
:100220009F8BDA5AA08BDB5AA18BDC5AD1E6DD5AC0
:10023000A28BDE5AA38BDF5AA48BE05ACBE6E15A9D
:10024000D5B5E25AA58BE35ACCE6E45AA68BE55A1B
:10025000A78BE65ACFE6E75AA88BE85AA98BE95A4A
:10026000DBC4EA5AAA8BEB5AC6E6EC5AAB8BED5AC2
:10027000AC8BEE5AAD8BEF5AAE8BF05AAF8BF15A76
:10028000CDE6F25AB08BF35AB18BF45AB28BF55AD1
:10029000B38BF65AB48BF75AB58BF85AB68BF95A1A
:1002A000B78BFA5AB88BFB5AB98BFC5ABA8BFD5AEA
:1002B000BB8BFE5ABC8BFF5ABD8B005BBE8B015BB8
:1002C000BF8B025BC08B035BC18B045BC28B055B86
:1002D000C38B065BC48B075BC58B085BC68B095B56
:1002E000D2E60A5BC78B0B5BC88B0C5BC98B0D5BC3
:1002F000CA8B0E5BCB8B0F5BCC8B105BCD8B115BFA
:10030000CE8B125BCF8B135BD08B145BD18B155BC9
:10031000D28B165BD4E6175BD3E6185BD38B195BE5
:10032000D48B1A5BD58B1B5BD68B1C5BD78B1D5B71
:10033000D88B1E5BD98B1F5BDA8B205BDB8B215B41
:10034000DC8B225BDD8B235BDE8B245BDF8B255B11
:10035000E08B265BE18B275BE28B285BE38B295BE1
:10036000E48B2A5BE58B2B5BE68B2C5BE78B2D5BB1
:10037000E88B2E5BE98B2F5BEA8B305BEB8B315B81
:10038000EC8B325BD5E6335BED8B345BF8D9355BB8
:10039000EE8B365BEF8B375BD6E6385BF08B395BE9
:1003A000F18B3A5BF28B3B5BF38B3C5BF48B3D5BFD
:1003B000F58B3E5BF68B3F5BF78B405BD7E6415B93
:1003C000F88B425BF98B435BFA8B445BFB8B455BA1
:1003D000FC8B465BFD8B475BFE8B485B408C495B2F
:1003E000418C4A5B428C4B5B438C4C5B448C4D5B39
:1003F000458C4E5B468C4F5B478C505BD3D7515B33
:10040000DDE6525B488C535BDEE6545BD7BF555B41
:10041000D0D4565B498C575BD6D7585BE6B4595B52
:10042000EFCB5A5BDAE65B5BC3D85C5BCED75D5B38
:10043000A2D05E5B4A8C5F5BCFC3605B4B8C615B21
:100440004C8C625BDFE6635BBEBC645BC2B9655B20
:10045000DBE6665BA7D1675B4D8C685B4E8C695BA6
:10046000A2BA6A5BCFC26B5B4F8C6C5BABD86D5B27
:10047000508C6E5B518C6F5B528C705BEBCA715B06
:10048000EEE5725B538C735BDCE6745B548C755BDE
:10049000F5B7765B558C775B568C785B578C795BC0
:1004A000588C7A5BE6C87B5B598C7C5B5A8C7D5B95
:1004B000F5C47E5B5B8C7F5B5C8C805BB2E5815BB3
:1004C000FEC4825B5D8C835BFCCB845BB3E5855BA8
:1004D000ACD5865B5E8C875BEED3885BD8CA895BC4
:1004E000B2B08A5B5F8C8B5BCECB8C5BEACD8D5BD5
:1004F000608C8E5B618C8F5BEABA905B628C915BE7
:10050000638C925B648C935BB5E5945B658C955BC7
:10051000B4E5965B668C975BDAD7985BD9B9995B43
:10052000E6D69A5BA8B69B5BF0CD9C5BCBD29D5B7D
:10053000A6B19E5BB5CA9F5B678CA05BE8B3A15B6D
:10054000F3C9A25BCDBFA35BFBD0A45BD2CAA55B02
:10055000B6E5A65BC2BBA75B688CA85B698CA95B90
:100560006A8CAA5BDCCFAB5BACB9AC5B6B8CAD5B74
:100570006C8CAE5B6D8CAF5B6E8CB05BD7D4B15BBB
:100580006F8CB25B708CB35BA6BAB45BE7D1B55B22
:10059000FCCFB65BD2BCB75B718CB85BB7E5B95B1F
:1005A000DDC8BA5B728CBB5B738CBC5B748CBD5B4F
:1005B000EDBFBE5BF6B1BF5BDECBC05B758CC15BD4
:1005C000768CC25BC5BCC35B778CC45BC4BCC55BAB
:1005D000FAD2C65BDCC3C75BDCBFC85B788CC95B87
:1005E000798CCA5B7A8CCB5B7B8CCC5BBBB8CD5BEC
:1005F0007C8CCE5B7D8CCF5B7E8CD05BC2C3D15BB1
:10060000808CD25BAEBAD35BA2D4D45B818CD55B39
:10061000828CD65B838CD75B848CD85B858CD95BD2
:10062000868CDA5B878CDB5B888CDC5B898CDD5BA2
:10063000DEC7DE5BAFC4DF5BECB2E05B8A8CE15B04
:10064000D1B9E25B8B8CE35B8C8CE45BBBE5E55B57
:10065000C8C1E65B8D8CE75B8E8CE85BAFD5E95B50
:100660008F8CEA5B908CEB5B918CEC5B928CED5BFE
:10067000938CEE5BBCE5EF5B948CF05BBEE5F15BCD
:10068000958CF25B968CF35B978CF45B988CF55BA6
:10069000998CF65B9A8CF75B9B8CF85BE7B4F95B03
:1006A000D4B6FA5BC2CBFB5BB0D1FC5BBCB5FD5BE7
:1006B0009C8CFE5B9D8CFF5BD9CA005C9E8C015CB0
:1006C000E2B7025C9F8C035CA08C045CE4C9055C0F
:1006D000A18C065CABBD075CA28C085CA38C095C9A
:1006E000BECE0A5CF0D70B5CA48C0C5CA58C0D5CB8
:1006F000A68C0E5CA78C0F5CA1D0105CA88C115C42
:10070000D9C9125CA98C135CAA8C145CFBB6155C6D
:10071000D8E6165CE2BC175CAB8C185CBEB3195C07
:10072000AC8C1A5CD0C91B5CAD8C1C5CD9E61D5C22
:10073000A2B31E5CAE8C1F5CAF8C205CB08C215CC5
:10074000B18C225CCCDE235CB28C245CC8D3255CEB
:10075000CDDE265CB38C275CA2D2285CB48C295CED
:10076000B58C2A5CB68C2B5CB78C2C5CCEDE2D5CF9
:10077000B88C2E5CB98C2F5CBA8C305CBB8C315C35
:10078000CDBE325CBC8C335CBD8C345CCFDE355C62
:10079000BE8C365CBF8C375CC08C385CACCA395CB4
:1007A000FCD23A5CDFB33B5CEAE53C5CE1C43D5C17
:1007B000A1BE3E5CB2CE3F5CF2C4405CD6BE415CA2
:1007C000A8C6425CE3B2435CC18C445CC28C455C0D
:1007D000D3BE465CC38C475CC48C485CFCC7495C98
:1007E000EBCC4A5CECBD4B5CDDCE4C5CC58C4D5C0F
:1007F000C68C4E5CBACA4F5CC1C6505CECE5515C1D
:10080000BCD0525CC78C535CC88C545CC98C555CA2
:10081000B9D5565CCA8C575CCB8C585CCC8C595C77
:10082000EDE55A5CCD8C5B5CCE8C5C5CCF8C5D5C0A
:10083000D08C5E5CF4CA5F5CD18C605CC0CD615CC6
:10084000C5C2625CD28C635CEFE5645CD38C655C92
:10085000C4C2665CF0E5675CD48C685CD58C695C6E
:10086000D68C6A5CD78C6B5CD88C6C5CD98C6D5CDC
:10087000DA8C6E5CF8E56F5CCDCD705CDB8C715C06
:10088000BDC9725CDC8C735CDD8C745CDE8C755C69
:10089000DF8C765CE08C775CE18C785CE28C795C58
:1008A000D9D27A5CA8E17B5CE38C7C5CE48C7D5CD7
:1008B000E58C7E5CE68C7F5CECD3805CE78C815CB5
:1008C000EACB825CF1C6835CE88C845CE98C855C55
:1008D000EA8C865CEB8C875CEC8C885CACE1895C98
:1008E000ED8C8A5CEE8C8B5CEF8C8C5CA7E18D5C74
:1008F000A9E18E5CF08C8F5CF18C905CAAE1915C3C
:10090000AFE1925CF28C935CF38C945CEDB2955CFD
:10091000F48C965CABE1975CDAB8985CADE1995CDD
:10092000AEE19A5CB0E19B5CBAB59C5CB1E19D5CC8
:10093000F58C9E5CF68C9F5CF78CA05CF88CA15CBF
:10094000F98CA25CB3E1A35CB8E1A45CFA8CA55C71
:10095000FB8CA65CFC8CA75CFD8CA85CFE8CA95C67
:10096000D2D1AA5C408DAB5CB6E1AC5CB5E1AD5CCC
:10097000EBC1AE5C418DAF5C428DB05C438DB15C30
:10098000B7E1B25C448DB35CC0D4B45C458DB55C5A
:10099000B2E1B65C468DB75CBAE1B85CB6B0B95CA2
:1009A000478DBA5C488DBB5C498DBC5C4A8DBD5C93
:1009B000B4E1BE5C4B8DBF5CF9BFC05C4C8DC15CCB
:1009C000B9E1C25C4D8DC35C4E8DC45CBBE1C55CBE
:1009D0004F8DC65C508DC75C518DC85C528DC95C13
:1009E000538DCA5C548DCB5CBEE1CC5C558DCD5C27
:1009F000568DCE5C578DCF5C588DD05C598DD15CB7
:100A00005A8DD25CBCE1D35C5B8DD45C5C8DD55CD3
:100A10005D8DD65C5E8DD75C5F8DD85C608DD95C5A
:100A2000C5D6DA5C618DDB5C628DDC5C638DDD5C80
:100A3000648DDE5C658DDF5C668DE05C678DE15CFE
:100A4000BFCFE25C688DE35C698DE45CBDE1E55C91
:100A5000BFE1E65CCDC2E75C6A8DE85CEBB6E95CC1
:100A60006B8DEA5CF8D3EB5C6C8DEC5C6D8DED5CB2
:100A7000CDC7EE5C6E8DEF5C6F8DF05CE5B7F15C21
:100A8000708DF25C718DF35C728DF45C738DF55C2E
:100A9000748DF65C758DF75C768DF85C778DF95CFE
:100AA000788DFA5C798DFB5CFEBEFC5C7A8DFD5C1A
:100AB0007B8DFE5C7C8DFF5C7D8D005D7E8D015DA0
:100AC000808D025DC0E1035DC1E1045D818D055D46
:100AD000828D065DC7E1075DE7B3085D838D095D23
:100AE000848D0A5D858D0B5D868D0C5D878D0D5D1A
:100AF000888D0E5DE9C60F5D898D105D8A8D115D53
:100B00008B8D125D8C8D135D8D8D145DDEB4155D46
:100B10008E8D165DC2D1175D8F8D185D908D195D1C
:100B2000918D1A5D928D1B5DC8E11C5D938D1D5DDD
:100B3000948D1E5DC6E11F5D958D205D968D215DB6
:100B4000978D225D988D235D998D245DC5E1255D8E
:100B50009A8D265DC3E1275DC2E1285D9B8D295DED
:100B6000C0B12A5D9C8D2B5D9D8D2C5D9E8D2D5D74
:100B7000B8D52E5DC4E12F5D9F8D305DA08D315DB8
:100B8000A18D325DA28D335DA38D345DCBE1355DEA
:100B9000A48D365DA58D375DA68D385DA78D395D39
:100BA000A88D3A5DA98D3B5DAA8D3C5DAB8D3D5D09
:100BB000CCE13E5DCAE13F5DAC8D405DAD8D415DF8
:100BC000AE8D425DAF8D435DB08D445DB18D455DB1
:100BD000B28D465DB38D475DFAEF485DB48D495DDA
:100BE000B58D4A5DD3E14B5DD2E14C5DB6C74D5D3D
:100BF000B68D4E5DB78D4F5DB88D505DB98D515D31
:100C0000BA8D525DBB8D535DBC8D545DBD8D555D00
:100C1000BE8D565DBF8D575DC08D585DC9E1595D74
:100C2000C18D5A5DC28D5B5DCEE15C5DC38D5D5D46
:100C3000D0E15E5DC48D5F5DC58D605DC68D615D1B
:100C4000C78D625DC88D635DC98D645DCA8D655D4C
:100C5000CB8D665DCC8D675DCD8D685DCE8D695D1C
:100C6000D4E16A5DCF8D6B5DD1E16C5DCDE16D5DF1
:100C7000D08D6E5DD18D6F5DCFE1705DD28D715D78
:100C8000D38D725DD48D735DD58D745DD5E1755D49
:100C9000D68D765DD78D775DD88D785DD98D795D70
:100CA000DA8D7A5DDB8D7B5DDC8D7C5DDD8D7D5D40
:100CB000DE8D7E5DDF8D7F5DE08D805DE18D815D10
:100CC000E28D825DD6E1835DE38D845DE48D855D9B
:100CD000E58D865DE68D875DE78D885DE88D895DB4
:100CE000E98D8A5DEA8D8B5DEB8D8C5DEC8D8D5D84
:100CF000ED8D8E5DEE8D8F5DEF8D905DF08D915D54
:100D0000F18D925DF28D935DF38D945DF48D955D23
:100D1000F58D965DF68D975DF78D985DF88D995DF3
:100D2000D7E19A5DF98D9B5DFA8D9C5DFB8D9D5D94
:100D3000D8E19E5DFC8D9F5DFD8DA05DFE8DA15D6A
:100D4000408EA25D418EA35D428EA45D438EA55D63
:100D5000448EA65D458EA75D468EA85D478EA95D33
:100D6000488EAA5D498EAB5D4A8EAC5D4B8EAD5D03
:100D70004C8EAE5D4D8EAF5D4E8EB05D4F8EB15DD3
:100D8000508EB25D518EB35D528EB45D538EB55DA3
:100D9000548EB65D558EB75DDAE1B85D568EB95D9D
:100DA000578EBA5D588EBB5D598EBC5D5A8EBD5D47
:100DB0005B8EBE5D5C8EBF5D5D8EC05D5E8EC15D17
:100DC0005F8EC25D608EC35D618EC45D628EC55DE7
:100DD000DBE1C65D638EC75D648EC85D658EC95DEF
:100DE000668ECA5D678ECB5D688ECC5D698ECD5D8B
:100DF000A1CECE5D6A8ECF5D6B8ED05D6C8ED15DE7
:100E00006D8ED25D6E8ED35D6F8ED45D708ED55D2E
:100E1000718ED65D728ED75D738ED85D748ED95DFE
:100E2000758EDA5D768EDB5DDDE7DC5D778EDD5D10
:100E3000A8B4DE5DDDD6DF5D788EE05D798EE15DA4
:100E4000B2D1E25DB2B3E35D7A8EE45D7B8EE55DA7
:100E5000A4B9E65DF3D7E75DC9C7E85DDEBEE95D2D
:100E6000AEB9EA5D7C8EEB5DD7CEEC5D7D8EED5D3F
:100E70007E8EEE5DEEB2EF5DCFDBF05D808EF15DDC
:100E8000BABCF25DD1D2F35DC8CBF45DCDB0F55DF7
:100E9000818EF65D828EF75DEFCFF85D838EF95D12
:100EA000848EFA5D858EFB5D868EFC5D878EFD5D92
:100EB000E3D9FE5DEDBDFF5D888E005E898E015E2B
:100EC000D2B1025ED0CA035EBCB2045E8A8E055EF9
:100ED000A7CB065EABB7075E8B8E085EA6CA095E1F
:100EE0008C8E0A5E8D8E0B5E8E8E0C5EA3CF0D5E99
:100EF0008F8E0E5E908E0F5EF8E0105ECAD5115E8A
:100F0000FBE0125E918E135E928E145EFAE0155E27
:100F1000C1C5165EFBCC175E938E185EB1C1195E1B
:100F2000F9E01A5EE3D61B5EAFB21C5EC4D61D5E4E
:100F3000DBB51E5E948E1F5E958E205E968E215EC2
:100F4000978E225E988E235E998E245E9A8E255E01
:100F50009B8E265EF8B4275EA1D6285E9C8E295E05
:100F60009D8E2A5E9E8E2B5E9F8E2C5EA08E2D5EA9
:100F7000AFCF2E5EEFB02F5EA18E305EA28E315EBF
:100F8000FCE0325EA38E335EA48E345EA58E355EA9
:100F9000A68E365EA78E375EA1E1385EA3B3395EBA
:100FA000A88E3A5EA98E3B5EFDE03C5EFEE03D5EB3
:100FB000B1C33E5EAA8E3F5EAB8E405EAC8E415E9C
:100FC000AD8E425EDDC3435EAE8E445EA2E1455E01
:100FD000F9B7465EAF8E475EB08E485EB18E495E11
:100FE000B28E4A5EB38E4B5EB48E4C5ECFBB4D5E0E
:100FF000B58E4E5EB68E4F5EB78E505EB88E515E29
:10100000B98E525EBA8E535EBB8E545EA3E1555EBE
:10101000BBC4565EBC8E575EBD8E585EBE8E595E9A
:10102000BF8E5A5EC08E5B5EA4E15C5EC18E5D5E6B
:10103000C28E5E5EA5E15F5EC38E605EC48E615E41
:10104000A6E1625EB1B4635EC58E645EC68E655E07
:10105000C78E665EC88E675EC98E685ECA8E695E20
:10106000CB8E6A5ECC8E6B5ECD8E6C5ECE8E6D5EF0
:10107000CF8E6E5ED08E6F5ED18E705ED28E715EC0
:10108000D38E725EC9B8735EBDC6745EEAC4755E07
:10109000D48E765EA2B2775ED58E785ED2D0795E3F
:1010A000D68E7A5EDBE77B5EC3BB7C5ED7D37D5E8C
:1010B000C4D37E5ED78E7F5EE3B9805ECFE2815E71
:1010C000D88E825ED98E835EDA8E845EAFD7855EDF
:1010D000DB8E865EECC7875ED3B1885EDC8E895E70
:1010E000DD8E8A5EB2B48B5ED1E28C5EDE8E8D5E6A
:1010F000DF8E8E5EE08E8F5EF2D0905EAEC2915E2D
:10110000D0E2925EE18E935EE2BF945EA6D3955EDE
:10111000D7B5965ED2E2975EEAB5985EE28E995EAA
:10112000EDC39A5EFDB89B5EE38E9C5EAEB89D5E9D
:10113000E48E9E5ED3C59F5ECFB7A05ED4E2A15E73
:10114000E58EA25EE68EA35EE78EA45EE88EA55EC7
:10115000D3E2A65EC8B6A75EF9D7A85EE98EA95EFF
:10116000EA8EAA5EEB8EAB5EEC8EAC5EED8EAD5E73
:10117000A5CDAE5EEE8EAF5EEF8EB05EF08EB15E50
:10118000F18EB25EF28EB35ED8E2B45EF38EB55EDF
:10119000D6E2B65EFCCAB75EB5BFB85EB9D3B95E7B
:1011A000D5E2BA5EF48EBB5EF58EBC5EF68EBD5E99
:1011B000F78EBE5ED7E2BF5EF88EC05EF98EC15E6E
:1011C000FA8EC25EFB8EC35EFC8EC45EFD8EC55E73
:1011D000FE8EC65E408FC75E418FC85E428FC95E7D
:1011E000AEC1CA5EC8C0CB5E438FCC5E448FCD5EBD
:1011F000458FCE5E468FCF5E478FD05E488FD15EE3
:10120000DBE2D25EDAE2D35EAAC0D45E498FD55E5D
:101210004A8FD65ECEC1D75E4B8FD85E4C8FD95EDB
:101220004D8FDA5E4E8FDB5EDCE2DC5E4F8FDD5E83
:10123000508FDE5E518FDF5E528FE05E538FE15E36
:10124000548FE25E558FE35E568FE45E578FE55E06
:10125000588FE65E598FE75E5A8FE85EDDE2E95E01
:101260005B8FEA5EDEE2EB5E5C8FEC5E5D8FED5ED7
:101270005E8FEE5E5F8FEF5E608FF05E618FF15E7E
:10128000628FF25E638FF35E648FF45EC8DBF55E9F
:10129000658FF65ED3D1F75EA2CDF85E668FF95EFC
:1012A000678FFA5EA8BDFB5E688FFC5E698FFD5E8E
:1012B0006A8FFE5EC3DEFF5EA5D8005FAABF015F36
:1012C000CDDB025FECD2035FFAC6045FAAC5055FFF
:1012D0006B8F065F6C8F075F6D8F085FC4DE095FE1
:1012E0006E8F0A5FD7B10B5FAEDF0C5F6F8F0D5F44
:1012F000708F0E5F718F0F5FBDCA105F728F115FAD
:10130000B1DF125F738F135FADB9145F748F155F18
:10131000FDD2165F758F175FA5B8185FEBBA195F1E
:10132000768F1A5F778F1B5FDAB31C5F788F1D5F34
:10133000798F1E5F7A8F1F5FDCB5205FC5D5215F77
:101340007B8F225F7C8F235F7D8F245F7E8F255F65
:10135000D6C3265FD2CF275FA1BB285F808F295FCE
:10136000F3E52A5FF2E52B5F818F2C5F828F2D5F83
:10137000F4E52E5F838F2F5FE4CD305F848F315F84
:10138000F5C8325F858F335F868F345F878F355F17
:10139000888F365F898F375F8A8F385F8B8F395F91
:1013A000AFB53A5FBFC73B5F8C8F3C5FF6E53D5FF3
:1013B0008D8F3E5F8E8F3F5F8F8F405FB0EC415FC0
:1013C000908F425F918F435F928F445F938F455F11
:1013D000948F465F958F475F968F485F978F495FE1
:1013E000988F4A5F998F4B5F9A8F4C5F9B8F4D5FB1
:1013F0009C8F4E5F9D8F4F5F9E8F505FE6E5515FE4
:101400009F8F525FE9B9535FB1B5545FA08F555FAD
:10141000BCC2565FE8E5575FE7E5585FE9E5595F0D
:10142000A18F5A5FA28F5B5FA38F5C5FA48F5D5F0C
:10143000CDD25E5FA58F5F5FA68F605FA78F615F74
:10144000EAE1625FCED0635FA88F645FAECD655F77
:10145000A98F665FE5D1675FAA8F685FAB8F695F11
:10146000CAB26A5FEBB16B5FAC8F6C5FF2B16D5F5C
:10147000EDC56E5FAD8F6F5FAE8F705FC3D5715F6F
:10148000B0D3725FAF8F735FDCE1745FB08F755F55
:10149000B18F765FB28F775FDDE1785FB38F795F71
:1014A000DBD27A5FB48F7B5FB9B37C5FCBB17D5FFA
:1014B000B58F7E5FB68F7F5FB78F805FF9CD815F1D
:1014C000F7D5825FDEE1835FB88F845FB6BE855F4C
:1014D000FDB4865FB98F875FDFE1885FDCBA895F23
:1014E000E0E18A5FB2BB8B5FC9C28C5FE1E18D5FD7
:1014F000BA8F8E5FBB8F8F5FBC8F905FECD0915F98
:10150000BD8F925FBDCD935FBE8F945FBF8F955FA0
:10151000E2E1965FC08F975FC3B5985FC7C5995FDB
:10152000E3E19A5FC18F9B5FC28F9C5FE4E19D5FA7
:10153000C38F9E5FC48F9F5FC58FA05FC68FA15F63
:10154000F9D3A25FC78FA35FC88FA45FC98FA55FC0
:10155000CA8FA65FCB8FA75FCC8FA85FE5E1A95F9D
:10156000CD8FAA5FADD1AB5FCE8FAC5FCF8FAD5FBC
:10157000E6E1AE5FA2CEAF5FD08FB05FD18FB15F3B
:10158000D28FB25FD38FB35FD48FB45FD58FB55F87
:10159000E7E1B65FD68FB75FC2B5B85FD78FB95FE7
:1015A000D88FBA5FD98FBB5FDA8FBC5FE8E1BD5FD0
:1015B000D5BBBE5FDB8FBF5FDC8FC05FDD8FC15FE0
:1015C000DE8FC25FDF8FC35FC4D0C45FE0E2C55F60
:1015D000D8B1C65FE4D2C75FE08FC85FE18FC95F53
:1015E000E1E2CA5FE28FCB5FE38FCC5FC9BCCD5F26
:1015F000CCC8CE5FE48FCF5FE3E2D05FFEECD15F7B
:10160000FDECD25FAFDFD35FE58FD45FE68FD55FB0
:10161000E78FD65FE2E2D75FBED6D85FFCCDD95F59
:10162000A6C3DA5FE88FDB5FE98FDC5FEA8FDD5FFF
:10163000C3E3DE5FEB8FDF5FEC8FE05FD2D6E15F6D
:10164000E7E2E25FED8FE35FEE8FE45FE8E2E55F04
:10165000EF8FE65FF08FE75FC7D3E85FF18FE95F59
:10166000F28FEA5FECE2EB5FECBFEC5FF38FED5FD4
:10167000EDE2EE5FE5E2EF5FF48FF05FF58FF15F93
:10168000C0B3F25FF68FF35FF78FF45FF88FF55F0B
:10169000EEC4F65FF98FF75FFA8FF85FEEE2F95F5D
:1016A000FB8FFA5FFC8FFB5FC3D0FC5FFD8FFD5F9C
:1016B000F6BAFE5FE9E2FF5FDEB70060B3BB016030
:1016C000ACCC0260CBCB0360E4E20460E6E20560F0
:1016D000EAE20660EBE20760FE8F08604090096076
:1016E00041900A60F7E20B6042900C6043900D60FD
:1016F000F4E20E60F5D40F60F3E2106044901160E4
:1017000045901260ADC5136046901460FAD515601F
:10171000C2C51660C0B21760479018604890196043
:10172000EFE21A6049901B60F2E21C60AFC11D60DD
:10173000BCCB1E604A901F604B902060A1B5216019
:10174000F9E222604C9023604D9024604E90256019
:10175000B1BC2660F1E22760D4D02860B9D42960FA
:10176000F5E22A60D6B92B60F6E22C604F902D602E
:1017700050902E6051902F60D3C7306052903160EE
:101780005390326054903360559034605690356079
:10179000F0E2366057903760589038605990396061
:1017A0005A903A605B903B60DCD73C60A1ED3D60B5
:1017B0005C903E605D903F60F8E240605E9041600A
:1017C000A5ED4260FEE24360D1CA44605F9045608F
:1017D00060904660619047606290486063904960A5
:1017E00064904A6065904B60B5C14C6066904D60F6
:1017F000D0BB4E6067904F6068905060D6BF51601C
:1018000069905260E3BA53606A9054606B9055607F
:10181000A1CB56606C9057606D9058606E90596087
:10182000A6ED5A60A3ED5B606F905C6070905D60A8
:10183000A2ED5E6071905F60729060607390616015
:1018400074906260D6BB6360A7ED6460F4D065609D
:101850007590666076906760A4ED6860DEBA696036
:10186000F7B66A60A1E36B60B2B66C60F1CC6D60F4
:10187000A7B96E6077906F60A2CF7060A1C77160EA
:101880007890726079907360D2BF74607A9075605E
:101890007B907660F1B677607C907860FAE2796050
:1018A000FBE27A60FDE27B60FCE27C60D5C47D6097
:1018B000A2E37E607D907F60C1D380607E90816076
:1018C0008090826081908360A7E38460C4C7856054
:1018D000829086608390876084908860859089601C
:1018E000A4CF8A6086908B6087908C60A9E38D601E
:1018F000B7BA8E6088908F60899090608A9091606E
:101900008B909260A8E393608C909460DABB9560B2
:101910008D909660A3E397608E9098608F90996009
:1019200090909A60A4E39B60AAE39C6091909D6074
:10193000A6E39E6092909F60F2CEA060C6D3A160A5
:101940009390A2609490A360BCBBA4609590A560A6
:101950009690A660C3D4A7609790A860FAC4A960C7
:101960009890AA609990AB60A8EDAC60FCD0AD6097
:10197000A5E3AE609A90AF60F5C3B0609B90B16094
:10198000ADE3B260AFB1B3609C90B460B2E3B56058
:101990009D90B6609E90B7609F90B860C2BCB960E1
:1019A000A090BA60A190BB60ACE3BC60BFB5BD6065
:1019B000A290BE60A390BF60A490C060A590C160DB
:1019C000A690C260A790C360A890C460A990C560AB
:1019D000E9C7C660B0E3C760AA90C860AB90C960B1
:1019E000AC90CA60AABECB60EFCDCC60AD90CD60AC
:1019F000AE90CE60AF90CF60B090D060B190D1602B
:101A0000F3BBD260B290D360B390D460B490D56091
:101A1000E8CCD660B590D760B690D860AFE3D96017
:101A2000B790DA60B1E3DB60B890DC60A7CFDD602F
:101A3000AEE3DE60B990DF60A9CEE060DDBBE160BF
:101A4000BA90E260BB90E360BC90E460BD90E5605A
:101A5000BE90E660EBB5E760E5BEE860D2B2E96053
:101A6000CDB3EA60BF90EB60B9B1EC60ABE3ED6081
:101A7000D1B2EE60ACB5EF60DFB9F060E8B6F1600E
:101A8000C090F260C190F360EBCFF460B7E3F56013
:101A9000C290F660CCBBF760C390F860C490F96068
:101AA000C7C8FA60CAD0FB60C590FC60C690FD60F4
:101AB000C790FE60C890FF60C9900061B8E3016103
:101AC000EEB30261CA900361CB900461CC900561D2
:101AD000CD900661A9ED0761CE900861FAD3096146
:101AE000E4D30A61CF900B61D0900C61D1900D616D
:101AF000AAED0E61B9E30F61E2D21061D2901161DB
:101B0000D3901261D4901361D5901461D690156171
:101B1000B5E31661D7901761D8901861D990196113
:101B2000DA901A61DED31B61DB901C61DC901D61D1
:101B3000DD901E61DE901F61D0B82061B3E32161AA
:101B4000DF902261E0902361B6E32461DFB7256175
:101B5000E1902661B4E32761A2C02861E290296187
:101B6000E3902A61E4902B61BAE32C61E5902D614A
:101B7000E6902E61E7902F61E8903061E990316145
:101B8000EA903261EB903361EC903461ED90356115
:101B9000EE903661EF903761F0903861F1903961E5
:101BA000F2903A61F3903B61F4903C61F5903D61B5
:101BB000F6903E61F7903F61B8D44061F890416182
:101BC000F9904261FA904361FB904461FC90456159
:101BD000FD904661FE90476140914861C8B44961FB
:101BE00041914A61BBE34B6142914C61C5BB4D6180
:101BF00043914E61F7C94F614491506145915161E4
:101C0000E5C95261469153614791546148915561CC
:101C1000BDC45661499157614A9158614B915961D0
:101C20004C915A614D915B614E915C614F915D6148
:101C3000ABED5E6150915F61519160615291616164
:101C400053916261FDC26361549164615591656114
:101C50005691666157916761DBBB6861AEBF696190
:101C600058916A6159916B615A916C615B916D6198
:101C70005C916E615D916F615E917061BFCE7161CB
:101C80005F9172616091736161917461629175613C
:101C9000BCE3766163917761B6BF786164917961E5
:101CA00065917A6166917B6167917C6168917D61E4
:101CB00069917E616A917F616B9180616C918161B4
:101CC0006D9182616E9183616F9184617091856184
:101CD0007191866172918761739188617491896154
:101CE00075918A6176918B61EFB18C6177918D618D
:101CF00078918E61F7D48F61799190617A91916139
:101D00007B9192617C9193617D919461BEE3956139
:101D10007E9196618091976181919861829199619C
:101D200083919A6184919B6185919C6186919D616B
:101D3000ADED9E6187919F618891A0618991A161BC
:101D40008A91A2618B91A3618C91A4618D91A5610F
:101D50008E91A6618F91A761BFE3A861A9BAA9611D
:101D6000ACEDAA619091AB619191AC61BDE3AD61C5
:101D70009291AE619391AF619491B0619591B1618F
:101D80009691B2619791B3619891B4619991B5615F
:101D90009A91B6619B91B761C0E3B8619C91B961BA
:101DA0009D91BA619E91BB619F91BC61A091BD6103
:101DB000A191BE61B6BABF61A291C061A391C16198
:101DC000A491C261AEB6C361A591C461A691C5617B
:101DD000A791C661A891C761A991C861B8D0C9612E
:101DE000AA91CA61C3B0CB61AEEDCC61AB91CD61BC
:101DF000AC91CE61AD91CF61AE91D061AF91D16127
:101E0000AFEDD261C1C0D361B091D461C1E3D561FE
:101E1000B191D661B291D761B391D861B491D961D2
:101E2000B591DA61B691DB61B791DC61B891DD61A2
:101E3000B991DE61BA91DF61BB91E061BC91E16172
:101E4000BD91E261BE91E361BF91E461C091E56142
:101E5000C191E661B3C5E761C291E861C391E961EF
:101E6000C491EA61C591EB61C691EC61C791ED61E6
:101E7000C891EE61C991EF61CA91F061CB91F161B6
:101E8000CC91F261CD91F361CE91F461CF91F56186
:101E9000C2E3F661D091F761D191F861D291F96115
:101EA000D391FA61D491FB61D591FC61D691FD612A
:101EB000D791FE61D891FF61B2DC0062D9910162D5
:101EC000DA910262DB910362DC910462DD910562CA
:101ED000DE910662B0ED0762DF910862EAB809623E
:101EE000E0910A62ECCE0B62A7EA0C62E7D00D62C9
:101EF000F9CA0E62D6C80F62B7CF1062C9B31162B9
:101F0000D2CE1262E4BD1362E1911462E2911562D5
:101F1000DEE31662F2BB1762A8EA1862BDD5196249
:101F2000E3911A62DDC61B62A9EA1C62E4911D629C
:101F3000E5911E62E6911F62AAEA2062E7912162A2
:101F4000ACEA2262ABEA2362E8912462AEEA25623F
:101F5000ADEA2662E9912762EA912862EB91296253
:101F6000EC912A62D8BD2B62ED912C62AFEA2D6212
:101F7000EE912E62BEC22F62EF913062F09131621B
:101F8000F1913262F2913362C1B43462F7B43562D6
:101F9000F3913662F4913762A7BB3862F5913962EA
:101FA000F6913A62F7913B62F8913C62F9913D6299
:101FB000E6EC3E62E5EC3F62BFB74062F9CB4162BE
:101FC000E2B14262FA914362E7EC4462FB914562FE
:101FD000FC914662FD914762C8C94862E8EC4962DB
:101FE000E9EC4A62FE914B62D6CA4C62D0DE4D6289
:101FF000C5B24E62FAD44F62409250624192516231
:10200000CBC65262C7B05362F2B45462D3C85562B1
:10201000429256624392576244925862D0CD5962BE
:1020200045925A6246925B62B8BF5C6247925D62BB
:1020300048925E6249925F624A9260624B9261622C
:102040004C9262624D926362DBBF64624E92656243
:102050004F926662A4C76762B4D6686250926962A2
:10206000A9C06A62D1DE6B62A8C96C62EFD16D62F1
:10207000A4C56E62E7B06F62B6B37062C5C8716224
:102080005192726252927362E2B0746253927562BC
:1020900054927662F6B77762559278625692796278
:1020A000FAC57A6257927B6258927C62F3B67D627F
:1020B00059927E62D2D57F62D0B38062BCBC81620D
:1020C0005A9282625B9283625C928462ADB3856253
:1020D0005D9286625E9287625F9288626092896298
:1020E000F1BE8A62D1B08B6261928C6262928D6223
:1020F00063928E6264928F62659290626692916240
:10210000D6D29262E3CA9362A5D79462679295622F
:10211000B6CD9662B6B69762B9BF9862DBD59962C2
:1021200068929A62A7B89B62D7C59C6269929D62C9
:102130006A929E626B929F62D2DEA062D9BFA16258
:10214000D5C2A262C0C7A3626C92A462A4BBA562FE
:10215000A8B1A6626D92A7626E92A862EAC5A96252
:102160006F92AA627092AB62FBC5AC62A7CCAD6203
:102170007192AE627292AF627392B0627492B16207
:10218000A7B1B2627592B3627692B4627792B56289
:10219000D6B5B6627892B7627992B8627A92B9622D
:1021A000A8C4BA627B92BB62D3DEBC62BAD1BD6204
:1021B000E9B3BE627C92BF62F2C3C0627D92C1622B
:1021C0007E92C262F7B7C3628092C462F4D6C562DF
:1021D000A3B5C662F0B2C762B4C4C862E9C4C9623A
:1021E000ADC0CA62D4DECB628192CC62E8B0CD626F
:1021F000C4C5CE62E0C1CF628292D062D5B9D1624D
:102200008392D262DCBED362D8CDD462CEB0D56226
:102210008492D662CFCDD762D6DED862D0BED962E4
:10222000BED7DA62D5DEDB62D0D5DC62DDB0DD623E
:102230008592DE628692DF62E2C4E0628792E162AA
:102240008892E262A3C2E362F0BCE4628992E56232
:10225000B5D3E662B9C0E762A1C5E862A6B2E96299
:10226000F1D4EA628A92EB628B92EC62A8C0ED62D2
:10227000C3CAEE62D7DEEF62FCD5F0628C92F162E7
:10228000B0B9F2628D92F362ADC8F462A9CBF56287
:102290008E92F662D9DEF762BDBFF8628F92F96264
:1022A0009092FA629192FB629292FC62B4C6FD62D5
:1022B000A7D7FE62B0CAFF62C3C4006393920163F2
:1022C000D6B30263D2B90363949204639592056313
:1022D0009692066397920763B8D60863FCEA09638F
:1022E000B4B00A6398920B6399920C639A920D634F
:1022F0009B920E63E6BF0F639C9210639D921163E5
:10230000F4CC12639E9213639F921463A0921563A0
:10231000A1921663DACD1763A2921863A392196390
:10232000A4921A63BFD61B63CEC21C63A5921D6321
:10233000CECE1E63A2CC1F63AED02063D3C4216374
:10234000B2B52263D8DE2363F5D52463B7BC256319
:10235000D3BB2663A6922763A7922863A4B0296300
:10236000A8922A63B2C52B63ECB42C63A9922D63A7
:10237000AA922E63AB922F63F1D53063AC92316396
:10238000AD923263FDEA3363AE923463AF9235634C
:10239000B0923663B1923763B2923863B3923963C5
:1023A000DADE3A63A6CD3B63B4923C63B5923D63FB
:1023B000ECCD3E63B6923F63B7924063B8924163FF
:1023C000B9924263E6CE4363DCDE4463BA9245636E
:1023D000B1CD4663A6C04763BB924863BC924963D4
:1023E000BDD74A63BD924B63DBDE4C63C6B04D6321
:1023F000B4BA4E63D3C94F63F3C45063E8BE5163AC
:10240000BE925263BF925363C0925463C1925563AC
:10241000B6B25663C2925763C3925863C49259636B
:10242000C5925A63C6925B63C7925C63C8925D6350
:10243000C9925E63CCC05F63F0CB6063CA92616394
:10244000F1BC6263BBBB6363B7B56463CB92656386
:10245000CC926663CD926763F5C56863CE9269637B
:10246000E6DE6A63CF926B63D0926C63D1926D6348
:10247000E3DE6E63DDBE6F63D2927063D3927163ED
:10248000DFDE7263D4927363D5927463D692756300
:10249000D7927663B7B47763DDBD7863D8927963FA
:1024A000D9927A63E0DE7B63EDC47C63DA927D636C
:1024B000DB927E63DC927F63DD928063C6CF8163B3
:1024C000DE928263E0B58363DF928463E09285638A
:1024D000E1928663E2928763DEB68863DACA896333
:1024E000F4B58A63E5DE8B63E3928C63C6D58D63B6
:1024F000E4928E63E1DE8F63CDCC9063FEC6916380
:10250000E5929263C5C59363E6929463E7929563FF
:10251000E8929663B4D29763E9929863F2BE9963A6
:10252000EA929A63EB929B63EC929C63ED929D63BB
:10253000EE929E63EF929F63F092A063D3C2A16379
:10254000F192A263BDCCA363B8B3A463F292A56376
:10255000D3BDA663F392A763D8BFA863C6CDA96312
:10256000DAD1AA63EBB4AB63F492AC63E4DEAD639F
:10257000DDDEAE63E7DEAF63F592B063FEEAB16322
:10258000F692B263F792B363B0C2B463E2DEB563AE
:10259000F892B663F992B763C0D6B863A7B5B963CA
:1025A000FA92BA63F4B2BB63FB92BC63E8DEBD632C
:1025B000FC92BE63F2DEBF63FD92C063FE92C16314
:1025C0004093C2634193C3634293C463EDDEC5632A
:1025D0004393C663F1DEC7634493C8634593C963FD
:1025E000E0C8CA634693CB634793CC634893CD63FB
:1025F000E1D7CE63EFDECF63E8C3D063E1CCD16334
:102600004993D263E5B2D3634A93D4634B93D563C2
:102610004C93D663BED2D7634D93D8634E93D963A0
:102620004F93DA635093DB635193DC635293DD6322
:102630005393DE63EEDEDF635493E063EBDEE1632E
:10264000D5CEE2635593E363A7B4E4635693E563A1
:102650005793E6635893E7635993E8635A93E963A2
:10266000ABBFEA63BEBEEB635B93EC635C93ED636D
:10267000D2BDEE635D93EF635E93F0635F93F163AE
:102680006093F263E9DEF3636193F463AED4F563C0
:102690006293F663DEDEF7636393F863EADEF96361
:1026A0006493FA636593FB636693FC636793FD63CE
:1026B000BFC0FE636893FF63ECDE0064F3B20164A5
:1026C000E9B80264A7C20364699304646A93056469
:1026D000C1BD06646B9307646C9308646D930964D1
:1026E0006E930A646F930B64F5DE0C64F8DE0D6480
:1026F00070930E6471930F64ABB21064A4B4116450
:102700007293126473931364EAB41464A6C91564D3
:1027100074931664759317647693186477931964A9
:1027200078931A6479931B64F6DE1C64D1CB1D6424
:102730007A931E64E3B81F647B932064F7DE216400
:10274000FADE22647C9323647D9324647E93256463
:1027500080932664F9DE2764819328648293296438
:1027600083932A64C2CC2B6484932C64E1B02D64DF
:10277000EEB42E6485932F6486933064879331641E
:1027800088933264899333648A933464BAE53564F8
:102790008B9336648C9337648D9338648E9339644D
:1027A0008F933A64AFD03B6490933C6491933D64C3
:1027B000EBB23E6492933F64A1EB40649393416417
:1027C000F4DE42649493436495934464E3C945649E
:1027D000F3DE4664DAB04764A1D24864F7B14964D5
:1027E00096934A64AFCC4B6497934C6498934D6432
:1027F00099934E649A934F649B9350649C93516455
:102800009D935264F0DE53649E935464A4CB55644C
:102810009F935664A0935764A1935864AAD55964B2
:10282000A2935A64A3935B64A4935C64A5935D64D0
:10283000A6935E64FBDE5F64A7936064A893616403
:10284000A9936264AA936364AB936464AC93656474
:10285000AD936664AE936764DDB46864AF936964F6
:10286000A6C46A64B0936B64B1936C64B2936D64F4
:10287000FDDE6E64B3936F64B4937064B59371645A
:10288000B6937264B7937364B8937464B9937564C0
:10289000BA937664BB937764BC937864FEC379641F
:1028A000A1C47A64A1DF7B64BD937C64BE937D6424
:1028B000BF937E64C0937F64C1938064C29381643C
:1028C000C3938264CCC18364C4938464FCDE856456
:1028D000EFBE8664C5938764B2C68864C693896474
:1028E000C7938A64C8938B64C9938C64CA938D64BC
:1028F000CB938E64CC938F64CD939064CE9391648C
:10290000C5B39264F6C89364CF939464D0939564EE
:10291000BACB9664FEDE9764D1939864D29399649F
:10292000A4DF9A64D3939B64D4939C64D5939D64F1
:10293000D6939E64B2D79F64D793A064D893A164C2
:10294000D993A264DA93A364DB93A464B7B3A564B8
:10295000DC93A664DD93A764DE93A864DF93A96487
:10296000C3C1AA64E093AB64E193AC64CBC7AD642C
:10297000A5B2AE64E9B4AF64E293B064ABD7B1641E
:10298000E393B264E493B364E593B464E693B5640B
:10299000ECC4B664E793B764A2DFB864A3DFB9649C
:1029A000E893BA64A5DFBB64E993BC64B3BABD64C1
:1029B000EA93BE64EB93BF64EC93C064A6DFC1648A
:1029C000ED93C264DEC0C364EE93C464EF93C56448
:1029D000C3C9C664F093C764F193C864F293C96431
:1029E000F393CA64F493CB64F593CC64F693CD640B
:1029F000D9B2CE64E6C7CF64F793D064A7DFD164C1
:102A0000F893D264DCC7D364F993D464FA93D564A1
:102A1000FB93D664FC93D764A8DFD864A2EBD96497
:102A2000FD93DA64FE93DB644094DC644194DD64DE
:102A30004294DE64D3CBDF644394E0644494E16465
:102A40004594E264AADFE3644694E464A9DFE564A4
:102A50004794E664C1B2E7644894E8644994E96441
:102A60004A94EA644B94EB644C94EC644D94ED64AA
:102A70004E94EE644F94EF645094F0645194F1647A
:102A80005294F2645394F3645494F4645594F5644A
:102A90005694F6645794F7645894F8645994F9641A
:102AA0005A94FA645B94FB645C94FC645D94FD64EA
:102AB0005E94FE645F94FF6460940065CAC501651E
:102AC000619402656294036563940465649405658A
:102AD000659406656694076567940865689409655A
:102AE000ABDF0A6569940B656A940C656B940D65A0
:102AF0006C940E656D940F656E9410656F941165FE
:102B000070941265DCD41365719414657294156524
:102B1000739416657494176575941865C1C8196522
:102B200076941A6577941B6578941C6579941D6575
:102B30007A941E657B941F657C9420657D94216545
:102B40007E94226580942365819424658294256512
:102B5000ACDF266583942765849428658594296570
:102B600086942A6587942B65F0BE2C6588942D6524
:102B700089942E65ADDF2F65A7D630658A943165BF
:102B80008B9432658C9433658D943465B7EA3565E2
:102B9000B6EB3665D5CA37658E943865FCD839658D
:102BA000C4B83A658F943B65A5B93C6590943D6582
:102BB00091943E65C5B73F65FED5406592944165E9
:102BC00093944265949443659594446596944565C1
:102BD000CAB946659794476598944865A7D04965F2
:102BE000CDF44A6599944B659A944C65D0B54D6582
:102BF0009B944E659C944F65F4C350659D945165BC
:102C0000C8BE52659E9453659F945465A0945565C3
:102C1000B7EB5665BDB05765A1945865A294596548
:102C2000CCBD5A65A3945B65B2C15C65A4945D6537
:102C3000D6B15E65A8B35F65A5946065A69461652D
:102C4000A7946265D2B86365A2C96465A8946565F6
:102C5000A9946665D8B66765AA946865AB946965FA
:102C6000AC946A65AD946B65B8EB6C65B4BE6D658C
:102C7000AE946E65AF946F65B0947065FDCA716572
:102C8000B1947265C3C77365B2947465FBD57565FD
:102C9000B3947665B4947765F3B77865B594796540
:102CA000B6947A65B7947B65B8947C65B9947D6574
:102CB000BA947E65BB947F65BC948065BD94816544
:102CC000BE948265BF948365C0948465C194856514
:102CD000C2948665C3948765C4CE8865C4948965AB
:102CE000C5948A65C6948B65ABD58C65F3B18D654B
:102CF000C7948E65C8948F65C9949065B3EC91654F
:102D0000DFB09265CA949365B5EC9465CB949565F4
:102D1000CC949665CD949765B7B69865CE94996531
:102D2000CFC19A65CF949B65FAF59C65B1D09D653E
:102D3000D0949E65D1949F65E5D5A065D294A16598
:102D4000D3CEA265D394A365D494A465EFBDA56545
:102D5000E2B3A665D594A765ABB8A865D694A96576
:102D6000B6D5AA65D794AB65BDEDAC65D894AD6515
:102D7000CFB6AE65D994AF65B9CBB065C2D0B165F9
:102D8000DA94B265DB94B365DC94B465DD94B56523
:102D9000DE94B665DF94B765E094B865E194B965F3
:102DA000BDB7BA65E294BB65E394BC65B6ECBD659E
:102DB000A9CABE65E494BF65E594C065E694C165A3
:102DC000D4C5C265E794C365B9ECC465B8ECC56504
:102DD000C3C2C665B7ECC765E894C865E994C96520
:102DE000EA94CA65EB94CB65FDD0CC65BAECCD65B1
:102DF000EC94CE65BBECCF65E5D7D065ED94D1659D
:102E0000EE94D265BCECD365EF94D465F094D565AF
:102E1000F194D665BDECD765ECC6D865F294D9655A
:102E2000F394DA65F494DB65F594DC65F694DD657E
:102E3000F794DE65F894DF65F994E065DECEE16530
:102E4000FA94E265C8BCE365FB94E465FC94E5652F
:102E5000D5C8E665A9B5E765C9BEE865BCD6E9652C
:102E6000E7D4EA65FD94EB65FE94EC65AED1ED65C3
:102E7000F1D0EE65B8EAEF65B9EAF065BAEAF16556
:102E8000B5BAF2654095F3654195F4654295F565EF
:102E90004395F665B1CAF765F5BFF8654495F965E0
:102EA0004595FA65FACDFB654695FC654795FD6548
:102EB0004895FE654995FF654A950066C0EA01663A
:102EC0004B950266BAB00366BEEA04664C95056689
:102ED0004D950666A5C007664E9508664F9509662E
:102EE00050950A66BBEA0B6651950C66FDB20D66FD
:102EF00052950E66F7C30F66E8BB106653951166D0
:102F00005495126655951366D7D21466F4CE15669D
:102F1000BFEA16665695176657951866589519664E
:102F2000BCEA1A6659951B665A951C665B951D6628
:102F3000C3EA1E665C951F66C7D02066B3D32166C0
:102F40005D9522665E9523665F952466609525668D
:102F5000BAB4266661952766C1C32866F2D729668A
:102F600062952A6663952B6664952C6665952D6639
:102F7000D1D52E6666952F66C7CA306667953166CD
:102F8000C5EA32666895336669953466C4EA356683
:102F9000C7EA3666C6EA37666A9538666B9539665B
:102FA0006C953A666D953B666E953C66E7D63D66D8
:102FB0006F953E66D4CF3F667095406671954166C9
:102FC000CBEA426672954366CEBB4466739545660E
:102FD0007495466675954766769548667795496611
:102FE00078954A6679954B66FABD4C66CEC94D66B2
:102FF0007A954E667B954F66CCEA50667C95516615
:103000007D955266B9C95366FECF5466CAEA5566C5
:10301000CED45666CDEA5766CFEA58667E95596695
:1030200080955A66EDCD5B6681955C6682955D669E
:1030300083955E6684955F66C9EA6066859561667C
:10304000CEEA62668695636687956466EECE6566AF
:1030500088956666DEBB676689956866BFB36966F4
:103060008A956A668B956B668C956C668D956D6698
:103070008E956E66D5C66F66B0BE7066FACE716606
:103080008F9572669095736691957466E7C77566BD
:1030900092957666A7BE7766D0EA7866939579664C
:1030A00094957A66C7D67B6695957C6696957D667F
:1030B00097957E66C0C17F66989580669995816672
:1030C0009A958266DDD483669B958466D1EA85668F
:1030D0009C9586669D958766BECF88669E95896617
:1030E0009F958A66A0958B66A1958C66D2EA8D66BF
:1030F000A2958E66A3958F66A4959066A595916618
:10310000EECA9266A6959366A7959466A89595666D
:10311000A9959666AFC59766B5B09866AA95996663
:10312000AB959A66AC959B66AD959C66AE959D6693
:10313000D4EA9E66AF959F66B095A066B195A166EC
:10314000B295A266B395A366B495A466B595A56637
:10315000B695A666B795A766D3EAA866DFF4A96612
:10316000B895AA66B995AB66BA95AC66BB95AD66DF
:10317000BC95AE66BAC4AF66BD95B066BE95B16685
:10318000BF95B266C095B366C195B466A9B1B56680
:10319000C295B666C395B766C495B866C595B96657
:1031A000DFE5BA66C695BB66C795BC66C895BD66C1
:1031B000C995BE66D5EABF66CA95C066CB95C1669D
:1031C000CC95C266CD95C366CE95C466CF95C566CF
:1031D000D095C666D195C766D295C866D395C9669F
:1031E000D495CA66D595CB66D695CC66D795CD666F
:1031F000D895CE66D995CF66DA95D066DB95D1663F
:10320000DC95D266DD95D366DE95D466DF95D5660E
:10321000E095D666E195D766E295D866E395D966DE
:10322000EFCADA66E495DB66D6EADC66D7EADD66E5
:10323000D8C6DE66E595DF66E695E066E795E16669
:10324000E895E266E995E366EA95E466EB95E5665E
:10325000EC95E666D8EAE766ED95E866EE95E966F0
:10326000D9EAEA66EF95EB66F095EC66F195ED66C6
:10327000F295EE66F395EF66F495F066BBD4F166D1
:10328000F595F266FAC7F366B7D2F466FCB8F56650
:10329000F695F666F795F766C2EAF866F895F96668
:1032A000DCB2FA66F995FB66FA95FC66FCC2FD662F
:1032B000FB95FE66F8D4FF66E6CC0067EED70167A3
:1032C000FC950267FD950367FE95046740960567C8
:1032D000419606674296076743960867C2D4096716
:1032E000D0D30A67C3EB0B67F3C50C6744960D6731
:1032F000FEB70E6745960F6746961067D4EB1167C9
:10330000479612674896136749961467B7CB1567B7
:10331000DEEB16674A961767CAC018674B9619679F
:103320004C961A674D961B67FBCD1C674E961D6722
:10333000AFB31E674F961F67DAC6206750962167A6
:1033400051962267529623675396246754962567B1
:1033500055962667FCEB276756962867BEC42967F3
:1033600057962A67B4CE2B67A9C42C67BEB12D67C8
:10337000FDD42E6758962F67F5CA30675996316786
:10338000ECD632675A9633675B963467D3C6356797
:10339000E4B636675C9637675D9638675E96396740
:1033A0005F963A67FABB3B6760963C6761963D67FC
:1033B000E0D03E6762963F6763964067B1C9416758
:1033C00064964267D3D44367A8C844676596456747
:1033D00066964667CBB8476767964867BEE8496711
:1033E000BCC94A6768964B6769964C67BBE84D67EE
:1033F0006A964E67EEC04F67D3D05067C4B251672C
:10340000E5B452676B965367BCE854676C96556792
:103410006D965667C8D557676E9658676F96596709
:1034200070965A6771965B6772965C67C5B65D6702
:1034300073965E67BDE85F67F8CA6067DCB861676E
:10344000F5CC626774966367759664677696656770
:10345000B4C066677796676778966867EED16967E4
:10346000BFE86A67C2E86B6779966C677A966D67A2
:10347000BCBA6E677B966F67ADB17067DCBD716774
:103480007C967267BDEA7367C3E874677D9675675B
:10349000C6E876677E967767CBE878678096796727
:1034A00081967A6782967B6783967C67CCE87D6796
:1034B00084967E67C9CB7F67E5B080678596816714
:1034C000ABBC82678696836787968467B9B9856740
:1034D0008896866789968767C1E888678A9689672C
:1034E000F7CD8A678B968B67CAE88C678C968D6759
:1034F0008D968E678E968F678F969067F6CE9167C2
:103500009096926791969367929694679396956733
:10351000EDD5966794969767D6C19867C4E8996782
:1035200095969A67B6C39B6796969C67FBB99D670D
:10353000A6D69E67C8E89F679796A0679896A167EA
:103540009996A267E0CAA367E6D4A4679A96A5678E
:10355000C0E8A6679B96A767C5E8A867C7E8A967FC
:103560009C96AA67B9C7AB67E3B7AC679D96AD6792
:10357000C9E8AE679E96AF67DDBFB067D2E8B167B6
:103580009F96B267A096B367D7E8B467A196B56770
:10359000D5E8B667DCBCB767CFBCB867DBE8B9670E
:1035A000A296BA67A396BB67A496BC67A596BD67AB
:1035B000A696BE67A796BF67A896C067A996C1677B
:1035C000DEE8C267AA96C367DAE8C467FAB1C567DE
:1035D000AB96C667AC96C767AD96C867AE96C96727
:1035E000AF96CA67B096CB67B196CC67B296CD67F7
:1035F000B396CE67B496CF67D8B0D067B3C4D1675F
:10360000CCB8D267E2C6D367BEC8D467E1C8D56775
:10361000B596D667B696D767B796D867CFE8D96715
:10362000D4E8DA67D6E8DB67B896DC67F1B9DD671E
:10363000D8E8DE67F5D7DF67B996E067FBC4E167D6
:10364000BA96E267DCE8E367BB96E467BC96E56799
:10365000E9B2E667BD96E767BE96E867BF96E96799
:10366000D1E8EA67C096EB67C196EC67EDBCED6701
:10367000C296EE67C396EF67C2BFF067CDE8F16709
:10368000F9D6F267C496F367F8C1F467F1B2F5674B
:10369000C596F667C696F767C796F867C896F9673E
:1036A000C996FA67CA96FB67CB96FC67CC96FD670E
:1036B000DFE8FE67CD96FF67C1CA0068D9E80168F8
:1036C000CE960268CF960368D0960468D1960568B6
:1036D000A4D50668D2960768EAB10868BBD5096820
:1036E000CEE80A68D0E80B68B0B60C68D3E80D687D
:1036F000D3960E68DDE80F68B8C01068D4961168DC
:10370000F7CA1268D5961368A8CB1468D6961568C0
:10371000D7961668DCC61768F5C01868D896196879
:10372000D9961A68DA961B68DB961C68DC961D68C9
:10373000E9E81E68DD961F68DE962068DF9621683E
:10374000A3D02268E0962368E1962468E296256873
:10375000E3962668E4962768E5962868E696296841
:10376000F2E82A68EAD62B68E7962C68E8962D6876
:10377000E9962E68EA962F68EB963068EC963168E9
:10378000ED963268E0E83368E1E83468EE96356833
:10379000EF963668F0963768F9D13868CBBA396851
:1037A000F9B83A68F1963B68F2963C68F1B83D6822
:1037B000D4D43E68EFE83F68F3964068EEE841688D
:1037C000ECE84268F0B94368D2CC4468E6E8456862
:1037D000A6CE4668F2BF4768F4964868B8B0496814
:1037E000F1E84A68F0E84B68F5964C68C0D74D6838
:1037F000F6964E68E4E84F68F7965068A9CD516890
:10380000A3C95268F8965368B8BB5468DBBD5568C5
:10381000EAE85668F9965768FA965868FB96596828
:10382000FC965A68FD965B68FE965C6840975D68FA
:1038300041975E6842975F6843976068E2E8616815
:10384000E3E86268E5E86368B5B56468E7E8656879
:10385000C5C76668EBE86768EDE86868B0BD696889
:10386000AED76A6844976B68F8E86C6845976D68EE
:1038700046976E6847976F68489770684997716870
:103880004A9772684B9773684C977468F5E8756847
:103890004D977668B0CD7768F6E878684E97796886
:1038A0004F977A6850977B6851977C6852977D68EC
:1038B00053977E6854977F685597806856978168BC
:1038C000BAC1826857978368E8E884685897856822
:1038D000B7C38668F0B08768599788685A9789682F
:1038E0005B978A685C978B685D978C685E978D683C
:1038F0005F978E6860978F68F4E890686197916829
:103900006297926863979368F7E8946864979568FC
:103910006597966866979768A3B998686797996856
:1039200068979A6869979B686A979C686B979D6887
:103930006C979E686D979F686E97A0686F97A16857
:103940007097A268D2C9A3687197A4687297A56896
:103950007397A668CEC3A768E0CEA868E6C0A9683A
:103960007497AA687597AB687697AC687797AD68D7
:10397000F3CBAE687897AF68DDCCB068B5D0B168EE
:103980007997B2687A97B368E1CAB4687B97B568EB
:10399000F3E8B6687C97B7687D97B8687E97B96892
:1039A0008097BA688197BB688297BC688397BD6827
:1039B0008497BE688597BF688697C068ECBCC1686D
:1039C0008797C268F9E8C3688897C4688997C5680B
:1039D0008A97C6688B97C7688C97C8688D97C9689F
:1039E000DEC3CA688E97CB68E5C6CC688F97CD6872
:1039F000F7B9CE689097CF689197D0689297D168C1
:103A00009397D268F4B0D3689497D4689597D568A3
:103A1000D8D7D6689697D7689797D868ACBCD96836
:103A20009897DA68EFC5DB689997DC689A97DD6844
:103A30009B97DE689C97DF689D97E068C4CCE1683F
:103A40009E97E2689F97E368A6E9E468A097E56817
:103A5000A197E668A297E768A397E868A497E96842
:103A6000A597EA68A697EB68A797EC68A897ED6812
:103A7000A997EE68ADC9EF68AA97F068A2E9F16866
:103A8000E2C0F268AB97F368AC97F468AD97F5685D
:103A9000C3BFF668AE97F768AF97F868B097F96854
:103AA000FEE8FA68D7B9FB68B197FC68FBE8FD68E7
:103AB000B297FE68B397FF68B4970069B59701693C
:103AC000A4E90269B6970369B7970469B8970569CD
:103AD000CED20669B9970769BA970869BB97096991
:103AE000BC970A69BD970B69A3E90C69BE970D697C
:103AF000B2D60E69B5D70F69BF971069A7E91169EA
:103B0000C0971269B7BD1369C1971469C297156947
:103B1000C3971669C4971769C5971869C697196935
:103B2000C7971A69C8971B69C9971C69CA971D6905
:103B3000CB971E69CC971F69FCE82069FDE82169D5
:103B4000CD972269CE972369CF972469A1E925698A
:103B5000D0972669D1972769D2972869D397296981
:103B6000D4972A69D5972B69D6972C69D7972D6951
:103B7000D6CD2E69D8972F69D9973069ACD23169E3
:103B8000DA973269DB973369DC973469B2E93569D2
:103B9000DD973669DE973769DF973869E0973969CD
:103BA000A9E93A69E1973B69E2973C69E3973D6986
:103BB000AAB43E69E4973F69BBB44069E59741699F
:103BC000E6974269ABE94369E7974469E897456935
:103BD000E9974669EA974769EB974869EC9749691D
:103BE000ED974A69EE974B69EF974C69F0974D69ED
:103BF000F1974E69F2974F69F3975069F4975169BD
:103C0000F5975269F6975369F7975469A8D05569A3
:103C1000F8975669F9975769A5E95869FA97596964
:103C2000FB975A69FEB35B69FC975C69FD975D6918
:103C3000ACE95E69E3C05F69FE976069AAE9616902
:103C40004098626941986369B9E964694298656915
:103C500043986669B8E967694498686945986969ED
:103C600046986A6947986B69AEE96C6948986D69CE
:103C700049986E69FAE86F694A9870694B9871695A
:103C8000A8E972694C9873694D9874694E98756982
:103C90004F98766950987769ACBF7869B1E97969CE
:103CA000BAE97A6951987B6952987C69A5C27D69A5
:103CB00053987E6954987F6955988069AFE9816906
:103CC00056988269C5B8836957988469ADE9856952
:103CD00058988669DCD38769B4E98869B5E9896948
:103CE000B7E98A6959988B695A988C695B988D698C
:103CF000C7E98E695C988F695D9890695E98916953
:103D00005F9892696098936961989469C6C0956953
:103D1000C5E996696298976963989869B0E9996965
:103D200064989A6965989B69BBE99C69F1B09D6943
:103D300066989E6967989F696898A0696998A16963
:103D40006A98A2696B98A3696C98A4696D98A56933
:103D50006E98A6696F98A769BCE9A869A5D5A969F5
:103D60007098AA697198AB69BEE9AC697298AD693F
:103D7000BFE9AE697398AF697498B0697598B16915
:103D8000C1E9B2697698B3697798B469F1C1B56948
:103D90007898B6697998B769B6C8B8697A98B969F0
:103DA0007B98BA697C98BB69BDE9BC697D98BD699F
:103DB0007E98BE698098BF698198C0698298C16900
:103DC000C2E9C2698398C3698498C4698598C56942
:103DD0008698C6698798C7698898C8698998C969A3
:103DE0008A98CA69C3E9CB698B98CC69B3E9CD6974
:103DF0008C98CE69B6E9CF698D98D069B1BBD1698D
:103E00008E98D2698F98D3699098D469C0E9D569A2
:103E10009198D6699298D7699398D8699498D969F6
:103E20009598DA699698DB69F7BCDC699798DD6943
:103E30009898DE699998DF69C4E9E069C6E9E169A3
:103E40009A98E2699B98E3699C98E4699D98E56972
:103E50009E98E6699F98E769A098E869A198E96942
:103E6000A298EA69A398EB69A498EC69A598ED6912
:103E7000CAE9EE69A698EF69A798F069A898F16970
:103E8000A998F269CEE9F369AA98F469AB98F56943
:103E9000AC98F669AD98F769AE98F869AF98F9698A
:103EA000B098FA69B198FB69B298FC69B398FD695A
:103EB000DBB2FE69B498FF69C8E9006AB598016A87
:103EC000B698026AB798036AB898046AB998056AFE
:103ED000BA98066ABB98076ABC98086ABD98096ACE
:103EE000BE980A6AAEB70B6ABF980C6AC0980D6A92
:103EF000C1980E6AC2980F6AC398106AC498116A72
:103F0000C598126AC698136AC798146AC898156A41
:103F1000C998166ACA98176ACBE9186ACCE9196A6F
:103F2000CB981A6ACC981B6ACD981C6ACE981D6AE9
:103F3000CF981E6AD0981F6AC1D5206AD198216A8D
:103F4000A3C4226AD298236AD398246AD498256A93
:103F5000D598266AD698276AD798286AD8E9296A10
:103F6000D8982A6AE1BA2B6AD9982C6ADA982D6A0D
:103F7000DB982E6ADC982F6AC9E9306ADD98316ACD
:103F8000A3D3326ADE98336ADF98346AE098356AE0
:103F9000D4E9366AE198376AE298386AE398396A70
:103FA000E4983A6AE5983B6AE6983C6AE7983D6A85
:103FB000D7E93E6AD0E93F6AE898406AE998416AE1
:103FC000EA98426AEB98436AEC98446ACFE9456AFA
:103FD000ED98466AEE98476AC1C7486AEF98496A01
:103FE000F0984A6AF1984B6AF2984C6AF3984D6AD5
:103FF000F4984E6AF5984F6AF698506AD2E9516A79
:10400000F798526AF898536AF998546AFA98556A78
:10401000FB98566AFC98576AFD98586AD9E9596A1C
:10402000C8B35A6AFE985B6AD3E95C6A40995D6AD4
:1040300041995E6A42995F6A4399606A4499616AEC
:10404000F0CF626A4599636A4699646A4799656ADE
:10405000CDE9666A4899676A4999686A4A99696ABE
:104060004B996A6A4C996B6A4D996C6A4E996D6A64
:104070004F996E6A50996F6A5199706A5299716A34
:10408000F7B3726A5399736A5499746A5599756A49
:104090005699766A5799776A5899786A5999796AD8
:1040A000D6E97A6A5A997B6A5B997C6ADAE97D6A11
:1040B0005C997E6A5D997F6A5E99806AB4CC816AF8
:1040C0005F99826A6099836A6199846AADCF856AD3
:1040D0006299866A6399876A6499886A6599896A28
:1040E00066998A6A67998B6A68998C6A69998D6AF8
:1040F0006A998E6AD5E98F6A6B99906ADCE9916A50
:10410000DBE9926A6C99936A6D99946A6E99956AE3
:104110006F99966A7099976ADEE9986A7199996AB7
:1041200072999A6A73999B6A74999C6A75999D6A47
:1041300076999E6A77999F6A7899A06AD1E9A16A6F
:104140007999A26A7A99A36A7B99A46A7C99A56AEB
:104150007D99A66A7E99A76A8099A86A8199A96AB9
:10416000DDE9AA6A8299AB6ADFE9AC6ACAC3AD6AC3
:104170008399AE6A8499AF6A8599B06A8699B16A63
:104180008799B26A8899B36A8999B46A8A99B56A33
:104190008B99B66A8C99B76A8D99B86A8E99B96A03
:1041A0008F99BA6A9099BB6A9199BC6A9299BD6AD3
:1041B0009399BE6A9499BF6A9599C06A9699C16AA3
:1041C0009799C26A9899C36A9999C46A9A99C56A73
:1041D0009B99C66A9C99C76A9D99C86A9E99C96A43
:1041E0009F99CA6AA099CB6AA199CC6AA299CD6A13
:1041F000A399CE6AA499CF6AA599D06AA699D16AE3
:10420000A799D26AA899D36AA999D46AAA99D56AB2
:10421000AB99D66AAC99D76AAD99D86AAE99D96A82
:10422000AF99DA6AB099DB6AB199DC6AB299DD6A52
:10423000B399DE6AB499DF6AB599E06AB699E16A22
:10424000B799E26AB899E36AB999E46ABA99E56AF2
:10425000BB99E66ABC99E76ABD99E86ABE99E96AC2
:10426000BF99EA6AC099EB6AC199EC6AC299ED6A92
:10427000C399EE6AC499EF6AC599F06AC699F16A62
:10428000C799F26AC899F36AC999F46ACA99F56A32
:10429000CB99F66ACC99F76ACD99F86ACE99F96A02
:1042A000CF99FA6AD099FB6AD199FC6AD299FD6AD2
:1042B000D399FE6AD499FF6AD599006BD699016BA0
:1042C000D799026BD899036BD999046BDA99056B6E
:1042D000DB99066BDC99076BDD99086BDE99096B3E
:1042E000DF990A6BE0990B6BE1990C6BE2990D6B0E
:1042F000E3990E6BE4990F6BE599106BE699116BDE
:10430000E799126BE899136BE999146BEA99156BAD
:10431000EB99166BEC99176BED99186BEE99196B7D
:10432000EF991A6BF0991B6BF1991C6BF2991D6B4D
:10433000F3991E6BF4991F6BF599206BB7C7216B2E
:10434000CEB4226BB6BB236BC0D0246BA3EC256B21
:10435000F699266BF799276BB7C5286BF899296BE7
:10436000F9992A6BFA992B6BFB992C6BFC992D6BA5
:10437000FD992E6BFE992F6B409A306B419A316BF1
:10438000429A326BFBD3336B439A346B449A356B4E
:10439000459A366B469A376BA4EC386B479A396B63
:1043A000A5EC3A6BDBC63B6B489A3C6B499A3D6B7C
:1043B0004A9A3E6BEEBF3F6B4B9A406B4C9A416BF7
:1043C0004D9A426B4E9A436BA6EC446B4F9A456BE9
:1043D000509A466BA7EC476BAAD0486B519A496B31
:1043E000B8C74A6B529A4B6B539A4C6BE8B84D6BFB
:1043F000549A4E6B559A4F6B569A506B579A516B15
:10440000589A526B599A536B5A9A546B5B9A556BE4
:104410005C9A566B5D9A576B5E9A586B5F9A596BB4
:10442000A8EC5A6B609A5B6B619A5C6B629A5D6BED
:10443000639A5E6B649A5F6B659A606B669A616B58
:10444000679A626BB9D6636BFDD5646BCBB4656B51
:10445000BDB2666BE4CE676BE7C6686B689A696B42
:10446000699A6A6BE1CD6B6B6A9A6C6B6B9A6D6B38
:104470006C9A6E6B6D9A6F6B6E9A706B6F9A716BB4
:10448000709A726B719A736B729A746B739A756B84
:10449000749A766B759A776B769A786B779A796B54
:1044A000F5B47A6B789A7B6BC0CB7C6BDFBC7D6B91
:1044B000799A7E6B7A9A7F6B7B9A806B7C9A816B00
:1044C000E2E9826BE3E9836BEAD1846BE5E9856B12
:1044D0007D9A866BF9B4876BE4E9886B7E9A896B69
:1044E000B3D18A6BE2CA8B6BD0B28C6B809A8D6B26
:1044F000E8E98E6B819A8F6B829A906B839A916BAD
:10450000849A926BE6E9936BE7E9946B859A956BD5
:10451000869A966BB3D6976B879A986B889A996BA5
:10452000899A9A6BE9E99B6BEAE99C6B8A9A9D6B85
:104530008B9A9E6B8C9A9F6B8D9AA06B8E9AA16BB7
:10454000EBE9A26B8F9AA36B909AA46B919AA56BDF
:10455000929AA66B939AA76B949AA86B959AA96B5B
:10456000969AAA6BECE9AB6B979AAC6B989AAD6B89
:10457000999AAE6B9A9AAF6B9B9AB06B9C9AB16BFF
:104580009D9AB26B9E9AB36BAFECB46BB9C5B56B29
:10459000CEB6B66B9F9AB76BF3D2B86BA09AB96BD5
:1045A000A19ABA6BA29ABB6BA39ABC6BA49ABD6B7F
:1045B000A59ABE6BA69ABF6BEEB5C06BA79AC16BEE
:1045C000D9BBC26BB1ECC36BA89AC46BA99AC56B7B
:1045D000E3D2C66BAA9AC76BAB9AC86BAC9AC96B8D
:1045E000AD9ACA6BAE9ACB6BE3CECC6BAF9ACD6B68
:1045F000B8C4CE6BB09ACF6BBFC3D06BB19AD16B3E
:10460000B29AD26BBEB6D36BB9D8D46BC8B1D56BE6
:10461000CFB1D66BD1B1D76BFEC5D86BB39AD96B7E
:10462000D0B1DA6BB49ADB6BABC3DC6BB59ADD6BE4
:10463000B69ADE6BB79ADF6BB89AE06BB99AE16B0A
:10464000B1D5E26BBA9AE36BBB9AE46BBC9AE56BAB
:10465000BD9AE66BBE9AE76BBF9AE86BC09AE96BAE
:10466000C19AEA6BA4EBEB6BC1BAEC6BC29AED6B2F
:10467000C39AEE6BC49AEF6BBACCF06BC59AF16B30
:10468000C69AF26BC79AF36BA5EBF46BC89AF56BFD
:10469000A7EBF66BC99AF76BCA9AF86BCB9AF96BD2
:1046A000A8EBFA6BCC9AFB6BCD9AFC6BCE9AFD6BA8
:1046B000A6EBFE6BCF9AFF6BD09A006CD19A016C7F
:1046C000D29A026CD39A036CD49A046CD59A056C76
:1046D000A9EB066CABEB076CAAEB086CD69A096CDD
:1046E000D79A0A6CD89A0B6CD99A0C6CDA9A0D6C22
:1046F000ACEB0E6CDB9A0F6CCFCA106CB5D8116C9A
:10470000F1C3126CDC9A136CA5C3146CF8C6156C5B
:10471000ADEB166CCAC4176CDD9A186CAEEB196C55
:10472000AFEB1A6CB0EB1B6CD5B71C6CDE9A1D6C32
:10473000DF9A1E6CE09A1F6CFAB7206CE19A216C2C
:10474000B1EB226CE2C7236CE29A246CB3EB256CCC
:10475000E39A266CA4BA276CF5D1286CB1B0296C09
:10476000B2EB2A6CB4EB2B6CE49A2C6CE59A2D6CB2
:10477000E69A2E6CAAB52F6CC8C2306CE8C7316CB3
:10478000E79A326CB5EB336CE89A346CAECB356C8F
:10479000DFE3366CE99A376CEA9A386CC0D3396C2F
:1047A000EB9A3A6CEC9A3B6CED9A3C6CEE9A3D6C51
:1047B000DBD93E6CEF9A3F6CF09A406CA1CD416C16
:1047C000ADD6426CF3C7436CF19A446CF29A456CD7
:1047D000F39A466CE0D9476CE3BB486CF49A496C99
:1047E000BABA4A6CE2E34B6CF59A4C6CF69A4D6C93
:1047F000F79A4E6CF89A4F6CF99A506CABCF516C9B
:10480000FA9A526CFB9A536CFC9A546CE0E3556C28
:10481000C7C9566CFD9A576CB9BA586CFE9A596C58
:10482000409B5A6C419B5B6CB4D15C6CE1E35D6C6A
:10483000EAC85E6CAFB95F6CADBD606CD8B3616C3B
:10484000DBCE626C429B636C439B646CC0CC656C3A
:10485000449B666C459B676C469B686CE8E3696C9F
:10486000E9E36A6CF4CD6B6C479B6C6C489B6D6C98
:10487000499B6E6C4A9B6F6C4B9B706CADCC716CA2
:104880004C9B726CB3BC736C4D9B746CEAE3756C9F
:104890004E9B766CEBE3776C4F9B786C509B796CFE
:1048A000DAD07A6C519B7B6C529B7C6C539B7D6CF9
:1048B000FBC67E6CDAB77F6C549B806C559B816C19
:1048C000DFC7826CCAD2836CD6CE846C569B856C53
:1048D000E4E3866CECE3876C579B886CF2C9896CC7
:1048E000C1B38A6C589B8B6C599B8C6CE7E38D6CC5
:1048F0005A9B8E6C5B9B8F6CE3C6906CE5E3916C6E
:104900005C9B926C5D9B936CB3ED946CE6E3956C51
:104910005E9B966C5F9B976C609B986C619B996C9F
:10492000B3C99A6C629B9B6CE6C59C6C639B9D6C47
:10493000649B9E6C659B9F6CB5B9A06C669BA16CDB
:10494000BBC3A26C679BA36CE3E3A46CBDC5A56C61
:10495000A4C1A66CD9C2A76CD7B2A86C689BA96C7D
:10496000EDE3AA6CA6BBAB6CADC4AC6C699BAD6C43
:10497000F0E3AE6CDABEAF6C6A9BB06C6B9BB16C53
:10498000FBE3B26CF5E3B36CD3BAB46C6C9BB56C5F
:104990006D9BB66C6E9BB76C6F9BB86CD0B7B96CE7
:1049A000CDD3BA6C709BBB6CCED6BC6CD3D5BD6C72
:1049B000C1B9BE6CB4D5BF6CD8D1C06C719BC16C91
:1049C000729BC26C739BC36C749BC46CB9D0C56C76
:1049D000F6C7C66C759BC76C769BC86C779BC96C19
:1049E000AAC8CA6CB4B2CB6C789BCC6CDAC3CD6C61
:1049F000799BCE6C7A9BCF6C7B9BD06CEEE3D16CB9
:104A00007C9BD26C7D9BD36CFCE3D46CEFE3D56CC8
:104A1000A8B7D66CF7E3D76CF4E3D86C7E9BD96C5F
:104A2000809BDA6C819BDB6CBAB7DC6C829BDD6CA3
:104A3000839BDE6CA2C5DF6C849BE06CF6E3E16CCB
:104A4000DDC5E26CA8B2E36CFCC6E46C859BE56C4A
:104A5000E0C4E66C869BE76C879BE86CA2D7E96CA8
:104A6000889BEA6CE1C0EB6CF9E3EC6C899BED6C24
:104A70008A9BEE6CFAE3EF6CFDE3F06CA9CCF16C71
:104A8000F3E3F26C8B9BF36CBED3F46C8C9BF56CF4
:104A9000C3B1F66CB4EDF76CF1E3F86CF2E3F96CCA
:104AA0008D9BFA6CF8E3FB6CBAD0FC6CC3C6FD6C52
:104AB000F3D4FE6CFEE3FF6C8E9B006D8F9B016D4B
:104AC000E0BD026D909B036D919B046DA7E4056DA5
:104AD000929B066D939B076DA6E4086D949B096DF0
:104AE000959B0A6D969B0B6DF3D10C6DA3E40D6D38
:104AF000979B0E6DA9E40F6D989B106D999B116D9E
:104B00009A9B126DF7C8136D9B9B146D9C9B156D42
:104B10009D9B166D9E9B176DB4CF186D9F9B196D55
:104B2000A8E41A6DAEE41B6DE5C21C6DA09B1D6D63
:104B3000A19B1E6DB4B61F6DA29B206DA39B216D22
:104B4000A49B226DA59B236DA69B246DA79B256D21
:104B5000F2BD266DA89B276DA2E4286DA99B296D47
:104B6000AA9B2A6DE9BA2B6DAAE42C6DAB9B2D6D27
:104B7000AC9B2E6DACE42F6DAD9B306DAE9B316D5B
:104B8000FDB6326DDED6336DB2E4346DAF9B356D5C
:104B9000ADE4366DB09B376DB19B386DB29B396D0E
:104BA000A1E43A6DB39B3B6DEEBB3C6DDDCD3D6D3D
:104BB000A2C73E6DC9C53F6DB49B406DB59B416DAD
:104BC000F7C1426DB69B436DA4E4446DB79B456D40
:104BD000B3C7466DACBD476DBDBD486DA5E4496D1D
:104BE000B89B4A6DC7D74B6DE2B24C6DB99B4D6D0A
:104BF000ABE44E6DC3BC4F6DAFE4506DBA9B516DCD
:104C0000EBBB526DB0E4536DA8C5546DB1E4556D66
:104C1000BB9B566DBC9B576DBD9B586DBE9B596D24
:104C2000E3D55A6DA3BF5B6DBF9B5C6DBAE45D6D50
:104C3000C09B5E6DB7E45F6DC19B606DBBE4616D51
:104C4000C29B626DC39B636DBDE4646DC49B656D67
:104C5000C59B666DD6C6676DC69B686DC79B696D43
:104C6000C6BA6A6DCBC06B6DC89B6C6DC99B6D6D10
:104C7000CA9B6E6DA1B86F6DB4E4706DCB9B716D06
:104C8000CC9B726DCD9B736DCE9B746DA1D4756DF5
:104C9000CF9B766DD09B776DA3BA786DFEBD796D95
:104CA000D19B7A6DD29B7B6DD39B7C6DBCE47D6D7B
:104CB000D49B7E6DD59B7F6DD69B806DD79B816D80
:104CC000D89B826DBFCD836DD99B846DDA9B856D3A
:104CD000F9C4866DDB9B876DDC9B886DFBCF896D8E
:104CE000E6C98A6DDD9B8B6DDE9B8C6DBFD38D6DB0
:104CF000DF9B8E6DD1CF8F6DE09B906DE19B916DB1
:104D0000B3E4926DE29B936DB8E4946DB9E4956D54
:104D1000E9CC966DE39B976DE49B986DE59B996D4F
:104D2000E69B9A6DE79B9B6DCECC9C6DE89B9D6D41
:104D3000D4C09E6DB5E49F6DB0C1A06DB6E4A16D09
:104D4000D0CEA26DE99BA36DC1BBA46DD3B5A56DFB
:104D5000EA9BA66DF3C8A76DA7BDA86DC7D5A96DC1
:104D6000ACC9AA6DA2B8AB6DCAE4AC6DEB9BAD6DDE
:104D7000EC9BAE6DCCE4AF6DC4D1B06DED9BB16D6D
:104D8000EE9BB26DBAD2B36DEF9BB46DF09BB56D77
:104D9000ADBAB66DF19BB76DF29BB86DD4BAB96D73
:104DA000F39BBA6DF49BBB6DF59BBC6DF69BBD6D23
:104DB000F79BBE6DF89BBF6DC3E4C06DEDB5C16DD3
:104DC000F99BC26DFA9BC36DFB9BC46DCDD7C56DBE
:104DD000C0E4C66DFDCFC76DBFE4C86DFC9BC96D57
:104DE000FD9BCA6DFE9BCB6DDCC1CC6DCACCCD6D7D
:104DF000409CCE6D419CCF6D429CD06D439CD16D4B
:104E0000E7CAD26D449CD36D459CD46D469CD56D4C
:104E1000479CD66DD7C4D76D489CD86DD4CCD96D7E
:104E2000C8E4DA6D499CDB6D4A9CDC6D4B9CDD6D02
:104E3000C7E4DE6DC1E4DF6D4C9CE06DC4E4E16D60
:104E4000ADB5E26D4D9CE36D4E9CE46DD9D3E56D3F
:104E50004F9CE66DC6E4E76D509CE86D519CE96D92
:104E6000529CEA6D539CEB6DF9D2EC6DE3B4ED6DA1
:104E7000549CEE6DB4BBEF6D559CF06D569CF16D7E
:104E8000EEC9F26D579CF36DBEB4F46D589CF56D90
:104E9000599CF66D5A9CF76DECBBF86D5B9CF96DF7
:104EA000CDD1FA6D5C9CFB6DEDCCFC6DB5EDFD6D6F
:104EB0005D9CFE6D5E9CFF6D5F9C006E609C016E54
:104EC000619C026E629C036E639C046E649C056E22
:104ED000E5C7066E659C076E669C086E679C096E4A
:104EE000689C0A6EA8D40B6E699C0C6ECBE40D6EA8
:104EF000D5D70E6EC2E40F6E6A9C106EA5BD116E02
:104F0000C5E4126E6B9C136E6C9C146EE6D3156E2A
:104F10006D9C166EC9E4176EF8C9186E6E9C196EFA
:104F20006F9C1A6EBEE41B6E709C1C6E719C1D6E95
:104F3000E5D31E6E729C1F6E739C206EFEC7216EA1
:104F4000C9B6226E749C236EFCD4246EB3B2256E57
:104F5000D7E4266E759C276E769C286E779C296E0A
:104F6000C2CE2A6E789C2B6ECDE42C6E799C2D6E71
:104F7000BCCE2E6E7A9C2F6EDBB8306E7B9C316E71
:104F80007C9C326ED6E4336E7D9C346ECABF356E27
:104F90007E9C366E809C376E819C386ECED3396E87
:104FA000829C3A6EECC33B6E839C3C6E849C3D6E4F
:104FB000859C3E6E869C3F6E879C406E889C416EB1
:104FC000899C426E8A9C436EC8C5446ED8E4456E87
:104FD0008B9C466E8C9C476E8D9C486E8E9C496E59
:104FE0008F9C4A6E909C4B6E919C4C6E929C4D6E29
:104FF000C4CD4E6ECFE44F6E939C506E949C516E18
:10500000959C526E969C536ED4E4546ED5E4556EC6
:10501000979C566EFEBA576E989C586EE6CF596EA6
:10502000999C5A6E9A9C5B6EBFD55C6E9B9C5D6E24
:105030009C9C5E6E9D9C5F6ED2E4606E9E9C616ED9
:105040009F9C626EA09C636EA19C646EA29C656E28
:10505000A39C666EA49C676EA59C686EA69C696EF8
:10506000A79C6A6EA89C6B6ED0E46C6EA99C6D6E5A
:10507000AA9C6E6ECEE46F6EAB9C706EAC9C716E33
:10508000AD9C726EAE9C736EAF9C746EB09C756E70
:10509000B19C766EB29C776EB39C786EB49C796E40
:1050A000B59C7A6EB69C7B6EB79C7C6EB89C7D6E10
:1050B000B99C7E6EE5CD7F6EAACA806EBA9C816E69
:1050C000BB9C826EBC9C836EA3C0846EBD9C856EAF
:1050D000A6BD866ED3E4876EBE9C886EBF9C896E2B
:1050E000C8B88A6EC09C8B6EC19C8C6EC29C8D6E43
:1050F000C39C8E6EC49C8F6EE7E4906EB4D4916EA8
:10510000C59C926EC69C936EC79C946EC89C956E0F
:10511000C99C966ECA9C976ECB9C986EDBE4996E88
:10512000CC9C9A6ECD9C9B6ECE9C9C6EEFC19D6E6E
:10513000CF9C9E6ED09C9F6EE9E4A06ED19CA16E28
:10514000D29CA26EE7D2A36ED39CA46ED49CA56E13
:10515000DFE4A66ED59CA76EE0E4A86ED69CA96E8F
:10516000D79CAA6EAACFAB6ED89CAC6ED99CAD6E04
:10517000DA9CAE6EDB9CAF6EDDCBB06EDC9CB16EAC
:10518000DAE4B26ED1E4B36EDD9CB46EE5E4B56EE4
:10519000DE9CB66EDCC8B76EE3E4B86EDF9CB96E19
:1051A000E09CBA6EE7C4BB6EE2E4BC6EE19CBD6EEF
:1051B000E1E4BE6EE29CBF6EE39CC06EE49CC16EF7
:1051C000FCB3C26EE8E4C36EE59CC46EE69CC56E9B
:1051D000E79CC66EE89CC76EE1B5C86EE99CC96ED7
:1051E000EA9CCA6EEB9CCB6ECCD7CC6EEC9CCD6EA1
:1051F000ED9CCE6EEE9CCF6EE6E4D06EEF9CD16E51
:10520000ACBBD26EF09CD36ED2D7D46ECFCCD56E61
:10521000F8EBD66EF19CD76EE4E4D86EF29CD96EB2
:10522000F39CDA6EF6B9DB6EF49CDC6EF59CDD6EF9
:10523000F69CDE6ECDD6DF6ED9E4E06EDCE4E16E86
:10524000FAC2E26EDEE4E36EF79CE46ECBC2E56E7A
:10525000C4C0E66ED0C2E76EF89CE86EF5B1E96EA8
:10526000B2CCEA6EF99CEB6EFA9CEC6EFB9CED6E98
:10527000FC9CEE6EFD9CEF6EFE9CF06E409DF16E10
:10528000419DF26E429DF36E439DF46ECEB5F56E78
:10529000449DF66E459DF76E469DF86E479DF96EEE
:1052A000EFE4FA6E489DFB6E499DFC6E4A9DFD6ED3
:1052B0004B9DFE6E4C9DFF6E4D9D006F4E9D016F90
:1052C0004F9D026FAFC6036F509D046F519D056FD8
:1052D000529D066FE1C6076F539D086F549D096F7D
:1052E000F5E40A6F559D0B6F569D0C6F579D0D6F22
:1052F000589D0E6F599D0F6FA9C2106F5A9D116F67
:105300005B9D126F5C9D136FECC0146FDDD1156F48
:10531000EEE4166F5D9D176F5E9D186F5F9D196FB0
:10532000609D1A6F619D1B6F629D1C6F639D1D6F59
:10533000649D1E6F659D1F6F669D206FAEC4216FBB
:10534000679D226F689D236F699D246FEDE4256F33
:105350006A9D266F6B9D276F6C9D286F6D9D296FD1
:10536000F6E42A6FF4E42B6FFEC22C6F6E9D2D6F56
:10537000DDE42E6F6F9D2F6FF0E4306F709D316F05
:10538000FECA326F719D336FC4D5346F729D356F15
:10539000739D366FF1E4376F749D386F759D396F6B
:1053A000769D3A6F779D3B6F789D3C6F799D3D6F01
:1053B0007A9D3E6FFAD13F6F7B9D406F7C9D416F20
:1053C0007D9D426F7E9D436F809D446F819D456FA3
:1053D000829D466FEBE4476FECE4486F839D496F15
:1053E000849D4A6F859D4B6FF2E44C6F869D4D6F97
:1053F000ABCE4E6F879D4F6F889D506F899D516FCB
:105400008A9D526F8B9D536F8C9D546F8D9D556FF0
:105410008E9D566F8F9D576F909D586FCBC5596F5E
:10542000919D5A6F929D5B6F939D5C6FB1C75D6F4D
:10543000949D5E6FBAC25F6F959D606F969D616F20
:10544000979D626FEAE4636F989D646F999D656FA5
:105450009A9D666FCAC1676F9B9D686F9C9D696FBF
:105460009D9D6A6F9E9D6B6F9F9D6C6FA09D6D6FE4
:10547000B6CC6E6FB1B36F6FA19D706FA29D716F4F
:10548000A39D726FFBE4736FA49D746FF3E4756F5B
:10549000A59D766FA69D776FA79D786FFAE4796FCB
:1054A000A89D7A6FFDE47B6FA99D7C6FFCE47D6F06
:1054B000AA9D7E6FAB9D7F6FAC9D806FAD9D816F10
:1054C000AE9D826FAF9D836FB09D846FCEB3856FAD
:1054D000B19D866FB29D876FB39D886FBAB3896F98
:1054E000F7E48A6FB49D8B6FB59D8C6FF9E48D6F77
:1054F000F8E48E6FECC58F6FB69D906FB79D916F7E
:10550000B89D926FB99D936FBA9D946FBB9D956F37
:10551000BC9D966FBD9D976FBE9D986FBF9D996F07
:10552000C09D9A6FC19D9B6FC29D9C6FBDC09D6FBA
:10553000C39D9E6FC49D9F6FC59DA06FC69DA16FAB
:10554000E8D4A26FC79DA36FC89DA46FC99DA56F26
:10555000CA9DA66FCB9DA76FA2E5A86FCC9DA96F32
:10556000CD9DAA6FCE9DAB6FCF9DAC6FD09DAD6F23
:10557000D19DAE6FD29DAF6FD39DB06FD49DB16FF3
:10558000D59DB26FD69DB36FC4B0B46FD79DB56FC4
:10559000D89DB66FA4E5B76FD99DB86FDA9DB96F86
:1055A000A3E5BA6FDB9DBB6FDC9DBC6FDD9DBD6F5E
:1055B000DE9DBE6FDF9DBF6FE09DC06FA4BCC16F5D
:1055C000E19DC26FA5E5C36FE29DC46FE39DC56F0A
:1055D000E49DC66FE59DC76FE69DC86FE79DC96FE7
:1055E000A1E5CA6FE89DCB6FE99DCC6FEA9DCD6FB9
:1055F000EB9DCE6FEC9DCF6FED9DD06FEE9DD16F8B
:10560000FEE4D26FF4B1D36FEF9DD46FF09DD56FF0
:10561000F19DD66FF29DD76FF39DD86FF49DD96F32
:10562000F59DDA6FF69DDB6FF79DDC6FF89DDD6F02
:10563000F99DDE6FA8E5DF6FFA9DE06FA9E5E16FE8
:10564000A6E5E26FFB9DE36FFC9DE46FFD9DE56FBA
:10565000FE9DE66F409EE76F419EE86F429EE96FB8
:10566000439EEA6F449EEB6F459EEC6F469EED6F46
:10567000479EEE6FA7E5EF6FAAE5F06F489EF16FCA
:10568000499EF26F4A9EF36F4B9EF46F4C9EF56FEE
:105690004D9EF66F4E9EF76F4F9EF86F509EF96FBE
:1056A000519EFA6F529EFB6F539EFC6F549EFD6F8E
:1056B000559EFE6F569EFF6F579E0070589E01705C
:1056C000599E02705A9E03705B9E04705C9E05702A
:1056D0005D9E06705E9E07705F9E0870609E0970FA
:1056E000619E0A70629E0B70639E0C70649E0D70CA
:1056F000659E0E70669E0F70679E1070689E11709A
:10570000D9C61270699E13706A9E14706B9E1570D4
:105710006C9E16706D9E17706E9E18706F9E19703D
:10572000709E1A70ABE51B70ADE51C70719E1D700C
:10573000729E1E70739E1F70749E2070759E2170E5
:10574000769E2270779E2370ACE52470789E25703B
:10575000799E26707A9E27707B9E28707C9E297089
:105760007D9E2A707E9E2B70809E2C70819E2D7057
:10577000829E2E70839E2F70849E3070859E317025
:10578000869E3270879E3370889E3470899E3570F5
:10579000AFE536708A9E37708B9E38708C9E39705C
:1057A000AEE53A708D9E3B708E9E3C708F9E3D7034
:1057B000909E3E70919E3F70929E4070939E41706D
:1057C000949E4270959E4370969E4470979E45703D
:1057D000989E4670999E47709A9E48709B9E49700D
:1057E0009C9E4A709D9E4B709E9E4C70E0B94D7081
:1057F0009F9E4E70A09E4F70B0E55070A19E51705C
:10580000A29E5270A39E5370A49E5470A59E557084
:10581000A69E5670A79E5770A89E5870A99E597054
:10582000AA9E5A70AB9E5B70AC9E5C70AD9E5D7024
:10583000AE9E5E70B1E55F70AF9E6070B09E6170AD
:10584000B19E6270B29E6370B39E6470B49E6570C8
:10585000B59E6670B69E6770B79E6870B89E697098
:10586000B99E6A70BA9E6B70F0BB6C70E1EC6D70A3
:10587000F0C36E70BB9E6F70C6B57070D2BB717096
:10588000BC9E7270BD9E7370BE9E7470BF9E75701C
:10589000E9C17670EED47770C09E7870C4BE79701E
:1058A000C19E7A70C29E7B70C39E7C70C6D77D708D
:1058B000C49E7E70D6D47F70D3B28070BEEC8170EF
:1058C000C59E8270C69E8370C79E8470C89E857078
:1058D000C1EA8670C99E8770CA9E8870CB9E897007
:1058E000AFC28A70B6B48B70CC9E8C70CD9E8D701A
:1058F000CE9E8E70D7D18F70CF9E9070D09E9170BB
:10590000D19E9270B4B39370D29E9470B2C89570C9
:10591000BBBF9670C0EC9770D39E9870D49E997060
:10592000CBD69A70D59E9B70D69E9C70BFEC9D7016
:10593000C1EC9E70D79E9F70D89EA070D99EA1701A
:10594000DA9EA270DB9EA370DC9EA470DD9EA57023
:10595000DE9EA670DF9EA770E09EA870E19EA970F3
:10596000E29EAA70E39EAB70C5ECAC70E6BEAD7073
:10597000BFCCAE70DAC5AF70BCBEB070E49EB17083
:10598000C6ECB270E59EB370FEB1B470E69EB57021
:10599000E79EB670E89EB770C4ECB870A8D5B97031
:1059A000E3B5BA70E99EBB70C2ECBC70B6C1BD7005
:1059B000E3B3BE70EA9EBF70EB9EC070C3ECC170D3
:1059C000B8CBC270C3C0C370FECCC470EC9EC570AF
:1059D000ED9EC670EE9EC770EF9EC870D2C1C970B2
:1059E000F09ECA70C8ECCB70F19ECC70F29ECD7068
:1059F000F39ECE70F49ECF70F59ED070F69ED1705F
:105A0000F79ED270F89ED370F99ED470FA9ED5702E
:105A1000FB9ED670FC9ED770FD9ED870E6BAD970FA
:105A2000D3C0DA70FE9EDB70F2D6DC70409FDD7072
:105A3000419FDE70429FDF70CCD1E070439FE170E8
:105A4000449FE270459FE370469FE470BEBFE570DF
:105A5000479FE670B3B7E770D5C9E870C7ECE97047
:105A6000E2BBEA70489FEB70CCCCEC70FDBDED70F2
:105A7000C8C8EE70499FEF70A9CFF0704A9FF170CF
:105A80004B9FF2704C9FF3704D9FF4704E9FF570DA
:105A90004F9FF670509FF770E9CDF870519FF970E5
:105AA000EBC5FA70529FFB70539FFC70549FFD70C2
:105AB000E9B7FE70559FFF70569F0071579F0171A7
:105AC000589F0271599F03715A9F04715B9F057122
:105AD0005C9F06715D9F07715E9F08715F9F0971F2
:105AE000C9D10A71B8BA0B71609F0C71619F0D71B9
:105AF000629F0E71639F0F71649F1071C9EC1171E9
:105B0000659F1271669F1371CAEC1471679F1571BE
:105B1000C0BB1671CBEC1771689F1871E2EC19715C
:105B2000BAB11A71D9B71B71699F1C716A9F1D7137
:105B30006B9F1E716C9F1F716D9F20716E9F2171F5
:105B40006F9F2271709F2371719F2471729F2571C5
:105B5000739F2671B9BD2771749F2871759F297134
:105B6000769F2A71779F2B71789F2C71799F2D7169
:105B70007A9F2E717B9F2F71CCEC3071E6D1317101
:105B8000CDEC32717C9F33717D9F34717E9F357176
:105B9000809F3671BBC83771819F3871829F397180
:105BA000839F3A71849F3B71859F3C71869F3D71B5
:105BB000879F3E71889F3F71899F40718A9F417185
:105BC0008B9F42718C9F43718D9F44718E9F457155
:105BD000D1EC46718F9F4771909F4871919F497199
:105BE000929F4A71D3EC4B71939F4C71CDBB4D7119
:105BF000949F4E71E5BC4F71959F5071969F517166
:105C0000979F5271989F5371999F54719A9F5571A4
:105C10009B9F56719C9F57719D9F58719E9F597174
:105C20009F9F5A71A09F5B71A19F5C71CFEC5D71CA
:105C3000A29F5E71B7C95F71A39F6071A49F6171DC
:105C4000A59F6271A69F6371A79F6471BAC36571B6
:105C5000A89F6671E3EC6771D5D56871D0EC697166
:105C6000A99F6A71AA9F6B71AB9F6C71AC9F6D719C
:105C7000AD9F6E71F3D66F71AE9F7071AF9F7171F2
:105C8000B09F7271D2EC7371CEEC7471B19F75716B
:105C9000B29F7671B39F7771B49F7871D4EC7971AC
:105CA000B59F7A71D5EC7B71B69F7C71B79F7D7182
:105CB000BFC97E71B89F7F71B99F8071BA9F817192
:105CC000BB9F8271BC9F8371BD9F8471A8CF85717A
:105CD000BE9F8671BF9F8771C09F8871C19F897168
:105CE000C29F8A71DCD08B71C39F8C71C49F8D71F0
:105CF000C59F8E71C69F8F71ACD19071C79F9171F6
:105D0000C89F9271C99F9371CA9F9471DBC89571A6
:105D1000CB9F9671CC9F9771CD9F9871D6EC99715E
:105D2000F5CE9A71CE9F9B71CF9F9C71D09F9D7134
:105D3000D19F9E71D29F9F71ECCAA071DAECA171C4
:105D4000D39FA271D49FA371D59FA471D69FA57133
:105D5000D79FA671D89FA771D99FA871D9ECA971B7
:105D6000DA9FAA71DB9FAB71DC9FAC71BEB0AD71E5
:105D7000DD9FAE71DE9FAF71DF9FB071E09FB171AB
:105D8000E19FB271E29FB371D7ECB471E39FB5713B
:105D9000D8ECB671E49FB771E59FB871E69FB97111
:105DA000E4ECBA71E79FBB71E89FBC71E99FBD71DC
:105DB000EA9FBE71EB9FBF71EC9FC071ED9FC171F7
:105DC000EE9FC271EF9FC371BCC8C471F09FC571D3
:105DD000F19FC671F29FC771F39FC871F49FC9719B
:105DE000F59FCA71F69FCB71F79FCC71F89FCD716B
:105DF000F99FCE71C7C1CF71FA9FD071FB9FD1714E
:105E0000FC9FD271FD9FD371FE9FD471DCECD571E4
:105E1000E0D1D67140A0D77141A0D87142A0D9710C
:105E200043A0DA7144A0DB7145A0DC7146A0DD71AE
:105E300047A0DE7148A0DF7149A0E071DBECE171A1
:105E40004AA0E2714BA0E3714CA0E4714DA0E57152
:105E5000EFD4E6714EA0E771DDECE8714FA0E97177
:105E600050A0EA7151A0EB7152A0EC7153A0ED71FA
:105E700054A0EE71C6DBEF7155A0F07156A0F17120
:105E800057A0F27158A0F37159A0F4715AA0F5719E
:105E90005BA0F6715CA0F7715DA0F8715EA0F9716E
:105EA000DEECFA715FA0FB7160A0FC7161A0FD7176
:105EB00062A0FE7163A0FF7164A0007265A0017210
:105EC00066A0027267A0037268A0047269A00572DE
:105ED0006AA00672ACB107726BA008726CA009725E
:105EE0006DA00A726EA00B726FA00C7270A00D7282
:105EF00071A00E7272A00F7273A0107274A0117252
:105F000075A0127276A0137277A0147278A0157221
:105F100079A016727AA017727BA018727CA01972F1
:105F20007DA01A727EA01B7280A01C7281A01D72BF
:105F3000DFEC1E7282A01F7283A0207284A02172E7
:105F400085A0227286A0237287A0247288A0257261
:105F500089A026728AA027728BA02872E0EC297291
:105F60008CA02A72A6D72B728DA02C72C0C52D7260
:105F70008EA02E728FA02F7290A03072BCEB317267
:105F8000AEB0327291A0337292A0347293A0357287
:105F9000F4BE3672B8B83772AFD23872D6B0397232
:105FA000F9B53A7294A03B72B3D83C7295A03D7299
:105FB000ACCB3E7296A03F72DDE3407297A0417277
:105FC00098A0427299A043729AA044729BA0457215
:105FD0009CA046729DA04772ACC64872E6B049725A
:105FE0009EA04A729FA04B72A0A04C72C6C54D7273
:105FF000B9EB4E72A1A04F72A2A05072A3A0517231
:10600000A4A05272BAEB5372A5A05472A6A0557206
:10601000A7A05672BBEB5772A8A05872A9A05972DC
:10602000C0D15A72AAA05B72A3C55C72ABA05D72AC
:10603000F2EA5E72ACA05F72B2C46072ADA061722F
:10604000B5C46272CEC06372AEA06472AFA0657256
:10605000B0A06672F3EA6772C1C46872B1A06972D7
:10606000EFCE6A72B2A06B72B3A06C72B4A06D7204
:10607000B5A06E72F0EA6F72F4EA7072B6A0717237
:10608000B7A07272FCC97372B8A07472B9A07572AD
:10609000A3C77672BAA07772BBA07872BCA07972DF
:1060A000D8CC7A72FECE7B72BDA07C72BEA07D720F
:1060B000BFA07E72F5EA7F72F6EA8072ACCF817281
:1060C000E7C08272C0A08372C1A08472F7EA8572B1
:1060D000C2A08672C3A08772C4A08872C5A089724C
:1060E000C6A08A72BFB68B72F8EA8C72C7A08D7296
:1060F000F9EA8E72C8A08F72FAEA9072C9A0917202
:10610000CAA09272FBEA9372CBA09472CCA0957253
:10611000CDA09672CEA09772CFA09872D0A099729F
:10612000D1A09A72D2A09B72D3A09C72D4A09D726F
:10613000D5A09E72D6A09F72F1EAA072D7A0A172DC
:10614000D8A0A272D9A0A372DAA0A472DBA0A57213
:10615000DCA0A672DDA0A772DEA0A872DFA0A972E3
:10616000E0A0AA72E1A0AB72E2A0AC72AEC8AD72C0
:10617000EBE1AE72E3A0AF72B8B7B072ECE1B1720E
:10618000E4A0B272E5A0B372E6A0B472EDE1B5721C
:10619000E7A0B672B4D7B772EEE1B872EFE1B972A8
:1061A000CCD3BA72E8A0BB72E9A0BC72EAA0BD72FF
:1061B000EBA0BE72ECA0BF72EDA0C072EEA0C172E7
:1061C000F1E1C272F1BFC372F0E1C472D2B5C5721F
:1061D000EFA0C672F0A0C772F1A0C872B7B1C972C1
:1061E000F2A0CA72F3A0CB72F4A0CC72F5A0CD726B
:1061F000F3E1CE72F2E1CF72F6A0D072FCBAD172A6
:10620000F7A0D272F4E1D372F8A0D472F9A0D572DB
:10621000FAA0D672FBA0D772B7B9D872FCA0D97217
:10622000D1BEDA72FDA0DB72FEA0DC7240AADD7284
:1062300041AADE72FCC4DF7242AAE072DDBAE172EA
:10624000C6BDE27243AAE37244AAE47245AAE572AB
:1062500046AAE67247AAE77248AAE872F5E1E9722F
:10626000F7E1EA7249AAEB724AAAEC72C0B6ED7283
:10627000C1CFEE72A8CAEF72F6E1F072F8D5F172F2
:10628000FCD3F272F8E1F372FCE1F472F9E1F57219
:106290004BAAF6724CAAF772FAE1F872EAC0F972E8
:1062A0004DAAFA72FEE1FB72A1E2FC72C7C0FD7258
:1062B0004EAAFE724FAAFF7250AA007351AA017330
:1062C000FBE1027352AA0373FDE1047353AA057341
:1062D00054AA067355AA077356AA087357AA0973D6
:1062E00058AA0A73A5E20B7359AA0C735AAA0D7324
:1062F0005BAA0E73D4C10F735CAA10735DAA1173ED
:106300005EAA12735FAA1373A3E2147360AA1573D3
:10631000A8E21673FEB21773A2E2187361AA19738A
:1063200062AA1A7363AA1B73CDC31C73C2B21D7316
:10633000A7E21E73A6E21F7364AA207365AA2173E5
:10634000A4E22273A9E2237366AA247367AA2573C1
:10635000ABE2267368AA277369AA28736AAA29730D
:10636000C9D02A73EDD62B73A8C32C73ACE22D735E
:106370006BAA2E73D7CF2F736CAA30736DAA3173AB
:10638000AEE232736EAA33736FAA3473EFBA357309
:1063900070AA367371AA3773E0E93873ADE23973C6
:1063A000AAE23A7372AA3B7373AA3C7374AA3D7350
:1063B00075AA3E73ABBB3F73B3D4407376AA4173E7
:1063C00077AA427378AA437379AA44737AAA457369
:1063D0007BAA46737CAA47737DAA48737EAA497339
:1063E00080AA4A7381AA4B7382AA4C7383AA4D7305
:1063F000B0E24E7384AA4F7385AA5073AFE2517313
:1064000086AA5273E1E9537387AA547388AA557315
:1064100089AA56738AAA5773B1E258738BAA597323
:106420008CAA5A738DAA5B738EAA5C738FAA5D7354
:1064300090AA5E7391AA5F7392AA6073B2E26173CD
:1064400093AA627394AA637395AA647396AA6573F8
:1064500097AA667398AA677399AA68739AAA6973C8
:106460009BAA6A739CAA6B739DAA6C73B3E26D734B
:10647000A1CC6E739EAA6F73B4E270739FAA7173FE
:10648000A0AA727340AB737341AB747342AB757364
:1064900043AB767344AB777345AB787346AB797394
:1064A00047AB7A7348AB7B7349AB7C734AAB7D7364
:1064B0004BAB7E73B5E27F734CAB80734DAB817396
:1064C0004EAB82734FAB837350AB8473FED0857336
:1064D00051AB867352AB8773CAC2887353AB89734F
:1064E000F1D38A7354AB8B73F5CD8C7355AB8D732D
:1064F00056AB8E73E0E78F7357AB907358AB9173C5
:10650000E1E7927359AB93735AAB94735BAB95739A
:106510005CAB9673C1BE97735DAB98735EAB9973BA
:106520005FAB9A7360AB9B73EAC29C7361AB9D7364
:1065300062AB9E7363AB9F73E4E7A07364ABA1731C
:1065400065ABA273E3E7A37366ABA47367ABA573F4
:1065500068ABA67369ABA7736AABA8736BABA9737F
:10656000E6CDAA736CABAB73B5C3AC736DABAD7357
:106570006EABAE73E2E7AF73B7BBB073D6CFB17398
:106580006FABB273E1C1B373E9E7B47370ABB573CA
:1065900071ABB67372ABB773E8E7B87373ABB9732B
:1065A00074ABBA73F4E7BB73A3B2BC7375ABBD73C2
:1065B00076ABBE7377ABBF7378ABC073EAE7C173DA
:1065C00079ABC273E6E7C3737AABC4737BABC573B5
:1065D0007CABC6737DABC7737EABC873ECE7C97386
:1065E000EBE7CA73BAC9CB7380ABCC7381ABCD7305
:1065F000E4D5CE7382ABCF73E5E7D073A9B7D1737F
:10660000E7E7D27383ABD37384ABD47385ABD57315
:1066100086ABD67387ABD77388ABD87389ABD97386
:10662000EEE7DA738AABDB738BABDC738CABDD73B9
:106630008DABDE73F3E7DF738EABE073E9D6E17306
:106640008FABE27390ABE37391ABE47392ABE57302
:10665000EDE7E67393ABE773F2E7E87394ABE973A6
:10666000F1E7EA7395ABEB7396ABEC7397ABED7315
:10667000E0B0EE7398ABEF7399ABF0739AABF17334
:106680009BABF273F5E7F3739CABF4739DABF573BF
:106690009EABF6739FABF773A0ABF87340ACF97386
:1066A00041ACFA7342ACFB7343ACFC7344ACFD7376
:1066B00045ACFE7346ACFF7347AC007448AC017444
:1066C00049AC02744AAC0374F2C704744BAC057451
:1066D000C5C00674EDC007744CAC08744DAC0974A9
:1066E000F0C10A74F0E70B744EAC0C744FAC0D742F
:1066F00050AC0E7451AC0F74F6E71074F6CB1174F5
:1067000052AC127453AC137454AC147455AC15746D
:1067100056AC167457AC177458AC187459AC19743D
:106720005AAC1A74A2E81B74A1E81C745BAC1D740B
:106730005CAC1E745DAC1F745EAC20745FAC2174E5
:1067400060AC2274C1D7237461AC247462AC25742C
:10675000FAE72674F9E7277463AC2874FBE7297419
:1067600064AC2A74F7E72B7465AC2C74FEE72D74C7
:1067700066AC2E74FDE72F7467AC3074FCE731749F
:1067800068AC327469AC3374D5C13474D9C735740C
:10679000FDC53674C3C537746AAC38746BAC3974D4
:1067A0006CAC3A746DAC3B746EAC3C74EDC73D742C
:1067B0006FAC3E7470AC3F7471AC407472AC417499
:1067C000A3E8427473AC437474AC447475AC457400
:1067D00076AC467477AC477478AC487479AC49743D
:1067E0007AAC4A747BAC4B747CAC4C747DAC4D740D
:1067F0007EAC4E7480AC4F7481AC507482AC5174DA
:1068000083AC527484AC537485AC547486AC5574A8
:10681000A6E8567487AC5774A5E8587488AC5974C8
:10682000A7E85A74F7BA5B74F8E75C74A4E85D747F
:1068300089AC5E74F0C85F74AAC960748AAC617474
:106840008BAC62748CAC63748DAC64748EAC657408
:106850008FAC667490AC677491AC687492AC6974D8
:1068600093AC6A7494AC6B7495AC6C7496AC6D74A8
:10687000A9E86E7497AC6F7498AC7074E5B97174D4
:1068800099AC72749AAC73749BAC74749CAC757450
:106890009DAC7674FED17774A8E878749EAC797458
:1068A0009FAC7A74A0AC7B7440AD7C7441AD7D74B8
:1068B00042AD7E74AAE87F7443AD8074ADE8817404
:1068C000AEE8827444AD8374A7C1847445AD857409
:1068D00046AD867447AD8774AFE8887448AD897457
:1068E00049AD8A744AAD8B74B0E88C744BAD8D742D
:1068F0004CAD8E74ACE88F744DAD9074B4E8917467
:106900004EAD92744FAD937450AD947451AD957477
:1069100052AD967453AD977454AD987455AD997447
:1069200056AD9A7457AD9B7458AD9C74ABE89D748A
:1069300059AD9E74B1E89F745AADA0745BADA1745B
:106940005CADA2745DADA3745EADA4745FADA574BF
:1069500060ADA67461ADA774B5E8A874B2E8A97477
:10696000B3E8AA7462ADAB7463ADAC7464ADAD74DE
:1069700065ADAE7466ADAF7467ADB07468ADB1743B
:1069800069ADB2746AADB3746BADB4746CADB5740B
:106990006DADB6746EADB7746FADB87470ADB974DB
:1069A00071ADBA74B7E8BB7472ADBC7473ADBD742D
:1069B00074ADBE7475ADBF7476ADC07477ADC1747F
:1069C00078ADC27479ADC3747AADC4747BADC5744F
:1069D0007CADC6747DADC7747EADC87480ADC9741E
:1069E00081ADCA7482ADCB7483ADCC7484ADCD74EB
:1069F00085ADCE7486ADCF7487ADD07488ADD174BB
:106A000089ADD274B6E8D3748AADD4748BADD57425
:106A10008CADD6748DADD7748EADD8748FADD9745E
:106A200090ADDA7491ADDB7492ADDC74CFB9DD74E6
:106A300093ADDE74ACF0DF7494ADE074ADF0E1744E
:106A400095ADE274B0C6E374EAB0E474BFC8E5740F
:106A500096ADE674DFCDE77497ADE87498ADE97450
:106A600099ADEA749AADEB749BADEC749CADED748A
:106A70009DADEE74CDCEEF74B1EAF0749EADF174BD
:106A80009FADF274A0ADF37440AEF474B2EAF57445
:106A900041AEF674BFC6F774C9B4F87442AEF97467
:106AA00043AEFA7444AEFB7445AEFC7446AEFD745E
:106AB00047AEFE7448AEFF74B3EA007549AE017587
:106AC0004AAE02754BAE03754CAE0475E7D505753D
:106AD0004DAE06754EAE07754FAE087550AE0975D2
:106AE00051AE0A7552AE0B7553AE0C7554AE0D75A2
:106AF000F9DD0E7555AE0F75B4EA107556AE117509
:106B0000B5EA127557AE1375B6EA147558AE157519
:106B100059AE16755AAE17755BAE1875CAB81975A9
:106B2000B0DF1A75F5C91B755CAE1C75F0CC1D7510
:106B30005DAE1E755EAE1F75FAC920755FAE21751C
:106B400060AE227561AE237562AE247563AE2575A5
:106B5000FBC9267564AE277565AE2875C3D3297544
:106B6000A6CB2A7566AE2B75A6B82C75AEF02D7522
:106B7000C2B12E7567AE2F75B8E53075EFCC3175A3
:106B8000C9D33275D7BC3375EAC9347568AE35756B
:106B9000E7B5367569AE3775D0C43875E9B539755E
:106BA0006AAE3A75AEEE3B75ADBB3C756BAE3D75EE
:106BB0006CAE3E75DEE73F756DAE4075AFEE41756C
:106BC0006EAE42756FAE437570AE447571AE45756D
:106BD000A9B3467572AE477573AE4875B2EE497586
:106BE00074AE4A7575AE4B75B1EE4C75E7BD4D751B
:106BF00076AE4E75B0EE4F75B7CE507577AE517517
:106C000078AE527579AE53757AAE5475CFC5557559
:106C10007BAE56757CAE57757DAE58757EAE597598
:106C2000F4C15A75CEDB5B75B3EE5C75F3D05D7560
:106C300080AE5E7581AE5F7582AE607583AE617544
:106C400084AE627585AE637586AE647587AE657514
:106C5000D4C26675E8C6677588AE687589AE697511
:106C60008AAE6A75ACB76B758BAE6C758CAE6D7594
:106C70008DAE6E758EAE6F758FAE707590AE717590
:106C800091AE7275B4EE737592AE7475EBB37575A3
:106C900093AE767594AE777595AE7875FBBB7975C6
:106CA000B5EE7A7596AE7B7597AE7C7598AE7D75B0
:106CB00099AE7E759AAE7F75DCE780759BAE817567
:106CC0009CAE82759DAE8375B6EE84759EAE85755D
:106CD0009FAE8675AEBD8775A0AE887540AF8975CD
:106CE00041AF8A7542AF8B75E2F18C7543AF8D75FC
:106CF00044AF8E7545AF8F75E8CA907546AF9175F4
:106D0000C9D29275DAF0937547AF9475DBF095753B
:106D100048AF9675DCF09775C6C1987549AF9975FF
:106D2000EDB89A75CEBE9B754AAF9C754BAF9D75FD
:106D3000DEF09E754CAF9F75B1C5A075DDF0A175F5
:106D4000F1D1A2754DAFA375E0F0A475CCB0A575D7
:106D5000EABDA6754EAFA7754FAFA87550AFA97520
:106D600051AFAA7552AFAB75DFD2AC75DFF0AD7520
:106D700053AFAE75AFB4AF75E8B7B075E6F0B175A7
:106D8000E5F0B275A3C6B375E1F0B475E2F0B57580
:106D9000C3B4B67554AFB77555AFB875E3F0B975F0
:106DA000EED5BA7556AFBB7557AFBC75DBCCBD75AC
:106DB000D2BEBE75B2BCBF7558AFC07559AFC175F4
:106DC0005AAFC275E8F0C375E7F0C475E4F0C57555
:106DD000A1B2C6755BAFC775A2D6C875B8D3C97561
:106DE000B7BECA75ACC8CB755CAFCC755DAFCD75A1
:106DF000EAF0CE755EAFCF755FAFD07560AFD1757D
:106E000061AFD275F7D1D37562AFD475CCD6D575D5
:106E1000DBBAD675E9F0D77563AFD875BBB6D9754F
:106E200064AFDA7565AFDB75B4CDDC7566AFDD7563
:106E300067AFDE75A6C6DF7568AFE07569AFE1754F
:106E40006AAFE275A1C1E375EBF0E475EEF0E575AC
:106E50006BAFE675EDF0E775F0F0E875ECF0E9750D
:106E60006CAFEA75BEBBEB75EFF0EC756DAFED7511
:106E70006EAFEE756FAFEF7570AFF075B5CCF175A5
:106E8000F2F0F27571AFF37572AFF475D5B3F575B5
:106E900073AFF67574AFF77575AFF87576AFF975B2
:106EA000D4B1FA7577AFFB7578AFFC75F3F0FD756B
:106EB00079AFFE757AAFFF75F4F00076F6F00176E3
:106EC000E1B402767BAF0376F1F004767CAF057611
:106ED000F7F006767DAF07767EAF087680AF09764D
:106EE00081AF0A76FAF00B7682AF0C76F8F00D7669
:106EF00083AF0E7684AF0F7685AF1076F5F01176FE
:106F000086AF127687AF137688AF147689AF157681
:106F1000FDF016768AAF1776F9F01876FCF0197640
:106F2000FEF01A768BAF1B76A1F11C768CAF1D7626
:106F30008DAF1E768EAF1F76C1CE2076A4F121765E
:106F40008FAF2276A3F1237690AF2476F6C1257613
:106F5000FBF02676DDCA277691AF287692AF2976A8
:106F6000F1B42A76F1B12B76B1CC2C7693AF2D7695
:106F7000A6F12E7694AF2F7695AF3076A7F13176C5
:106F800096AF327697AF3376ACF13476CED5357690
:106F9000A9F1367698AF377699AF3876B3C8397697
:106FA0009AAF3A769BAF3B769CAF3C76A2F13D76AA
:106FB0009DAF3E76ABF13F76A8F14076A5F14176E4
:106FC0009EAF42769FAF4376AAF14476A0AF457656
:106FD00040B0467641B0477642B0487643B04976F5
:106FE00044B04A7645B04B7646B04C76A9B04D7663
:106FF000ADF14E7647B04F7648B0507649B05176F5
:107000004AB052764BB053764CB05476AFF15576C9
:107010004DB05676B1F157764EB058764FB059769E
:1070200050B05A7651B05B7652B05C76B0F15D7676
:1070300053B05E76AEF15F7654B0607655B061764F
:1070400056B0627657B06376A2D1647658B0657652
:1070500059B066765AB067765BB068765CB0697690
:107060005DB06A765EB06B76B2F16C765FB06D76CD
:1070700060B06E7661B06F76B3F1707662B07176A3
:1070800063B0727664B0737665B0747666B0757608
:1070900067B0767668B0777669B07876EFB979764A
:1070A0006AB07A766BB07B76C7B57C766CB07D764D
:1070B000D7B07E76D9B07F766DB080766EB08176AF
:1070C0006FB08276EDD4837670B08476C4B5857661
:1070D00071B08676D4BD8776CABB8876A7F08976EC
:1070E00072B08A7673B08B76DEB88C7674B08D769B
:1070F00075B08E76A8F08F7676B0907677B0917670
:10710000A8B0927678B09376A9F0947679B0957617
:107110007AB09676EECD97767BB098767CB09976FD
:10712000AAF09A767DB09B767EB09C7680B09D76F4
:1071300081B09E7682B09F7683B0A07684B0A1762F
:1071400085B0A27686B0A37687B0A476ABF0A5769C
:1071500088B0A67689B0A7768AB0A8768BB0A976D3
:107160008CB0AA768DB0AB768EB0AC768FB0AD76A3
:1071700090B0AE76A4C6AF7691B0B07692B0B1764C
:10718000E5D6B276E4F1B37693B0B476E5F1B576B0
:1071900094B0B67695B0B77696B0B87697B0B97623
:1071A00098B0BA7699B0BB769AB0BC769BB0BD76F3
:1071B0009CB0BE769DB0BF76F3C3C0769EB0C1765C
:1071C0009FB0C276DBD3C376A0B0C47640B1C5769B
:1071D000D1D6C676E8C5C77641B1C876AFD3C976F1
:1071E00042B1CA76E6D2CB7643B1CC7644B1CD7605
:1071F000C1EECE76BBB0CF76B5D5D076CED1D17636
:10720000E0BCD276D0BAD37645B1D476F8BFD57685
:1072100046B1D676C7B8D776C1B5D876CCC5D976BB
:1072200047B1DA7648B1DB76A2CADC7649B1DD76C1
:107230004AB1DE764BB1DF76CBC3E0764CB1E17676
:107240004DB1E2764EB1E3764FB1E47650B1E576DA
:10725000C2EEE67651B1E77652B1E87653B1E976FF
:1072600054B1EA7655B1EB7656B1EC7657B1ED767E
:1072700058B1EE76BFC4EF76A2B6F07659B1F1768A
:10728000ECEDF276A4C3F3765AB1F476B1D6F57686
:107290005BB1F6765CB1F7765DB1F876E0CFF97662
:1072A000EFEDFA765EB1FB765FB1FC76CEC5FD768A
:1072B00060B1FE76DCB6FF7661B1007762B101772E
:1072C000A1CA027763B1037764B10477EDED057766
:1072D00065B1067766B10777F0ED0877F1ED0977CC
:1072E000BCC30A7767B10B77B4BF0C7768B10D7771
:1072F000EEED0E7769B10F776AB110776BB1117748
:107300006CB112776DB113776EB114776FB11577D9
:1073100070B1167771B1177772B1187773B11977A9
:10732000F4ED1A77F2ED1B7774B11C7775B11D7708
:1073300076B11E7777B11F77E6D52077DFC3217747
:1073400078B12277F3ED237779B124777AB1257775
:107350007BB12677F6ED27777CB12877A3D52977FF
:10736000A3D12A777DB12B777EB12C7780B12D7791
:10737000F5ED2E7781B12F77D0C3307782B1317799
:1073800083B1327784B1337785B1347786B135777D
:10739000F7ED3677F4BF3777ECBE3877F8ED39770D
:1073A00087B13A77F7CC3B7788B13C77DBD13D7733
:1073B00089B13E778AB13F778BB14077C5D74177A6
:1073C000F6D542778CB14377FCED44778DB14577A4
:1073D0008EB146778FB14777FBED487790B149770B
:1073E00091B14A7792B14B7793B14C7794B14D7785
:1073F00095B14E7796B14F7797B15077F9ED5177B8
:10740000FAED527798B1537799B154779AB155778D
:107410009BB156779CB157779DB158779EB15977FC
:107420009FB15A77FDED5B77A6BE5C77A0B15D7723
:1074300040B25E7741B25F7742B2607743B2617724
:10744000AFCB6277A1EE6377BDB6647744B2657760
:10745000A2EE6677C0C4677745B26877FEED6977BC
:1074600046B26A7747B26B77DEBD6C77C7B26D778D
:1074700048B26E7749B26F774AB270774BB2717784
:107480004CB272774DB273774EB274774FB2757754
:1074900050B2767751B2777752B2787753B2797724
:1074A000C3B67A7754B27B7755B27C7756B27D7784
:1074B000A5EE7E77BAD87F77A3EE8077A6EE8177A8
:1074C00057B2827758B2837759B28477E9C3857708
:1074D000F2B386775AB287775BB288775CB28977E6
:1074E0005DB28A775EB28B775FB28C77A7EE8D77CD
:1074F000A4EE8E77B9CF8F7760B2907761B2917733
:10750000A8EE9277F7C2937762B2947763B29577D9
:1075100064B2967765B2977766B2987767B29977D3
:1075200068B29A7769B29B776AB29C776BB29D77A3
:107530006CB29E776DB29F77A9EEA077AAEEA17785
:107540006EB2A277ABDEA3776FB2A47770B2A577E5
:10755000B3C6A67771B2A777C6C7A87772B2A97764
:10756000F5D6AA77C9B5AB7773B2AC77B2CBAD77A6
:1075700074B2AE7775B2AF7776B2B077ABEEB17763
:1075800077B2B27778B2B377ABCDB47779B2B5775B
:10759000ACEEB6777AB2B7777BB2B8777CB2B97710
:1075A0007DB2BA777EB2BB77B0D5BC7780B2BD77FB
:1075B000ADEEBE7781B2BF77C4F6C07782B2C17735
:1075C00083B2C27784B2C37785B2C47786B2C577F7
:1075D00087B2C67788B2C77789B2C8778AB2C977C7
:1075E0008BB2CA778CB2CB778DB2CC778EB2CD7797
:1075F000C7DBCE778FB2CF7790B2D07791B2D17709
:1076000092B2D27793B2D37794B2D47795B2D5773A
:1076100096B2D67797B2D777A3B4D87798B2D977FE
:1076200099B2DA779AB2DB77ACC3DC77E6F1DD7733
:107630009BB2DE779CB2DF779DB2E0779EB2E177B6
:107640009FB2E277B8CAE377D3D2E477A0B2E57706
:10765000AAD6E67740B3E777F2EFE87741B3E97768
:10766000D8BEEA7742B3EB77C3BDEC77F3EFED77A3
:10767000CCB6EE77ABB0EF7743B3F07744B3F177A6
:1076800045B3F27746B3F377AFCAF47747B3F577EC
:1076900048B3F677B6EDF77749B3F877B7EDF977F2
:1076A0004AB3FA774BB3FB774CB3FC774DB3FD7716
:1076B000F9CEFE77AFB7FF77F3BF0078B8ED01786A
:1076C000EBC20278B0C903784EB304784FB30578A3
:1076D00050B3067851B3077852B3087853B309789A
:1076E000B9ED0A7854B30B7855B30C78F6C60D781B
:1076F000B3BF0E7856B30F7857B3107858B31178DC
:10770000BCED1278F8C5137859B31478D0D1157838
:107710005AB31678A9D71778BAED1878BBED19784F
:107720005BB31A78E2D11B785CB31C78BFED1D788F
:10773000C0ED1E785DB31F78C4ED20785EB321786C
:107740005FB3227860B32378C8ED247861B32578DD
:10775000C6ED2678CEED2778E8D5287862B329786B
:10776000C9ED2A7863B32B7864B32C78C7ED2D78F4
:10777000BEED2E7865B32F7866B33078E9C53178E1
:1077800067B3327868B3337869B33478C6C635786E
:107790006AB336786BB33778E9C93878D2D4397898
:1077A000C1ED3A78C2ED3B78C3ED3C78C5ED3D784C
:1077B0006CB33E78F9C03F786DB34078A1B441789E
:1077C0006EB342786FB3437870B3447871B3457841
:1077D000E8B9467872B34778D0ED487873B3497802
:1077E00074B34A7875B34B7876B34C78D1ED4D7855
:1077F00077B34E78CAED4F7878B35078CFED5178A3
:1078000079B35278F8CE53787AB354787BB35578FD
:10781000B6CB5678CCED5778CDED58787CB3597807
:107820007DB35A787EB35B7880B35C7881B35D7842
:10783000F5CF5E7882B35F7883B3607884B3617884
:1078400085B3627886B3637887B3647888B36578E4
:1078500089B366788AB367788BB368788CB36978B4
:107860008DB36A78D2ED6B78F2C16C78B2D36D7853
:10787000CBED6E78B7C86F788EB370788FB37178B0
:1078800090B3727891B3737892B3747893B3757838
:1078900094B3767895B37778EFBC787896B37978A7
:1078A00097B37A7898B37B7899B37C78F0C57D7874
:1078B0009AB37E789BB37F789CB380789DB38178B0
:1078C0009EB382789FB38378A0B3847840B48578E0
:1078D00041B4867842B48778D6ED887843B4897805
:1078E000EFB58A7844B48B7845B48C78B5C28D787E
:1078F000ADB08E78E9CB8F7846B4907847B4917864
:10790000AEB1927848B49378D4ED947849B4957830
:107910004AB496784BB49778EBCD9878E2B59978DD
:107920004CB49A78D5ED9B78D3ED9C78D7ED9D78C3
:107930004DB49E784EB49F78FAB5A0784FB4A17834
:10794000D8EDA27850B4A378D9EDA47851B4A57835
:10795000DCEDA67852B4A778CCB1A87853B4A97856
:1079600054B4AA7855B4AB7856B4AC7857B4AD7863
:1079700058B4AE7859B4AF785AB4B078F6C5B17887
:10798000EEBCB278DAEDB378BCCCB478EAB2B578B4
:107990005BB4B6785CB4B7785DB4B8785EB4B978E7
:1079A000DBEDBA785FB4BB7860B4BC7861B4BD7805
:1079B00062B4BE78EBC4BF7863B4C07864B4C178F5
:1079C000C5B4C27865B4C37866B4C47867B4C57802
:1079D000F5B0C67868B4C77869B4C8786AB4C978AD
:1079E000DFEDCA78DAC0CB78E8B4CC786BB4CD7868
:1079F0006CB4CE786DB4CF786EB4D078CDC5D17874
:107A00006FB4D27870B4D37871B4D478DDEDD57812
:107A1000C4BFD67872B4D77873B4D87874B4D97830
:107A2000DEEDDA7875B4DB7876B4DC7877B4DD78BF
:107A300078B4DE7879B4DF787AB4E0787BB4E17832
:107A40007CB4E2787DB4E3787EB4E47880B4E57801
:107A500081B4E67882B4E77883B4E878A5C4E9789D
:107A600084B4EA7885B4EB7886B4EC78E0EDED7810
:107A700087B4EE7888B4EF7889B4F0788AB4F17876
:107A80008BB4F278E1EDF3788CB4F478E3EDF5782B
:107A90008DB4F6788EB4F778D7C1F8788FB4F978CA
:107AA00090B4FA78C7BBFB7891B4FC7892B4FD78B7
:107AB00093B4FE7894B4FF7895B4007996B40179C4
:107AC000B8BD027997B4037998B4047999B405796B
:107AD000E2ED06799AB407799BB408799CB40979E8
:107AE0009DB40A799EB40B799FB40C79A0B40D793A
:107AF00040B50E7941B50F7942B5107943B511798A
:107B000044B5127945B51379E4ED147946B5157984
:107B100047B5167948B5177949B518794AB519792D
:107B20004BB51A794CB51B794DB51C794EB51D79FD
:107B30004FB51E79E6ED1F7950B5207951B5217901
:107B400052B5227953B5237954B52479E5ED2579D9
:107B500055B5267956B5277957B5287958B5297975
:107B600059B52A795AB52B795BB52C795CB52D7945
:107B70005DB52E795EB52F795FB5307960B5317915
:107B800061B5327962B5337963B53479E7ED35792A
:107B900064B5367965B5377966B5387967B53979B9
:107BA00068B53A79BECA3B79EAEC3C79F1C03D79D7
:107BB00069B53E79E7C93F796AB54079EBEC41791F
:107BC000EEC642796BB543796CB544796DB54579AC
:107BD0006EB54679ECEC47796FB54879EDC64979D1
:107BE000EDEC4A7970B54B7971B54C7972B54D7938
:107BF00073B54E7974B54F7975B5507976B55179BD
:107C000077B5527978B55379F0EC547979B55579DF
:107C10007AB55679E6D75779F3EC58797BB5597927
:107C20007CB55A79F1EC5B79EEEC5C79EFEC5D793F
:107C3000A3D75E79F1C95F79EECB6079F4EC617915
:107C40007DB56279F2EC63797EB5647980B565794A
:107C5000E9CF667981B56779F6EC6879B1C669795B
:107C600082B56A7983B56B7984B56C7985B56D79A0
:107C7000C0BC6E7986B56F79F5EC707987B571798E
:107C800088B5727989B573798AB574798BB5757948
:107C90008CB576798DB57779BBB57879F6BB79797E
:107CA0008EB57A79F7EC7B798FB57C7990B57D7953
:107CB00091B57E7992B57F7993B58079F7D981793D
:107CC000FBBD827994B5837995B58479BBC28579FA
:107CD000F8EC867996B5877997B5887998B58979DA
:107CE00099B58A79F9EC8B799AB58C799BB58D79B0
:107CF0009CB58E799DB58F79A3B890799EB5917911
:107D00009FB59279A0B5937940B6947941B69579AB
:107D100042B6967943B6977944B6987945B699793B
:107D200046B69A79FAEC9B7947B69C7948B69D7924
:107D300049B69E794AB69F794BB6A0794CB6A179DF
:107D40004DB6A2794EB6A3794FB6A47950B6A579AF
:107D500051B6A67952B6A779FBECA87953B6A979A2
:107D600054B6AA7955B6AB7956B6AC7957B6AD7953
:107D700058B6AE7959B6AF795AB6B0795BB6B17923
:107D80005CB6B2795DB6B379FCECB4795EB6B57920
:107D90005FB6B67960B6B77961B6B87962B6B979C7
:107DA000EDD3BA79AED8BB79EBC0BC7963B6BD79F7
:107DB000DDC7BE79CCBABF7964B6C079E3D0C179EA
:107DC000BDCBC27965B6C379BACDC47966B6C5797B
:107DD00067B6C679D1B8C77968B6C87969B6C979BE
:107DE000FCB1CA796AB6CB79EFC7CC796BB6CD79DD
:107DF000D6D6CE796CB6CF796DB6D0796EB6D1794C
:107E0000C6BFD279EBC3D3796FB6D47970B6D579C2
:107E1000F5EFD67971B6D77972B6D879D8C3D97952
:107E200073B6DA7974B6DB7975B6DC7976B6DD7956
:107E300077B6DE7978B6DF79E2D7E07979B6E1799D
:107E40007AB6E2797BB6E379F7EFE479D3B3E579F3
:107E50007CB6E679D8C7E779EDD1E8797DB6E979DE
:107E6000C8D6EA797EB6EB79F8EFEC7980B6ED7991
:107E7000F6EFEE7981B6EF79FDBBF079C6B3F17913
:107E800082B6F27983B6F37984B6F47985B6F5795A
:107E900086B6F67987B6F77988B6F879D5BDF979D7
:107EA00089B6FA798AB6FB79C6D2FC798BB6FD79A8
:107EB000E0BBFE798CB6FF798DB6007AA1CF017A4E
:107EC0008EB6027AFCEF037AFBEF047A8FB6057A5E
:107ED00090B6067AF9EF077A91B6087A92B6097ADF
:107EE00093B60A7A94B60B7ACCB30C7A95B60D7A1F
:107EF000D4C90E7AB0CB0F7A96B6107A97B6117AAB
:107F000098B6127A99B6137A9AB6147AFEEF157A61
:107F10009BB6167A9CB6177ADEB0187A9DB6197A97
:107F20009EB61A7AC9D61B7A9FB61C7AA0B61D7A5D
:107F300040B71E7AFDEF1F7A41B7207AEDB3217A60
:107F400042B7227A43B7237AD5F6247A44B7257A02
:107F500045B7267A46B7277A47B7287A48B7297AA5
:107F600049B72A7A4AB72B7A4BB72C7A4CB72D7A75
:107F70004DB72E7A4EB72F7A4FB7307A50B7317A45
:107F800051B7327A52B7337AC8CE347A53B7357A8A
:107F900054B7367A55B7377AA2F0387A56B7397A65
:107FA000A1F03A7A57B73B7ABEB53C7ADABC3D7A53
:107FB000FCBB3E7A58B73F7AE5B8407A59B7417A68
:107FC0005AB7427A5BB7437A5CB7447A5DB7457A71
:107FD0005EB7467AC2C4477A5FB7487A60B7497AD3
:107FE00061B74A7A62B74B7A63B74C7A64B74D7A15
:107FF00065B74E7A66B74F7A67B7507A68B7517AE5
:10800000A3F0527A69B7537A6AB7547A6BB7557A44
:108010006CB7567A6DB7577AEBCB587A6EB7597AF8
:108020006FB75A7A70B75B7A71B75C7A72B75D7A5C
:1080300073B75E7A74B75F7A75B7607A76B7617A2C
:1080400077B7627A78B7637A79B7647A7AB7657AFC
:108050007BB7667A7CB7677A7DB7687A7EB7697ACC
:1080600080B76A7A81B76B7A82B76C7A83B76D7A98
:1080700084B76E7A85B76F7A86B7707AA6F0717A10
:1080800087B7727A88B7737A89B7747AA8D1757A04
:108090008AB7767ABFBE777AEEC7787AB6F1797A00
:1080A000B7F17A7AD5BF7B7A8BB77C7A8CB77D7A39
:1080B0008DB77E7A8EB77F7AA9B4807AB8F1817A4B
:1080C000BBCD827A8FB7837AD4C7847AADD5857ACF
:1080D00090B7867AB9F1877A91B7887ABAF1897AB6
:1080E00092B78A7A93B78B7A94B78C7A95B78D7A50
:1080F000CFC78E7A96B78F7A97B7907A98B7917ADA
:10810000A4D2927ACFD6937A99B7947A9AB7957A7D
:10811000BBF1967AD1BD977AB0B4987ABDBE997A00
:108120009BB79A7A9CB79B7A9DB79C7ADCB49D7A70
:10813000D1CE9E7A9EB79F7ADFBFA07ABDF1A17A99
:108140009FB7A27AA0B7A37A40B8A47A41B8A57A1B
:10815000FABFA67ABCF1A77A42B8A87ABFF1A97A89
:1081600043B8AA7A44B8AB7A45B8AC7ABEF1AD7AD6
:10817000C0F1AE7A46B8AF7A47B8B07A48B8B17AAB
:1081800049B8B27A4AB8B37AC1F1B47A4BB8B57A81
:108190004CB8B67A4DB8B77A4EB8B87A4FB8B97A03
:1081A00050B8BA7A51B8BB7A52B8BC7A53B8BD7AD3
:1081B00054B8BE7A55B8BF7AFEC1C07A56B8C17AF3
:1081C00057B8C27A58B8C37A59B8C47A5AB8C57A77
:1081D0005BB8C67A5CB8C77A5DB8C87A5EB8C97A47
:1081E0005FB8CA7A60B8CB7AA2C1CC7A61B8CD7ACE
:1081F00062B8CE7A63B8CF7A64B8D07A65B8D17AEB
:1082000066B8D27A67B8D37A68B8D47A69B8D57ABA
:108210006AB8D67AFACAD77A6BB8D87A6CB8D97AEB
:10822000BED5DA7A6DB8DB7A6EB8DC7A6FB8DD7AF3
:1082300070B8DE7ABABEDF7AB9BEE07AC2D5E17A2A
:1082400071B8E27A72B8E37AA2BFE47A73B8E57AD9
:10825000AFCDE67AB5F1E77A74B8E87A75B8E97A1D
:1082600076B8EA7A77B8EB7A78B8EC7A79B8ED7ABA
:10827000DFBDEE7A7AB8EF7ACBB6F07A7BB8F17AD6
:108280007CB8F27A7DB8F37A7EB8F47A80B8F57A61
:1082900081B8F67A82B8F77A83B8F87A84B8F97A2E
:1082A000F1D6FA7AC3F3FB7A85B8FC7A86B8FD7A00
:1082B000C4F3FE7A87B8FF7ACDB8007B88B8017B1B
:1082C00089B8027B8AB8037BC6F3047BC7F3057BBE
:1082D0008BB8067BCAB0077B8CB8087BC5F3097BDB
:1082E0008DB80A7BC9F30B7BF1CB0C7B8EB80D7B71
:1082F0008FB80E7B90B80F7BCBF3107B91B8117BBE
:10830000A6D0127B92B8137B93B8147BCAB1157BAD
:10831000C8F3167B94B8177B95B8187B96B8197B71
:10832000CFF31A7B97B81B7BD1B51C7B98B81D7B0C
:1083300099B81E7BD7F31F7B9AB8207BD2F3217BA1
:108340009BB8227B9CB8237B9DB8247BD4F3257BF0
:10835000D3F3267BFBB7277B9EB8287BBFB1297B55
:108360009FB82A7BCEF32B7BCAF32C7BDAB52D7B0F
:10837000A0B82E7BD0F32F7B40B9307B41B9317B45
:10838000D1F3327B42B9337BD5F3347B43B9357BB0
:1083900044B9367B45B9377B46B9387BCDF3397B59
:1083A00047B93A7BE3BC3B7B48B93C7BFDC13D7B95
:1083B00049B93E7BD6F33F7B4AB9407B4BB9417B01
:1083C0004CB9427B4DB9437B4EB9447B4FB9457B99
:1083D000DAF3467B50B9477BCCF3487B51B9497BF4
:1083E000C8B54A7B52B94B7BEEBD4C7BDCF34D7B71
:1083F00053B94E7B54B94F7BA4B7507BF0BF517B30
:10840000FED6527BB2CD537B55B9547BF0B4557B2D
:1084100056B9567BDFB2577B57B9587BD8F3597B97
:1084200058B95A7BD9F35B7BB8C95C7B59B95D7B82
:10843000DDF35E7B5AB95F7B5BB9607BDEF3617B0A
:108440005CB9627BE1F3637B5DB9647B5EB9657B9C
:108450005FB9667B60B9677B61B9687B62B9697B2C
:1084600063B96A7B64B96B7B65B96C7B66B96D7BFC
:1084700067B96E7BDFF36F7B68B9707B69B9717B1D
:10848000E3F3727BE2F3737B6AB9747B6BB9757B40
:10849000DBF3767B6CB9777BEABF787B6DB9797B50
:1084A000EFB37A7B6EB97B7BE0F37C7B6FB97D7B2E
:1084B00070B97E7BA9C77F7B71B9807BF2BC817B61
:1084C00072B9827B73B9837B74B9847B75B9857B00
:1084D000EBF3867B76B9877B77B9887B78B9897B24
:1084E00079B98A7B7AB98B7B7BB98C7B7CB98D7BA4
:1084F000BFB98E7B7DB98F7B7EB9907BE4F3917B96
:1085000080B9927B81B9937B82B9947BADB2957B24
:10851000FEBB967B83B9977BE3CB987B84B9997B31
:1085200085B99A7B86B99B7B87B99C7BEDF39D7B54
:10853000E9F39E7B88B99F7B89B9A07B8AB9A17B2F
:10854000DCB9A27BEEF3A37B8BB9A47B8CB9A57BB2
:108550008DB9A67BE5F3A77BE6F3A87BEAF3A97BBD
:10856000E1C2AA7BECF3AB7BEFF3AC7BE8F3AD7B32
:10857000FDBCAE7B8EB9AF7B8FB9B07B90B9B17BC0
:10858000E4CFB27B91B9B37B92B9B47BF0F3B57B06
:1085900093B9B67B94B9B77B95B9B87BE7F3B97B50
:1085A00096B9BA7B97B9BB7B98B9BC7B99B9BD7BAF
:1085B0009AB9BE7B9BB9BF7B9CB9C07B9DB9C17B7F
:1085C000F2F3C27B9EB9C37B9FB9C47BA0B9C57BC4
:1085D00040BAC67BADD7C77BAAC6C87B41BAC97BA8
:1085E00042BACA7B43BACB7B44BACC7BF3F3CD7B94
:1085F00045BACE7B46BACF7B47BAD07B48BAD17B4F
:10860000F1F3D27B49BAD37BA8C2D47B4ABAD57BDB
:108610004BBAD67B4CBAD77B4DBAD87B4EBAD97BF6
:10862000DDB8DA7BF5F3DB7B4FBADC7B50BADD7B60
:10863000F4F3DE7B51BADF7B52BAE07B53BAE17BC5
:10864000DBB4E27B54BAE37B55BAE47B56BAE57BF4
:10865000F6F3E67BF7F3E77B57BAE87B58BAE97B9A
:1086600059BAEA7BF8F3EB7B5ABAEC7B5BBAED7B49
:108670005CBAEE7BBAC0EF7B5DBAF07B5EBAF17B91
:10868000E9C0F27B5FBAF37B60BAF47B61BAF57B39
:1086900062BAF67B63BAF77BF1C5F87B64BAF97B03
:1086A00065BAFA7B66BAFB7B67BAFC7BFBF3FD7BA2
:1086B00068BAFE7BFAF3FF7B69BA007C6ABA017C78
:1086C0006BBA027C6CBA037C6DBA047C6EBA057C12
:1086D0006FBA067C70BA077CD8B4087C71BA097C82
:1086E00072BA0A7C73BA0B7CFEF30C7CF9F30D7C36
:1086F00074BA0E7C75BA0F7CFCF3107C76BA117CD0
:1087000077BA127C78BA137C79BA147C7ABA157C61
:108710007BBA167CFDF3177C7CBA187C7DBA197C79
:108720007EBA1A7C80BA1B7C81BA1C7C82BA1D7C02
:1087300083BA1E7C84BA1F7CA1F4207C85BA217C7C
:1087400086BA227C87BA237C88BA247C89BA257CA5
:108750008ABA267CA3F4277CC9BB287C8BBA297CE7
:108760008CBA2A7CA2F42B7C8DBA2C7C8EBA2D7C00
:108770008FBA2E7C90BA2F7C91BA307C92BA317C21
:1087800093BA327C94BA337C95BA347C96BA357CF1
:1087900097BA367C98BA377C99BA387CA4F4397C7D
:1087A0009ABA3A7C9BBA3B7C9CBA3C7C9DBA3D7C95
:1087B0009EBA3E7C9FBA3F7CBEB2407CA6F4417C10
:1087C000A5F4427CA0BA437C40BB447C41BB457CC1
:1087D00042BB467C43BB477C44BB487C45BB497C91
:1087E00046BB4A7C47BB4B7C48BB4C7C49BB4D7C61
:1087F000AEBC4E7C4ABB4F7C4BBB507C4CBB517CCF
:108800004DBB527C4EBB537C4FBB547C50BB557C04
:1088100051BB567C52BB577C53BB587C54BB597CD4
:1088200055BB5A7C56BB5B7C57BB5C7C58BB5D7CA4
:1088300059BB5E7C5ABB5F7C5BBB607C5CBB617C74
:108840005DBB627C5EBB637C5FBB647C60BB657C44
:1088500061BB667C62BB677C63BB687C64BB697C14
:1088600065BB6A7C66BB6B7C67BB6C7C68BB6D7CE4
:1088700069BB6E7C6ABB6F7C6BBB707C6CBB717CB4
:108880006DBB727C6EBB737CD7C3747CE1D9757C85
:108890006FBB767C70BB777C71BB787C72BB797C5C
:1088A00073BB7A7C74BB7B7CE0C07C7CCCF47D7C2D
:1088B000D1D77E7C75BB7F7C76BB807C77BB817C8F
:1088C00078BB827C79BB837C7ABB847C7BBB857CD8
:1088D0007CBB867C7DBB877C7EBB887C80BB897CA7
:1088E000DBB78A7C81BB8B7C82BB8C7C83BB8D7C21
:1088F00084BB8E7C85BB8F7C86BB907C87BB917C48
:10890000CEF4927CA3C1937C88BB947C89BB957C7C
:10891000C9C6967C8ABB977CD6B4987CB3D5997C23
:108920008BBB9A7C8CBB9B7C8DBB9C7CD0F49D7C50
:10893000CFF49E7CD1F49F7CDACBA07C8EBBA17C53
:108940008FBBA27CD2F4A37C90BBA47CC1D4A57CB9
:10895000E0D6A67C91BBA77C92BBA87C93BBA97CEC
:1089600094BBAA7CE0B7AB7C95BBAC7C96BBAD7CE2
:1089700097BBAE7CB8C1AF7C98BBB07C99BBB17CD7
:10898000BBC1B27CD3F4B37CACBEB47C9ABBB57C27
:108990009BBBB67C9CBBB77C9DBBB87C9EBBB97CAB
:1089A000E2B4BA7C9FBBBB7CA0BBBC7CD4F4BD7CD6
:1089B000D5F4BE7CABBEBF7C40BCC07C41BCC17C9E
:1089C000D6F4C27C42BCC37C43BCC47C44BCC57CE2
:1089D000DBF4C67C45BCC77CD7F4C87CDAF4C97C20
:1089E00046BCCA7CFDBACB7C47BCCC7CD8F4CD7CE1
:1089F000D9F4CE7C48BCCF7C49BCD07C4ABCD17C6D
:108A00004BBCD27C4CBCD37C4DBCD47C4EBCD57C06
:108A1000E2B8D67CC7CCD77CDCF4D87C4FBCD97C00
:108A2000DAB2DA7C50BCDB7C51BCDC7CD3C3DD7CAD
:108A300052BCDE7C53BCDF7CE3D4E07CB7BFE17C7E
:108A400054BCE27C55BCE37C56BCE47C57BCE57C62
:108A500058BCE67C59BCE77C5ABCE87CDDF4E97C78
:108A60005BBCEA7C5CBCEB7C5DBCEC7C5EBCED7C06
:108A70005FBCEE7C60BCEF7CB4C5F07C61BCF17C7B
:108A800062BCF27C63BCF37C64BCF47C65BCF57CAA
:108A900066BCF67C67BCF77C68BCF87CE9F4F97CC2
:108AA00069BCFA7C6ABCFB7CB5CFFC7C6BBCFD7CF2
:108AB0006CBCFE7C6DBCFF7C6EBC007D6FBC017D20
:108AC00070BC027D71BC037D72BC047D73BC057DEE
:108AD00074BC067D75BC077D76BC087D77BC097DBE
:108AE00078BC0A7DC9CE0B7D79BC0C7D7ABC0D7D2E
:108AF0007BBC0E7D7CBC0F7D7DBC107D7EBC117D62
:108B000080BC127D81BC137D82BC147D83BC157D2D
:108B100084BC167D85BC177D86BC187D87BC197DFD
:108B200088BC1A7D89BC1B7D8ABC1C7D8BBC1D7DCD
:108B30008CBC1E7D8DBC1F7D8EBC207DD8CB217D45
:108B40008FBC227DF7CB237D90BC247D91BC257DFD
:108B500092BC267D93BC277DF4BD287D94BC297DE5
:108B600095BC2A7D96BC2B7DCFD72C7D97BC2D7DC7
:108B700098BC2E7D99BC2F7DDBC0307D9ABC317DA9
:108B80009BBC327D9CBC337D9DBC347D9EBC357DC1
:108B90009FBC367DA0BC377D40BD387D41BD397D51
:108BA00042BD3A7D43BD3B7D44BD3C7D45BD3D7DE1
:108BB00046BD3E7D47BD3F7D48BD407D49BD417DB1
:108BC0004ABD427D4BBD437D4CBD447D4DBD457D81
:108BD0004EBD467D4FBD477D50BD487D51BD497D51
:108BE00052BD4A7D53BD4B7D54BD4C7D55BD4D7D21
:108BF00056BD4E7D57BD4F7D58BD507D59BD517DF1
:108C00005ABD527D5BBD537D5CBD547D5DBD557DC0
:108C10005EBD567D5FBD577D60BD587D61BD597D90
:108C200062BD5A7D63BD5B7D64BD5C7D65BD5D7D60
:108C300066BD5E7D67BD5F7D68BD607D69BD617D30
:108C40006ABD627D6BBD637D6CBD647D6DBD657D00
:108C50006EBD667D6FBD677D70BD687D71BD697DD0
:108C600072BD6A7D73BD6B7D74BD6C7D75BD6D7DA0
:108C700076BD6E7DF5D06F7D77BD707D78BD717DE1
:108C800079BD727D7ABD737D7BBD747D7CBD757D44
:108C90007DBD767D7EBD777DEAF4787D80BD797D72
:108CA00081BD7A7D82BD7B7D83BD7C7D84BD7D7DE4
:108CB00085BD7E7D86BD7F7D87BD807D88BD817DB4
:108CC00089BD827D8ABD837D8BBD847D8CBD857D84
:108CD0008DBD867D8EBD877D8FBD887D90BD897D54
:108CE00091BD8A7D92BD8B7D93BD8C7D94BD8D7D24
:108CF00095BD8E7D96BD8F7D97BD907D98BD917DF4
:108D000099BD927D9ABD937D9BBD947D9CBD957DC3
:108D10009DBD967D9EBD977D9FBD987DA0BD997D93
:108D200040BE9A7D41BE9B7D42BE9C7D43BE9D7DE3
:108D300044BE9E7D45BE9F7D46BEA07D47BEA17DB3
:108D400048BEA27D49BEA37D4ABEA47D4BBEA57D83
:108D50004CBEA67DEBF4A77D4DBEA87D4EBEA97D81
:108D60004FBEAA7D50BEAB7D51BEAC7D52BEAD7D27
:108D700053BEAE7DECF4AF7D54BEB07D55BEB17D2B
:108D800056BEB27D57BEB37D58BEB47D59BEB57DCB
:108D90005ABEB67D5BBEB77D5CBEB87D5DBEB97D9B
:108DA0005EBEBA7D5FBEBB7D60BEBC7D61BEBD7D6B
:108DB00062BEBE7D63BEBF7D64BEC07D65BEC17D3B
:108DC00066BEC27D67BEC37D68BEC47D69BEC57D0B
:108DD0006ABEC67D6BBEC77D6CBEC87D6DBEC97DDB
:108DE0006EBECA7D6FBECB7D70BECC7D71BECD7DAB
:108DF00072BECE7D73BECF7D74BED07D75BED17D7B
:108E000076BED27D77BED37D78BED47D79BED57D4A
:108E10007ABED67D7BBED77D7CBED87D7DBED97D1A
:108E20007EBEDA7D80BEDB7D81BEDC7D82BEDD7DE7
:108E300083BEDE7D84BEDF7D85BEE07D86BEE17DB6
:108E400087BEE27D88BEE37D89BEE47D8ABEE57D86
:108E50008BBEE67D8CBEE77D8DBEE87D8EBEE97D56
:108E60008FBEEA7D90BEEB7D91BEEC7D92BEED7D26
:108E700093BEEE7D94BEEF7D95BEF07D96BEF17DF6
:108E800097BEF27D98BEF37D99BEF47D9ABEF57DC6
:108E90009BBEF67D9CBEF77D9DBEF87D9EBEF97D96
:108EA0009FBEFA7DA0BEFB7D40BFFC7D41BFFD7D26
:108EB00042BFFE7D43BFFF7D44BF007E45BF017EB4
:108EC00046BF027E47BF037E48BF047E49BF057E82
:108ED0004ABF067E4BBF077E4CBF087E4DBF097E52
:108EE0004EBF0A7E4FBF0B7E50BF0C7E51BF0D7E22
:108EF00052BF0E7E53BF0F7E54BF107E55BF117EF2
:108F000056BF127E57BF137E58BF147E59BF157EC1
:108F10005ABF167E5BBF177E5CBF187E5DBF197E91
:108F20005EBF1A7E5FBF1B7E60BF1C7E61BF1D7E61
:108F300062BF1E7E63BF1F7E64BF207E65BF217E31
:108F400066BF227E67BF237E68BF247E69BF257E01
:108F50006ABF267E6BBF277E6CBF287E6DBF297ED1
:108F60006EBF2A7E6FBF2B7E70BF2C7E71BF2D7EA1
:108F700072BF2E7E73BF2F7E74BF307E75BF317E71
:108F800076BF327E77BF337E78BF347E79BF357E41
:108F90007ABF367E7BBF377E7CBF387E7DBF397E11
:108FA0007EBF3A7E80BF3B7EE3F73C7E81BF3D7E45
:108FB00082BF3E7E83BF3F7E84BF407E85BF417EB1
:108FC000B1B7427E86BF437E87BF447E88BF457E61
:108FD00089BF467E8ABF477EEDF4487E8BBF497EBF
:108FE0008CBF4A7E8DBF4B7E8EBF4C7E8FBF4D7E29
:108FF00090BF4E7E91BF4F7E92BF507E93BF517EF9
:1090000094BF527E95BF537E96BF547E97BF557EC8
:1090100098BF567E99BF577E9ABF587E9BBF597E98
:109020009CBF5A7E9DBF5B7E9EBF5C7E9FBF5D7E68
:10903000A0BF5E7E40C05F7E41C0607E42C0617E58
:1090400043C0627E44C0637E45C0647E46C0657E88
:1090500047C0667E48C0677E49C0687E4AC0697E58
:109060004BC06A7E4CC06B7E4DC06C7E4EC06D7E28
:109070004FC06E7E50C06F7E51C0707E52C0717EF8
:1090800053C0727E54C0737E55C0747E56C0757EC8
:1090900057C0767E58C0777E59C0787E5AC0797E98
:1090A0005BC07A7E5CC07B7E5DC07C7E5EC07D7E68
:1090B0005FC07E7E60C07F7E61C0807E62C0817E38
:1090C00063C0827EEBD7837E64C0847E65C0857E6C
:1090D00066C0867E67C0877E68C0887E69C0897EDC
:1090E0006AC08A7E6BC08B7E6CC08C7E6DC08D7EAC
:1090F0006EC08E7E6FC08F7E70C0907E71C0917E7C
:1091000072C0927E73C0937E74C0947E75C0957E4B
:1091100076C0967E77C0977E78C0987E79C0997E1B
:109120007AC09A7E7BC09B7EEEF49C7E7CC09D7E46
:109130007DC09E7E7EC09F7EF9E6A07EC0BEA17EE1
:10914000FAE6A27EECBAA37EFBE6A47ECBCFA57E98
:10915000FCE6A67EBCD4A77EB6BCA87EFDE6A97EB2
:10916000FEE6AA7ECDBCAB7ED2C8AC7EB3CEAD7ED1
:10917000A1E7AE7E80C0AF7EBFB4B07EA2E7B17E75
:10918000B4C9B27ED9B8B37EC9C4B47E81C0B57E3D
:10919000DDD7B67EDAC2B77ED7B7B87EBDD6B97E88
:1091A000C6CEBA7EC4B7BB7E82C0BC7E83C0BD7E45
:1091B000A6C5BE7EA3E7BF7EDFCFC07EA4E7C17E8B
:1091C000A5E7C27EA6E7C37EB7C1C47EE9D7C57E48
:1091D000F0C9C67EB8CFC77EAFD6C87ED5D6C97E09
:1091E000A7E7CA7EEDB0CB7EA8E7CC7EA9E7CD7E0F
:1091F000DCC9CE7EEFD2CF7EADBED07EAAE7D17ED7
:10920000F3B0D27EDEC8D37EE1BDD47EABE7D57E9F
:10921000C6C8D67E84C0D77EACE7D87EE6BBD97EF2
:10922000F8B8DA7EA4D1DB7EADE7DC7EE7C2DD7E76
:10923000F8BEDE7ECABDDF7EB3CDE07EAEE7E17E66
:10924000AFE7E27EEEBEE37EE5D0E47E85C0E57E5C
:10925000E7CBE67ED0CCE77ECCBCE87EB0E7E97E0B
:10926000A8BCEA7EF7D0EB7EB1E7EC7E86C0ED7E4F
:10927000F8D0EE7EB2E7EF7EB3E7F07EC2B4F17EC7
:10928000B4E7F27EB5E7F37EFEC9F47EACCEF57EA0
:10929000E0C3F67EB7E7F77EC1B1F87EF1B3F97EA1
:1092A00087C0FA7EB8E7FB7EB9E7FC7EDBD7FD7EA0
:1092B000C0D5FE7EBAE7FF7ECCC2007FBAD7017F61
:1092C000BBE7027FBCE7037FBDE7047FEABC057F05
:1092D000E5C3067FC2C0077FBEE7087FBFE7097FFF
:1092E000A9BC0A7F88C00B7FC0E70C7FC1E70D7F58
:1092F000B6E70E7FD0B60F7FC2E7107F89C0117F1F
:10930000C3E7127FC4E7137FBABB147FDEB5157FB6
:10931000C6C2167FE0B1177FC5E7187FB5D4197FA5
:10932000C6E71A7FBFB81B7FC8E71C7FC7E71D7F52
:10933000ECB71E7F8AC01F7FC9E7207FF8B2217F6C
:10934000CAE7227FCBE7237FCCE7247FCDE7257FC9
:10935000CEE7267FCFE7277FD0E7287FA7D3297FD7
:10936000F5CB2A7FD1E72B7FD2E72C7FD3E72D7F68
:10937000D4E72E7FC9C92F7FD5E7307FD6E7317F6D
:10938000D7E7327FD8E7337FD9E7347FC9BD357F50
:10939000DAE7367FBEF3377F8BC0387FD7B8397FA7
:1093A0008CC03A7FB1C83B7F8DC03C7F8EC03D7F73
:1093B0008FC03E7F90C03F7F91C0407F92C0417F71
:1093C00093C0427FBFF3437F94C0447FC0F3457F87
:1093D000C1F3467F95C0477F96C0487F97C0497FBD
:1093E00098C04A7F99C04B7F9AC04C7F9BC04D7FED
:1093F0009CC04E7F9DC04F7F9EC0507FDEB9517F85
:10940000F8CD527F9FC0537FA0C0547FE8D8557FCE
:10941000B1BA567F40C1577FDEC2587FB7EE597F41
:1094200041C15A7FA3B75B7F42C15C7F43C15D7F6F
:1094300044C15E7F45C15F7FB9EE607F46C1617FF9
:10944000B8EE627FD5B0637F47C1647F48C1657F56
:1094500049C1667F4AC1677F4BC1687FBBEE697FA8
:10946000D6D56A7FEFD76B7F4CC16C7F4DC16D7FC6
:109470004EC16E7FC3D66F7F4FC1707F50C1717F69
:10948000BDEE727FF0CA737F51C1747FBCEE757FF1
:1094900052C1767F53C1777F54C1787F55C1797FA0
:1094A000BEEE7A7F56C17B7F57C17C7F58C17D7FDE
:1094B00059C17E7FC0EE7F7F5AC1807F5BC1817FB3
:1094C000BFEE827F5CC1837F5DC1847F5EC1857F8B
:1094D0005FC1867F60C1877F61C1887F62C1897FEC
:1094E00063C18A7FF2D18B7F64C18C7FBCC78D7FC3
:1094F00065C18E7FC0C38F7F66C1907F67C1917F3A
:1095000068C1927F69C1937F6AC1947FE1B8957FFA
:109510006BC1967F6CC1977F6DC1987F6EC1997F3B
:109520006FC19A7FE7C19B7F70C19C7F71C19D7F96
:10953000C6F49E7FDFD09F7FC7F4A07F72C1A17F5A
:10954000DBCFA27F73C1A37F74C1A47FBAC8A57FFC
:1095500075C1A67F76C1A77FC8F4A87F77C1A97F10
:1095600078C1AA7F79C1AB7F7AC1AC7F7BC1AD7F67
:109570007CC1AE7F7DC1AF7FC9F4B07FCAF4B17F3B
:109580007EC1B27FCBF4B37F80C1B47F81C1B57F90
:1095900082C1B67F83C1B77F84C1B87FFAD9B97F52
:1095A000FEB8BA7F85C1BB7F86C1BC7FF1E5BD7FB8
:1095B000F0D3BE7F87C1BF7FE0F4C07F88C1C17F89
:1095C000CCCEC27F89C1C37F8AC1C47F8BC1C57F16
:1095D000E1B3C67F8CC1C77F8DC1C87F8EC1C97FF3
:1095E0008FC1CA7FB4F1CB7F90C1CC7FEED2CD7F4B
:1095F00091C1CE7FE1F4CF7F92C1D07F93C1D17F63
:1096000094C1D27F95C1D37F96C1D47FE8CFD57F57
:10961000E2F4D67F97C1D77F98C1D87FCCC7D97FD6
:1096200099C1DA7F9AC1DB7F9BC1DC7F9CC1DD7F62
:109630009DC1DE7F9EC1DF7FD4B5E07FE4B4E17FD2
:10964000E4F4E27F9FC1E37FA0C1E47F40C2E57FF5
:10965000E3F4E67FE5F4E77F41C2E87F42C2E97FB9
:10966000E6F4EA7F43C2EB7F44C2EC7F45C2ED7F64
:1096700046C2EE7FE7F4EF7F47C2F07FB2BAF17FD8
:10968000BFB0F27F48C2F37FE8F4F47F49C2F57FB0
:109690004AC2F67F4BC2F77F4CC2F87F4DC2F97FBA
:1096A0004EC2FA7F4FC2FB7FADB7FC7FEDD2FD7F8C
:1096B00050C2FE7F51C2FF7F52C20080ABD20180F8
:1096C000CFC0028053C20380BCBF0480A3EB0580DF
:1096D000DFD50680C8EA078054C2088055C20980D9
:1096E00056C20A8057C20B80F3F10C80F8B60D8089
:1096F000A3CB0E8058C20F8059C21080CDC41180F8
:109700005AC21280E7F113805BC21480E8F1158021
:10971000FBB81680E9F11780C4BA1880C5D4198047
:10972000D2B01A805CC21B805DC21C80EAF11D8031
:109730005EC21E805FC21F8060C22080EBF121806C
:1097400061C22280ECF1238062C2248063C2258042
:10975000EDF12680EEF12780EFF12880F1F12980EC
:10976000F0F12A80D5C52B8064C22C8065C22D8083
:1097700066C22E8067C22F8068C2308069C2318085
:10978000F2F132806AC23380FAB634806BC235801F
:10979000F4F13680AED23780C7DE3880CACB39804C
:1097A0006CC23A806DC23B80DCB33C806EC23D80AF
:1097B000A2B53E806FC23F80A2B9408070C2418096
:1097C00071C24280F4C44380F5F1448072C2458086
:1097D00073C24680F6F1478074C2488075C24980E2
:1097E00076C24A80C4C14B80FBC14C80B0D64D804C
:1097F000F7F14E8077C24F8078C2508079C2518095
:109800007AC25280F8F153807BC25480AAC155803D
:109810007CC256807DC257807EC25880B8C65980AF
:1098200080C25A80DBBE5B8081C25C8082C25D8068
:1098300083C25E8084C25F8085C2608086C2618090
:1098400087C2628088C2638089C264808AC2658060
:109850008BC266808CC267808DC268808EC2698030
:10986000F9F16A80CFB46B808FC26C8090C26D803A
:1098700091C26E8092C26F8093C2708094C27180D8
:10988000FAF1728095C2738096C2748097C2758017
:1098900098C2768099C277809AC278809BC279807C
:1098A0009CC27A809DC27B809EC27C809FC27D804C
:1098B000A0C27E8040C37F80B2ED8080B1ED818008
:1098C00041C3828042C38380E0CB8480DED2858026
:1098D00043C38680C1CB8780D8D5888044C3898024
:1098E000E2C88A8045C38B80DFC08C80A1BC8D809C
:1098F00046C38E8047C38F8048C3908049C3918000
:109900004AC392804BC39380C1EB94804CC3958033
:109910004DC39680A4D097804EC39880E2D699809C
:109920004FC39A80C7B69B80D8B89C80C0EB9D80FF
:10993000CEB89E8050C39F80BFEBA080A6B3A1800D
:10994000C9B9A280ABD6A38051C3A480F4B7A580C7
:10995000CAB7A68052C3A78053C3A88054C3A980A6
:10996000E7BCAA80BEB7AB80C6EBAC8055C3AD8068
:10997000C7EBAE80B9B0AF80CFBFB08056C3B18067
:10998000C5EBB280FDD3B38057C3B480C8EBB580BC
:1099900058C3B68059C3B780C9EBB8805AC3B980E1
:1099A0005BC3BA80CEB7BB805CC3BC80C2EBBD805A
:1099B000C4EBBE80F6C9BF80D7D6C080CDD5C180EC
:1099C000B2D0C280CFEBC380B8CEC480D0EBC5800C
:1099D0005DC3C680A8B5C7805EC3C8805FC3C980A9
:1099E00060C3CA8061C3CB8062C3CC80B3B1CD8079
:1099F000D2EBCE80A5CCCF8063C3D08064C3D180AE
:109A000065C3D28066C3D38067C3D48068C3D58062
:109A100069C3D680D6C5D780D3EBD8806AC3D98036
:109A2000D1EBDA80DFC5DB80CEEBDC80A4CADD8041
:109A3000D5EBDE80FBB0DF806BC3E0806CC3E180E0
:109A4000FABAE2806DC3E3806EC3E480B7D8E580E4
:109A5000E3F1E6806FC3E780CAEBE880CBEBE980F7
:109A6000CCEBEA80CDEBEB80D6EBEC80C0E6ED8072
:109A7000D9EBEE8070C3EF80E8BFF080C8D2F180F0
:109A8000D7EBF280DCEBF380ECB8F480D8EBF58018
:109A900071C3F680BABDF78072C3F880D8D0F98060
:109AA00073C3FA80B7B0FB8074C3FC80DDEBFD802C
:109AB000DCC4FE8075C3FF8076C3008177C301815B
:109AC00078C30281ACD6038179C304817AC305814E
:109AD0007BC30681E0B407817CC308817DC3098113
:109AE000F6C20A81B9BC0B817EC30C8180C30D8193
:109AF000DAEB0E81DBEB0F81E0D41081EAC6118135
:109B0000D4C41281DFEB1381A7C51481F5D9158167
:109B100081C31681B1B2178182C31881E4EB198128
:109B200083C31A81C5BD1B8184C31C8185C31D816C
:109B300086C31E81E2EB1F8187C3208188C32181F8
:109B400089C322818AC323818BC324818CC325814D
:109B50008DC326818EC327818FC3288190C329811D
:109B600091C32A8192C32B8193C32C81E3EB2D8176
:109B700094C32E8195C32F81ACB8308196C33181B7
:109B8000D1CD3281E5EB338197C3348198C33581E0
:109B900099C33681E1EB37819AC33881B3C13981EA
:109BA0009BC33A819CC33B819DC33C819EC33D8145
:109BB0009FC33E81A2C63F81A0C3408140C4418172
:109BC00041C4428142C4438143C4448144C4458169
:109BD00045C44681F3CC478146C44881E6EB4981C0
:109BE00047C44A81B0C04B81B8D24C81E7EB4D816C
:109BF00048C44E8149C44F814AC45081AFB8518195
:109C0000ADB852814BC45381E8EB5481BBC7558139
:109C1000F3CD56814CC457814DC458814EC45981EF
:109C2000EAEB5A81EBEB5B814FC45C8150C45D81F0
:109C300051C45E8152C45F8153C46081EDEB618188
:109C400054C4628155C4638156C4648157C465811C
:109C5000C8D0668158C46781F2EB688159C46981B4
:109C6000EEEB6A815AC46B815BC46C815CC46D810C
:109C7000F1EB6E81F9C86F815DC47081FCD1718197
:109C8000ECEB72815EC473815FC47481E9EB758112
:109C900060C4768161C4778162C4788163C479814C
:109CA000B9B87A81D9CF7B81E5C47C81EFEB7D8126
:109CB000F0EB7E81DACC7F81C8CD8081F2B08181EA
:109CC00064C48281F6EB838165C4848166C4858126
:109CD00067C4868168C4878169C48881F5EB8981FE
:109CE0006AC48A81B2B28B816BC48C816CC48D8151
:109CF0006DC48E816EC48F81E0B890816FC49181F4
:109D0000F7EB928170C4938171C4948172C4958180
:109D100073C4968174C4978175C49881ECB199819C
:109D200076C49A8177C49B81C5CC9C81A4C49D8153
:109D3000A5CF9E8178C49F8179C4A0817AC4A18176
:109D40007BC4A2817CC4A381F9EBA4817DC4A581DD
:109D50007EC4A681A2ECA78180C4A881F2C5A98196
:109D600081C4AA81FAEBAB8182C4AC8183C4AD818A
:109D700084C4AE8185C4AF8186C4B08187C4B181FB
:109D800088C4B28189C4B381C5C9B4818AC4B5818C
:109D90008BC4B6818CC4B7818DC4B8818EC4B9819F
:109DA0008FC4BA81DFE2BB81FEEBBC8190C4BD8170
:109DB00091C4BE8192C4BF8193C4C081CECDC18104
:109DC000A1ECC281DBB1C381B7D3C48194C4C58186
:109DD00095C4C681DCD2C78196C4C88197C4C981A5
:109DE00098C4CA81FDEBCB8199C4CC81FBEBCD81BA
:109DF0009AC4CE819BC4CF819CC4D0819DC4D181A3
:109E00009EC4D2819FC4D381A0C4D48140C5D581D2
:109E100041C5D68142C5D78143C5D88144C5D981C2
:109E200045C5DA8146C5DB8147C5DC8148C5DD8192
:109E300049C5DE814AC5DF814BC5E0814CC5E18162
:109E40004DC5E2814EC5E381BCB3E4814FC5E581D8
:109E500050C5E68151C5E781B0EAE88152C5E98184
:109E600053C5EA81D4D7EB8154C5EC81ABF4ED81C5
:109E7000F4B3EE8155C5EF8156C5F08157C5F18128
:109E800058C5F28159C5F381C1D6F481C2D6F58196
:109E90005AC5F6815BC5F7815CC5F8815DC5F9815E
:109EA0005EC5FA815FC5FB81E9D5FC81CABEFD8133
:109EB00060C5FE81A7F4FF8161C50082A8D201823E
:109EC000A8F40282A9F4038262C50482AAF405827E
:109ED000CBBE0682DFD3078263C5088264C50982D0
:109EE00065C50A8266C50B8267C50C82E0C90D8212
:109EF000E1C90E8268C50F8269C51082C2F3118262
:109F00006AC51282E6CA13826BC51482F2CC15822E
:109F10006CC516826DC517826EC518826FC5198211
:109F200070C51A8271C51B82B6E21C82B4CB1D8239
:109F300072C51E82E8CE1F82DBD6208273C52182C5
:109F4000ADF42282AEF42382AFF4248274C525825C
:109F500075C5268276C5278277C52882B2F4298204
:109F600078C52A82BDBA2B82B3F42C82E3B02D824D
:109F7000B0F42E8279C52F82B1F43082A2BD318235
:109F8000D5B232827AC53382B6F43482B7F43582E0
:109F9000E6B63682B0B23782CFCF3882B4F4398297
:109FA000ACB43A827BC53B82B5F43C827CC53D8231
:109FB0007DC53E82B8F43F827EC5408280C5418225
:109FC00081C5428282C5438283C54482B9F44582F9
:109FD00084C5468285C54782A7CD488286C5498209
:109FE000BAF44A8287C54B82BBF44C8288C54D8245
:109FF00089C54E828AC54F82BCF450828BC551827E
:10A000008CC552828DC553828EC554828FC55582B0
:10A0100090C5568291C5578292C55882D2CB59823B
:10A0200093C55A82BDF45B8294C55C8295C55D82FE
:10A0300096C55E8297C55F82BEF4608298C56182D4
:10A0400099C562829AC563829BC564829CC56582FC
:10A050009DC566829EC567829FC56882BFF469827E
:10A06000A0C56A8240C66B8241C66C8242C66D82C0
:10A0700043C66E82DEF46F82BCC17082E8BC71821E
:10A0800044C67282ABC97382DED17482F5E57582F3
:10A0900045C6768246C6778247C6788248C67982A8
:10A0A000B3DC7A82D5D27B8249C67C824AC67D8265
:10A0B000B4DC7E82ACB07F82B5DC80824BC681820C
:10A0C0004CC68282DABD83824DC68482B9DC858229
:10A0D0004EC686824FC6878250C68882C2D8898281
:10A0E00051C68A82B7DC8B82F3D38C8252C68D82B2
:10A0F000D6C98E82BADC8F82B6DC908253C691823A
:10A10000BBDC9282A2C3938254C6948255C69582C8
:10A1100056C6968257C69782BCDC9882C5DC998267
:10A12000BDDC9A8258C69B8259C69C82DFCE9D8236
:10A13000A5D69E825AC69F82CFDCA0825BC6A18232
:10A14000CDDCA2825CC6A3825DC6A482D2DCA582DD
:10A15000E6BDA682ABC2A7825EC6A882B8DCA98291
:10A16000CBDCAA82CEDCAB82BEDCAC82D2B7AD82C5
:10A17000C5B0AE82C7DCAF82BED0B082C1DCB182D6
:10A18000A8BBB2825FC6B382BCB7B482CCDCB58256
:10A1900060C6B68261C6B782C6DCB882BFDCB9824F
:10A1A000DBC7BA8262C6BB8263C6BC8264C6BD829C
:10A1B000BFD1BE82C0DCBF8265C6C08266C6C18216
:10A1C000CADCC28267C6C38268C6C482D0DCC582CC
:10A1D00069C6C6826AC6C782ADCEC882C2DCC982E1
:10A1E0006BC6CA82C3DCCB82C8DCCC82C9DCCD8220
:10A1F000D4B2CE82D1DCCF82D5CBD0826CC6D18214
:10A20000B7D4D282DBDCD382DFDCD482A6CCD58289
:10A21000E6DCD6826DC6D782E7C3D882DCDCD98281
:10A220006EC6DA826FC6DB82C1BFDC82D9DCDD821A
:10A2300070C6DE82FAB0DF82B6B9E082E5DCE18288
:10A24000D3DCE28271C6E382C4DCE482D6DCE58240
:10A25000F4C8E682E0BFE78272C6E88273C6E9828C
:10A2600074C6EA8275C6EB82BBC9EC8276C6ED8203
:10A2700077C6EE8278C6EF82BDB1F08279C6F182F0
:10A28000A2D3F2827AC6F3827BC6F482DADCF5824C
:10A290007CC6F6827DC6F782D5DCF8827EC6F9825E
:10A2A000BBC6FA8280C6FB82DEDCFC8281C6FD82F0
:10A2B00082C6FE8283C6FF8284C6008385C6018370
:10A2C000C2D70283AFC30383B6B70483D1C7058364
:10A2D000A9C30683E2DC0783D8DC0883EBDC0983AF
:10A2E000D4DC0A8386C60B8387C60C83DDDC0D8332
:10A2F00088C60E83A5BE0F83D7DC108389C6118361
:10A30000E0DC12838AC613838BC61483E3DC1583D7
:10A31000E4DC16838CC61783F8DC18838DC619839A
:10A320008EC61A83E1DC1B83A2DD1C83E7DC1D8360
:10A330008FC61E8390C61F8391C6208392C6218339
:10A3400093C6228394C6238395C6248396C6258309
:10A3500097C6268398C62783EBBC2883C4B4298379
:10A3600099C62A839AC62B83A3C32C83E7B22D8375
:10A37000FADC2E839BC62F83F2DC30839CC63183AC
:10A38000EFDC32839DC63383FCDC3483EEDC358323
:10A39000F0D23683E8B237839EC63883D7C8398374
:10A3A000E3C83A83FBDC3B839FC63C83EDDC3D8303
:10A3B000A0C63E8340C73F8341C74083F7DC41834B
:10A3C00042C7428343C74383F5DC448344C7458384
:10A3D00045C74683A3BE4783F4DC488346C7498309
:10A3E000DDB24A8347C74B8348C74C8349C74D8377
:10A3F0004AC74E834BC74F83F3DC5083F6BC51836F
:10A40000E8DC5283C4BB53834CC75483F3C05583E9
:10A410004DC756834EC757834FC7588350C759837C
:10A4200051C75A83D4BC5B83E9DC5C83EADC5D837F
:10A4300052C75E83F1DC5F83F6DC6083F9DC618305
:10A44000B4B5628353C76383D9C86483E7BB6583AC
:10A45000FEDC6683FDDC6783ABD36883A1DD6983A3
:10A46000A3DD6A83A5DD6B83F1D26C83A4DD6D83EC
:10A47000A6DD6E83A7DD6F83A9D2708354C7718375
:10A4800055C7728356C7738357C7748358C775837C
:10A4900059C776835AC77783C9BA7883A9DD798388
:10A4A0005BC77A835CC77B83B6DD7C83B1DD7D834C
:10A4B000B4DD7E835DC77F835EC780835FC7818392
:10A4C00060C7828361C7838362C7848363C78583D0
:10A4D000B0DD8683CEC6878364C7888365C78983DA
:10A4E000F2C08A8366C78B8367C78C8368C78D83F6
:10A4F00069C78E83AFC98F836AC790836BC7918307
:10A500006CC79283ECDC9383AEDD94836DC7958337
:10A510006EC796836FC7978370C79883B7DD99839B
:10A5200071C79A8372C79B83F0DC9C83AFDD9D83E8
:10A5300073C79E83B8DD9F8374C7A083ACDDA183FE
:10A5400075C7A28376C7A38377C7A48378C7A5837B
:10A5500079C7A6837AC7A7837BC7A883B9DDA983F8
:10A56000B3DDAA83ADDDAB83AAC4AC837CC7AD8366
:10A570007DC7AE837EC7AF8380C7B083A8DDB183BC
:10A58000B3C0B283ABC1B383AADDB483ABDDB58303
:10A5900081C7B683B2DDB783F1BBB883B5DDB983BC
:10A5A000A8D3BA83BADDBB8382C7BC83BBDDBD83BE
:10A5B000A7C3BE8383C7BF8384C7C083D2DDC183E3
:10A5C000BCDDC28385C7C38386C7C48387C7C583F1
:10A5D000D1DDC68388C7C783BDB9C88389C7C9838E
:10A5E0008AC7CA83D5BECB838BC7CC83FABECD8343
:10A5F0008CC7CE838DC7CF83CABAD0838EC7D18391
:10A600008FC7D28390C7D38391C7D483CADDD58344
:10A6100092C7D683C5DDD78393C7D883BFDDD983DF
:10A6200094C7DA8395C7DB8396C7DC83CBB2DD831F
:10A63000C3DDDE8397C7DF83CBDDE083A4B2E18394
:10A64000D5DDE28398C7E38399C7E4839AC7E5839E
:10A65000BEDDE6839BC7E7839CC7E8839DC7E9838C
:10A66000D0C6EA83D0DDEB839EC7EC839FC7ED8322
:10A67000A0C7EE8340C8EF8341C8F083D4DDF183E7
:10A68000E2C1F283C6B7F38342C8F48343C8F583BB
:10A6900044C8F68345C8F78346C8F883CEDDF983FE
:10A6A000CFDDFA8347C8FB8348C8FC8349C8FD83D4
:10A6B000C4DDFE834AC8FF834BC800844CC80184B4
:10A6C000BDDD02844DC80384CDDD0484D1CC058476
:10A6D0004EC80684C9DD07844FC8088450C8098461
:10A6E00051C80A8452C80B84C2DD0C84C8C30D84CF
:10A6F000BCC60E84AECE0F84CCDD108453C811844A
:10A70000C8DD128454C8138455C8148456C81584EF
:10A7100057C8168458C8178459C81884C1DD1984CD
:10A720005AC81A845BC81B845CC81C84C6DD1D849F
:10A73000DCC21E845DC81F845EC820845FC821847B
:10A7400060C8228461C8238462C82484A9D3258474
:10A75000AAD32684D3DD2784F4CF2884F8C829849B
:10A7600063C82A8464C82B8465C82C8466C82D8479
:10A7700067C82E8468C82F8469C830846AC8318449
:10A78000E6DD32846BC833846CC834846DC835848C
:10A790006EC836846FC8378470C83884C7DD398482
:10A7A00071C83A8472C83B8473C83C84E0DD3D8440
:10A7B000E4C23E8474C83F8475C8408476C841842E
:10A7C00077C8428478C8438479C844847AC8458469
:10A7D0007BC84684E1DD47847CC848847DC84984C1
:10A7E0007EC84A8480C84B8481C84C8482C84D840A
:10A7F00083C84E8484C84F8485C8508486C85184D9
:10A80000D7DD528487C8538488C8548489C8558446
:10A810008AC856848BC85784F8D658848CC8598403
:10A82000D9DD5A84D8DD5B84F0B85C84D6DD5D84E4
:10A830008DC85E848EC85F848FC8608490C8618430
:10A84000CFC6628491C86384ADB6648492C86584BF
:10A8500093C8668494C8678495C8688496C86984D8
:10A86000E2DD6A8497C86B84F9BA6C84E1D46D84A4
:10A87000E7DD6E8498C86F8499C870849AC8718423
:10A88000D0B472849BC87384DADD74849CC87584E8
:10A89000FBBF7684E3DD77849DC87884DFDD79842F
:10A8A0009EC87A84DDDD7B849FC87C84A0C87D84BB
:10A8B00040C97E8441C97F8442C9808443C9818460
:10A8C00044C98284D9B5838445C9848446C98584B2
:10A8D00047C9868448C98784DBDD8884DCDD8984B8
:10A8E000DEDD8A8449C98B84AFBD8C84E4DD8D8430
:10A8F0004AC98E84E5DD8F844BC990844CC991840C
:10A900004DC992844EC993844FC9948450C995848B
:10A9100051C9968452C99784F5DD988453C99984A6
:10A92000C9C39A8454C99B8455C99C84E2CB9D8435
:10A9300056C99E8457C99F8458C9A08459C9A18407
:10A94000F2DDA2845AC9A3845BC9A4845CC9A5842E
:10A950005DC9A6845EC9A7845FC9A88460C9A984AB
:10A9600061C9AA8462C9AB8463C9AC8464C9AD847B
:10A9700065C9AE8466C9AF84E1D8B08467C9B184C3
:10A9800068C9B284D1C6B38469C9B484F4DDB5841E
:10A990006AC9B6846BC9B7846CC9B884F4D5B98464
:10A9A000F3DDBA84F0DDBB846DC9BC846EC9BD849F
:10A9B000ECDDBE846FC9BF84EFDDC08470C9C18483
:10A9C000E8DDC28471C9C38472C9C484EED0C58471
:10A9D00073C9C68474C9C78475C9C88476C9C98453
:10A9E000D8C8CA84EEDDCB8477C9CC8478C9CD843D
:10A9F000E9DDCE8479C9CF847AC9D084EADDD184F7
:10AA0000F2CBD2847BC9D384EDDDD4847CC9D584D8
:10AA10007DC9D684CDB1D7847EC9D88480C9D98474
:10AA200081C9DA8482C9DB8483C9DC8484C9DD847A
:10AA3000B6C0DE8485C9DF84BBBCE084F1DDE1847F
:10AA400086C9E28487C9E384F7DDE48488C9E584A4
:10AA5000F6DDE684EBDDE78489C9E8848AC9E98408
:10AA60008BC9EA848CC9EB848DC9EC84EEC5ED8476
:10AA70008EC9EE848FC9EF8490C9F084FBDDF18428
:10AA800091C9F28492C9F38493C9F48494C9F5847A
:10AA900095C9F68496C9F78497C9F88498C9F9844A
:10AAA00099C9FA849AC9FB849BC9FC84A4DEFD84FD
:10AAB0009CC9FE849DC9FF84A3DE00859EC90185D3
:10AAC0009FC90285A0C9038540CA048541CA05857E
:10AAD00042CA068543CA078544CA088545CA09850E
:10AAE00046CA0A8547CA0B8548CA0C85F8DD0D851C
:10AAF00049CA0E854ACA0F854BCA10854CCA1185B2
:10AB0000EFC312854DCA1385FBC214854ECA158545
:10AB10004FCA168550CA1785E1D5188551CA1985BF
:10AB200052CA1A85B5CE1B8553CA1C8554CA1D85C9
:10AB300055CA1E8556CA1F85FDDD208557CA218549
:10AB4000CCB2228558CA238559CA24855ACA25857C
:10AB50005BCA26855CCA27855DCA28855ECA2985A9
:10AB60005FCA2A8560CA2B85E8C42C85DFCA2D857B
:10AB700061CA2E8562CA2F8563CA308564CA318551
:10AB800065CA328566CA338567CA348568CA358521
:10AB900069CA36856ACA3785BEC73885FADD398500
:10ABA000FCDD3A85FEDD3B85A2DE3C85AAB03D8515
:10ABB000CEB13E856BCA3F856CCA40856DCA418562
:10ABC0006ECA42856FCA4385ACDE448570CA45852E
:10ABD00071CA468572CA478573CA4885A6DE49850B
:10ABE000B6BD4A85EFC84B8574CA4C8575CA4D857C
:10ABF00076CA4E8577CA4F8578CA508579CA5185FD
:10AC00007ACA52857BCA53857CCA54857DCA5585CC
:10AC10007ECA5685A1DE578580CA588581CA598566
:10AC2000A5DE5A8582CA5B8583CA5C8584CA5D8538
:10AC300085CA5E85A9DE5F8586CA608587CA61850B
:10AC400088CA628589CA63858ACA6485A8DE6585E3
:10AC50008BCA66858CCA67858DCA6885A7DE6985BB
:10AC60008ECA6A858FCA6B8590CA6C8591CA6D85BC
:10AC700092CA6E8593CA6F8594CA708595CA71858C
:10AC800096CA7285ADDE738597CA7485CCD47585F6
:10AC900098CA768599CA77859ACA78859BCA798534
:10ACA000B3DE7A85AADE7B85AEDE7C859CCA7D8597
:10ACB0009DCA7E85D9C07F859ECA80859FCA8185B1
:10ACC000A0CA828540CB838541CB8485A1B185858F
:10ACD000B6DE868542CB8785B1DE888543CB898504
:10ACE00044CB8A8545CB8B8546CB8C8547CB8D85E0
:10ACF00048CB8E8549CB8F85B2DE90854ACB918536
:10AD00004BCB92854CCB93854DCB94854ECB958583
:10AD10004FCB968550CB978551CB988552CB998553
:10AD200053CB9A8554CB9B85A6D19C85B5DE9D855A
:10AD300055CB9E8556CB9F8557CBA08558CBA185FB
:10AD400059CBA2855ACBA3855BCBA485AFDEA58565
:10AD50005CCBA6855DCBA7855ECBA885B0DEA9853B
:10AD60005FCBAA85BDD0AB8560CBAC8561CBAD8513
:10AD700062CBAE85B4DEAF85EDCAB085B9DEB185F4
:10AD800063CBB28564CBB38565CBB48566CBB58523
:10AD900067CBB68568CBB785B8DEB88569CBB98592
:10ADA000B7DEBA856ACBBB856BCBBC856CCBBD856A
:10ADB0006DCBBE856ECBBF856FCBC08570CBC1859B
:10ADC000BBDEC28571CBC38572CBC48573CBC58511
:10ADD00074CBC68575CBC78576CBC88577CBC9853F
:10ADE000E5BDCA8578CBCB8579CBCC857ACBCD85B3
:10ADF0007BCBCE857CCBCF85D8B2D085EAC3D1853D
:10AE00007DCBD2857ECBD385BADED48580CBD5856C
:10AE1000BAC5D68581CBD78582CBD88583CBD9855A
:10AE200084CBDA8585CBDB8586CBDC85BCDEDD8516
:10AE300087CBDE8588CBDF8589CBE0858ACBE18532
:10AE40008BCBE2858CCBE3858DCBE485D9CCE585B6
:10AE50008ECBE6858FCBE78590CBE88591CBE985D6
:10AE6000AAB7EA8592CBEB8593CBEC8594CBED85A5
:10AE700095CBEE8596CBEF8597CBF08598CBF1857A
:10AE800099CBF2859ACBF3859BCBF4859CCBF5854A
:10AE90009DCBF6859ECBF7859FCBF885A0CBF9851A
:10AEA00040CCFA8541CCFB85E5D4FC8542CCFD85C0
:10AEB00043CCFE8544CCFF85BDDE008645CC0186B3
:10AEC00046CC028647CC038648CC048649CC05860E
:10AED000BFDE06864ACC07864BCC08864CCC09865A
:10AEE0004DCC0A864ECC0B864FCC0C8650CC0D86B2
:10AEF00051CC0E8652CC0F8653CC108654CC118682
:10AF0000A2C4128655CC138656CC148657CC15860F
:10AF100058CC1686C1DE178659CC18865ACC1986AD
:10AF20005BCC1A865CCC1B865DCC1C865ECC1D86F9
:10AF30005FCC1E8660CC1F8661CC208662CC2186C9
:10AF400063CC228664CC238665CC248666CC258699
:10AF500067CC268668CC2786BEDE288669CC298603
:10AF6000C0DE2A866ACC2B866BCC2C866CCC2D86D8
:10AF70006DCC2E866ECC2F866FCC308670CC318611
:10AF800071CC328672CC338673CC348674CC3586E1
:10AF900075CC368676CC378677CC3886BAD5398666
:10AFA00078CC3A8679CC3B867ACC3C86C2DE3D862C
:10AFB0007BCC3E867CCC3F867DCC40867ECC418659
:10AFC00080CC428681CC438682CC448683CC458625
:10AFD00084CC468685CC478686CC488687CC4986F5
:10AFE00088CC4A8689CC4B868ACC4C868BCC4D86C5
:10AFF000AEF24E86A2BB4F86B2C25086B0C5518615
:10B00000C7C252868CCC53868DCC5486AFF25586FF
:10B010008ECC56868FCC578690CC588691CC59864C
:10B0200092CC5A86E9D05B8693CC5C8694CC5D86C4
:10B0300095CC5E86DDD35F8696CC608697CC6186A4
:10B0400098CC6286BDEB638699CC64869ACC658683
:10B050009BCC66869CCC67869DCC68869ECC698698
:10B060009FCC6A86A0CC6B86E6B36C86B0F26D8608
:10B0700040CD6E86B1F26F8641CD708642CD71862D
:10B08000ADCA728643CD738644CD748645CD758630
:10B0900046CD768647CD778648CD788649CD798668
:10B0A000E7BA7A86B3F27B86B5F27C86B4F27D8607
:10B0B000E4CB7E86BACF7F86B2F28086B4CA818620
:10B0C000CFD28286ECC283864ACD84864BCD8586DC
:10B0D0004CCD86864DCD87864ECD88864FCD8986D0
:10B0E00050CD8A86C3CE8B86B8F28C86F6B08D861C
:10B0F000B7F28E8651CD8F8652CD908653CD9186F4
:10B1000054CD928655CD9386BEF2948656CD9586C3
:10B11000CFB2968657CD978658CD988659CD9986C9
:10B120005ACD9A865BCD9B865CCD9C86C1D19D868F
:10B13000BAF29E865DCD9F865ECDA0865FCDA1864C
:10B1400060CDA28661CDA386BCF2A486E9D4A58693
:10B1500062CDA68663CDA786BBF2A886B6F2A98685
:10B16000BFF2AA86BDF2AB8664CDAC86B9F2AD86DD
:10B1700065CDAE8666CDAF86C7F2B086C4F2B18625
:10B18000C6F2B28667CDB38668CDB486CAF2B586FC
:10B19000C2F2B686C0F2B78669CDB8866ACDB986E6
:10B1A0006BCDBA86C5F2BB866CCDBC866DCDBD8637
:10B1B0006ECDBE866FCDBF8670CDC086FBD6C186F4
:10B1C00071CDC28672CDC38673CDC486C1F2C586E9
:10B1D00074CDC686F9C7C786DFC9C88675CDC9864E
:10B1E000C8F2CA86C6B9CB86B0B5CC8676CDCD8638
:10B1F00077CDCE86C3F2CF86C9F2D086D0F2D18683
:10B20000D6F2D28678CDD38679CDD486D7BBD586F3
:10B210007ACDD6867BCDD7867CCDD886D5F2D98619
:10B22000DCCDDA867DCDDB86EBD6DC867ECDDD8699
:10B2300080CDDE86D2F2DF86D4F2E08681CDE18653
:10B2400082CDE28683CDE38684CDE486F2B8E586BE
:10B2500085CDE68686CDE78687CDE88688CDE986EA
:10B26000CBF2EA8689CDEB868ACDEC868BCDED8656
:10B27000CEF2EE86F9C2EF868CCDF086DDD5F18672
:10B28000CCF2F286CDF2F386CFF2F486D3F2F586D5
:10B290008DCDF6868ECDF7868FCDF886D9F2F986DC
:10B2A000BCD3FA8690CDFB8691CDFC8692CDFD86EF
:10B2B00093CDFE86EAB6FF8694CD0087F1CA01875A
:10B2C00095CD0287E4B70387D7F2048796CD05872B
:10B2D00097CD068798CD0787D8F20887DAF20987D5
:10B2E000DDF20A87DBF20B8799CD0C879ACD0D87AB
:10B2F000DCF20E879BCD0F879CCD10879DCD1187EB
:10B300009ECD1287D1D11387D1F214879FCD158797
:10B31000C9CD1687A0CD1787CFCE1887A9D6198794
:10B3200040CE1A87E3F21B8741CE1C87DBC31D8703
:10B3300042CE1E87E0F21F8743CE208744CE21876E
:10B34000AFC02287ECF22387DEF2248745CE258723
:10B35000E1F2268746CE278747CE288748CE298721
:10B36000E8F22A8749CE2B874ACE2C874BCE2D87F1
:10B370004CCE2E87E2F22F874DCE30874ECE3187CE
:10B38000E7F232874FCE338750CE3487E6F23587E7
:10B3900051CE368752CE3787E9F2388753CE398778
:10B3A00054CE3A8755CE3B87DFF23C8756CE3D8759
:10B3B00057CE3E87E4F23F87EAF2408758CE418776
:10B3C00059CE42875ACE43875BCE44875CCE4587B1
:10B3D0005DCE46875ECE4787ACD34887E5F2498786
:10B3E000F5B24A875FCE4B8760CE4C87F2F24D872D
:10B3F00061CE4E87ABD04F8762CE508763CE5187E8
:10B4000064CE528765CE5387F5F2548766CE558752
:10B4100067CE568768CE5787C8BB588769CE59878D
:10B42000F9F25A876ACE5B876BCE5C876CCE5D87FC
:10B430006DCE5E876ECE5F876FCE6087F0F26187DC
:10B4400070CE628771CE6387F6F26487F8F2658703
:10B45000FAF2668772CE678773CE688774CE698783
:10B4600075CE6A8776CE6B8777CE6C8778CE6D8700
:10B4700079CE6E87F3F26F877ACE7087F1F271879B
:10B480007BCE72877CCE73877DCE7487FBBA75873F
:10B490007ECE7687FBB5778780CE788781CE798719
:10B4A00082CE7A8783CE7B87EFF27C87F7F27D8727
:10B4B000EDF27E87EEF27F8784CE808785CE81870E
:10B4C00086CE8287EBF28387A6F3848787CE858733
:10B4D000A3F3868788CE878789CE8887A2F389875A
:10B4E0008ACE8A878BCE8B87F4F28C878CCE8D8721
:10B4F000DAC88E878DCE8F878ECE90878FCE91873C
:10B5000090CE928791CE9387FBF2948792CE9587C7
:10B5100093CE968794CE9787A5F3988795CE9987F3
:10B5200096CE9A8797CE9B8798CE9C8799CE9D87FB
:10B530009ACE9E879BCE9F87F8C3A0879CCEA1877B
:10B540009DCEA2879ECEA3879FCEA487A0CEA5879F
:10B5500040CFA68741CFA78742CFA887FDF2A98712
:10B5600043CFAA8744CFAB87A7F3AC87A9F3AD87B6
:10B57000A4F3AE8745CFAF87FCF2B08746CFB18743
:10B5800047CFB28748CFB387ABF3B48749CFB587EE
:10B59000AAF3B6874ACFB7874BCFB8874CCFB987C6
:10B5A0004DCFBA87DDC2BB874ECFBC874FCFBD879B
:10B5B000AEF3BE8750CFBF8751CFC087B0F3C187EE
:10B5C00052CFC28753CFC38754CFC48755CFC587C7
:10B5D00056CFC687A1F3C78757CFC88758CFC9872B
:10B5E00059CFCA87B1F3CB87ACF3CC875ACFCD877D
:10B5F0005BCFCE875CCFCF875DCFD0875ECFD18743
:10B60000AFF3D287FEF2D387ADF3D4875FCFD58770
:10B6100060CFD68761CFD78762CFD88763CFD987EE
:10B6200064CFDA8765CFDB87B2F3DC8766CFDD874F
:10B6300067CFDE8768CFDF8769CFE087B4F3E18724
:10B640006ACFE2876BCFE3876CCFE4876DCFE58766
:10B65000A8F3E6876ECFE7876FCFE88770CFE987DB
:10B6600071CFEA87B3F3EB8772CFEC8773CFED87A7
:10B6700074CFEE87B5F3EF8775CFF08776CFF1877C
:10B6800077CFF28778CFF38779CFF4877ACFF587B2
:10B690007BCFF6877CCFF7877DCFF8877ECFF98782
:10B6A000B7D0FA8780CFFB8781CFFC8782CFFD8719
:10B6B00083CFFE87B8F3FF8784CF008885CF0188CA
:10B6C00086CF028887CF0388F9D9048888CF058878
:10B6D00089CF06888ACF07888BCF08888CCF0988C6
:10B6E0008DCF0A88B9F30B888ECF0C888FCF0D8849
:10B6F00090CF0E8891CF0F8892CF108893CF11886A
:10B7000094CF128895CF1388B7F3148896CF1588F5
:10B71000E4C81688B6F3178897CF188898CF198889
:10B7200099CF1A889ACF1B88BAF31C889BCF1D88A3
:10B730009CCF1E889DCF1F889ECF20889FCF2188B9
:10B74000BBF32288C0B42388A0CF248840D02588AA
:10B7500041D0268842D0278843D0288844D02988E1
:10B7600045D02A8846D02B8847D02C8848D02D88B1
:10B7700049D02E884AD02F884BD030884CD0318881
:10B780004DD03288C3EE33884ED034884FD03588C0
:10B7900050D0368851D0378852D0388853D0398825
:10B7A000BCF33A8854D03B8855D03C88BDF33D88E3
:10B7B00056D03E8857D03F8858D04088AAD141887B
:10B7C00059D042885AD043885BD04488ACF445882D
:10B7D000C6D046885CD047885DD048885ED049880E
:10B7E0005FD04A8860D04B8861D04C88D0D04D88DB
:10B7F000DCD14E8862D04F8863D0508864D05188A5
:10B8000065D0528866D0538867D05488CECF55888B
:10B8100068D0568869D05788D6BD58886AD059886C
:10B82000C3D15A886BD05B886CD05C886DD05D8842
:10B830006ED05E886FD05F8870D0608871D061886C
:10B84000E2BA6288E9E16388C2D26488C2F165889D
:10B85000B9B2668872D0678873D06888EDB169889C
:10B86000C3F16A8874D06B88C0C96C88C4B36D8812
:10B8700075D06E88F2D96F8876D07088A5CB718824
:10B8800077D07288C4F1738878D0748879D075883D
:10B890007AD076887BD07788D4D678887CD079881F
:10B8A0007DD07A887ED07B8880D07C8881D07D884E
:10B8B000C5F17E88C0F47F88C6F1808882D08188F7
:10B8C000ACD48288C7F1838883D08488C0B085884F
:10B8D000C1F4868884D0878885D08888C2F4898816
:10B8E00086D08A8887D08B88FCB48C8888D08D8855
:10B8F000DBC58E8889D08F888AD090888BD091883C
:10B900008CD09288BBCC93888DD094888ED095882B
:10B910008FD09688E4D0978890D0988891D09988D5
:10B9200092D09A8893D09B8894D09C88E0CD9D88B3
:10B9300095D09E8896D09F8897D0A08898D0A188CF
:10B9400099D0A288C8F1A3889AD0A488F3D9A588F1
:10B950009BD0A6889CD0A7889DD0A8889ED0A98877
:10B960009FD0AA88A0D0AB88BBB1AC8840D1AD88AD
:10B97000AECFAE8841D1AF8842D1B08843D1B18833
:10B98000A4B8B28844D1B38845D1B48846D1B5882B
:10B9900047D1B68848D1B788CAF1B88849D1B988A3
:10B9A0004AD1BA884BD1BB884CD1BC88CBF1BD8879
:10B9B0004DD1BE884ED1BF884FD1C08850D1C188EB
:10B9C000C3B2C288D1C1C38851D1C48852D1C588FD
:10B9D000B0D7C688C9F1C78853D1C88854D1C9889F
:10B9E000CCF1CA8855D1CB8856D1CC8857D1CD88D7
:10B9F00058D1CE88CEF1CF8859D1D0885AD1D188AC
:10BA00005BD1D288F6D9D3885CD1D488E1D2D588ED
:10BA1000A3D4D6885DD1D7885ED1D888C3F4D9881D
:10BA2000B9C8DA885FD1DB8860D1DC8861D1DD8874
:10BA300062D1DE8863D1DF88C4F4E08864D1E18814
:10BA400065D1E288CDF1E388CFF1E488E3BFE588F2
:10BA5000D0F1E68866D1E78867D1E888D4F1E98833
:10BA600068D1EA8869D1EB886AD1EC886BD1ED881E
:10BA70006CD1EE886DD1EF886ED1F088D6F1F18867
:10BA8000D1F1F2886FD1F388D1C9F488E1C5F58886
:10BA900070D1F68871D1F78872D1F888E3C2F9883D
:10BAA000FCB9FA8873D1FB8874D1FC88D3F1FD8886
:10BAB00075D1FE88D5F1FF8876D1008977D10189CB
:10BAC00078D10289D3B9038979D104897AD10589DA
:10BAD0007BD106897CD107897DD108897ED10989EE
:10BAE00080D10A89DBF10B8981D10C8982D10D8942
:10BAF00083D10E8984D10F8985D11089D6BA118955
:10BB000086D11289FDB01389D9F1148987D115899D
:10BB100088D1168989D117898AD118898BD1198939
:10BB2000D8F11A89D2F11B89DAF11C898CD11D89CF
:10BB30008DD11E898ED11F898FD1208990D12189E5
:10BB4000D7F1228991D1238992D1248993D1258952
:10BB5000ECC8268994D1278995D1288996D129893D
:10BB600097D12A89CACD2B89DDF12C8998D12D89CD
:10BB700099D12E899AD12F899BD13089BDE5318900
:10BB80009CD132899DD133899ED13489DCF13589AC
:10BB90009FD13689DEF13789A0D1388940D23989E1
:10BBA00041D23A8942D23B8943D23C8944D23D8931
:10BBB00045D23E8946D23F8947D2408948D2418901
:10BBC000DFF1428949D243894AD24489E5CF458988
:10BBD0004BD246894CD247894DD248894ED24989A9
:10BBE0004FD24A8950D24B8951D24C8952D24D8979
:10BBF00053D24E8954D24F8955D2508956D2518949
:10BC000057D2528958D2538959D254895AD2558918
:10BC10005BD256895CD257895DD258895ED25989E8
:10BC20005FD25A8960D25B8961D25C8962D25D89B8
:10BC300063D25E89C5F45F89F3BD608964D261898E
:10BC400065D2628966D2638967D2648968D2658960
:10BC500069D26689E0F167896AD268896BD269899D
:10BC60006CD26A896DD26B896ED26C896FD26D8904
:10BC700070D26E8971D26F8972D2708973D27189D4
:10BC800074D2728975D2738976D2748977D27589A4
:10BC900078D2768979D277897AD278897BD2798974
:10BCA0007CD27A897DD27B89E1F17C897ED27D89C3
:10BCB00080D27E8981D27F89F7CE808982D28189A4
:10BCC000AAD2828983D28389FBF1848984D285892F
:10BCD00085D28689B2B8878986D2888987D28989B0
:10BCE00088D28A8989D28B898AD28C898BD28D8994
:10BCF0008CD28E898DD28F898ED290898FD2918964
:10BD000090D2928991D2938992D2948993D2958933
:10BD100094D2968995D2978996D2988997D2998903
:10BD200098D29A8999D29B899AD29C899BD29D89D3
:10BD30009CD29E899DD29F899ED2A0899FD2A189A3
:10BD4000A0D2A28940D3A38941D3A48942D3A58993
:10BD500043D3A68944D3A78945D3A88946D3A989C3
:10BD600047D3AA8948D3AB8949D3AC894AD3AD8993
:10BD70004BD3AE894CD3AF894DD3B0894ED3B18963
:10BD80004FD3B28950D3B38951D3B48952D3B58933
:10BD900053D3B68954D3B78955D3B88956D3B98903
:10BDA00057D3BA8958D3BB8959D3BC895AD3BD89D3
:10BDB0005BD3BE895CD3BF895DD3C0895ED3C189A3
:10BDC000FBBCC289DBB9C3895FD3C489E6B9C58925
:10BDD000D9C3C689D3CAC789E8EAC889C0C0C98996
:10BDE000F5BECA89E9EACB89EAEACC89EBEACD89D2
:10BDF00060D3CE89ECEACF89EDEAD089EEEAD18929
:10BE0000EFEAD289C7BDD38961D3D48962D3D589FA
:10BE100063D3D689FBF5D78964D3D88965D3D9890B
:10BE200066D3DA89FDF5DB8967D3DC89FEF5DD8928
:10BE300068D3DE89FCF5DF8969D3E0896AD3E189BB
:10BE40006BD3E2896CD3E389E2BDE4896DD3E589E4
:10BE5000A1F6E689A5B4E7896ED3E8896FD3E989AD
:10BE600070D3EA8971D3EB89A2F6EC8972D3ED899C
:10BE700073D3EE8974D3EF89A3F6F08975D3F18972
:10BE800076D3F28977D3F389B2ECF48978D3F58944
:10BE900079D3F6897AD3F7897BD3F8897CD3F9896A
:10BEA0007DD3FA897ED3FB8980D3FC8981D3FD8938
:10BEB00082D3FE8983D3FF8984D3008AD4D1018AB7
:10BEC00085D3028A86D3038A87D3048A88D3058AD6
:10BED00089D3068A8AD3078AEAD9088A8BD3098A42
:10BEE0008CD30A8A8DD30B8A8ED30C8A8FD30D8A7A
:10BEF00090D30E8A91D30F8A92D3108A93D3118A4A
:10BF000094D3128A95D3138A96D3148A97D3158A19
:10BF100098D3168A99D3178A9AD3188A9BD3198AE9
:10BF20009CD31A8A9DD31B8A9ED31C8A9FD31D8AB9
:10BF3000A0D31E8A40D41F8A41D4208A42D4218AA9
:10BF400043D4228A44D4238A45D4248A46D4258AD9
:10BF500047D4268A48D4278A49D4288A4AD4298AA9
:10BF60004BD42A8A4CD42B8A4DD42C8A4ED42D8A79
:10BF70004FD42E8A50D42F8A51D4308A52D4318A49
:10BF800053D4328A54D4338A55D4348A56D4358A19
:10BF900057D4368A58D4378A59D4388A5AD4398AE9
:10BFA0005BD43A8A5CD43B8A5DD43C8A5ED43D8AB9
:10BFB0005FD43E8AA4F63F8A60D4408A61D4418A25
:10BFC00062D4428A63D4438A64D4448A65D4458A5D
:10BFD00066D4468A67D4478A68D4488ABAEE498AC2
:10BFE00069D44A8A6AD44B8A6BD44C8A6CD44D8A01
:10BFF0006DD44E8A6ED44F8A6FD4508A70D4518AD1
:10C0000071D4528A72D4538A73D4548A74D4558AA0
:10C0100075D4568A76D4578A77D4588A78D4598A70
:10C0200079D45A8A7AD45B8A7BD45C8A7CD45D8A40
:10C030007DD45E8A7ED45F8A80D4608A81D4618A0E
:10C0400082D4628A83D4638A84D4648A85D4658ADC
:10C0500086D4668A87D4678A88D4688A89D4698AAC
:10C060008AD46A8A8BD46B8A8CD46C8A8DD46D8A7C
:10C070008ED46E8A8FD46F8A90D4708A91D4718A4C
:10C0800092D4728A93D4738A94D4748A95D4758A1C
:10C0900096D4768A97D4778A98D4788A99D4798AEC
:10C0A000B2D57A8A9AD47B8A9BD47C8A9CD47D8AA6
:10C0B0009DD47E8A9ED47F8A9FD4808AA0D4818A90
:10C0C00040D5828A41D5838A42D5848A43D5858AE0
:10C0D00044D5868A45D5878A46D5888A47D5898AB0
:10C0E000FED38A8ADCCC8B8A48D58C8A49D58D8A46
:10C0F0004AD58E8A4BD58F8A4CD5908A4DD5918A58
:10C100004ED5928A4FD5938AC4CA948A50D5958ABF
:10C1100051D5968A52D5978A53D5988A54D5998AFB
:10C1200055D59A8A56D59B8A57D59C8A58D59D8ACB
:10C1300059D59E8A5AD59F8A5BD5A08A5CD5A18A9B
:10C140005DD5A28A5ED5A38A5FD5A48A60D5A58A6B
:10C1500061D5A68A62D5A78A63D5A88A64D5A98A3B
:10C1600065D5AA8A66D5AB8A67D5AC8A68D5AD8A0B
:10C1700069D5AE8A6AD5AF8A6BD5B08A6CD5B18ADB
:10C180006DD5B28A6ED5B38A6FD5B48A70D5B58AAB
:10C1900071D5B68A72D5B78A73D5B88A74D5B98A7B
:10C1A00075D5BA8A76D5BB8A77D5BC8A78D5BD8A4B
:10C1B00079D5BE8A7AD5BF8A7BD5C08A7CD5C18A1B
:10C1C0007DD5C28A7ED5C38A80D5C48A81D5C58AE9
:10C1D00082D5C68A83D5C78A84D5C88A85D5C98AB7
:10C1E00086D5CA8A87D5CB8A88D5CC8A89D5CD8A87
:10C1F0008AD5CE8A8BD5CF8A8CD5D08A8DD5D18A57
:10C200008ED5D28A8FD5D38A90D5D48A91D5D58A26
:10C2100092D5D68A93D5D78A94D5D88A95D5D98AF6
:10C2200096D5DA8A97D5DB8A98D5DC8A99D5DD8AC6
:10C230009AD5DE8A9BD5DF8A9CD5E08A9DD5E18A96
:10C240009ED5E28A9FD5E38AA0D5E48A40D6E58AC6
:10C2500041D6E68A42D6E78A43D6E88A44D6E98AB6
:10C2600045D6EA8A46D6EB8A47D6EC8A48D6ED8A86
:10C2700049D6EE8A4AD6EF8A4BD6F08A4CD6F18A56
:10C280004DD6F28A4ED6F38A4FD6F48A50D6F58A26
:10C2900051D6F68A52D6F78A53D6F88A54D6F98AF6
:10C2A00055D6FA8A56D6FB8A57D6FC8A58D6FD8AC6
:10C2B00059D6FE8A5AD6FF8A5BD6008B5CD6018B94
:10C2C0005DD6028B5ED6038B5FD6048B60D6058B62
:10C2D00061D6068B62D6078BC0E5088B63D6098BC7
:10C2E00064D60A8B65D60B8B66D60C8B67D60D8B06
:10C2F00068D60E8B69D60F8B6AD6108B6BD6118BD6
:10C300006CD6128B6DD6138B6ED6148B6FD6158BA5
:10C3100070D6168B71D6178B72D6188B73D6198B75
:10C3200074D61A8B75D61B8B76D61C8B77D61D8B45
:10C3300078D61E8B79D61F8B7AD6208B7BD6218B15
:10C340007CD6228B7DD6238B7ED6248B80D6258BE4
:10C3500081D6268BA5F6278B82D6288B83D6298B70
:10C3600084D62A8B85D62B8B86D62C8B87D62D8B85
:10C3700088D62E8B89D62F8B8AD6308B8BD6318B55
:10C380008CD6328B8DD6338B8ED6348B8FD6358B25
:10C3900090D6368B91D6378B92D6388B93D6398BF5
:10C3A00094D63A8B95D63B8B96D63C8B97D63D8BC5
:10C3B00098D63E8B99D63F8B9AD6408B9BD6418B95
:10C3C0009CD6428B9DD6438B9ED6448B9FD6458B65
:10C3D000A0D6468B40D7478B41D7488B42D7498B55
:10C3E00043D74A8B44D74B8B45D74C8B46D74D8B85
:10C3F00047D74E8B48D74F8B49D7508B4AD7518B55
:10C400004BD7528B4CD7538B4DD7548B4ED7558B24
:10C410004FD7568B50D7578B51D7588B52D7598BF4
:10C4200053D75A8B54D75B8B55D75C8B56D75D8BC4
:10C4300057D75E8B58D75F8B59D7608B5AD7618B94
:10C440005BD7628B5CD7638B5DD7648B5ED7658B64
:10C450005FD7668BAFBE678B60D7688B61D7698B00
:10C4600062D76A8B63D76B8B64D76C8BA9C66D8BD5
:10C4700065D76E8B66D76F8B67D7708B68D7718BDC
:10C4800069D7728B6AD7738B6BD7748B6CD7758BAC
:10C490006DD7768B6ED7778B6FD7788B70D7798B7C
:10C4A00071D77A8B72D77B8B73D77C8B74D77D8B4C
:10C4B00075D77E8B76D77F8B77D7808B78D7818B1C
:10C4C00079D7828B7AD7838B7BD7848B7CD7858BEC
:10C4D0007DD7868B7ED7878B80D7888B81D7898BBA
:10C4E00082D78A8B83D78B8B84D78C8B85D78D8B88
:10C4F00086D78E8B87D78F8B88D7908B89D7918B58
:10C500008AD7928B8BD7938B8CD7948B8DD7958B27
:10C510008ED7968B8FD7978B90D7988B91D7998BF7
:10C5200092D79A8B93D79B8B94D79C8B95D79D8BC7
:10C5300096D79E8B97D79F8B98D7A08BA5DAA18B88
:10C54000C6BCA28BA9B6A38BBCB8A48BCFC8A58B45
:10C55000A5BCA68BA6DAA78BA7DAA88BD6CCA98B0D
:10C56000C3C8AA8BA8DAAB8BFDC6AC8B99D7AD8BB1
:10C57000B5D1AE8BE9D2AF8BB6D1B08BC7BCB18B86
:10C580009AD7B28BB2BDB38BE4BBB48BA9DAB58BAF
:10C59000AADAB68BC8D1B78BABDAB88BEDD0B98B32
:10C5A000EFB6BA8BDBC2BB8B9BD7BC8BCFCBBD8B23
:10C5B000EDB7BE8BE8C9BF8BC3B7C08BF7BEC18BCD
:10C5C000A4D6C28BACDAC38BADDAC48BC0C6C58B24
:10C5D000E7D7C68BB6CAC78B9CD7C88BA9D5C98BE2
:10C5E000DFCBCA8BEFD5CB8BAEDACC8BDFD6CD8B46
:10C5F000CAB4CE8BB0DACF8BAFDAD08B9DD7D18BCC
:10C60000EBD2D28BB1DAD38BB2DAD48BB3DAD58B4F
:10C61000D4CAD68BB4DAD78BABCAD88BB5DAD98B60
:10C62000B6DADA8BCFB3DB8BEFD6DC8BB7DADD8B08
:10C63000B0BBDE8BAEB5DF8BB8DAE08BB9DAE18B5D
:10C64000EEB9E28BAFD1E38BE8D2E48BBADAE58BBB
:10C65000C3B8E68BEACFE78BEFB2E88BBBDAE98BA6
:10C66000BCDAEA8B9ED7EB8BEBBDEC8BDCCEED8B93
:10C67000EFD3EE8BBDDAEF8BF3CEF08BBEDAF18B1E
:10C68000D5D3F28BE5BBF38BBFDAF48BB5CBF58B4F
:10C69000D0CBF68BC0DAF78BEBC7F88BEED6F98BE5
:10C6A000C1DAFA8BB5C5FB8BC1B6FC8BC2DAFD8B48
:10C6B000CCB7FE8BCEBFFF8BC3DA008CC4DA018C03
:10C6C000ADCB028CC5DA038CF7B5048CC6DA058CC9
:10C6D000C2C1068CBBD7078CC7DA088CB8CC098CD2
:10C6E0009FD70A8CEAD20B8CB1C40C8CC8DA0D8CA3
:10C6F000FDB50E8CD1BB0F8CC9DA108CB3D0118C68
:10C70000CADA128CCBDA138CBDCE148CCCDA158C31
:10C71000CDDA168CCEDA178CF7B2188CD1DA198CE8
:10C72000CFDA1A8CE8D11B8CD0DA1C8CD5C31D8CC7
:10C73000D2DA1E8CA0D71F8CD3DA208CD4DA218CCD
:10C74000D5DA228CBBD0238CA5D2248CF9B0258CD1
:10C75000D6DA268CABC7278CD7DA288CF7BD298C84
:10C76000A1C32A8CD8DA2B8CD9DA2C8CFDC32D8C62
:10C77000B7CC2E8CDADA2F8CDBDA308CBEC0318C61
:10C78000D7C6328CDCDA338CDDDA348CB4C7358C26
:10C79000DEDA368CDFDA378CC8B9388C40D8398C81
:10C7A00041D83A8C42D83B8C43D83C8C44D83D8C01
:10C7B00045D83E8C46D83F8C47D8408C48D8418CD1
:10C7C000EDBB428C49D8438C4AD8448C4BD8458C1D
:10C7D0004CD8468CB9B6478CF8F4488C4DD8498C67
:10C7E000F9F44A8C4ED84B8C4FD84C8CE3CD4D8C01
:10C7F00050D84E8C51D84F8C52D8508C53D8518C25
:10C8000054D8528C55D8538C56D8548C57D8558CF4
:10C81000B9F5568C58D8578C59D8588C5AD8598C49
:10C820005BD85A8CE0EB5B8C5CD85C8C5DD85D8C03
:10C830005ED85E8C5FD85F8C60D8608C61D8618C6C
:10C84000F3CF628CBFBB638C62D8648C63D8658C79
:10C8500064D8668C65D8678C66D8688C67D8698C14
:10C8600068D86A8CC0BA6B8CA5D46C8C69D86D8C76
:10C870006AD86E8C6BD86F8C6CD8708C6DD8718CBC
:10C880006ED8728C6FD8738CD9E1748C70D8758C1B
:10C8900071D8768C72D8778C73D8788CF4F5798CC3
:10C8A000AAB17A8CF2B27B8C74D87C8C75D87D8CD2
:10C8B00076D87E8C77D87F8C78D8808C79D8818C0C
:10C8C0007AD8828CF5F5838C7BD8848C7CD8858C47
:10C8D000F7F5868C7DD8878C7ED8888C80D8898C1B
:10C8E000D1BA8A8CF6F58B8C81D88C8CB2C38D8CA6
:10C8F00082D88E8C83D88F8C84D8908C85D8918C5C
:10C9000086D8928C87D8938C88D8948CF9F5958C9E
:10C9100089D8968C8AD8978C8BD8988CF8F5998C76
:10C920008CD89A8C8DD89B8C8ED89C8C8FD89D8CD3
:10C9300090D89E8C91D89F8C92D8A08C93D8A18CA3
:10C9400094D8A28C95D8A38C96D8A48C97D8A58C73
:10C9500098D8A68C99D8A78C9AD8A88C9BD8A98C43
:10C960009CD8AA8C9DD8AB8C9ED8AC8C9FD8AD8C13
:10C97000A0D8AE8C40D9AF8C41D9B08C42D9B18C03
:10C9800043D9B28C44D9B38C45D9B48C46D9B58C33
:10C9900047D9B68C48D9B78C49D9B88C4AD9B98C03
:10C9A0004BD9BA8C4CD9BB8C4DD9BC8C4ED9BD8CD3
:10C9B0004FD9BE8C50D9BF8C51D9C08C52D9C18CA3
:10C9C00053D9C28C54D9C38C55D9C48C56D9C58C73
:10C9D00057D9C68C58D9C78C59D9C88C5AD9C98C43
:10C9E0005BD9CA8C5CD9CB8C5DD9CC8C5ED9CD8C13
:10C9F0005FD9CE8C60D9CF8C61D9D08C62D9D18CE3
:10CA000063D9D28C64D9D38C65D9D48C66D9D58CB2
:10CA100067D9D68C68D9D78C69D9D88C6AD9D98C82
:10CA20006BD9DA8C6CD9DB8C6DD9DC8C6ED9DD8C52
:10CA30006FD9DE8C70D9DF8C71D9E08C72D9E18C22
:10CA400073D9E28C74D9E38C75D9E48C76D9E58CF2
:10CA500077D9E68C78D9E78C79D9E88C7AD9E98CC2
:10CA60007BD9EA8C7CD9EB8C7DD9EC8C7ED9ED8C92
:10CA700080D9EE8C81D9EF8C82D9F08C83D9F18C5E
:10CA800084D9F28C85D9F38C86D9F48C87D9F58C2E
:10CA900088D9F68C89D9F78C8AD9F88C8BD9F98CFE
:10CAA0008CD9FA8C8DD9FB8C8ED9FC8C8FD9FD8CCE
:10CAB00090D9FE8C91D9FF8C92D9008D93D9018D9C
:10CAC00094D9028D95D9038D96D9048D97D9058D6A
:10CAD00098D9068D99D9078D9AD9088D9BD9098D3A
:10CAE0009CD90A8D9DD90B8D9ED90C8D9FD90D8D0A
:10CAF000A0D90E8D40DA0F8D41DA108D42DA118DFA
:10CB000043DA128D44DA138D45DA148D46DA158D29
:10CB100047DA168D48DA178D49DA188D4ADA198DF9
:10CB20004BDA1A8D4CDA1B8D4DDA1C8D4EDA1D8DC9
:10CB3000B4B11E8DEAD51F8DBAB8208D4FDA218D84
:10CB4000B1B9228DC6B2238DF0D4248DCDCF258DE1
:10CB5000DCB0268DCBD5278DF5BB288DCAD6298D87
:10CB6000B7B72A8DB0CC2B8DB6C62C8DE1B12D8DEB
:10CB7000BAB92E8DFCD62F8DE1B9308DA1B7318D8C
:10CB8000FABC328DDAEA338DDBEA348DF9CC358D9F
:10CB9000F3B9368DDCEA378DFBB4388DB3C3398DEC
:10CBA000D1B73A8DD8BA3B8DDDEA3C8DF4D43D8DBA
:10CBB000DEEA3E8DD6BC3F8DDFBB408DDFEA418D86
:10CBC000DEC1428DB8C2438DDFD4448DCAD7458DB6
:10CBD000E0EA468DE1EA478DE4EA488DE2EA498DD4
:10CBE000E3EA4A8DDEC94B8DB3B84C8DC4B64D8D8A
:10CBF000E5EA4E8DEACA4F8DCDC9508DCDB4518D29
:10CC000050DA528D51DA538DD9E2548DE2C5558DEB
:10CC1000E6EA568DB5C0578D52DA588DB8D7598D82
:10CC2000E7EA5A8DACD75B8DFCC85C8DD3D85D8D9F
:10CC3000CDD85E8DDED45F8D53DA608DF9D4618DF1
:10CC4000C4C9628DAED3638DD3B8648DE0B3658DF6
:10CC500054DA668DE2C9678DF6F4688D55DA698D10
:10CC600056DA6A8D57DA6B8DD5BA6C8D58DA6D8DC0
:10CC7000F7F46E8D59DA6F8D5ADA708DDFD7718DBA
:10CC80005BDA728D5CDA738DF1F4748DB0B8758DEA
:10CC9000D4D5768DCFB8778DF0C6788D5DDA798D65
:10CCA0005EDA7A8D5FDA7B8D60DA7C8D61DA7D8D7C
:10CCB00062DA7E8D63DA7F8D64DA808D65DA818D4C
:10CCC000C3B3828D66DA838D67DA848DF2F4858D45
:10CCD000ACB3868D68DA878D69DA888D6ADA898DDA
:10CCE0006BDA8A8DBDD48B8DF7C78C8D6CDA8D8D08
:10CCF0006DDA8E8D6EDA8F8D6FDA908D70DA918DA0
:10CD0000F4F4928D71DA938D72DA948DF3F4958D3B
:10CD100073DA968D74DA978D75DA988D76DA998D47
:10CD200077DA9A8D78DA9B8D79DA9C8D7ADA9D8D17
:10CD30007BDA9E8D7CDA9F8DCBCCA08D7DDAA18DA8
:10CD40007EDAA28D80DAA38DA4C8A48D81DAA58DA8
:10CD500082DAA68D83DAA78D84DAA88D85DAA98D8B
:10CD600086DAAA8D87DAAB8D88DAAC8D89DAAD8D5B
:10CD70008ADAAE8D8BDAAF8D8CDAB08D8DDAB18D2B
:10CD8000F5F4B28D8EDAB38DE3D7B48DBFC5B58D12
:10CD9000C0F5B68D8FDAB78D90DAB88DBBF5B98D49
:10CDA00091DABA8DC3F5BB8D92DABC8DC2F5BD8D1B
:10CDB00093DABE8DBAD6BF8DC1F5C08D94DAC18D20
:10CDC00095DAC28D96DAC38DBED4C48DC4F5C58DF7
:10CDD00097DAC68DCCF5C78D98DAC88D99DAC98DEA
:10CDE0009ADACA8D9BDACB8DCFB0CC8DF8B5CD8DCC
:10CDF0009CDACE8DC9F5CF8DCAF5D08D9DDAD18D57
:10CE0000DCC5D28D9EDAD38D9FDAD48DA0DAD58D94
:10CE100040DBD68DC5F5D78DC6F5D88D41DBD98DD4
:10CE200042DBDA8DC7F5DB8DCBF5DC8D43DBDD8DA9
:10CE3000E0BEDE8DC8F5DF8DFAB8E08D44DBE18D14
:10CE400045DBE28D46DBE38DD0F5E48DD3F5E58D52
:10CE500047DBE68D48DBE78D49DBE88DE7BFE98DF1
:10CE60004ADBEA8DF2B9EB8DBCF5EC8DCDF5ED8D9D
:10CE70004BDBEE8D4CDBEF8DB7C2F08D4DDBF18DD2
:10CE80004EDBF28D4FDBF38DF8CCF48D50DBF58D5E
:10CE9000F9BCF68D51DBF78DCEF5F88DCFF5F98D18
:10CEA000D1F5FA8DE5B6FB8DD2F5FC8D52DBFD8D0B
:10CEB000D5F5FE8D53DBFF8D54DB008E55DB018EE7
:10CEC00056DB028E57DB038E58DB048E59DB058E52
:10CED000BDF5068E5ADB078E5BDB088E5CDB098EA8
:10CEE000D4F50A8EBBD30B8E5DDB0C8EECB30D8EAE
:10CEF0005EDB0E8E5FDB0F8EA4CC108E60DB118E9E
:10CF000061DB128E62DB138E63DB148ED6F5158E19
:10CF100064DB168E65DB178E66DB188E67DB198E79
:10CF200068DB1A8E69DB1B8E6ADB1C8E6BDB1D8E49
:10CF3000D7F51E8EE1BE1F8ED8F5208E6CDB218EBC
:10CF40006DDB228EDFCC238EDBF5248E6EDB258E0F
:10CF50006FDB268E70DB278E71DB288E72DB298ECD
:10CF6000C8B22A8ED9D72B8E73DB2C8ED9F52D8E95
:10CF700074DB2E8EDAF52F8EDCF5308E75DB318E7C
:10CF8000E2F5328E76DB338E77DB348E78DB358ECE
:10CF9000E0F5368E79DB378E7ADB388E7BDB398EA7
:10CFA000DFF53A8EDDF53B8E7CDB3C8E7DDB3D8E06
:10CFB000E1F53E8E7EDB3F8E80DB408EDEF5418EDE
:10CFC000E4F5428EE5F5438E81DB448EE3CC458E5D
:10CFD00082DB468E83DB478EBFE5488EB8B5498E2F
:10CFE000E3F54A8EE8F54B8EA3CC4C8E84DB4D8E58
:10CFF00085DB4E8E86DB4F8E87DB508E88DB518E35
:10D00000E6F5528EE7F5538E89DB548E8ADB558E1A
:10D010008BDB568E8CDB578E8DDB588E8EDB598EDC
:10D02000BEF55A8E8FDB5B8E90DB5C8E91DB5D8E66
:10D0300092DB5E8E93DB5F8E94DB608E95DB618E80
:10D0400096DB628E97DB638E98DB648E99DB658E50
:10D050009ADB668EC4B1678E9BDB688E9CDB698E23
:10D06000BFF56A8E9DDB6B8E9EDB6C8EC5B56D8EBB
:10D07000E4B26E8E9FDB6F8EECF5708EE9F5718EEB
:10D08000A0DB728ED7B6738E40DC748EEDF5758E94
:10D0900041DC768EEAF5778E42DC788E43DC798E41
:10D0A00044DC7A8E45DC7B8E46DC7C8EEBF57D8E17
:10D0B00047DC7E8E48DC7F8EDAB4808E49DC818E40
:10D0C000EAD4828E4ADC838E4BDC848E4CDC858EE7
:10D0D000EEF5868E4DDC878EF9B3888E4EDC898E18
:10D0E0004FDC8A8E50DC8B8E51DC8C8E52DC8D8E28
:10D0F00053DC8E8E54DC8F8EEFF5908EF1F5918E91
:10D1000055DC928E56DC938E57DC948EF0F5958E1E
:10D1100058DC968E59DC978E5ADC988E5BDC998EA3
:10D120005CDC9A8E5DDC9B8E5EDC9C8EF2F59D8EC7
:10D130005FDC9E8EF3F59F8E60DCA08E61DCA18E9D
:10D1400062DCA28E63DCA38E64DCA48E65DCA58E1B
:10D1500066DCA68E67DCA78E68DCA88E69DCA98EEB
:10D160006ADCAA8E6BDCAB8EEDC9AC8EAAB9AD8E33
:10D170006CDCAE8E6DDCAF8EFBC7B08E6EDCB18E1C
:10D180006FDCB28EE3B6B38E70DCB48E71DCB58E1C
:10D1900072DCB68E73DCB78E74DCB88E75DCB98E3B
:10D1A00076DCBA8EC9CCBB8E77DCBC8E78DCBD8ECB
:10D1B00079DCBE8E7ADCBF8E7BDCC08E7CDCC18EDF
:10D1C0007DDCC28E7EDCC38E80DCC48E81DCC58EAD
:10D1D00082DCC68E83DCC78E84DCC88E85DCC98E7B
:10D1E00086DCCA8E87DCCB8E88DCCC8E89DCCD8E4B
:10D1F0008ADCCE8EA6EACF8E8BDCD08E8CDCD18EF4
:10D200008DDCD28E8EDCD38E8FDCD48E90DCD58EEE
:10D2100091DCD68E92DCD78E93DCD88E94DCD98EBE
:10D2200095DCDA8E96DCDB8E97DCDC8E98DCDD8E8E
:10D2300099DCDE8E9ADCDF8E9BDCE08E9CDCE18E5E
:10D240009DDCE28E9EDCE38E9FDCE48EA0DCE58E2E
:10D2500040DDE68E41DDE78E42DDE88E43DDE98E7E
:10D2600044DDEA8E45DDEB8E46DDEC8E47DDED8E4E
:10D2700048DDEE8E49DDEF8E4ADDF08E4BDDF18E1E
:10D280004CDDF28E4DDDF38E4EDDF48E4FDDF58EEE
:10D2900050DDF68E51DDF78E52DDF88E53DDF98EBE
:10D2A00054DDFA8E55DDFB8E56DDFC8E57DDFD8E8E
:10D2B00058DDFE8E59DDFF8E5ADD008F5BDD018F5C
:10D2C0005CDD028F5DDD038F5EDD048F5FDD058F2A
:10D2D00060DD068F61DD078F62DD088F63DD098FFA
:10D2E00064DD0A8F65DD0B8F66DD0C8F67DD0D8FCA
:10D2F00068DD0E8F69DD0F8F6ADD108F6BDD118F9A
:10D300006CDD128F6DDD138F6EDD148F6FDD158F69
:10D3100070DD168F71DD178F72DD188F73DD198F39
:10D3200074DD1A8F75DD1B8F76DD1C8F77DD1D8F09
:10D3300078DD1E8F79DD1F8F7ADD208F7BDD218FD9
:10D340007CDD228F7DDD238F7EDD248F80DD258FA8
:10D3500081DD268F82DD278F83DD288F84DD298F75
:10D3600085DD2A8F86DD2B8F87DD2C8F88DD2D8F45
:10D3700089DD2E8F8ADD2F8F8BDD308F8CDD318F15
:10D380008DDD328F8EDD338F8FDD348F90DD358FE5
:10D3900091DD368F92DD378F93DD388F94DD398FB5
:10D3A00095DD3A8F96DD3B8F97DD3C8F98DD3D8F85
:10D3B00099DD3E8F9ADD3F8F9BDD408F9CDD418F55
:10D3C0009DDD428F9EDD438F9FDD448FA0DD458F25
:10D3D00040DE468F41DE478F42DE488F43DE498F75
:10D3E00044DE4A8F45DE4B8F46DE4C8F47DE4D8F45
:10D3F00048DE4E8F49DE4F8F4ADE508F4BDE518F15
:10D400004CDE528F4DDE538F4EDE548F4FDE558FE4
:10D4100050DE568F51DE578F52DE588F53DE598FB4
:10D4200054DE5A8F55DE5B8F56DE5C8F57DE5D8F84
:10D4300058DE5E8F59DE5F8F5ADE608F5BDE618F54
:10D440005CDE628F5DDE638F5EDE648F5FDE658F24
:10D4500060DE668FB5B3678FFED4688FECB9698FD5
:10D46000F9D06A8F61DE6B8FEDE96C8FAAD76D8F73
:10D47000EEE96E8FD6C26F8FEDC8708FE4BA718FF0
:10D48000EFE9728FF0E9738FF1E9748FE1D6758F50
:10D49000F2E9768FF3E9778FF5E9788FF4E9798F00
:10D4A000F6E97A8FF7E97B8FE1C77C8FF8E97D8F0A
:10D4B000D8D47E8FF9E97F8FCEBD808F62DE818FD9
:10D4C000FAE9828FFBE9838FCFBD848FFCE9858FDA
:10D4D000A8B8868FBEC1878FFDE9888FB2B1898FCA
:10D4E000D4BB8A8FF5B98B8FFEE98C8F63DE8D8F6D
:10D4F000A1EA8E8FA2EA8F8FA3EA908FF8B7918F5F
:10D50000ADBC928F64DE938FE4CA948FCEE0958F8A
:10D51000AFD4968FBDCF978FB7D5988FA4EA998F48
:10D52000DED59A8FA5EA9B8FC1D09C8FBCB99D8F09
:10D5300065DE9E8FC7B49F8FD9B1A08F66DEA18FA5
:10D5400067DEA28F68DEA38FB1C0A48F69DEA58FCE
:10D550006ADEA68F6BDEA78F6CDEA88FE6B1A98F7F
:10D56000E7B1AA8F6DDEAB8FE8B1AC8F6EDEAD8F09
:10D570006FDEAE8F70DEAF8F71DEB08FBDB3B18F57
:10D58000E8C8B28F72DEB38F73DEB48F74DEB58FEE
:10D5900075DEB68FC1E5B78F76DEB88F77DEB98FCF
:10D5A000DFB1BA8F78DEBB8F79DEBC8F7ADEBD8FBC
:10D5B000C9C1BE8FEFB4BF8F7BDEC08F7CDEC18F51
:10D5C000A8C7C28FD8D3C38F7DDEC48FF9C6C58FDD
:10D5D000B8D1C68F7EDEC78FFDB9C88FF5C2C98F9F
:10D5E00080DECA8F81DECB8F82DECC8F83DECD8F53
:10D5F00084DECE8FADD3CF8F85DED08FCBD4D18FCD
:10D60000FCBDD28F86DED38FC2E5D48FB5B7D58F60
:10D61000C3E5D68F87DED78F88DED88FB9BBD98F89
:10D62000E2D5DA8F89DEDB8FF8BDDC8FB6D4DD8FF3
:10D63000A5CEDE8FACC1DF8FD9B3E08F8ADEE18F5C
:10D640008BDEE28FF6CCE38F8CDEE48FC6E5E58FD0
:10D65000C4E5E68FC8E5E78F8DDEE88FCAE5E98F80
:10D66000C7E5EA8FCFB5EB8FC8C6EC8F8EDEED8FA6
:10D67000FCB5EE8FC5E5EF8F8FDEF08FF6CAF18F28
:10D6800090DEF28F91DEF38FC9E5F48F92DEF58F95
:10D6900093DEF68F94DEF78FD4C3F88FC5B1F98F80
:10D6A000A3BCFA8F95DEFB8F96DEFC8F97DEFD8F95
:10D6B000B7D7FE8F98DEFF8F99DE0090CBCD01901B
:10D6C000CDCB0290CACA0390D3CC0490CCE5059090
:10D6D000CBE50690E6C407909ADE08909BDE0990A1
:10D6E000A1D10A90B7D10B90CDE50C909CDE0D90A6
:10D6F000D0E50E909DDE0F90B8CD1090F0D6119031
:10D70000CFE51290DDB513909EDE1490BECD15903E
:10D710009FDE1690D1E51790BAB61890A0DE19904A
:10D7200040DF1A90A8CD1B90E4B91C9041DF1D90FA
:10D73000C5CA1E90D1B31F90D9CB2090ECD42190B4
:10D74000D2E52290EAB7239042DF249043DF259070
:10D7500044DF2690CEE5279045DF289046DF2990CC
:10D7600047DF2A9048DF2B9049DF2C904ADF2D902D
:10D77000D5E52E90FEB42F90D6E530904BDF31905A
:10D780004CDF32904DDF33904EDF34904FDF3590D9
:10D79000D3E53690D4E5379050DF3890DDD239901C
:10D7A00051DF3A9052DF3B90DFC23C90C6B13D90D2
:10D7B00053DF3E90E2D33F9054DF409055DF4190DD
:10D7C000DDB64290ECCB439056DF4490D7E54590D0
:10D7D00057DF469058DF4790F6D3489059DF49907D
:10D7E0005ADF4A905BDF4B905CDF4C905DDF4D90E1
:10D7F000E9B14E905EDF4F90F4B65090DAE551906B
:10D80000D8E55290D9E55390C0B554905FDF55905C
:10D8100060DF569061DF5790C5D25890DCE5599093
:10D8200062DF5A9063DF5B90DEE55C9064DF5D90C1
:10D8300065DF5E9066DF5F9067DF609068DF619014
:10D8400069DF6290DDE56390B2C764906ADF65903E
:10D85000A3D266906BDF67906CDF6890DBE5699020
:10D860006DDF6A906EDF6B906FDF6C9070DF6D9094
:10D87000E2D46E90DAD56F9071DF709072DF7190A4
:10D8800073DF729074DF739075DF7490E0E57590CC
:10D89000F1D7769076DF779077DF789078DF7990A0
:10D8A00079DF7A907ADF7B907BDF7C907CDF7D90E4
:10D8B000E1E57E907DDF7F90DCB18090FBD18190AF
:10D8C0007EDF8290E2E58390E4E5849080DF8590BE
:10D8D00081DF869082DF879083DF8890E3E58990FF
:10D8E00084DF8A9085DF8B90E5E58C9086DF8D90D4
:10D8F00087DF8E9088DF8F9089DF90908ADF91900C
:10D90000D8D292908BDF9390CBB594908CDF95908A
:10D91000DFE796908DDF9790F5DA98908EDF9990FB
:10D92000F8DA9A908FDF9B90F6DA9C9090DF9D90CA
:10D93000F7DA9E9091DF9F9092DFA09093DFA19005
:10D94000FADAA290CFD0A390C7C4A49094DFA59098
:10D9500095DFA690EEB0A79096DFA89097DFA990EC
:10D9600098DFAA90B0D0AB9099DFAC90F9DAAD9087
:10D970009ADFAE90CAD3AF90AABAB090A2DBB190B2
:10D98000F1C7B2909BDFB390FCDAB490FBDAB590AC
:10D99000DBC9B690FDDAB7909CDFB890A1DBB990F7
:10D9A000DED7BA90FEDABB90DAC1BC909DDFBD90A5
:10D9B0009EDFBE90A5DBBF909FDFC090A0DFC1902F
:10D9C000F4D3C29040E0C39041E0C490A7DBC5907F
:10D9D000A4DBC69042E0C790A8DBC89043E0C990A2
:10D9E00044E0CA90BCBDCB9045E0CC9046E0CD90E1
:10D9F00047E0CE90C9C0CF90A3DBD090A6DBD190FA
:10DA0000A3D6D29048E0D390A9DBD49049E0D5903A
:10DA10004AE0D6904BE0D790ADDBD8904CE0D9905F
:10DA20004DE0DA904EE0DB90AEDBDC90ACDBDD90DD
:10DA3000C2BADE904FE0DF9050E0E09051E0E1901C
:10DA4000A4BFE290ABDBE39052E0E49053E0E590BA
:10DA500054E0E690AADBE790C7D4E890BFB2E99023
:10DA600055E0EA9056E0EB90AFDBEC9057E0ED909C
:10DA7000F9B9EE9058E0EF90B0DBF09059E0F190FA
:10DA80005AE0F2905BE0F3905CE0F490BBB3F59069
:10DA90005DE0F6905EE0F7905FE0F890A6B5F99053
:10DAA00060E0FA9061E0FB9062E0FC9063E0FD9042
:10DAB000BCB6FE90B1DBFF9064E0009165E001919F
:10DAC00066E00291F5B6039167E00491B2DB05913F
:10DAD00068E0069169E007916AE008916BE00991BE
:10DAE0006CE00A916DE00B916EE00C916FE00D918E
:10DAF00070E00E9171E00F9172E0109173E011915E
:10DB000074E0129175E0139176E0149177E015912D
:10DB100078E0169179E017917AE018917BE01991FD
:10DB2000C9B11A917CE01B917DE01C917EE01D91B2
:10DB300080E01E91B4DB1F9181E0209182E0219171
:10DB400083E02291B3DB2391B5DB249184E025911E
:10DB500085E0269186E0279187E0289188E0299149
:10DB600089E02A918AE02B918BE02C918CE02D9119
:10DB70008DE02E918EE02F91B7DB30918FE03191C7
:10DB8000B6DB329190E0339191E0349192E035919F
:10DB900093E0369194E0379195E0389196E0399191
:10DBA000B8DB3A9197E03B9198E03C9199E03D9148
:10DBB0009AE03E919BE03F919CE040919DE0419135
:10DBC0009EE042919FE04391B9DB4491A0E04591F2
:10DBD00040E14691BADB479141E1489142E14991E8
:10DBE000CFD34A91FAF44B91F5C74C91C3D74D91DD
:10DBF000E4C54E91FCF44F91FDF45091FBF451912A
:10DC000043E15291C6BE539144E1549145E155918F
:10DC100046E1569147E15791EFD0589148E159912B
:10DC200049E15A91D3B75B914AE15C914BE15D9137
:10DC3000CDD45E91AACC5F914CE160914DE16191B0
:10DC4000A2F56291A1F56391A8BA6491FEF4659181
:10DC5000D6CB66914EE167914FE1689150E16991B1
:10DC6000A4F56A91D2C06B9151E16C91EAB36D91C8
:10DC700052E16E91AACD6F91A5F57091A3F57191C6
:10DC8000B4BD7291A8F5739153E17491A9F57591A2
:10DC9000CDBD7691B8C37791E1BF7891E1CB799111
:10DCA000AAF57A9154E17B9155E17C9156E17D9101
:10DCB000A6F57E91A7F57F91F0C4809157E18191FF
:10DCC00058E1829159E183915AE184915BE1859118
:10DCD000ACF586915CE18791BCB488915DE1899156
:10DCE000EDD78A915EE18B91D7B48C91ABF58D9194
:10DCF000AEF58E915FE18F9160E19091ADF59191DC
:10DD0000AFF59291D1D0939161E1949162E19591B7
:10DD100063E1969164E1979165E1989166E199914B
:10DD200067E19A91D1C39B91A9C89C9168E19D91AB
:10DD300069E19E916AE19F916BE1A0916CE1A191F3
:10DD40006DE1A291B0F5A391B1F5A4916EE1A59119
:10DD50006FE1A69170E1A79171E1A89172E1A9919B
:10DD600073E1AA91B2F5AB9174E1AC9175E1AD911B
:10DD7000B3F5AE91B4F5AF91B5F5B09176E1B1914F
:10DD800077E1B29178E1B39179E1B491B7F5B591CA
:10DD9000B6F5B6917AE1B7917BE1B8917CE1B991A2
:10DDA0007DE1BA91B8F5BB917EE1BC9180E1BD9176
:10DDB00081E1BE9182E1BF9183E1C09184E1C19193
:10DDC00085E1C29186E1C39187E1C49188E1C59163
:10DDD00089E1C6918AE1C791C9B2C8918BE1C99125
:10DDE000D4D3CA91CDCACB918CE1CC91EFC0CD9167
:10DDF000D8D6CE91B0D2CF91BFC1D0918DE1D19183
:10DE0000F0BDD2918EE1D3918FE1D49190E1D59183
:10DE100091E1D69192E1D79193E1D89194E1D99192
:10DE200095E1DA9196E1DB9197E1DC91AAB8DD9179
:10DE300098E1DE9199E1DF919AE1E0919BE1E19136
:10DE40009CE1E2919DE1E3919EE1E4919FE1E59106
:10DE5000A0E1E69140E2E79141E2E89142E2E991F6
:10DE600043E2EA9144E2EB9145E2EC9146E2ED9126
:10DE700047E2EE9148E2EF9149E2F0914AE2F191F6
:10DE80004BE2F2914CE2F3914DE2F4914EE2F591C6
:10DE90004FE2F69150E2F79151E2F89152E2F99196
:10DEA00053E2FA9154E2FB9155E2FC9156E2FD9166
:10DEB00057E2FE9158E2FF9159E200925AE2019234
:10DEC0005BE202925CE203925DE204925EE2059202
:10DED0005FE2069260E2079261E2089262E20992D2
:10DEE00063E20A9264E20B9265E20C9266E20D92A2
:10DEF00067E20E9268E20F9269E210926AE2119272
:10DF00006BE212926CE213926DE214926EE2159241
:10DF10006FE2169270E2179271E2189272E2199211
:10DF200073E21A9274E21B9275E21C9276E21D92E1
:10DF300077E21E9278E21F9279E220927AE22192B1
:10DF40007BE222927CE223927DE224927EE2259281
:10DF500080E2269281E2279282E2289283E229924D
:10DF600084E22A9285E22B9286E22C9287E22D921D
:10DF700088E22E9289E22F928AE230928BE23192ED
:10DF80008CE232928DE233928EE234928FE23592BD
:10DF900090E2369291E2379292E2389293E239928D
:10DFA00094E23A9295E23B9296E23C9297E23D925D
:10DFB00098E23E9299E23F929AE240929BE241922D
:10DFC0009CE242929DE243929EE244929FE24592FD
:10DFD000A0E2469240E3479241E3489242E34992ED
:10DFE00043E34A9244E34B9245E34C9246E34D921D
:10DFF00047E34E9248E34F9249E350924AE35192ED
:10E000004BE352924CE353924DE354924EE35592BC
:10E010004FE3569250E3579251E3589252E359928C
:10E0200053E35A9254E35B9255E35C9256E35D925C
:10E0300057E35E9258E35F9259E360925AE361922C
:10E040005BE362925CE363925DE364925EE36592FC
:10E050005FE3669260E3679261E3689262E36992CC
:10E0600063E36A9264E36B9265E36C9266E36D929C
:10E0700067E36E9268E36F9269E370926AE371926C
:10E080006BE372926CE373926DE37492F8BC7592D9
:10E090006EE376926FE3779270E3789271E3799210
:10E0A00072E37A9273E37B9274E37C9275E37D92E0
:10E0B00076E37E9277E37F9278E3809279E38192B0
:10E0C0007AE382927BE383927CE384927DE3859280
:10E0D0007EE3869280E3879281E3889282E389924D
:10E0E00083E38A9284E38B9285E38C9286E38D921C
:10E0F00087E38E92C6F68F9288E3909289E391929D
:10E100008AE392928BE393928CE394928DE39592BF
:10E110008EE396928FE3979290E3989291E399928F
:10E1200092E39A9293E39B9294E39C9295E39D925F
:10E1300096E39E9297E39F9298E3A09299E3A1922F
:10E140009AE3A2929BE3A3929CE3A4929DE3A592FF
:10E150009EE3A6929FE3A792A0E3A89240E4A9922F
:10E1600041E4AA9242E4AB9243E4AC9244E4AD921F
:10E1700045E4AE92C7F6AF9246E4B09247E4B1925E
:10E1800048E4B29249E4B3924AE4B4924BE4B592C3
:10E190004CE4B6924DE4B7924EE4B8924FE4B99293
:10E1A00050E4BA9251E4BB9252E4BC9253E4BD9263
:10E1B00054E4BE9255E4BF9256E4C09257E4C19233
:10E1C00058E4C29259E4C3925AE4C4925BE4C59203
:10E1D0005CE4C6925DE4C7925EE4C892C8F6C99258
:10E1E0005FE4CA9260E4CB9261E4CC9262E4CD92A7
:10E1F00063E4CE9264E4CF9265E4D09266E4D19277
:10E2000067E4D29268E4D39269E4D4926AE4D59246
:10E210006BE4D6926CE4D7926DE4D8926EE4D99216
:10E220006FE4DA9270E4DB9271E4DC9272E4DD92E6
:10E2300073E4DE9274E4DF9275E4E09276E4E192B6
:10E2400077E4E29278E4E39279E4E4927AE4E59286
:10E250007BE4E6927CE4E7927DE4E8927EE4E99256
:10E2600080E4EA9281E4EB9282E4EC9283E4ED9222
:10E2700084E4EE9285E4EF9286E4F09287E4F192F2
:10E2800088E4F29289E4F3928AE4F4928BE4F592C2
:10E290008CE4F6928DE4F7928EE4F8928FE4F99292
:10E2A00090E4FA9291E4FB9292E4FC9293E4FD9262
:10E2B00094E4FE9295E4FF9296E4009397E4019330
:10E2C00098E4029399E403939AE404939BE40593FE
:10E2D0009CE406939DE407939EE408939FE40993CE
:10E2E000A0E40A9340E50B9341E50C9342E50D93BE
:10E2F00043E50E9344E50F9345E5109346E51193EE
:10E3000047E5129348E5139349E514934AE51593BD
:10E310004BE516934CE517934DE518934EE519938D
:10E320004FE51A9350E51B9351E51C9352E51D935D
:10E3300053E51E9354E51F9355E5209356E521932D
:10E3400057E5229358E5239359E524935AE52593FD
:10E350005BE526935CE527935DE528935EE52993CD
:10E360005FE52A9360E52B9361E52C9362E52D939D
:10E3700063E52E9364E52F9365E5309366E531936D
:10E3800067E5329368E5339369E534936AE535933D
:10E390006BE536936CE537936DE538936EE539930D
:10E3A0006FE53A9370E53B9371E53C9372E53D93DD
:10E3B00073E53E93C9F63F9374E5409375E5419349
:10E3C00076E5429377E5439378E5449379E5459381
:10E3D0007AE546937BE547937CE548937DE5499351
:10E3E0007EE54A9380E54B9381E54C9382E54D931E
:10E3F00083E54E9384E54F9385E5509386E55193ED
:10E4000087E5529388E5539389E554938AE55593BC
:10E410008BE556938CE557938DE558938EE559938C
:10E420008FE55A9390E55B9391E55C9392E55D935C
:10E4300093E55E9394E55F9395E5609396E561932C
:10E4400097E5629398E5639399E564939AE56593FC
:10E450009BE566939CE567939DE568939EE56993CC
:10E460009FE56A93CAF66B93A0E56C9340E66D93C3
:10E4700041E66E9342E66F9343E6709344E67193F0
:10E4800045E6729346E6739347E6749348E67593C0
:10E4900049E676934AE677934BE678934CE6799390
:10E4A0004DE67A934EE67B934FE67C9350E67D9360
:10E4B00051E67E9352E67F9353E6809354E6819330
:10E4C00055E6829356E6839357E6849358E6859300
:10E4D00059E686935AE687935BE688935CE68993D0
:10E4E0005DE68A935EE68B935FE68C9360E68D93A0
:10E4F00061E68E9362E68F93CCF6909363E69193F8
:10E5000064E6929365E6939366E6949367E6959343
:10E5100068E6969369E697936AE698936BE6999313
:10E520006CE69A936DE69B936EE69C936FE69D93E3
:10E5300070E69E9371E69F9372E6A09373E6A193B3
:10E5400074E6A29375E6A39376E6A49377E6A59383
:10E5500078E6A69379E6A7937AE6A8937BE6A99353
:10E560007CE6AA937DE6AB937EE6AC9380E6AD9322
:10E5700081E6AE9382E6AF9383E6B09384E6B193EF
:10E5800085E6B29386E6B39387E6B49388E6B593BF
:10E5900089E6B6938AE6B7938BE6B8938CE6B9938F
:10E5A0008DE6BA938EE6BB938FE6BC9390E6BD935F
:10E5B00091E6BE9392E6BF9393E6C09394E6C1932F
:10E5C00095E6C29396E6C39397E6C49398E6C593FF
:10E5D00099E6C6939AE6C7939BE6C8939CE6C993CF
:10E5E0009DE6CA93CBF6CB939EE6CC939FE6CD9364
:10E5F000A0E6CE9340E7CF9341E7D09342E7D19393
:10E6000043E7D29344E7D39345E7D49346E7D593C2
:10E6100047E7D693E9F7D79348E7D89349E7D993E3
:10E620004AE7DA934BE7DB934CE7DC934DE7DD9366
:10E630004EE7DE934FE7DF9350E7E09351E7E19336
:10E6400052E7E29353E7E39354E7E49355E7E59306
:10E6500056E7E69357E7E79358E7E89359E7E993D6
:10E660005AE7EA935BE7EB935CE7EC935DE7ED93A6
:10E670005EE7EE935FE7EF9360E7F09361E7F19376
:10E6800062E7F29363E7F39364E7F49365E7F59346
:10E6900066E7F69367E7F79368E7F89369E7F99316
:10E6A0006AE7FA936BE7FB936CE7FC936DE7FD93E6
:10E6B0006EE7FE936FE7FF9370E7009471E70194B4
:10E6C00072E7029473E7039474E7049475E7059482
:10E6D00076E7069477E7079478E7089479E7099452
:10E6E0007AE70A947BE70B947CE70C947DE70D9422
:10E6F0007EE70E9480E70F9481E7109482E71194EF
:10E7000083E7129484E7139485E7149486E71594BD
:10E7100087E7169488E7179489E718948AE719948D
:10E720008BE71A948CE71B948DE71C948EE71D945D
:10E730008FE71E9490E71F9491E7209492E721942D
:10E7400093E7229494E7239495E7249496E72594FD
:10E7500097E7269498E7279499E728949AE72994CD
:10E760009BE72A949CE72B949DE72C949EE72D949D
:10E770009FE72E94A0E72F9440E8309441E831942D
:10E7800042E8329443E8339444E8349445E83594BD
:10E7900046E8369447E8379448E8389449E839948D
:10E7A0004AE83A944BE83B944CE83C944DE83D945D
:10E7B0004EE83E94CDF63F944FE8409450E84194A3
:10E7C00051E8429452E8439453E8449454E8459401
:10E7D00055E8469456E8479457E8489458E84994D1
:10E7E00059E84A945AE84B945BE84C945CE84D94A1
:10E7F0005DE84E945EE84F945FE8509460E8519471
:10E8000061E8529462E8539463E8549464E8559440
:10E8100065E8569466E8579467E8589468E8599410
:10E8200069E85A946AE85B946BE85C946CE85D94E0
:10E830006DE85E946EE85F946FE8609470E86194B0
:10E8400071E8629472E8639473E8649474E8659480
:10E8500075E8669476E8679477E8689478E8699450
:10E8600079E86A947AE86B94CEF66C947BE86D94C0
:10E870007CE86E947DE86F947EE8709480E87194F3
:10E8800081E8729482E8739483E8749484E87594C0
:10E8900085E8769486E8779487E8789488E8799490
:10E8A00089E87A948AE87B948BE87C948CE87D9460
:10E8B0008DE87E948EE87F948FE8809490E8819430
:10E8C00091E8829492E8839493E8849494E8859400
:10E8D000C4EE8694C5EE8794C6EE8894EBD58994F1
:10E8E000A4B68A94C8EE8B94C7EE8C94C9EE8D942E
:10E8F000CAEE8E94A5C78F94CBEE9094CCEE9194F3
:10E9000095E89294B0B79394F6B59494CDEE95941F
:10E91000CFEE969496E89794CEEE989497E89994D3
:10E92000C6B89A94D0EE9B94D1EE9C94D2EE9D946E
:10E93000DBB69E94AEB39F94D3D6A094C6C4A194E4
:10E94000B5B1A294D6B8A394D3EEA494D4EEA59472
:10E95000BFD4A694D5C7A794FBBEA894D9CEA9943A
:10E96000B3B9AA94D6EEAB94D5EEAC94D8EEAD94F0
:10E97000D7EEAE94A5C5AF94D9EEB094DAEEB194CB
:10E98000AEC7B294DBEEB394AFC7B494DCEEB594EB
:10E99000A7B2B694DDEEB794DEEEB894DFEEB9948C
:10E9A000E0EEBA94E1EEBB94EAD7BC94E2EEBD94FB
:10E9B000E3EEBE94D8BCBF94E4EEC094CBD3C19434
:10E9C000FACCC294ACB2C394E5C1C494E5EEC5944C
:10E9D000A6C7C694ADC3C79498E8C894E6EEC99498
:10E9E000E7EECA94E8EECB94E9EECC94EAEECD944F
:10E9F000EBEECE94ECEECF9499E8D094EDEED1947A
:10EA0000EEEED294EFEED3949AE8D4949BE8D594AA
:10EA1000F0EED694F1EED794F2EED894F4EED994C9
:10EA2000F3EEDA949CE8DB94F5EEDC94ADCDDD9466
:10EA3000C1C2DE94F6EEDF94F7EEE094F8EEE194D6
:10EA4000A1D5E294F9EEE394B3CFE494FAEEE59421
:10EA5000FBEEE6949DE8E794FCEEE894FDEEE99485
:10EA6000A1EFEA94FEEEEB94A2EFEC94F5B8ED94EE
:10EA7000FAC3EE94A3EFEF94A4EFF094C2BDF19427
:10EA8000BFD2F294F9B2F394A5EFF494A6EFF59403
:10EA9000A7EFF694F8D2F794A8EFF894FDD6F9947E
:10EAA000A9EFFA94CCC6FB949EE8FC94AAEFFD94DF
:10EAB000ABEFFE94B4C1FF94ACEF0095FACF019593
:10EAC000F8CB0295AEEF0395ADEF0495FAB305953B
:10EAD000F8B90695AFEF0795B0EF0895E2D0099524
:10EAE000B1EF0A95B2EF0B95E6B70C95BFD00D9537
:10EAF000B3EF0E95B4EF0F95B5EF1095F1C81195E2
:10EB0000E0CC1295B6EF1395B7EF1495B8EF1595C5
:10EB1000B9EF1695BAEF1795E0D51895BBEF199593
:10EB2000EDB41A95AAC31B95BCEF1C959FE81D95E3
:10EB3000BDEF1E95BEEF1F95BFEF2095A0E8219574
:10EB4000FDCE2295C0EF2395E0C22495B8B425955B
:10EB5000B6D72695F5BD279540E92895C7CF2995C5
:10EB6000C3EF2A95C1EF2B95C2EF2C95C4EF2D95DD
:10EB7000A7B62E95FCBC2F95E2BE3095CCC331953F
:10EB8000C5EF3295C6EF339541E93495C7EF35951A
:10EB9000CFEF3695C8EF3795C9EF3895CAEF39955D
:10EBA000C2C73A95F1EF3B95CDB63C95CBEF3D957D
:10EBB00042E93E95CCEF3F95CDEF4095C6B64195E5
:10EBC000BEC34295CEEF439543E94495D0EF4595BA
:10EBD000D1EF4695D2EF4795F2D5489544E949954E
:10EBE000D3EF4A95F7C44B9545E94C95D4EF4D9535
:10EBF000F8C44E95D5EF4F95D6EF5095E4B85195A2
:10EC0000F7B05295D7EF5395D8EF5495D9EF559566
:10EC100046E95695DAEF5795DBEF5895DCEF5995B5
:10EC2000DDEF5A9547E95B95DEEF5C95B5BE5D95E6
:10EC3000E1EF5E95DFEF5F95E0EF609548E9619564
:10EC4000E2EF6295E3EF6395CDC16495E4EF6595DE
:10EC5000E5EF6695E6EF6795E7EF6895E8EF69956C
:10EC6000E9EF6A95EAEF6B95EBEF6C95ECEF6D953C
:10EC7000D8C06E9549E96F95EDEF7095ADC171956E
:10EC8000EEEF7295EFEF7395F0EF74954AE9759595
:10EC90004BE97695E2CF77954CE978954DE97995F2
:10ECA0004EE97A954FE97B9550E97C9551E97D9540
:10ECB00052E97E9553E97F95A4B3809554E98195F7
:10ECC00055E9829556E9839557E9849558E98595E4
:10ECD00059E986955AE987955BE988955CE98995B4
:10ECE0005DE98A955EE98B955FE98C9560E98D9584
:10ECF00061E98E9562E98F9563E9909564E9919554
:10ED000065E9929566E9939567E9949568E9959523
:10ED100069E996956AE997956BE998956CE99995F3
:10ED20006DE99A956EE99B956FE99C9570E99D95C3
:10ED300071E99E9572E99F9573E9A09574E9A19593
:10ED400075E9A29576E9A39577E9A49578E9A59563
:10ED500079E9A6957AE9A7957BE9A8957CE9A99533
:10ED60007DE9AA957EE9AB9580E9AC9581E9AD9501
:10ED700082E9AE9583E9AF9584E9B09585E9B195CF
:10ED800086E9B29587E9B39588E9B49589E9B5959F
:10ED90008AE9B6958BE9B7958CE9B8958DE9B9956F
:10EDA0008EE9BA958FE9BB9590E9BC9591E9BD953F
:10EDB00092E9BE9593E9BF9594E9C09595E9C1950F
:10EDC00096E9C29597E9C39598E9C49599E9C595DF
:10EDD0009AE9C6959BE9C7959CE9C8959DE9C995AF
:10EDE0009EE9CA959FE9CB95A0E9CC9540EACD95DF
:10EDF00041EACE9542EACF9543EAD09544EAD195CF
:10EE000045EAD29546EAD39547EAD49548EAD5959E
:10EE100049EAD6954AEAD7954BEAD8954CEAD9956E
:10EE20004DEADA954EEADB954FEADC9550EADD953E
:10EE300051EADE9552EADF9553EAE09554EAE1950E
:10EE400055EAE29556EAE39557EAE49558EAE595DE
:10EE500059EAE6955AEAE7955BEAE895C5C3E9956C
:10EE6000C5E3EA95C1C9EB95C6E3EC955CEAED957F
:10EE7000D5B1EE95CACEEF95B3B4F095F2C8F19541
:10EE8000C7E3F295D0CFF395C8E3F495E4BCF595CC
:10EE9000C9E3F695CAE3F795C6C3F895A2D5F995E7
:10EEA000D6C4FA95EBB9FB95C5CEFC95CBE3FD95A1
:10EEB000F6C3FE95CCE3FF955DEA0096A7B70196F1
:10EEC000F3B80296D2BA0396CDE30496CEE3059644
:10EED000C4D40696CFE307965EEA0896D0E3099677
:10EEE000CBD10A96D1E30B96D2E30C96D3E30D96E1
:10EEF000D4E30E96D6D10F96D5E31096FBB21196B9
:10EF0000BBC01296D6E313965FEA1496ABC0159673
:10EF1000D7E31696D8E31796D9E3189660EA1996C0
:10EF2000DAE31A96DBE31B9661EA1C96B7B81D96E6
:10EF3000E2DA1E9662EA1F96D3B6209663EA21961D
:10EF4000E4DA2296E3DA239664EA249665EA2596C3
:10EF500066EA269667EA279668EA289669EA299675
:10EF60006AEA2A96E6DA2B966BEA2C966CEA2D96DC
:10EF70006DEA2E96EEC82F966EEA30966FEA3196BD
:10EF8000E5DA3296C0B73396F4D13496F5D2359699
:10EF9000F3D53696D7BD379670EA389671EA39962A
:10EFA00072EA3A9673EA3B96E8D73C96E8DA3D96E1
:10EFB000E7DA3E9674EA3F96A2B04096D3CD4196EA
:10EFC00075EA4296E9DA439676EA4496BDB84596E4
:10EFD000CABC4696BDC24796A4C24896C2B34996DB
:10EFE000EADA4A9677EA4B96AAC24C96B0C44D9696
:10EFF000B5BD4E9678EA4F9679EA5096DECF519697
:10F000007AEA52967BEA53967CEA5496EBDA559666
:10F01000C2C956967DEA57967EEA589680EA599676
:10F0200081EA5A9682EA5B96DDB15C9683EA5D9648
:10F0300084EA5E9685EA5F96ECDA609686EA6196E7
:10F04000B8B66296BAD4639687EA6496FDB36596BD
:10F0500088EA669689EA6796EDDA6896C9D4699671
:10F06000D5CF6A96E3C56B968AEA6C96EEDA6D9612
:10F070008BEA6E968CEA6F968DEA70968EEA7196A0
:10F080008FEA7296EFDA739690EA7496F0DA7596D4
:10F09000EAC17696D5CC7796DDCF789691EA7996C7
:10F0A00092EA7A9693EA7B9694EA7C9695EA7D9624
:10F0B00096EA7E9697EA7F9698EA809699EA8196F4
:10F0C0009AEA82969BEA83969CEA84969DEA8596C4
:10F0D000E7D38696A1C287969EEA8896F1DA89964A
:10F0E0009FEA8A96A0EA8B96E5CB8C9640EB8D96AC
:10F0F000F2DA8E9641EB8F96E6CB9096FED2919601
:10F1000042EB929643EB939644EB9496F4B8959623
:10F1100045EB969646EB9796F3DA9896AFB09996AC
:10F12000B6CF9A9647EB9B9648EB9C96CFD59D968B
:10F1300049EB9E964AEB9F964BEBA0964CEBA19623
:10F140004DEBA2964EEBA3964FEBA49650EBA596F3
:10F1500051EBA69652EBA796EDCBA89653EBA9964A
:10F1600054EBAA9655EBAB9656EBAC9657EBAD9697
:10F1700058EBAE9659EBAF965AEBB096F4DAB196DF
:10F180005BEBB2965CEBB396C4E3B4965DEBB596DD
:10F190005EEBB696A5C1B7965FEBB89660EBB996F5
:10F1A000BFF6BA9661EBBB9662EBBC96C0F6BD9615
:10F1B000C1F6BE96D1C4BF9663EBC096B8C8C196DF
:10F1C000E3D1C29664EBC39665EBC496DBD0C596DB
:10F1D000C5D1C696AFBCC796CDB9C89666EBC996E1
:10F1E000F4EFCA9667EBCB9668EBCC96C6B4CD9697
:10F1F000BAD3CE96C2F6CF96FBB3D09669EBD19632
:10F200006AEBD296C3F6D3966BEBD4966CEBD5969D
:10F21000F1B5D6966DEBD7966EEBD8966FEBD99687
:10F2200070EBDA9671EBDB9672EBDC9673EBDD96A6
:10F2300074EBDE9675EBDF9676EBE096C5F6E1961D
:10F2400077EBE29678EBE39679EBE4967AEBE5964A
:10F250007BEBE6967CEBE7967DEBE896EAD3E996C6
:10F26000A7F6EA96A9D1EB967EEBEC9680EBED96AD
:10F2700081EBEE9682EBEF96A9F6F09683EBF19692
:10F2800084EBF29685EBF396A8F6F49686EBF5966A
:10F2900087EBF696E3C1F796D7C0F89688EBF99618
:10F2A000A2B1FA9689EBFB968AEBFC968BEBFD9666
:10F2B0008CEBFE96EDCEFF968DEB0097E8D0019794
:10F2C000ABF602978EEB03978FEB0497F6CF05977B
:10F2D00090EB0697AAF60797F0D50897ACF6099732
:10F2E000B9C30A9791EB0B9792EB0C9793EB0D97A1
:10F2F000F4BB0E97AEF60F97ADF6109794EB1197FF
:10F3000095EB129796EB1397DEC4149797EB15972E
:10F3100098EB1697D8C1179799EB18979AEB19970E
:10F320009BEB1A979CEB1B979DEB1C97AACB1D9709
:10F330009EEB1E97BCCF1F979FEB2097A0EB2197CA
:10F3400040EC229741EC239742EC249743EC25971D
:10F3500044EC269745EC279746EC289747EC2997ED
:10F3600048EC2A97AFF62B9749EC2C974AEC2D974F
:10F37000B0F62E974BEC2F974CEC3097B1F63197B7
:10F380004DEC3297B6C233974EEC34974FEC35972D
:10F3900050EC369751EC379752EC3897D4B03997F8
:10F3A000F9C53A9753EC3B9754EC3C9755EC3D9795
:10F3B00056EC3E97B2F63F9757EC409758EC419782
:10F3C00059EC42975AEC43975BEC44975CEC4597B9
:10F3D0005DEC46975EEC47975FEC489760EC499789
:10F3E00061EC4A9762EC4B9763EC4C9764EC4D9759
:10F3F00065EC4E9766EC4F9767EC509768EC519729
:10F4000069EC5297E0C75397A6F654976AEC559764
:10F410006BEC5697B8BE57976CEC58976DEC5997B4
:10F42000B2BE5A976EEC5B97E5B55C976FEC5D9753
:10F4300070EC5E97C7B75F9771EC6097BFBF61973D
:10F44000D2C36297E6C3639772EC649773EC6597D7
:10F45000CCD8669774EC679775EC689776EC6997EB
:10F46000EFB86A9777EC6B9778EC6C9779EC6D97BF
:10F470007AEC6E977BEC6F977CEC70977DEC7197D4
:10F480007EEC729780EC7397F9BD7497A5D1759750
:10F4900081EC7697D0B0779782EC789783EC799768
:10F4A00084EC7A9785EC7B9786EC7C97B0F77D9718
:10F4B00087EC7E9788EC7F9789EC80978AEC819720
:10F4C0008BEC82978CEC83978DEC84978EEC8597F0
:10F4D000B1F786978FEC879790EC889791EC899796
:10F4E00092EC8A9793EC8B97ACD08C9794EC8D9799
:10F4F000B0B08E9795EC8F9796EC909797EC91978C
:10F50000B2F79297B3F7939798EC9497B4F79597CF
:10F5100099EC96979AEC97979BEC9897CAC799970E
:10F520009CEC9A979DEC9B979EEC9C979FEC9D97EB
:10F53000A0EC9E9740ED9F9741EDA097CFBEA1977D
:10F5400042EDA29743EDA397B7F7A49744EDA59793
:10F5500045EDA69746EDA79747EDA89748EDA997E3
:10F5600049EDAA974AEDAB97B6F7AC974BEDAD973F
:10F57000DEB1AE974CEDAF97B5F7B0974DEDB197C3
:10F580004EEDB297B8F7B3974FEDB497B9F7B5977B
:10F5900050EDB69751EDB79752EDB89753EDB99737
:10F5A00054EDBA9755EDBB9756EDBC9757EDBD9707
:10F5B00058EDBE9759EDBF975AEDC0975BEDC197D7
:10F5C0005CEDC2975DEDC3975EEDC4975FEDC597A7
:10F5D00060EDC69761EDC79762EDC89763EDC99777
:10F5E00064EDCA9765EDCB9766EDCC9767EDCD9747
:10F5F00068EDCE9769EDCF976AEDD0976BEDD19717
:10F600006CEDD2976DEDD3976EEDD4976FEDD597E6
:10F6100070EDD69771EDD79772EDD89773EDD997B6
:10F6200074EDDA9775EDDB9776EDDC9777EDDD9786
:10F6300078EDDE9779EDDF977AEDE0977BEDE19756
:10F640007CEDE2977DEDE3977EEDE49780EDE59725
:10F6500081EDE697A4CEE797CDC8E89782EDE997CC
:10F66000ABBAEA97B8E8EB97B9E8EC97BAE8ED9748
:10F67000C2BEEE9783EDEF9784EDF09785EDF1979D
:10F6800086EDF29787EDF397F4D2F49788EDF5972E
:10F69000CFD4F697D8C9F79789EDF8978AEDF997FF
:10F6A0008BEDFA978CEDFB978DEDFC978EEDFD972A
:10F6B0008FEDFE9790EDFF9791ED009892ED0198F8
:10F6C00093ED029894ED039895ED049896ED0598C6
:10F6D00097ED069898ED079899ED08989AED099896
:10F6E0009BED0A989CED0B989DED0C989EED0D9866
:10F6F0009FED0E98A0ED0F9840EE109841EE1198F6
:10F7000042EE129843EE139844EE149845EE159885
:10F7100046EE169847EE179848EE189849EE199855
:10F720004AEE1A984BEE1B984CEE1C984DEE1D9825
:10F730004EEE1E984FEE1F9850EE209851EE2198F5
:10F7400052EE229853EE239854EE249855EE2598C5
:10F7500056EE269857EE279858EE289859EE299895
:10F760005AEE2A985BEE2B985CEE2C985DEE2D9865
:10F770005EEE2E985FEE2F9860EE309861EE319835
:10F7800062EE329863EE339864EE349865EE359805
:10F7900066EE369867EE379868EE389869EE3998D5
:10F7A0006AEE3A986BEE3B986CEE3C986DEE3D98A5
:10F7B0006EEE3E986FEE3F9870EE409871EE419875
:10F7C00072EE429873EE439874EE449875EE459845
:10F7D00076EE469877EE479878EE489879EE499815
:10F7E0007AEE4A987BEE4B987CEE4C987DEE4D98E5
:10F7F0007EEE4E9880EE4F9881EE509882EE5198B2
:10F8000083EE529884EE539885EE549886EE559880
:10F8100087EE569888EE579889EE58988AEE599850
:10F820008BEE5A988CEE5B988DEE5C988EEE5D9820
:10F830008FEE5E9890EE5F9891EE609892EE6198F0
:10F8400093EE629894EE639895EE649896EE6598C0
:10F8500097EE669898EE679899EE68989AEE699890
:10F860009BEE6A989CEE6B989DEE6C989EEE6D9860
:10F870009FEE6E98A0EE6F9840EF709841EF7198F0
:10F8800042EF729843EF739844EF749845EF759880
:10F89000B3D27698A5B67798EAC77898FCF17998AC
:10F8A000EECF7A98B3CB7B98EBD07C98EFE77D983E
:10F8B000E7CD7E98CBB97F98D9B68098FDF1819835
:10F8C000E4B08298CCCB8398FEF18498A4D4859838
:10F8D000ADC28698ECC18798C4C68898B1BE899895
:10F8E000A1F28A98D5BC8B9846EF8C98A2F28D989D
:10F8F000A3F28E9847EF8F98A4F29098C3D2919874
:10F90000B5C6929848EF9398C7CD9498A5F295986C
:10F9100049EF9698B1D39798C5BF9898E2CC99983B
:10F920004AEF9A98A6F29B98A7F29C98D5D19D98F9
:10F93000EEB69E98A8F29F98A9F2A098DFB5A1987C
:10F94000AAF2A298ABF2A3984BEFA498FCB2A598A8
:10F95000ACF2A698ADF2A798A7C8A8984CEFA998C2
:10F960004DEFAA984EEFAB984FEFAC9850EFAD9893
:10F9700051EFAE9852EFAF9853EFB09854EFB19863
:10F9800055EFB29856EFB39857EFB49858EFB59833
:10F9900059EFB6985AEFB7985BEFB8985CEFB99803
:10F9A0005DEFBA985EEFBB985FEFBC9860EFBD98D3
:10F9B00061EFBE9862EFBF9863EFC09864EFC198A3
:10F9C00065EFC29866EFC39867EFC49868EFC59873
:10F9D00069EFC6986AEFC7986BEFC8986CEFC99843
:10F9E0006DEFCA986EEFCB986FEFCC9870EFCD9813
:10F9F00071EFCE98E7B7CF9872EFD09873EFD198A8
:10FA0000A9ECD298AAECD398ABECD49874EFD59823
:10FA1000ACECD69875EFD79876EFD898AEC6D99853
:10FA2000ADECDA98AEECDB9877EFDC9878EFDD9808
:10FA300079EFDE98C9B7DF98B3CAE0987AEFE1981A
:10FA40007BEFE2987CEFE3987DEFE4987EEFE5981A
:10FA500080EFE69881EFE798B8E2E898CFF7E99869
:10FA600082EFEA9883EFEB9884EFEC9885EFED98BE
:10FA700086EFEE9887EFEF9888EFF09889EFF1988E
:10FA80008AEFF2988BEFF3988CEFF4988DEFF5985E
:10FA90008EEFF6988FEFF79890EFF89891EFF9982E
:10FAA00092EFFA9893EFFB9894EFFC9895EFFD98FE
:10FAB00096EFFE9897EFFF9898EF009999EF0199CC
:10FAC0009AEF02999BEF03999CEF04999DEF05999A
:10FAD0009EEF06999FEF0799A0EF089940F00999CA
:10FAE00041F00A9942F00B9943F00C9944F00D99BA
:10FAF000D0F70E9945F00F9946F01099CDB21199B3
:10FB000047F0129948F0139949F014994AF0159961
:10FB10004BF016994CF017994DF018994EF0199931
:10FB20004FF01A9950F01B9951F01C9952F01D9901
:10FB300053F01E9954F01F9955F0209956F02199D1
:10FB400057F0229958F0239959F024995AF02599A1
:10FB50005BF026995CF027995DF028995EF0299971
:10FB60005FF02A9960F02B9961F02C9962F02D9941
:10FB700063F02E99D1F72F9964F0309965F031999F
:10FB800066F0329967F0339968F0349969F03599E5
:10FB90006AF036996BF037996CF038996DF03999B5
:10FBA0006EF03A996FF03B9970F03C9971F03D9985
:10FBB00072F03E9973F03F9974F0409975F0419955
:10FBC00076F0429977F0439978F0449979F0459925
:10FBD0007AF046997BF047997CF048997DF04999F5
:10FBE0007EF04A9980F04B9981F04C9982F04D99C2
:10FBF00083F04E9984F04F9985F0509986F0519991
:10FC000087F0529988F0539989F05499D3F7559910
:10FC1000D2F756998AF057998BF058998CF05999E8
:10FC20008DF05A998EF05B998FF05C9990F05D9908
:10FC300091F05E9992F05F9993F0609994F06199D8
:10FC400095F0629996F06399BBE2649997F0659993
:10FC5000A2BC669998F06799BCE26899BDE269997F
:10FC6000BEE26A99BFE26B99C0E26C99C1E26D99FC
:10FC7000B9B76E99FBD26F99A4BD7099CECA71992C
:10FC8000A5B17299C7CB739999F07499C2E275992D
:10FC9000FCB67699C4C87799C3E278999AF07999B5
:10FCA0009BF07A99C8BD7B999CF07C99FDB17D99B8
:10FCB000C4E27E999DF07F99F6B68099C5E281995C
:10FCC000D9C482999EF083999FF08499C6E2859960
:10FCD000DACF8699DDB98799C7E28899A1C0899959
:10FCE000A0F08A99C8E28B99F6B28C9940F18D996F
:10FCF000C9E28E9941F18F99F3C19099CAE2919925
:10FD0000CBE29299F8C29399CCE29499CDE295997D
:10FD1000CEE29699D7CA9799B8D89899E5D9999982
:10FD2000E3CF9A9942F19B9943F19C9944F19D99B3
:10FD300045F19E9946F19F9947F1A09948F1A19903
:10FD400049F1A2994AF1A3994BF1A4994CF1A599D3
:10FD5000A5F0A6994DF1A7994EF1A899B0DCA99903
:10FD60004FF1AA9950F1AB9951F1AC9952F1AD997B
:10FD700053F1AE9954F1AF9955F1B09956F1B1994B
:10FD800057F1B29958F1B39959F1B4995AF1B5991B
:10FD90005BF1B6995CF1B7995DF1B8995EF1B999EB
:10FDA0005FF1BA9960F1BB9961F1BC9962F1BD99BB
:10FDB00063F1BE9964F1BF9965F1C09966F1C1998B
:10FDC00067F1C29968F1C39969F1C4996AF1C5995B
:10FDD0006BF1C6996CF1C7996DF1C8996EF1C9992B
:10FDE0006FF1CA9970F1CB9971F1CC9972F1CD99FB
:10FDF00073F1CE9974F1CF9975F1D09976F1D199CB
:10FE000077F1D29978F1D39979F1D4997AF1D5999A
:10FE10007BF1D6997CF1D7997DF1D8997EF1D9996A
:10FE200080F1DA9981F1DB9982F1DC9983F1DD9936
:10FE300084F1DE9985F1DF9986F1E09987F1E19906
:10FE400088F1E29989F1E3998AF1E4998BF1E599D6
:10FE50008CF1E6998DF1E7998EF1E8998FF1E999A6
:10FE600090F1EA9991F1EB9992F1EC9993F1ED9976
:10FE700094F1EE9995F1EF9996F1F09997F1F19946
:10FE800098F1F29999F1F3999AF1F4999BF1F59916
:10FE90009CF1F6999DF1F7999EF1F8999FF1F999E6
:10FEA000A0F1FA9940F2FB9941F2FC9942F2FD99D6
:10FEB00043F2FE9944F2FF9945F2009A46F2019A04
:10FEC00047F2029A48F2039A49F2049A4AF2059AD2
:10FED0004BF2069A4CF2079A4DF2089A4EF2099AA2
:10FEE0004FF20A9A50F20B9A51F20C9A52F20D9A72
:10FEF00053F20E9A54F20F9A55F2109A56F2119A42
:10FF000057F2129A58F2139A59F2149A5AF2159A11
:10FF10005BF2169A5CF2179A5DF2189A5EF2199AE1
:10FF20005FF21A9A60F21B9A61F21C9A62F21D9AB1
:10FF300063F21E9A64F21F9A65F2209A66F2219A81
:10FF400067F2229A68F2239A69F2249A6AF2259A51
:10FF50006BF2269A6CF2279A6DF2289A6EF2299A21
:10FF60006FF22A9A70F22B9A71F22C9A72F22D9AF1
:10FF700073F22E9A74F22F9A75F2309A76F2319AC1
:10FF800077F2329A78F2339A79F2349A7AF2359A91
:10FF90007BF2369A7CF2379A7DF2389A7EF2399A61
:10FFA00080F23A9A81F23B9A82F23C9A83F23D9A2D
:10FFB00084F23E9A85F23F9A86F2409A87F2419AFD
:10FFC00088F2429A89F2439A8AF2449A8BF2459ACD
:10FFD0008CF2469A8DF2479A8EF2489A8FF2499A9D
:10FFE00090F24A9A91F24B9A92F24C9A93F24D9A6D
:10FFF00094F24E9A95F24F9A96F2509A97F2519A3D
:020000040803EF
:1000000098F2529A99F2539A9AF2549A9BF2559A0C
:100010009CF2569A9DF2579A9EF2589A9FF2599ADC
:10002000A0F25A9A40F35B9A41F35C9A42F35D9ACC
:1000300043F35E9A44F35F9A45F3609A46F3619AFC
:1000400047F3629A48F3639A49F3649A4AF3659ACC
:100050004BF3669A4CF3679A4DF3689A4EF3699A9C
:100060004FF36A9A50F36B9A51F36C9AEDC26D9A02
:10007000A6D46E9AD4CD6F9AB1D1709ADBB3719A2F
:10008000FDC7729A52F3739AB5B2749ABFC2759A49
:10009000E0E6769ABBCA779AE1E6789AE2E6799A40
:1000A000D4BE7A9AE3E67B9AA4D77C9AD5CD7D9A82
:1000B000E5E67E9ADDBC7F9AE4E6809AE6E6819AE0
:1000C000E7E6829AEEC2839A53F3849ABEBD859A7C
:1000D000E8E6869AE6C2879AA7BA889AE9E6899AF4
:1000E00054F38A9AEAE68B9AD2B38C9AE9D18D9A24
:1000F00055F38E9A56F38F9AA5BF909AEBE6919A94
:10010000EFC6929AECE6939AEDE6949A57F3959A95
:1001100058F3969AEEE6979AADC6989AEFE6999AB2
:1001200059F39A9AA7C99B9AF0E69C9AF1E69D9A90
:10013000F2E69E9AB9E59F9AF3E6A09AF4E6A19AB0
:10014000E2C2A29AF5E6A39AF6E6A49AE8D6A59AA0
:10015000F7E6A69A5AF3A79AF8E6A89AC7B9A99A11
:100160005BF3AA9A5CF3AB9A5DF3AC9A5EF3AD9A3B
:100170005FF3AE9A60F3AF9A61F3B09ABBF7B19AAE
:10018000BAF7B29A62F3B39A63F3B49A64F3B59A86
:1001900065F3B69ABEF7B79ABCF7B89AA1BAB99AFE
:1001A00066F3BA9ABFF7BB9A67F3BC9AC0F7BD9AD9
:1001B00068F3BE9A69F3BF9A6AF3C09AC2F7C19A0C
:1001C000C1F7C29AC4F7C39A6BF3C49A6CF3C59A89
:1001D000C3F7C69A6DF3C79A6EF3C89A6FF3C99ABC
:1001E00070F3CA9A71F3CB9AC5F7CC9AC6F7CD9A39
:1001F00072F3CE9A73F3CF9A74F3D09A75F3D19ABF
:10020000C7F7D29A76F3D39AE8CBD49A77F3D59AF4
:1002100078F3D69A79F3D79A7AF3D89ADFB8D99A3D
:100220007BF3DA9A7CF3DB9A7DF3DC9A7EF3DD9A3A
:1002300080F3DE9A81F3DF9AD4F7E09A82F3E19AB1
:10024000D5F7E29A83F3E39A84F3E49A85F3E59A87
:1002500086F3E69AD6F7E79A87F3E89A88F3E99A5D
:1002600089F3EA9A8AF3EB9AD8F7EC9A8BF3ED9A32
:10027000DAF7EE9A8CF3EF9AD7F7F09A8DF3F19ABA
:100280008EF3F29A8FF3F39A90F3F49A91F3F59A2E
:1002900092F3F69A93F3F79A94F3F89A95F3F99AFE
:1002A000DBF7FA9A96F3FB9AD9F7FC9A97F3FD9A43
:1002B00098F3FE9A99F3FF9A9AF3009B9BF3019BA4
:1002C0009CF3029B9DF3039BD7D7049B9EF3059B56
:1002D0009FF3069BA0F3079B40F4089BDCF7099B68
:1002E00041F40A9B42F40B9B43F40C9B44F40D9B9A
:1002F00045F40E9B46F40F9BDDF7109B47F4119BD2
:1003000048F4129B49F4139BDEF7149B4AF4159BA7
:100310004BF4169B4CF4179B4DF4189B4EF4199B11
:100320004FF41A9B50F41B9B51F41C9B52F41D9BE1
:1003300053F41E9B54F41F9BDFF7209B55F4219B25
:1003400056F4229B57F4239BE0F7249B58F4259BFB
:1003500059F4269B5AF4279B5BF4289B5CF4299B59
:100360005DF42A9B5EF42B9B5FF42C9B60F42D9B29
:1003700061F42E9B62F42F9BCBDB309B63F4319BAB
:1003800064F4329BAAD8339B65F4349B66F4359BA6
:1003900067F4369B68F4379B69F4389B6AF4399BA1
:1003A0006BF43A9B6CF43B9BF7E53C9BEDB93D9BB2
:1003B0006DF43E9B6EF43F9B6FF4409B70F4419B49
:1003C000FDBF429BEABB439BC9F7449BC7C6459B05
:1003D000C8F7469B71F4479BCAF7489BCCF7499BEB
:1003E000CBF74A9B72F44B9B73F44C9B74F44D9B7C
:1003F000CDF74E9B75F44F9BBACE509B76F4519B34
:10040000CEF7529B77F4539B78F4549BA7C4559B2B
:1004100079F4569B7AF4579B7BF4589B7CF4599B58
:100420007DF45A9B7EF45B9B80F45C9B81F45D9B26
:1004300082F45E9B83F45F9B84F4609B85F4619BF4
:1004400086F4629B87F4639B88F4649B89F4659BC4
:100450008AF4669B8BF4679B8CF4689B8DF4699B94
:100460008EF46A9B8FF46B9B90F46C9B91F46D9B64
:1004700092F46E9B93F46F9B94F4709B95F4719B34
:1004800096F4729B97F4739B98F4749B99F4759B04
:100490009AF4769B9BF4779B9CF4789B9DF4799BD4
:1004A0009EF47A9B9FF47B9BA0F47C9B40F57D9B04
:1004B00041F57E9B42F57F9B43F5809B44F5819BF4
:1004C00045F5829B46F5839B47F5849B48F5859BC4
:1004D00049F5869B4AF5879B4BF5889B4CF5899B94
:1004E0004DF58A9B4EF58B9B4FF58C9B50F58D9B64
:1004F00051F58E9B52F58F9B53F5909B54F5919B34
:1005000055F5929B56F5939B57F5949B58F5959B03
:1005100059F5969B5AF5979B5BF5989B5CF5999BD3
:100520005DF59A9B5EF59B9B5FF59C9B60F59D9BA3
:1005300061F59E9B62F59F9B63F5A09B64F5A19B73
:1005400065F5A29B66F5A39B67F5A49B68F5A59B43
:1005500069F5A69B6AF5A79B6BF5A89B6CF5A99B13
:100560006DF5AA9B6EF5AB9B6FF5AC9B70F5AD9BE3
:1005700071F5AE9B72F5AF9B73F5B09B74F5B19BB3
:1005800075F5B29B76F5B39B77F5B49B78F5B59B83
:1005900079F5B69B7AF5B79B7BF5B89B7CF5B99B53
:1005A0007DF5BA9B7EF5BB9B80F5BC9B81F5BD9B21
:1005B00082F5BE9B83F5BF9B84F5C09B85F5C19BEF
:1005C00086F5C29B87F5C39B88F5C49B89F5C59BBF
:1005D0008AF5C69B8BF5C79B8CF5C89B8DF5C99B8F
:1005E0008EF5CA9B8FF5CB9B90F5CC9B91F5CD9B5F
:1005F00092F5CE9B93F5CF9B94F5D09B95F5D19B2F
:1006000096F5D29B97F5D39B98F5D49B99F5D59BFE
:100610009AF5D69B9BF5D79B9CF5D89B9DF5D99BCE
:100620009EF5DA9B9FF5DB9BA0F5DC9B40F6DD9BFE
:1006300041F6DE9B42F6DF9B43F6E09B44F6E19BEE
:1006400045F6E29B46F6E39B47F6E49B48F6E59BBE
:1006500049F6E69B4AF6E79B4BF6E89B4CF6E99B8E
:100660004DF6EA9B4EF6EB9B4FF6EC9B50F6ED9B5E
:1006700051F6EE9B52F6EF9B53F6F09B54F6F19B2E
:1006800055F6F29B56F6F39B57F6F49B58F6F59BFE
:1006900059F6F69B5AF6F79B5BF6F89B5CF6F99BCE
:1006A0005DF6FA9B5EF6FB9B5FF6FC9B60F6FD9B9E
:1006B00061F6FE9B62F6FF9B63F6009C64F6019C6C
:1006C00065F6029C66F6039C67F6049C68F6059C3A
:1006D00069F6069C6AF6079C6BF6089C6CF6099C0A
:1006E0006DF60A9C6EF60B9C6FF60C9C70F60D9CDA
:1006F00071F60E9C72F60F9C73F6109C74F6119CAA
:1007000075F6129C76F6139C77F6149C78F6159C79
:1007100079F6169C7AF6179C7BF6189C7CF6199C49
:100720007DF61A9C7EF61B9C80F61C9C81F61D9C17
:1007300082F61E9C83F61F9C84F6209C85F6219CE5
:1007400086F6229C87F6239C88F6249C89F6259CB5
:100750008AF6269C8BF6279C8CF6289C8DF6299C85
:100760008EF62A9C8FF62B9C90F62C9C91F62D9C55
:1007700092F62E9C93F62F9C94F6309C95F6319C25
:1007800096F6329C97F6339C98F6349C99F6359CF5
:100790009AF6369C9BF6379C9CF6389C9DF6399CC5
:1007A0009EF63A9C9FF63B9CA0F63C9C40F73D9CF5
:1007B00041F73E9C42F73F9C43F7409C44F7419CE5
:1007C00045F7429C46F7439C47F7449C48F7459CB5
:1007D00049F7469C4AF7479C4BF7489C4CF7499C85
:1007E0004DF74A9C4EF74B9C4FF74C9C50F74D9C55
:1007F00051F74E9C52F74F9C53F7509C54F7519C25
:1008000055F7529C56F7539C57F7549C58F7559CF4
:1008100059F7569C5AF7579C5BF7589C5CF7599CC4
:100820005DF75A9C5EF75B9C5FF75C9C60F75D9C94
:1008300061F75E9C62F75F9C63F7609C64F7619C64
:1008400065F7629C66F7639C67F7649C68F7659C34
:1008500069F7669C6AF7679C6BF7689C6CF7699C04
:100860006DF76A9C6EF76B9C6FF76C9C70F76D9CD4
:1008700071F76E9C72F76F9C73F7709C74F7719CA4
:1008800075F7729C76F7739C77F7749C78F7759C74
:1008900079F7769C7AF7779C7BF7789C7CF7799C44
:1008A0007DF77A9C7EF77B9C80F77C9CE3D37D9CD4
:1008B00081F77E9C82F77F9CCFF6809C83F7819C9A
:1008C000B3C2829CD0F6839C84F7849C85F7859C78
:1008D000D1F6869CD2F6879CD3F6889CD4F6899C68
:1008E00086F78A9C87F78B9CD6F68C9C88F78D9C24
:1008F000ABB18E9CD7F68F9C89F7909CD8F6919CD3
:10090000D9F6929CDAF6939C8AF7949CDBF6959C38
:10091000DCF6969C8BF7979C8CF7989C8DF7999CAE
:100920008EF79A9CDDF69B9CDEF69C9CCACF9D9C24
:100930008FF79E9CDFF69F9CE0F6A09CE1F6A19CC1
:10094000E2F6A29CE3F6A39CE4F6A49CF0C0A59C6E
:10095000E5F6A69CE6F6A79CE7F6A89CE8F6A99C17
:10096000E9F6AA9C90F7AB9CEAF6AC9C91F7AD9C9B
:10097000EBF6AE9CECF6AF9C92F7B09CEDF6B19C1A
:10098000EEF6B29CEFF6B39CF0F6B49CF1F6B59C93
:10099000F2F6B69CF3F6B79CF4F6B89CA8BEB99CE8
:1009A00093F7BA9CF5F6BB9CF6F6BC9CF7F6BD9C9B
:1009B000F8F6BE9C94F7BF9C95F7C09C96F7C19C37
:1009C00097F7C29C98F7C39CFAC8C49CF9F6C59CDB
:1009D000FAF6C69CFBF6C79CFCF6C89C99F7C99C26
:1009E0009AF7CA9CFDF6CB9CFEF6CC9CA1F7CD9C59
:1009F000A2F7CE9CA3F7CF9CA4F7D09CA5F7D19CDF
:100A00009BF7D29C9CF7D39CA6F7D49CA7F7D59CC8
:100A1000A8F7D69CEEB1D79CA9F7D89CAAF7D99C89
:100A2000ABF7DA9C9DF7DB9C9EF7DC9CACF7DD9C7A
:100A3000ADF7DE9CDBC1DF9CAEF7E09C9FF7E19C4D
:100A4000A0F7E29CAFF7E39C40F8E49C41F8E59CFA
:100A500042F8E69C43F8E79C44F8E89C45F8E99C9A
:100A600046F8EA9C47F8EB9C48F8EC9C49F8ED9C6A
:100A70004AF8EE9C4BF8EF9C4CF8F09C4DF8F19C3A
:100A80004EF8F29C4FF8F39C50F8F49C51F8F59C0A
:100A900052F8F69C53F8F79C54F8F89C55F8F99CDA
:100AA00056F8FA9C57F8FB9C58F8FC9C59F8FD9CAA
:100AB0005AF8FE9C5BF8FF9C5CF8009D5DF8019D78
:100AC0005EF8029D5FF8039D60F8049D61F8059D46
:100AD00062F8069D63F8079D64F8089D65F8099D16
:100AE00066F80A9D67F80B9D68F80C9D69F80D9DE6
:100AF0006AF80E9D6BF80F9D6CF8109D6DF8119DB6
:100B00006EF8129D6FF8139D70F8149D71F8159D85
:100B100072F8169D73F8179D74F8189D75F8199D55
:100B200076F81A9D77F81B9D78F81C9D79F81D9D25
:100B30007AF81E9D7BF81F9D7CF8209D7DF8219DF5
:100B40007EF8229D80F8239D81F8249D82F8259DC2
:100B500083F8269D84F8279D85F8289D86F8299D91
:100B600087F82A9D88F82B9D89F82C9D8AF82D9D61
:100B70008BF82E9D8CF82F9D8DF8309D8EF8319D31
:100B80008FF8329D90F8339D91F8349D92F8359D01
:100B900093F8369D94F8379D95F8389D96F8399DD1
:100BA00097F83A9D98F83B9D99F83C9D9AF83D9DA1
:100BB0009BF83E9D9CF83F9D9DF8409D9EF8419D71
:100BC0009FF8429DA0F8439D40F9449D41F9459D01
:100BD00042F9469D43F9479D44F9489D45F9499D91
:100BE00046F94A9D47F94B9D48F94C9D49F94D9D61
:100BF0004AF94E9D4BF94F9D4CF9509D4DF9519D31
:100C00004EF9529D4FF9539D50F9549D51F9559D00
:100C100052F9569D53F9579D54F9589D55F9599DD0
:100C200056F95A9D57F95B9D58F95C9D59F95D9DA0
:100C30005AF95E9D5BF95F9D5CF9609D5DF9619D70
:100C40005EF9629D5FF9639D60F9649D61F9659D40
:100C500062F9669D63F9679D64F9689D65F9699D10
:100C600066F96A9D67F96B9D68F96C9D69F96D9DE0
:100C70006AF96E9D6BF96F9D6CF9709D6DF9719DB0
:100C80006EF9729D6FF9739D70F9749D71F9759D80
:100C900072F9769D73F9779D74F9789D75F9799D50
:100CA00076F97A9D77F97B9D78F97C9D79F97D9D20
:100CB0007AF97E9D7BF97F9D7CF9809D7DF9819DF0
:100CC0007EF9829D80F9839D81F9849D82F9859DBD
:100CD00083F9869D84F9879D85F9889D86F9899D8C
:100CE00087F98A9D88F98B9D89F98C9D8AF98D9D5C
:100CF0008BF98E9D8CF98F9D8DF9909D8EF9919D2C
:100D00008FF9929D90F9939D91F9949D92F9959DFB
:100D100093F9969D94F9979D95F9989D96F9999DCB
:100D200097F99A9D98F99B9D99F99C9D9AF99D9D9B
:100D30009BF99E9D9CF99F9D9DF9A09D9EF9A19D6B
:100D40009FF9A29DA0F9A39D40FAA49D41FAA59DFB
:100D500042FAA69D43FAA79D44FAA89D45FAA99D8B
:100D600046FAAA9D47FAAB9D48FAAC9D49FAAD9D5B
:100D70004AFAAE9D4BFAAF9D4CFAB09D4DFAB19D2B
:100D80004EFAB29D4FFAB39D50FAB49D51FAB59DFB
:100D900052FAB69D53FAB79D54FAB89D55FAB99DCB
:100DA00056FABA9D57FABB9D58FABC9D59FABD9D9B
:100DB0005AFABE9D5BFABF9D5CFAC09D5DFAC19D6B
:100DC0005EFAC29D5FFAC39D60FAC49D61FAC59D3B
:100DD00062FAC69D63FAC79D64FAC89D65FAC99D0B
:100DE00066FACA9D67FACB9D68FACC9D69FACD9DDB
:100DF0006AFACE9D6BFACF9D6CFAD09D6DFAD19DAB
:100E00006EFAD29D6FFAD39D70FAD49D71FAD59D7A
:100E100072FAD69D73FAD79D74FAD89D75FAD99D4A
:100E200076FADA9D77FADB9D78FADC9D79FADD9D1A
:100E30007AFADE9D7BFADF9D7CFAE09D7DFAE19DEA
:100E40007EFAE29D80FAE39D81FAE49D82FAE59DB7
:100E500083FAE69D84FAE79D85FAE89D86FAE99D86
:100E600087FAEA9D88FAEB9D89FAEC9D8AFAED9D56
:100E70008BFAEE9D8CFAEF9D8DFAF09D8EFAF19D26
:100E80008FFAF29D90FAF39D91FAF49D92FAF59DF6
:100E900093FAF69D94FAF79D95FAF89D96FAF99DC6
:100EA00097FAFA9D98FAFB9D99FAFC9D9AFAFD9D96
:100EB0009BFAFE9D9CFAFF9D9DFA009E9EFA019E64
:100EC0009FFA029EA0FA039E40FB049E41FB059EF2
:100ED00042FB069E43FB079E44FB089E45FB099E82
:100EE00046FB0A9E47FB0B9E48FB0C9E49FB0D9E52
:100EF0004AFB0E9E4BFB0F9E4CFB109E4DFB119E22
:100F00004EFB129E4FFB139E50FB149E51FB159EF1
:100F100052FB169E53FB179E54FB189E55FB199EC1
:100F200056FB1A9E57FB1B9E58FB1C9E59FB1D9E91
:100F30005AFB1E9E5BFB1F9EF1C4209EAFF0219EBC
:100F4000A6BC229EB0F0239EF9C3249E5CFB259E86
:100F5000B8C5269EBBD1279E5DFB289EB1F0299E79
:100F6000B2F02A9EB3F02B9EB4F02C9EB5F02D9ECD
:100F7000BCD12E9E5EFB2F9EECD1309E5FFB319E3E
:100F8000B7F0329EB6F0339EA7D4349E60FB359EF8
:100F9000D2CD369EB8F0379EBAF0389EB9F0399E61
:100FA000BBF03A9EBCF03B9E61FB3C9E62FB3D9ECB
:100FB000EBB83E9EBDF03F9EE8BA409E63FB419E6B
:100FC000BEF0429EBFF0439EE9BE449EC0F0459EE7
:100FD000ECB6469EC1F0479EC2F0489EC3F0499EC3
:100FE000C4F04A9EB5C84B9EC5F04C9EC6F04D9EBF
:100FF00064FB4E9EC7F04F9EF4C5509E65FB519E0C
:10100000C8F0529E66FB539E67FB549E68FB559E3C
:10101000C9F0569E69FB579ECAF0589EBDF7599E6F
:101020006AFB5A9ECBF05B9ECCF05C9ECDF05D9E41
:101030006BFB5E9ECEF05F9E6CFB609E6DFB619EC7
:101040006EFB629E6FFB639ECFF0649ED7BA659E77
:1010500070FB669ED0F0679ED1F0689ED2F0699ECC
:10106000D3F06A9ED4F06B9ED5F06C9ED6F06D9E48
:10107000D8F06E9E71FB6F9E72FB709EA5D3719E21
:10108000D7F0729E73FB739ED9F0749E74FB759EAD
:1010900075FB769E76FB779E77FB789E78FB799E34
:1010A00079FB7A9E7AFB7B9E7BFB7C9E7CFB7D9E04
:1010B0007DFB7E9EBAF57F9EB9C2809E7EFB819E9F
:1010C00080FB829EE4F7839E81FB849E82FB859E4B
:1010D00083FB869E84FB879EE5F7889EE6F7899EC4
:1010E00085FB8A9E86FB8B9EE7F78C9E87FB8D9EF9
:1010F00088FB8E9E89FB8F9E8AFB909E8BFB919E28
:101100008CFB929EE8F7939EB4C2949E8DFB959EB5
:101110008EFB969E8FFB979E90FB989E91FB999ECF
:1011200092FB9A9E93FB9B9E94FB9C9E95FB9D9E9F
:10113000EAF79E9E96FB9F9EEBF7A09E97FBA19ED3
:1011400098FBA29E99FBA39E9AFBA49E9BFBA59E47
:101150009CFBA69EF3C2A79E9DFBA89E9EFBA99EFC
:101160009FFBAA9EA0FBAB9E40FCAC9E41FCAD9EAB
:1011700042FCAE9E43FCAF9E44FCB09E45FCB19E3B
:1011800046FCB29E47FCB39E48FCB49EF0F4B59E6C
:1011900049FCB69E4AFCB79E4BFCB89EEFF4B99E44
:1011A0004CFCBA9E4DFCBB9EE9C2BC9E4EFCBD9E53
:1011B000E1F7BE9EE2F7BF9E4FFCC09E50FCC19E71
:1011C00051FCC29E52FCC39E53FCC49EC6BBC59E2E
:1011D00054FCC69E55FCC79E56FCC89E57FCC99E33
:1011E000E4D9CA9E58FCCB9E59FCCC9E5AFCCD9E9D
:1011F000F2CACE9EE8C0CF9EA4F0D09E5BFCD19EEA
:10120000DABAD29E5CFCD39E5DFCD49EADC7D59E5F
:101210005EFCD69E5FFCD79E60FCD89EACC4D99E77
:1012200061FCDA9E62FCDB9EECF7DC9EEDF7DD9E56
:10123000EEF7DE9E63FCDF9EF0F7E09EEFF7E19EA7
:1012400064FCE29EF1F7E39E65FCE49E66FCE59E8D
:10125000F4F7E69E67FCE79EF3F7E89E68FCE99EDC
:10126000F2F7EA9EF5F7EB9E69FCEC9E6AFCED9EB8
:101270006BFCEE9E6CFCEF9EF6F7F09E6DFCF19E13
:101280006EFCF29E6FFCF39E70FCF49E71FCF59E6A
:1012900072FCF69E73FCF79E74FCF89E75FCF99E3A
:1012A000E9EDFA9E76FCFB9EEAEDFC9EEBEDFD9EE1
:1012B00077FCFE9EBCF6FF9E78FC009F79FC019FA8
:1012C0007AFC029F7BFC039F7CFC049F7DFC059FB6
:1012D0007EFC069F80FC079F81FC089F82FC099F83
:1012E00083FC0A9F84FC0B9FBDF60C9F85FC0D9F21
:1012F000BEF60E9FA6B60F9F86FC109FBED8119F0C
:1013000087FC129F88FC139FC4B9149F89FC159F0A
:101310008AFC169F8BFC179FBBD8189F8CFC199FCB
:10132000B1DC1A9F8DFC1B9F8EFC1C9F8FFC1D9FA8
:1013300090FC1E9F91FC1F9F92FC209FF3CA219F4F
:1013400093FC229FF7F7239F94FC249F95FC259FF5
:1013500096FC269F97FC279F98FC289F99FC299F25
:101360009AFC2A9F9BFC2B9F9CFC2C9FF8F72D9F9F
:101370009DFC2E9F9EFC2F9FF9F7309F9FFC319F75
:10138000A0FC329F40FD339F41FD349F42FD359FBD
:1013900043FD369F44FD379FFBF7389F45FD399F3E
:1013A000FAF73A9F46FD3B9FC7B13C9F47FD3D9FE3
:1013B000FCF73E9FFDF73F9F48FD409F49FD419F41
:1013C0004AFD429F4BFD439F4CFD449FFEF7459FC6
:1013D0004DFD469F4EFD479F4FFD489F50FD499F45
:1013E00051FD4A9F52FD4B9F53FD4C9F54FD4D9F15
:1013F00055FD4E9F56FD4F9F57FD509FEBC6519F89
:10140000B4EC529F58FD539F59FD549F5AFD559F70
:101410005BFD569F5CFD579F5DFD589F5EFD599F8C
:101420005FFD5A9F60FD5B9F61FD5C9F62FD5D9F5C
:1014300063FD5E9F64FD5F9F65FD609F66FD619F2C
:1014400067FD629F68FD639F69FD649F6AFD659FFC
:101450006BFD669F6CFD679F6DFD689F6EFD699FCC
:101460006FFD6A9F70FD6B9F71FD6C9F72FD6D9F9C
:1014700073FD6E9F74FD6F9F75FD709F76FD719F6C
:1014800077FD729F78FD739F79FD749F7AFD759F3C
:101490007BFD769F7CFD779F7DFD789F7EFD799F0C
:1014A00080FD7A9F81FD7B9F82FD7C9F83FD7D9FD8
:1014B00084FD7E9F85FD7F9FDDB3809FB3F6819F76
:1014C00086FD829F87FD839FB4F6849FE4C1859F3C
:1014D000B5F6869FB6F6879FB7F6889FB8F6899FC0
:1014E000B9F68A9FBAF68B9FA3C88C9FBBF68D9FD7
:1014F00088FD8E9F89FD8F9F8AFD909F8BFD919F18
:101500008CFD929F8DFD939F8EFD949F8FFD959FE7
:1015100090FD969F91FD979F92FD989F93FD999FB7
:10152000FAC19A9FA8B99B9FE8ED9C9F94FD9D9F4F
:1015300095FD9E9F96FD9F9FEAB9A09FDFD9A19F31
:1015400097FDA29F98FDA39F99FDA49F9AFDA59F3B
:101550009BFD2CF99CFD79F99DFD95F99EFDE7F920
:101560009FFDF1F9A0FD0CFA40FE0DFA41FE0EFAC6
:1015700042FE0FFA43FE11FA44FE13FA45FE14FA36
:1015800046FE18FA47FE1FFA48FE20FA49FE21FAE5
:101590004AFE23FA4BFE24FA4CFE27FA4DFE28FAA7
:1015A0004EFE29FA4FFE30FE55A931FEF2A633FE5B
:1015B000F4A634FEF5A635FEE0A636FEE1A637FE1B
:1015C000F0A638FEF1A639FEE2A63AFEE3A63BFEFF
:1015D000EEA63CFEEFA63DFEE6A63EFEE7A63FFEDB
:1015E000E4A640FEE5A641FEE8A642FEE9A643FECB
:1015F000EAA644FEEBA649FE68A94AFE69A94BFE8D
:101600006AA94CFE6BA94DFE6CA94EFE6DA94FFE5A
:101610006EA950FE6FA951FE70A952FE71A954FE29
:1016200072A955FE73A956FE74A957FE75A959FEF5
:1016300076A95AFE77A95BFE78A95CFE79A95DFEC2
:101640007AA95EFE7BA95FFE7CA960FE7DA961FE92
:101650007EA962FE80A963FE81A964FE82A965FE5F
:1016600083A966FE84A968FE85A969FE86A96AFE2B
:1016700087A96BFE88A901FFA1A302FFA2A303FF14
:10168000A3A304FFE7A105FFA5A306FFA6A307FFE9
:10169000A7A308FFA8A309FFA9A30AFFAAA30BFFFA
:1016A000ABA30CFFACA30DFFADA30EFFAEA30FFFCA
:1016B000AFA310FFB0A311FFB1A312FFB2A313FF9A
:1016C000B3A314FFB4A315FFB5A316FFB6A317FF6A
:1016D000B7A318FFB8A319FFB9A31AFFBAA31BFF3A
:1016E000BBA31CFFBCA31DFFBDA31EFFBEA31FFF0A
:1016F000BFA320FFC0A321FFC1A322FFC2A323FFDA
:10170000C3A324FFC4A325FFC5A326FFC6A327FFA9
:10171000C7A328FFC8A329FFC9A32AFFCAA32BFF79
:10172000CBA32CFFCCA32DFFCDA32EFFCEA32FFF49
:10173000CFA330FFD0A331FFD1A332FFD2A333FF19
:10174000D3A334FFD4A335FFD5A336FFD6A337FFE9
:10175000D7A338FFD8A339FFD9A33AFFDAA33BFFB9
:10176000DBA33CFFDCA33DFFDDA33EFFDEA33FFF89
:10177000DFA340FFE0A341FFE1A342FFE2A343FF59
:10178000E3A344FFE4A345FFE5A346FFE6A347FF29
:10179000E7A348FFE8A349FFE9A34AFFEAA34BFFF9
:1017A000EBA34CFFECA34DFFEDA34EFFEEA34FFFC9
:1017B000EFA350FFF0A351FFF1A352FFF2A353FF99
:1017C000F3A354FFF4A355FFF5A356FFF6A357FF69
:1017D000F7A358FFF8A359FFF9A35AFFFAA35BFF39
:1017E000FBA35CFFFCA35DFFFDA35EFFABA1E0FFDD
:1017F000E9A1E1FFEAA1E2FF56A9E3FFFEA3E4FFAE
:1018000057A9E5FFA4A3000000008000AC204081A0
:10181000024E4181044E4281054E4381064E448171
:101820000F4E4581124E4681174E47811F4E48810B
:10183000204E4981214E4A81234E4B81264E4C81B8
:10184000294E4D812E4E4E812F4E4F81314E50816B
:10185000334E5181354E5281374E53813C4E548127
:10186000404E5581414E5681424E5781444E5881DB
:10187000464E59814A4E5A81514E5B81554E5C818C
:10188000574E5D815A4E5E815B4E5F81624E608134
:10189000634E6181644E6281654E6381674E6481EF
:1018A000684E65816A4E66816B4E67816C4E6881B9
:1018B0006D4E69816E4E6A816F4E6B81724E6C8186
:1018C000744E6D81754E6E81764E6F81774E70814C
:1018D000784E7181794E72817A4E73817B4E74811C
:1018E0007C4E75817D4E76817F4E7781804E7881EA
:1018F000814E7981824E7A81834E7B81844E7C81B8
:10190000854E7D81874E7E818A4E8081904E818179
:10191000964E8281974E8381994E84819C4E85811B
:101920009D4E86819E4E8781A34E8881AA4E8981D5
:10193000AF4E8A81B04E8B81B14E8C81B44E8D8179
:10194000B64E8E81B74E8F81B84E9081B94E91813F
:10195000BC4E9281BD4E9381BE4E9481C84E9581FE
:10196000CC4E9681CF4E9781D04E9881D24E9981A0
:10197000DA4E9A81DB4E9B81DC4E9C81E04E9D814C
:10198000E24E9E81E64E9F81E74EA081E94EA18105
:10199000ED4EA281EE4EA381EF4EA481F14EA581C2
:1019A000F44EA681F84EA781F94EA881FA4EA9817E
:1019B000FC4EAA81FE4EAB81004FAC81024FAD813F
:1019C000034FAE81044FAF81054FB081064FB18107
:1019D000074FB281084FB3810B4FB4810C4FB581D3
:1019E000124FB681134FB781144FB881154FB9818B
:1019F000164FBA811C4FBB811D4FBC81214FBD8149
:101A0000234FBE81284FBF81294FC0812C4FC181F8
:101A10002D4FC2812E4FC381314FC481334FC581B9
:101A2000354FC681374FC781394FC8813B4FC98178
:101A30003E4FCA813F4FCB81404FCC81414FCD813A
:101A4000424FCE81444FCF81454FD081474FD18106
:101A5000484FD281494FD3814A4FD4814B4FD581D2
:101A60004C4FD681524FD781544FD881564FD98190
:101A7000614FDA81624FDB81664FDC81684FDD8127
:101A80006A4FDE816B4FDF816D4FE0816E4FE181E8
:101A9000714FE281724FE381754FE481774FE581A9
:101AA000784FE681794FE7817A4FE8817D4FE98170
:101AB000804FEA81814FEB81824FEC81854FED8130
:101AC000864FEE81874FEF818A4FF0818C4FF181F5
:101AD0008E4FF281904FF381924FF481934FF581B5
:101AE000954FF681964FF781984FF881994FF9817C
:101AF0009A4FFA819C4FFB819E4FFC819F4FFD8145
:101B0000A14FFE81A24F4082A44F4182AB4F42823F
:101B1000AD4F4382B04F4482B14F4582B24F4682AF
:101B2000B34F4782B44F4882B64F4982B74F4A827B
:101B3000B84F4B82B94F4C82BA4F4D82BB4F4E8249
:101B4000BC4F4F82BD4F5082BE4F5182C04F528218
:101B5000C14F5382C24F5482C64F5582C74F5682DF
:101B6000C84F5782C94F5882CB4F5982CC4F5A82A7
:101B7000CD4F5B82D24F5C82D34F5D82D44F5E8269
:101B8000D54F5F82D64F6082D94F6182DB4F628230
:101B9000E04F6382E24F6482E44F6582E54F6682E4
:101BA000E74F6782EB4F6882EC4F6982F04F6A82A1
:101BB000F24F6B82F44F6C82F54F6D82F64F6E825E
:101BC000F74F6F82F94F7082FB4F7182FC4F728228
:101BD000FD4F7382FF4F74820050758201507682F0
:101BE00002507782035078820450798205507A82BD
:101BF00006507B8207507C8208507D8209507E828D
:101C00000A5080820B5081820E5082821050838253
:101C10001150848213508582155086821650878217
:101C2000175088821B5089821D508A821E508B82D9
:101C300020508C8222508D8223508E8224508F829D
:101C4000275090822B5091822F5092823050938255
:101C5000315094823250958233509682345097821C
:101C6000355098823650998237509A8238509B82EC
:101C700039509C823B509D823D509E823F509F82B6
:101C80004050A0824150A1824250A2824450A3827F
:101C90004550A4824650A5824950A6824A50A78248
:101CA0004B50A8824D50A9825050AA825150AB820D
:101CB0005250AC825350AD825450AE825650AF82D7
:101CC0005750B0825850B1825950B2825B50B382A3
:101CD0005D50B4825E50B5825F50B6826050B7826C
:101CE0006150B8826250B9826350BA826450BB823C
:101CF0006650BC826750BD826850BE826950BF8208
:101D00006A50C0826B50C1826D50C2826E50C382D5
:101D10006F50C4827050C5827150C6827250C782A3
:101D20007350C8827450C9827550CA827850CB8271
:101D30007950CC827A50CD827C50CE827D50CF8239
:101D40008150D0828250D1828350D2828450D382FB
:101D50008650D4828750D5828950D6828A50D782C5
:101D60008B50D8828C50D9828E50DA828F50DB8291
:101D70009050DC829150DD829250DE829350DF825F
:101D80009450E0829550E1829650E2829750E3822F
:101D90009850E4829950E5829A50E6829B50E782FF
:101DA0009C50E8829D50E9829E50EA829F50EB82CF
:101DB000A050EC82A150ED82A250EE82A450EF829E
:101DC000A650F082AA50F182AB50F282AD50F3825D
:101DD000AE50F482AF50F582B050F682B150F78227
:101DE000B350F882B450F982B550FA82B650FB82F3
:101DF000B750FC82B850FD82B950FE82BC5040837F
:101E0000BD504183BE504283BF504383C050448382
:101E1000C1504583C2504683C3504783C450488352
:101E2000C5504983C6504A83C7504B83C8504C8322
:101E3000C9504D83CA504E83CB504F83CC505083F2
:101E4000CD505183CE505283D0505383D1505483C0
:101E5000D2505583D3505683D4505783D55058838E
:101E6000D7505983D8505A83D9505B83DB505C8359
:101E7000DC505D83DD505E83DE505F83DF50608326
:101E8000E0506183E1506283E2506383E3506483F6
:101E9000E4506583E5506683E8506783E9506883C2
:101EA000EA506983EB506A83EF506B83F0506C8388
:101EB000F1506D83F2506E83F4506F83F65070834F
:101EC000F7507183F8507283F9507383FA5074831A
:101ED000FC507583FD507683FE507783FF507883E6
:101EE0000051798301517A8302517B8303517C83B2
:101EF00004517D8305517E8308518083095181837C
:101F00000A5182830C5183830D5184830E51858342
:101F10000F51868310518783115188831351898310
:101F200014518A8315518B8316518C8317518D83DD
:101F300018518E8319518F831A5190831B519183AD
:101F40001C5192831D5193831E5194831F5195837D
:101F5000205196832251978323519883245199834A
:101F600025519A8326519B8327519C8328519D8319
:101F700029519E832A519F832B51A0832C51A183E9
:101F80002D51A2832E51A3832F51A4833051A583B9
:101F90003151A6833251A7833351A8833451A98389
:101FA0003551AA833651AB833751AC833851AD8359
:101FB0003951AE833A51AF833B51B0833C51B18329
:101FC0003D51B2833E51B3834251B4834751B583EF
:101FD0004A51B6834C51B7834E51B8834F51B983A0
:101FE0005051BA835251BB835351BC835751BD8367
:101FF0005851BE835951BF835B51C0835D51C1832A
:102000005E51C2835F51C3836051C4836151C583F4
:102010006351C6836451C7836651C8836751C983BE
:102020006951CA836A51CB836F51CC837251CD837E
:102030007A51CE837E51CF837F51D0838351D18318
:102040008451D2838651D3838751D4838A51D583D7
:102050008B51D6838E51D7838F51D8839051D9839A
:102060009151DA839351DB839451DC839851DD8362
:102070009A51DE839D51DF839E51E0839F51E1831E
:10208000A151E283A351E383A651E483A751E583E1
:10209000A851E683A951E783AA51E883AD51E983AA
:1020A000AE51EA83B451EB83B851EC83B951ED835F
:1020B000BA51EE83BE51EF83BF51F083C151F1831A
:1020C000C251F283C351F383C551F483C851F583E0
:1020D000CA51F683CD51F783CE51F883D051F9839D
:1020E000D251FA83D351FB83D451FC83D551FD8364
:1020F000D651FE83D7514084D8514184D95142846E
:10210000DA514384DC514484DE514584DF514684F6
:10211000E2514784E3514884E5514984E6514A84B9
:10212000E7514B84E8514C84E9514D84EA514E8487
:10213000EC514F84EE515084F1515184F25152844C
:10214000F4515384F7515484FE51558404525684FB
:1021500005525784095258840B5259840C525A84A0
:102160000F525B8410525C8413525D8414525E845F
:1021700015525F841C5260841E5261841F52628417
:1021800021526384225264842352658425526684DA
:1021900026526784275268842A5269842C526A84A2
:1021A0002F526B8431526C8432526D8434526E845F
:1021B00035526F843C5270843E5271844452728412
:1021C00045527384465274844752758448527684CB
:1021D000495277844B5278844E5279844F527A8494
:1021E00052527B8453527C8455527D8457527E8454
:1021F00058528084595281845A5282845B5283841B
:102200005D5284845F5285846052868462528784E2
:10221000635288846452898466528A8468528B84AB
:102220006B528C846C528D846D528E846E528F846E
:102230007052908471529184735292847452938438
:102240007552948476529584775296847852978406
:10225000795298847A5299847B529A847C529B84D6
:102260007E529C8480529D8483529E8484529F849B
:102270008552A0848652A1848752A2848952A38465
:102280008A52A4848B52A5848C52A6848D52A78432
:102290008E52A8848F52A9849152AA849252AB8400
:1022A0009452AC849552AD849652AE849752AF84CA
:1022B0009852B0849952B1849A52B2849C52B38499
:1022C000A452B484A552B584A652B684A752B7844A
:1022D000AE52B884AF52B984B052BA84B452BB84FF
:1022E000B552BC84B652BD84B752BE84B852BF84C6
:1022F000B952C084BA52C184BB52C284BC52C38496
:10230000BD52C484C052C584C152C684C252C7845F
:10231000C452C884C552C984C652CA84C852CB8428
:10232000CA52CC84CC52CD84CD52CE84CE52CF84EE
:10233000CF52D084D152D184D352D284D452D384B8
:10234000D552D484D752D584D952D684DA52D78480
:10235000DB52D884DC52D984DD52DA84DE52DB844D
:10236000E052DC84E152DD84E252DE84E352DF8419
:10237000E552E084E652E184E752E284E852E384E5
:10238000E952E484EA52E584EB52E684EC52E784B5
:10239000ED52E884EE52E984EF52EA84F152EB8484
:1023A000F252EC84F352ED84F452EE84F552EF8451
:1023B000F652F084F752F184F852F284FB52F3841F
:1023C000FC52F484FD52F5840153F6840253F784E1
:1023D0000353F8840453F9840753FA840953FB84A4
:1023E0000A53FC840B53FD840C53FE840E5340852A
:1023F0001153418512534285135343851453448529
:10240000185345851B5346851C5347851E534885E5
:102410001F53498522534A8524534B8525534C85A8
:1024200027534D8528534E8529534F852B5350856F
:102430002C5351852D5352852F535385305354853A
:102440003153558532535685335357853453588508
:102450003553598536535A8537535B8538535C85D8
:102460003C535D853D535E8540535F854253608597
:1024700044536185465362854B5363854C53648551
:102480004D53658550536685545367855853688509
:10249000595369855B536A855D536B8565536C85BC
:1024A00068536D856A536E856C536F856D53708567
:1024B0007253718576537285795373857B53748516
:1024C0007C5375857D5376857E53778580537885DB
:1024D0008153798583537A8587537B8588537C859F
:1024E0008A537D858E537E858F5380859053818559
:1024F0009153828592538385935384859453858524
:102500009653868597538785995388859B538985EC
:102510009C538A859E538B85A0538C85A1538D85B2
:10252000A4538E85A7538F85AA539085AB5391856D
:10253000AC539285AD539385AF539485B053958535
:10254000B1539685B2539785B3539885B453998503
:10255000B5539A85B7539B85B8539C85B9539D85D0
:10256000BA539E85BC539F85BD53A085BE53A1859C
:10257000C053A285C353A385C453A485C553A58561
:10258000C653A685C753A785CE53A885CF53A98523
:10259000D053AA85D253AB85D353AC85D553AD85E3
:1025A000DA53AE85DC53AF85DD53B085DE53B1859C
:1025B000E153B285E253B385E753B485F453B5854F
:1025C000FA53B685FE53B785FF53B8850054B985D5
:1025D0000254BA850554BB850754BC850B54BD8590
:1025E0001454BE851854BF851954C0851A54C1852A
:1025F0001C54C2852254C3852454C4852554C585E2
:102600002A54C6853054C7853354C8853654C98585
:102610003754CA853A54CB853D54CC853F54CD853B
:102620004154CE854254CF854454D0854554D185FC
:102630004754D2854954D3854C54D4854D54D585BF
:102640004E54D6854F54D7855154D8855A54D98580
:102650005D54DA855E54DB855F54DC856054DD852E
:102660006154DE856354DF856554E0856754E185F8
:102670006954E2856A54E3856B54E4856C54E585BE
:102680006D54E6856E54E7856F54E8857054E9858E
:102690007454EA857954EB857A54EC857E54ED8543
:1026A0007F54EE858154EF858354F0858554F18500
:1026B0008754F2858854F3858954F4858A54F585C6
:1026C0008D54F6859154F7859354F8859754F98580
:1026D0009854FA859C54FB859E54FC859F54FD8537
:1026E000A054FE85A1544086A2544186A55442863A
:1026F000AE544386B0544486B2544586B55446869B
:10270000B6544786B7544886B9544986BA544A865F
:10271000BC544B86BE544C86C3544D86C5544E861D
:10272000CA544F86CB545086D6545186D8545286BC
:10273000DB545386E0545486E1545586E254568661
:10274000E3545786E4545886EB545986EC545A8621
:10275000EF545B86F0545C86F1545D86F4545E86DB
:10276000F5545F86F6546086F7546186F8546286A5
:10277000F9546386FB546486FE546586005566866C
:1027800002556786035568860455698605556A862D
:1027900008556B860A556C860B556D860C556E86F2
:1027A0000D556F860E5570861255718613557286BB
:1027B0001555738616557486175575861855768681
:1027C000195577861A5578861C5579861D557A864F
:1027D0001E557B861F557C8621557D8625557E8618
:1027E0002655808628558186295582862B558386D5
:1027F0002D5584863255858634558686355587868F
:10280000365588863855898639558A863A558B8655
:102810003B558C863D558D8640558E8642558F861C
:102820004555908647559186485592864B559386D7
:102830004C5594864D5595864E5596864F559786A0
:10284000515598865255998653559A8654559B866C
:1028500057559C8658559D8659559E865A559F8634
:102860005B55A0865D55A1865E55A2865F55A38601
:102870006055A4866255A5866355A6866855A786C9
:102880006955A8866B55A9866F55AA867055AB8683
:102890007155AC867255AD867355AE867455AF864C
:1028A0007955B0867A55B1867D55B2867F55B38607
:1028B0008555B4868655B5868C55B6868D55B786B2
:1028C0008E55B8869055B9869255BA869355BB8673
:1028D0009555BC869655BD869755BE869A55BF863A
:1028E0009B55C0869E55C186A055C286A155C386FC
:1028F000A255C486A355C586A455C686A555C786C8
:10290000A655C886A855C986A955CA86AA55CB8694
:10291000AB55CC86AC55CD86AD55CE86AE55CF8663
:10292000AF55D086B055D186B255D286B455D38630
:10293000B655D486B855D586BA55D686BC55D786F1
:10294000BF55D886C055D986C155DA86C255DB86B3
:10295000C355DC86C655DD86C755DE86C855DF867D
:10296000CA55E086CB55E186CE55E286CF55E38643
:10297000D055E486D555E586D755E686D855E78601
:10298000D955E886DA55E986DB55EA86DE55EB86C9
:10299000E055EC86E255ED86E755EE86E955EF8683
:1029A000ED55F086EE55F186F055F286F155F38639
:1029B000F455F486F655F586F855F686F955F786FA
:1029C000FA55F886FB55F986FC55FA86FF55FB86C5
:1029D0000256FC860356FD860456FE860556408741
:1029E00006564187075642870A5643870B56448747
:1029F0000D56458710564687115647871256488709
:102A00001356498714564A8715564B8716564C87D6
:102A100017564D8719564E871A564F871C565087A2
:102A20001D56518720565287215653872256548768
:102A3000255655872656568728565787295658872C
:102A40002A5659872B565A872E565B872F565C87F6
:102A500030565D8733565E8735565F8737566087B9
:102A6000385661873A5662873C5663873D5664877D
:102A70003E56658740566687415667874256688747
:102A80004356698744566A8745566B8746566C8716
:102A900047566D8748566E8749566F874A567087E6
:102AA0004B5671874F5672875056738751567487AD
:102AB0005256758753567687555677875656788778
:102AC0005A5679875B567A875D567B875E567C8738
:102AD0005F567D8760567E87615680876356818703
:102AE0006556828766568387675684876D568587C5
:102AF0006E5686876F568787705688877256898785
:102B000073568A8774568B8775568C8777568D8750
:102B100078568E8779568F877A5690877D5691871B
:102B20007E5692877F5693878056948781569587E5
:102B300082569687835697878456988787569987B3
:102B400088569A8789569B878A569C878B569D877D
:102B50008C569E878D569F879056A0879156A18749
:102B60009256A2879456A3879556A4879656A58712
:102B70009756A6879856A7879956A8879A56A987E1
:102B80009B56AA879C56AB879D56AC879E56AD87B1
:102B90009F56AE87A056AF87A156B087A256B18781
:102BA000A456B287A556B387A656B487A756B5874D
:102BB000A856B687A956B787AA56B887AB56B9871D
:102BC000AC56BA87AD56BB87AE56BC87B056BD87EC
:102BD000B156BE87B256BF87B356C087B456C187B9
:102BE000B556C287B656C387B856C487B956C58787
:102BF000BA56C687BB56C787BD56C887BE56C98753
:102C0000BF56CA87C056CB87C156CC87C256CD8720
:102C1000C356CE87C456CF87C556D087C656D187F0
:102C2000C756D287C856D387C956D487CB56D587BF
:102C3000CC56D687CD56D787CE56D887CF56D9878C
:102C4000D056DA87D156DB87D256DC87D356DD875C
:102C5000D556DE87D656DF87D856E087D956E18726
:102C6000DC56E287E356E387E556E487E656E587D8
:102C7000E756E687E856E787E956E887EA56E987A0
:102C8000EC56EA87EE56EB87EF56EC87F256ED8767
:102C9000F356EE87F656EF87F756F087F856F1872A
:102CA000FB56F287FC56F3870057F4870157F587E8
:102CB0000257F6870557F7870757F8870B57F987A5
:102CC0000C57FA870D57FB870E57FC870F57FD8768
:102CD0001057FE8711574088125741881357428872
:102CE0001457438815574488165745881757468800
:102CF00018574788195748881A5749881B574A88D0
:102D00001D574B881E574C8820574D8821574E8899
:102D100022574F8824575088255751882657528864
:102D2000275753882B575488315755883257568820
:102D300034575788355758883657598837575A88DF
:102D400038575B883C575C883D575D883F575E88A5
:102D500041575F8843576088445761884557628868
:102D60004657638848576488495765884B57668833
:102D700052576788535768885457698855576A88E7
:102D800056576B8858576C8859576D8862576E88AC
:102D900063576F8865577088675771886C5772885A
:102DA0006E57738870577488715775887257768814
:102DB00074577788755778887857798879577A88DB
:102DC0007A577B887D577C887E577D887F577E88A1
:102DD0008057808881578188875782888857838861
:102DE000895784888A5785888D5786888E57878823
:102DF0008F5788889057898891578A8894578B88ED
:102E000095578C8896578D8897578E8898578F88B6
:102E1000995790889A5791889C5792889D57938884
:102E20009E5794889F579588A5579688A857978846
:102E3000AA579888AC579988AF579A88B0579B88FB
:102E4000B1579C88B3579D88B5579E88B6579F88C1
:102E5000B757A088B957A188BA57A288BB57A3888B
:102E6000BC57A488BD57A588BE57A688BF57A7885A
:102E7000C057A888C157A988C457AA88C557AB8826
:102E8000C657AC88C757AD88C857AE88C957AF88F2
:102E9000CA57B088CC57B188CD57B288D057B388BD
:102EA000D157B488D357B588D657B688D757B7887F
:102EB000DB57B888DC57B988DE57BA88E157BB883A
:102EC000E257BC88E357BD88E557BE88E657BF8800
:102ED000E757C088E857C188E957C288EA57C388CE
:102EE000EB57C488EC57C588EE57C688F057C7889B
:102EF000F157C888F257C988F357CA88F557CB8865
:102F0000F657CC88F757CD88FB57CE88FC57CF882B
:102F1000FE57D088FF57D1880158D2880358D388EC
:102F20000458D4880558D5880858D6880958D788B1
:102F30000A58D8880C58D9880E58DA880F58DB8878
:102F40001058DC881258DD881358DE881458DF8842
:102F50001658E0881758E1881858E2881A58E3880C
:102F60001B58E4881C58E5881D58E6881F58E788D8
:102F70002258E8882358E9882558EA882658EB889B
:102F80002758EC882858ED882958EE882B58EF8868
:102F90002C58F0882D58F1882E58F2882F58F38835
:102FA0003158F4883258F5883358F6883458F78801
:102FB0003658F8883758F9883858FA883958FB88CD
:102FC0003A58FC883B58FD883C58FE883D5840895B
:102FD0003E5841893F584289405843894158448965
:102FE0004258458943584689455847894658488933
:102FF0004758498948584A8949584B894A584C8901
:103000004B584D894E584E894F584F8950585089CA
:103010005258518953585289555853895658548992
:1030200057585589595856895A5857895B5858895D
:103030005C5859895D585A895F585B8960585C892A
:1030400061585D8962585E8963585F8964586089F8
:1030500066586189675862896858638969586489C4
:103060006A5865896D5866896E5867896F5868898E
:103070007058698971586A8972586B8973586C895C
:1030800074586D8975586E8976586F89775870892C
:1030900078587189795872897A5873897B587489FC
:1030A0007C5875897D5876897F58778982587889C8
:1030B0008458798986587A8987587B8988587C8989
:1030C0008A587D898B587E898C5880898D58818952
:1030D0008E5882898F588389905884899158858920
:1030E00094588689955887899658888997588989E8
:1030F00098588A899B588B899C588C899D588D89B2
:10310000A0588E89A1588F89A2589089A358918977
:10311000A4589289A5589389A6589489A758958947
:10312000AA589689AB589789AC589889AD5899890F
:10313000AE589A89AF589B89B0589C89B1589D89DF
:10314000B2589E89B3589F89B458A089B558A189AF
:10315000B658A289B758A389B858A489B958A5897F
:10316000BA58A689BB58A789BD58A889BE58A9894D
:10317000BF58AA89C058AB89C258AC89C358AD8919
:10318000C458AE89C658AF89C758B089C858B189E4
:10319000C958B289CA58B389CB58B489CC58B589B3
:1031A000CD58B689CE58B789CF58B889D058B98983
:1031B000D258BA89D358BB89D458BC89D658BD894E
:1031C000D758BE89D858BF89D958C089DA58C1891B
:1031D000DB58C289DC58C389DD58C489DE58C589EB
:1031E000DF58C689E058C789E158C889E258C989BB
:1031F000E358CA89E558CB89E658CC89E758CD8988
:10320000E858CE89E958CF89EA58D089ED58D18954
:10321000EF58D289F158D389F258D489F458D58916
:10322000F558D689F758D789F858D889FA58D989DE
:10323000FB58DA89FC58DB89FD58DC89FE58DD89AA
:10324000FF58DE890059DF890159E0890359E18976
:103250000559E2890659E3890859E4890959E5893C
:103260000A59E6890B59E7890C59E8890E59E98909
:103270001059EA891159EB891259EC891359ED89D2
:103280001759EE891859EF891B59F0891D59F18991
:103290001E59F2892059F3892159F4892259F58957
:1032A0002359F6892659F7892859F8892C59F9891B
:1032B0003059FA893259FB893359FC893559FD89CE
:1032C0003659FE893B59408A3D59418A3E59428AC6
:1032D0003F59438A4059448A4359458A4559468A49
:1032E0004659478A4A59488A4C59498A4D594A8A07
:1032F00050594B8A52594C8A53594D8A59594E8AC2
:103300005B594F8A5C59508A5D59518A5E59528A7D
:103310005F59538A6159548A6359558A6459568A48
:103320006659578A6759588A6859598A69595A8A11
:103330006A595B8A6B595C8A6C595D8A6D595E8AE1
:103340006E595F8A6F59608A7059618A7159628AB1
:103350007259638A7559648A7759658A7A59668A77
:103360007B59678A7C59688A7E59698A7F596A8A3B
:1033700080596B8A85596C8A89596D8A8B596E8AF6
:103380008C596F8A8E59708A8F59718A9059728AB6
:103390009159738A9459748A9559758A9859768A7D
:1033A0009A59778A9B59788A9C59798A9D597A8A41
:1033B0009F597B8AA0597C8AA1597D8AA2597E8A0D
:1033C000A659808AA759818AAC59828AAD59838AC5
:1033D000B059848AB159858AB359868AB459878A83
:1033E000B559888AB659898AB7598A8AB8598B8A51
:1033F000BA598C8ABC598D8ABD598E8ABF598F8A19
:10340000C059908AC159918AC259928AC359938AE4
:10341000C459948AC559958AC759968AC859978AB2
:10342000C959988ACC59998ACD599A8ACE599B8A7A
:10343000CF599C8AD5599D8AD6599E8AD9599F8A37
:10344000DB59A08ADE59A18ADF59A28AE059A38AF2
:10345000E159A48AE259A58AE459A68AE659A78ABD
:10346000E759A88AE959A98AEA59AA8AEB59AB8A85
:10347000ED59AC8AEE59AD8AEF59AE8AF059AF8A50
:10348000F159B08AF259B18AF359B28AF459B38A20
:10349000F559B48AF659B58AF759B68AF859B78AF0
:1034A000FA59B88AFC59B98AFD59BA8AFE59BB8AB9
:1034B000005ABC8A025ABD8A0A5ABE8A0B5ABF8A6F
:1034C0000D5AC08A0E5AC18A0F5AC28A105AC38A2C
:1034D000125AC48A145AC58A155AC68A165AC78AF5
:1034E000175AC88A195AC98A1A5ACA8A1B5ACB8AC1
:1034F0001D5ACC8A1E5ACD8A215ACE8A225ACF8A88
:10350000245AD08A265AD18A275AD28A285AD38A4C
:103510002A5AD48A2B5AD58A2C5AD68A2D5AD78A17
:103520002E5AD88A2F5AD98A305ADA8A335ADB8AE5
:10353000355ADC8A375ADD8A385ADE8A395ADF8AA8
:103540003A5AE08A3B5AE18A3D5AE28A3E5AE38A75
:103550003F5AE48A415AE58A425AE68A435AE78A40
:10356000445AE88A455AE98A475AEA8A485AEB8A0D
:103570004B5AEC8A4C5AED8A4D5AEE8A4E5AEF8AD3
:103580004F5AF08A505AF18A515AF28A525AF38AA3
:10359000535AF48A545AF58A565AF68A575AF78A71
:1035A000585AF88A595AF98A5B5AFA8A5C5AFB8A3D
:1035B0005D5AFC8A5E5AFD8A5F5AFE8A605A408BC9
:1035C000615A418B635A428B645A438B655A448BD0
:1035D000665A458B685A468B695A478B6B5A488B9B
:1035E0006C5A498B6D5A4A8B6E5A4B8B6F5A4C8B67
:1035F000705A4D8B715A4E8B725A4F8B735A508B37
:10360000785A518B795A528B7B5A538B7C5A548BF4
:103610007D5A558B7E5A568B805A578B815A588BC0
:10362000825A598B835A5A8B845A5B8B855A5C8B8E
:10363000865A5D8B875A5E8B885A5F8B895A608B5E
:103640008A5A618B8B5A628B8C5A638B8D5A648B2E
:103650008E5A658B8F5A668B905A678B915A688BFE
:10366000935A698B945A6A8B955A6B8B965A6C8BCA
:10367000975A6D8B985A6E8B995A6F8B9C5A708B98
:103680009D5A718B9E5A728B9F5A738BA05A748B62
:10369000A15A758BA25A768BA35A778BA45A788B32
:1036A000A55A798BA65A7A8BA75A7B8BA85A7C8B02
:1036B000A95A7D8BAB5A7E8BAC5A808BAD5A818BCD
:1036C000AE5A828BAF5A838BB05A848BB15A858B9A
:1036D000B45A868BB65A878BB75A888BB95A898B5E
:1036E000BA5A8A8BBB5A8B8BBC5A8C8BBD5A8D8B2A
:1036F000BF5A8E8BC05A8F8BC35A908BC45A918BF2
:10370000C55A928BC65A938BC75A948BC85A958BBD
:10371000CA5A968BCB5A978BCD5A988BCE5A998B87
:10372000CF5A9A8BD05A9B8BD15A9C8BD35A9D8B54
:10373000D55A9E8BD75A9F8BD95AA08BDA5AA18B18
:10374000DB5AA28BDD5AA38BDE5AA48BDF5AA58BE2
:10375000E25AA68BE45AA78BE55AA88BE75AA98BA5
:10376000E85AAA8BEA5AAB8BEC5AAC8BED5AAD8B6C
:10377000EE5AAE8BEF5AAF8BF05AB08BF25AB18B38
:10378000F35AB28BF45AB38BF55AB48BF65AB58B05
:10379000F75AB68BF85AB78BF95AB88BFA5AB98BD5
:1037A000FB5ABA8BFC5ABB8BFD5ABC8BFE5ABD8BA5
:1037B000FF5ABE8B005BBF8B015BC08B025BC18B72
:1037C000035BC28B045BC38B055BC48B065BC58B41
:1037D000075BC68B085BC78B0A5BC88B0B5BC98B0F
:1037E0000C5BCA8B0D5BCB8B0E5BCC8B0F5BCD8BDD
:1037F000105BCE8B115BCF8B125BD08B135BD18BAD
:10380000145BD28B155BD38B185BD48B195BD58B78
:103810001A5BD68B1B5BD78B1C5BD88B1D5BD98B44
:103820001E5BDA8B1F5BDB8B205BDC8B215BDD8B14
:10383000225BDE8B235BDF8B245BE08B255BE18BE4
:10384000265BE28B275BE38B285BE48B295BE58BB4
:103850002A5BE68B2B5BE78B2C5BE88B2D5BE98B84
:103860002E5BEA8B2F5BEB8B305BEC8B315BED8B54
:10387000335BEE8B355BEF8B365BF08B385BF18B1C
:10388000395BF28B3A5BF38B3B5BF48B3C5BF58BE8
:103890003D5BF68B3E5BF78B3F5BF88B415BF98BB7
:1038A000425BFA8B435BFB8B445BFC8B455BFD8B84
:1038B000465BFE8B475B408C485B418C495B428C8E
:1038C0004A5B438C4B5B448C4C5B458C4D5B468C1C
:1038D0004E5B478C4F5B488C525B498C565B4A8CE5
:1038E0005E5B4B8C605B4C8C615B4D8C675B4E8C84
:1038F000685B4F8C6B5B508C6D5B518C6E5B528C3C
:103900006F5B538C725B548C745B558C765B568CFE
:10391000775B578C785B588C795B598C7B5B5A8CC6
:103920007C5B5B8C7E5B5C8C7F5B5D8C825B5E8C8E
:10393000865B5F8C8A5B608C8D5B618C8E5B628C3E
:10394000905B638C915B648C925B658C945B668C02
:10395000965B678C9F5B688CA75B698CA85B6A8CA5
:10396000A95B6B8CAC5B6C8CAD5B6D8CAE5B6E8C59
:10397000AF5B6F8CB15B708CB25B718CB75B728C20
:10398000BA5B738CBB5B748CBC5B758CC05B768CD8
:10399000C15B778CC35B788CC85B798CC95B7A8C94
:1039A000CA5B7B8CCB5B7C8CCD5B7D8CCE5B7E8C59
:1039B000CF5B808CD15B818CD45B828CD55B838C1C
:1039C000D65B848CD75B858CD85B868CD95B878CE7
:1039D000DA5B888CDB5B898CDC5B8A8CE05B8B8CB4
:1039E000E25B8C8CE35B8D8CE65B8E8CE75B8F8C73
:1039F000E95B908CEA5B918CEB5B928CEC5B938C3B
:103A0000ED5B948CEF5B958CF15B968CF25B978C05
:103A1000F35B988CF45B998CF55B9A8CF65B9B8CD2
:103A2000F75B9C8CFD5B9D8CFE5B9E8C005C9F8C91
:103A3000025CA08C035CA18C055CA28C075CA38C4F
:103A4000085CA48C0B5CA58C0C5CA68C0D5CA78C14
:103A50000E5CA88C105CA98C125CAA8C135CAB8CDD
:103A6000175CAC8C195CAD8C1B5CAE8C1E5CAF8C97
:103A70001F5CB08C205CB18C215CB28C235CB38C5D
:103A8000265CB48C285CB58C295CB68C2A5CB78C1F
:103A90002B5CB88C2D5CB98C2E5CBA8C2F5CBB8CEB
:103AA000305CBC8C325CBD8C335CBE8C355CBF8CB6
:103AB000365CC08C375CC18C435CC28C445CC38C6C
:103AC000465CC48C475CC58C4C5CC68C4D5CC78C1A
:103AD000525CC88C535CC98C545CCA8C565CCB8CD1
:103AE000575CCC8C585CCD8C5A5CCE8C5B5CCF8C9C
:103AF0005C5CD08C5D5CD18C5F5CD28C625CD38C66
:103B0000645CD48C675CD58C685CD68C695CD78C23
:103B10006A5CD88C6B5CD98C6C5CDA8C6D5CDB8CF1
:103B2000705CDC8C725CDD8C735CDE8C745CDF8CB6
:103B3000755CE08C765CE18C775CE28C785CE38C85
:103B40007B5CE48C7C5CE58C7D5CE68C7E5CE78C4D
:103B5000805CE88C835CE98C845CEA8C855CEB8C13
:103B6000865CEC8C875CED8C895CEE8C8A5CEF8CDF
:103B70008B5CF08C8E5CF18C8F5CF28C925CF38CA5
:103B8000935CF48C955CF58C9D5CF68C9E5CF78C5C
:103B90009F5CF88CA05CF98CA15CFA8CA45CFB8C1B
:103BA000A55CFC8CA65CFD8CA75CFE8CA85C408DA3
:103BB000AA5C418DAE5C428DAF5C438DB05C448DA0
:103BC000B25C458DB45C468DB65C478DB95C488D62
:103BD000BA5C498DBB5C4A8DBC5C4B8DBE5C4C8D28
:103BE000C05C4D8DC25C4E8DC35C4F8DC55C508DED
:103BF000C65C518DC75C528DC85C538DC95C548DB9
:103C0000CA5C558DCC5C568DCD5C578DCE5C588D85
:103C1000CF5C598DD05C5A8DD15C5B8DD35C5C8D53
:103C2000D45C5D8DD55C5E8DD65C5F8DD75C608D20
:103C3000D85C618DDA5C628DDB5C638DDC5C648DED
:103C4000DD5C658DDE5C668DDF5C678DE05C688DBC
:103C5000E25C698DE35C6A8DE75C6B8DE95C6C8D81
:103C6000EB5C6D8DEC5C6E8DEE5C6F8DEF5C708D42
:103C7000F15C718DF25C728DF35C738DF45C748D0C
:103C8000F55C758DF65C768DF75C778DF85C788DDC
:103C9000F95C798DFA5C7A8DFC5C7B8DFD5C7C8DAA
:103CA000FE5C7D8DFF5C7E8D005D808D015D818D74
:103CB000045D828D055D838D085D848D095D858D34
:103CC0000A5D868D0B5D878D0C5D888D0D5D898D00
:103CD0000F5D8A8D105D8B8D115D8C8D125D8D8DCC
:103CE000135D8E8D155D8F8D175D908D185D918D97
:103CF000195D928D1A5D938D1C5D948D1D5D958D62
:103D00001F5D968D205D978D215D988D225D998D2B
:103D1000235D9A8D255D9B8D285D9C8D2A5D9D8DF3
:103D20002B5D9E8D2C5D9F8D2F5DA08D305DA18DB7
:103D3000315DA28D325DA38D335DA48D355DA58D82
:103D4000365DA68D375DA78D385DA88D395DA98D4F
:103D50003A5DAA8D3B5DAB8D3C5DAC8D3F5DAD8D1D
:103D6000405DAE8D415DAF8D425DB08D435DB18DE7
:103D7000445DB28D455DB38D465DB48D485DB58DB6
:103D8000495DB68D4D5DB78D4E5DB88D4F5DB98D7A
:103D9000505DBA8D515DBB8D525DBC8D535DBD8D47
:103DA000545DBE8D555DBF8D565DC08D575DC18D17
:103DB000595DC28D5A5DC38D5C5DC48D5E5DC58DE0
:103DC0005F5DC68D605DC78D615DC88D625DC98DAB
:103DD000635DCA8D645DCB8D655DCC8D665DCD8D7B
:103DE000675DCE8D685DCF8D6A5DD08D6D5DD18D47
:103DF0006E5DD28D705DD38D715DD48D725DD58D0C
:103E0000735DD68D755DD78D765DD88D775DD98DD7
:103E1000785DDA8D795DDB8D7A5DDC8D7B5DDD8DA6
:103E20007C5DDE8D7D5DDF8D7E5DE08D7F5DE18D76
:103E3000805DE28D815DE38D835DE48D845DE58D44
:103E4000855DE68D865DE78D875DE88D885DE98D12
:103E5000895DEA8D8A5DEB8D8B5DEC8D8C5DED8DE2
:103E60008D5DEE8D8E5DEF8D8F5DF08D905DF18DB2
:103E7000915DF28D925DF38D935DF48D945DF58D82
:103E8000955DF68D965DF78D975DF88D985DF98D52
:103E90009A5DFA8D9B5DFB8D9C5DFC8D9E5DFD8D1D
:103EA0009F5DFE8DA05D408EA15D418EA25D428E24
:103EB000A35D438EA45D448EA55D458EA65D468EB2
:103EC000A75D478EA85D488EA95D498EAA5D4A8E82
:103ED000AB5D4B8EAC5D4C8EAD5D4D8EAE5D4E8E52
:103EE000AF5D4F8EB05D508EB15D518EB25D528E22
:103EF000B35D538EB45D548EB55D558EB65D568EF2
:103F0000B85D578EB95D588EBA5D598EBB5D5A8EBD
:103F1000BC5D5B8EBD5D5C8EBE5D5D8EBF5D5E8E8D
:103F2000C05D5F8EC15D608EC25D618EC35D628E5D
:103F3000C45D638EC65D648EC75D658EC85D668E2A
:103F4000C95D678ECA5D688ECB5D698ECC5D6A8EF9
:103F5000CE5D6B8ECF5D6C8ED05D6D8ED15D6E8EC5
:103F6000D25D6F8ED35D708ED45D718ED55D728E95
:103F7000D65D738ED75D748ED85D758ED95D768E65
:103F8000DA5D778EDC5D788EDF5D798EE05D7A8E2E
:103F9000E35D7B8EE45D7C8EEA5D7D8EEC5D7E8EE6
:103FA000ED5D808EF05D818EF55D828EF65D838E97
:103FB000F85D848EF95D858EFA5D868EFB5D878E59
:103FC000FC5D888EFF5D898E005E8A8E045E8B8E1E
:103FD000075E8C8E095E8D8E0A5E8E8E0B5E8F8ED6
:103FE0000D5E908E0E5E918E125E928E135E938E9B
:103FF000175E948E1E5E958E1F5E968E205E978E47
:10400000215E988E225E998E235E9A8E245E9B8E10
:10401000255E9C8E285E9D8E295E9E8E2A5E9F8EDA
:104020002B5EA08E2C5EA18E2F5EA28E305EA38EA4
:10403000325EA48E335EA58E345EA68E355EA78E6C
:10404000365EA88E395EA98E3A5EAA8E3E5EAB8E33
:104050003F5EAC8E405EAD8E415EAE8E435EAF8EF7
:10406000465EB08E475EB18E485EB28E495EB38EBC
:104070004A5EB48E4B5EB58E4D5EB68E4E5EB78E8A
:104080004F5EB88E505EB98E515EBA8E525EBB8E58
:10409000535EBC8E565EBD8E575EBE8E585EBF8E22
:1040A000595EC08E5A5EC18E5C5EC28E5D5EC38EEE
:1040B0005F5EC48E605EC58E635EC68E645EC78EB4
:1040C000655EC88E665EC98E675ECA8E685ECB8E80
:1040D000695ECC8E6A5ECD8E6B5ECE8E6C5ECF8E50
:1040E0006D5ED08E6E5ED18E6F5ED28E705ED38E20
:1040F000715ED48E755ED58E775ED68E795ED78EE4
:104100007E5ED88E815ED98E825EDA8E835EDB8E95
:10411000855EDC8E885EDD8E895EDE8E8C5EDF8E57
:104120008D5EE08E8E5EE18E925EE28E985EE38E14
:104130009B5EE48E9D5EE58EA15EE68EA25EE78EBE
:10414000A35EE88EA45EE98EA85EEA8EA95EEB8E81
:10415000AA5EEC8EAB5EED8EAC5EEE8EAE5EEF8E4A
:10416000AF5EF08EB05EF18EB15EF28EB25EF38E17
:10417000B45EF48EBA5EF58EBB5EF68EBC5EF78ED4
:10418000BD5EF88EBF5EF98EC05EFA8EC15EFB8E9C
:10419000C25EFC8EC35EFD8EC45EFE8EC55E408F29
:1041A000C65E418FC75E428FC85E438FCB5E448F31
:1041B000CC5E458FCD5E468FCE5E478FCF5E488FFB
:1041C000D05E498FD45E4A8FD55E4B8FD75E4C8FC1
:1041D000D85E4D8FD95E4E8FDA5E4F8FDC5E508F8A
:1041E000DD5E518FDE5E528FDF5E538FE05E548F57
:1041F000E15E558FE25E568FE35E578FE45E588F27
:10420000E55E598FE65E5A8FE75E5B8FE95E5C8FF5
:10421000EB5E5D8FEC5E5E8FED5E5F8FEE5E608FBE
:10422000EF5E618FF05E628FF15E638FF25E648F8E
:10423000F35E658FF55E668FF85E678FF95E688F57
:10424000FB5E698FFC5E6A8FFD5E6B8F055F6C8F16
:10425000065F6D8F075F6E8F095F6F8F0C5F708FCA
:104260000D5F718F0E5F728F105F738F125F748F8F
:10427000145F758F165F768F195F778F1A5F788F4F
:104280001C5F798F1D5F7A8F1E5F7B8F215F7C8F14
:10429000225F7D8F235F7E8F245F808F285F818FD9
:1042A0002B5F828F2C5F838F2E5F848F305F858F93
:1042B000325F868F335F878F345F888F355F898F5A
:1042C000365F8A8F375F8B8F385F8C8F3B5F8D8F28
:1042D0003D5F8E8F3E5F8F8F3F5F908F415F918FED
:1042E000425F928F435F938F445F948F455F958FBA
:1042F000465F968F475F978F485F988F495F998F8A
:104300004A5F9A8F4B5F9B8F4C5F9C8F4D5F9D8F59
:104310004E5F9E8F4F5F9F8F515FA08F545FA18F25
:10432000595FA28F5A5FA38F5B5FA48F5C5FA58FDD
:104330005E5FA68F5F5FA78F605FA88F635FA98FA7
:10434000655FAA8F675FAB8F685FAC8F6B5FAD8F68
:104350006E5FAE8F6F5FAF8F725FB08F745FB18F24
:10436000755FB28F765FB38F785FB48F7A5FB58FEA
:104370007D5FB68F7E5FB78F7F5FB88F835FB98FAA
:10438000865FBA8F8D5FBB8F8E5FBC8F8F5FBD8F57
:10439000915FBE8F935FBF8F945FC08F965FC18F19
:1043A0009A5FC28F9B5FC38F9D5FC48F9E5FC58FD7
:1043B0009F5FC68FA05FC78FA25FC88FA35FC98FA3
:1043C000A45FCA8FA55FCB8FA65FCC8FA75FCD8F71
:1043D000A95FCE8FAB5FCF8FAC5FD08FAF5FD18F38
:1043E000B05FD28FB15FD38FB25FD48FB35FD58F01
:1043F000B45FD68FB65FD78FB85FD88FB95FD98FCC
:10440000BA5FDA8FBB5FDB8FBE5FDC8FBF5FDD8F94
:10441000C05FDE8FC15FDF8FC25FE08FC75FE18F5C
:10442000C85FE28FCA5FE38FCB5FE48FCE5FE58F1B
:10443000D35FE68FD45FE78FD55FE88FDA5FE98FD0
:10444000DB5FEA8FDC5FEB8FDE5FEC8FDF5FED8F92
:10445000E25FEE8FE35FEF8FE55FF08FE65FF18F56
:10446000E85FF28FE95FF38FEC5FF48FEF5FF58F1A
:10447000F05FF68FF25FF78FF35FF88FF45FF98FDD
:10448000F65FFA8FF75FFB8FF95FFC8FFA5FFD8FA6
:10449000FC5FFE8F07604090086041900960429089
:1044A0000B6043900C604490106045901160469002
:1044B0001360479017604890186049901A604A90BE
:1044C0001E604B901F604C9022604D9023604E9078
:1044D00024604F902C6050902D6051902E6052902F
:1044E00030605390316054903260559033605690F4
:1044F00034605790366058903760599038605A90C1
:1045000039605B903A605C903D605D903E605E908B
:1045100040605F904460609045606190466062904A
:104520004760639048606490496065904A60669017
:104530004C6067904E6068904F60699051606A90DF
:1045400053606B9054606C9056606D9057606E90A5
:1045500058606F905B6070905C6071905E6072906C
:104560005F60739060607490616075906560769034
:10457000666077906E6078907160799072607A90E2
:1045800074607B9075607C9077607D907E607E909B
:10459000806080908160819082608290856083904D
:1045A0008660849087608590886086908A60879016
:1045B0008B6088908E6089908F608A9090608B90DD
:1045C00091608C9093608D9095608E9097608F90A5
:1045D00098609090996091909C6092909E6093906A
:1045E000A1609490A2609590A4609690A560979029
:1045F000A7609890A9609990AA609A90AE609B90ED
:10460000B0609C90B3609D90B5609E90B6609F90A6
:10461000B760A090B960A190BA60A290BD60A3906D
:10462000BE60A490BF60A590C060A690C160A79036
:10463000C260A890C360A990C460AA90C760AB9004
:10464000C860AC90C960AD90CC60AE90CD60AF90CA
:10465000CE60B090CF60B190D060B290D260B39095
:10466000D360B490D460B590D660B690D760B79060
:10467000D960B890DB60B990DE60BA90E160BB9021
:10468000E260BC90E360BD90E460BE90E560BF90E6
:10469000EA60C090F160C190F260C290F560C39092
:1046A000F760C490F860C590FB60C690FC60C7904E
:1046B000FD60C890FE60C990FF60CA900261CB9017
:1046C0000361CC900461CD900561CE900761CF90DD
:1046D0000A61D0900B61D1900C61D2901061D3909F
:1046E0001161D4901261D5901361D6901461D79066
:1046F0001661D8901761D9901861DA901961DB9032
:104700001B61DC901C61DD901D61DE901E61DF90FD
:104710002161E0902261E1902561E2902861E390BF
:104720002961E4902A61E5902C61E6902D61E79083
:104730002E61E8902F61E9903061EA903161EB9051
:104740003261EC903361ED903461EE903561EF9021
:104750003661F0903761F1903861F2903961F390F1
:104760003A61F4903B61F5903C61F6903D61F790C1
:104770003E61F8904061F9904161FA904261FB908E
:104780004361FC904461FD904561FE90466140911B
:1047900047614191496142914B6143914D6144911F
:1047A0004F614591506146915261479153614891E3
:1047B0005461499156614A9157614B9158614C91AE
:1047C00059614D915A614E915B614F915C6150917D
:1047D0005E6151915F615291606153916161549149
:1047E0006361559164615691656157916661589115
:1047F000696159916A615A916B615B916C615C91DD
:104800006D615D916E615E916F615F9171616091AB
:104810007261619173616291746163917661649177
:1048200078616591796166917A6167917B61689140
:104830007C6169917D616A917E616B917F616C9110
:1048400080616D9181616E9182616F9183617091E0
:1048500084617191856172918661739187617491B0
:1048600088617591896176918A6177918C6178917F
:104870008D6179918F617A9190617B9191617C9149
:1048800092617D9193617E91956180919661819114
:104890009761829198618391996184919A618591E0
:1048A0009B6186919C6187919E6188919F618991AE
:1048B000A0618A91A1618B91A2618C91A3618D917C
:1048C000A4618E91A5618F91A6619091AA61919149
:1048D000AB619291AD619391AE619491AF6195910D
:1048E000B0619691B1619791B2619891B3619991DC
:1048F000B4619A91B5619B91B6619C91B8619D91AB
:10490000B9619E91BA619F91BB61A091BC61A19177
:10491000BD61A291BF61A391C061A491C161A59144
:10492000C361A691C461A791C561A891C661A9910F
:10493000C761AA91C961AB91CC61AC91CD61AD91D8
:10494000CE61AE91CF61AF91D061B091D361B191A1
:10495000D561B291D661B391D761B491D861B59167
:10496000D961B691DA61B791DB61B891DC61B99137
:10497000DD61BA91DE61BB91DF61BC91E061BD9107
:10498000E161BE91E261BF91E361C091E461C191D7
:10499000E561C291E761C391E861C491E961C591A4
:1049A000EA61C691EB61C791EC61C891ED61C99173
:1049B000EE61CA91EF61CB91F061CC91F161CD9143
:1049C000F261CE91F361CF91F461D091F661D19112
:1049D000F761D291F861D391F961D491FA61D591DF
:1049E000FB61D691FC61D791FD61D891FE61D991AF
:1049F0000062DA910162DB910262DC910362DD9177
:104A00000462DE910562DF910762E0910962E19143
:104A10001362E2911462E3911962E4911C62E591E0
:104A20001D62E6911E62E7912062E8912362E9919E
:104A30002662EA912762EB912862EC912962ED915E
:104A40002B62EE912D62EF912F62F0913062F19125
:104A50003162F2913262F3913562F4913662F591EE
:104A60003862F6913962F7913A62F8913B62F991B6
:104A70003C62FA914262FB914462FC914562FD9175
:104A80004662FE914A6240924F6241925062429267
:104A900055624392566244925762459259624692D9
:104AA0005A6247925C6248925D6249925E624A92A3
:104AB0005F624B9260624C9261624D9262624E9272
:104AC00064624F9265625092686251927162529232
:104AD00072625392746254927562559277625692E2
:104AE000786257927A6258927B6259927D625A92AA
:104AF00081625B9282625C9283625D9285625E9269
:104B000086625F9287626092886261928B62629233
:104B10008C6263928D6264928E6265928F626692FD
:104B20009062679294626892996269929C626A92BA
:104B30009D626B929E626C92A3626D92A6626E926F
:104B4000A7626F92A9627092AA627192AD6272922C
:104B5000AE627392AF627492B0627592B2627692F4
:104B6000B3627792B4627892B6627992B7627A92BF
:104B7000B8627B92BA627C92BE627D92C0627E9283
:104B8000C1628092C3628192CB628292CF62839231
:104B9000D1628492D5628592DD628692DE628792CE
:104BA000E0628892E1628992E4628A92EA628B9280
:104BB000EB628C92F0628D92F2628E92F5628F922D
:104BC000F8629092F9629192FA629292FB629392E9
:104BD000006394920363959204639692056397929F
:104BE000066398920A6399920B639A920C639B9264
:104BF0000D639C920F639D9210639E9212639F922D
:104C00001363A0921463A1921563A2921763A392F7
:104C10001863A4921963A5921C63A6922663A792B7
:104C20002763A8922963A9922C63AA922D63AB9261
:104C30002E63AC923063AD923163AE923363AF9228
:104C40003463B0923563B1923663B2923763B392F4
:104C50003863B4923B63B5923C63B6923E63B792BD
:104C60003F63B8924063B9924163BA924463BB9286
:104C70004763BC924863BD924A63BE925163BF9240
:104C80005263C0925363C1925463C2925663C392FB
:104C90005763C4925863C5925963C6925A63C792C8
:104CA0005B63C8925C63C9925D63CA926063CB9296
:104CB0006463CC926563CD926663CE926863CF9253
:104CC0006A63D0926B63D1926C63D2926F63D3921A
:104CD0007063D4927263D5927363D6927463D792E1
:104CE0007563D8927863D9927963DA927C63DB92A8
:104CF0007D63DC927E63DD927F63DE928163DF926F
:104D00008363E0928463E1928563E2928663E39237
:104D10008B63E4928D63E5929163E6929363E792ED
:104D20009463E8929563E9929763EA929963EB92B0
:104D30009A63EC929B63ED929C63EE929D63EF927B
:104D40009E63F0929F63F192A163F292A463F39247
:104D5000A663F492AB63F592AF63F692B163F792F8
:104D6000B263F892B563F992B663FA92B963FB92B3
:104D7000BB63FC92BD63FD92BF63FE92C063409330
:104D8000C1634193C2634293C3634393C563449336
:104D9000C7634593C8634693CA634793CB634893FD
:104DA000CC634993D1634A93D3634B93D4634C93BD
:104DB000D5634D93D7634E93D8634F93D963509384
:104DC000DA635193DB635293DC635393DD63549353
:104DD000DF635593E2635693E4635793E563589317
:104DE000E6635993E7635A93E8635B93EB635C93E1
:104DF000EC635D93EE635E93EF635F93F0636093A8
:104E0000F1636193F3636293F5636393F763649370
:104E1000F9636593FA636693FB636793FC63689336
:104E2000FE63699303646A9304646B9306646C93F2
:104E300007646D9308646E9309646F930A647093BA
:104E40000D6471930E64729311647393126474937E
:104E50001564759316647693176477931864789342
:104E6000196479931A647A931D647B931F647C930D
:104E700022647D9323647E932464809325648193CC
:104E80002764829328648393296484932B64859395
:104E90002E6486932F64879330648893316489935A
:104EA00032648A9333648B9335648C9336648D9328
:104EB00037648E9338648F93396490933B649193F5
:104EC0003C6492933E6493934064949342649593BC
:104ED00043649693496497934B6498934C64999375
:104EE0004D649A934E649B934F649C9350649D933E
:104EF00051649E9353649F935564A0935664A19309
:104F00005764A2935964A3935A64A4935B64A593D2
:104F10005C64A6935D64A7935F64A8936064A9939F
:104F20006164AA936264AB936364AC936464AD936D
:104F30006564AE936664AF936864B0936A64B1933A
:104F40006B64B2936C64B3936E64B4936F64B59303
:104F50007064B6937164B7937264B8937364B993D1
:104F60007464BA937564BB937664BC937764BD93A1
:104F70007B64BE937C64BF937D64C0937E64C19365
:104F80007F64C2938064C3938164C4938364C59334
:104F90008664C6938864C7938964C8938A64C993F6
:104FA0008B64CA938C64CB938D64CC938E64CD93C5
:104FB0008F64CE939064CF939364D0939464D19391
:104FC0009764D2939864D3939A64D4939B64D59353
:104FD0009C64D6939D64D7939F64D893A064D9931F
:104FE000A164DA93A264DB93A364DC93A564DD93EC
:104FF000A664DE93A764DF93A864E093AA64E193B8
:10500000AB64E293AF64E393B164E493B264E59379
:10501000B364E693B464E793B664E893B964E99340
:10502000BB64EA93BD64EB93BE64EC93BF64ED9301
:10503000C164EE93C364EF93C464F093C664F193C8
:10504000C764F293C864F393C964F493CA64F59394
:10505000CB64F693CC64F793CF64F893D164F9935F
:10506000D364FA93D464FB93D564FC93D664FD9324
:10507000D964FE93DA644094DB644194DC64429426
:10508000DD644394DF644494E0644594E1644694B1
:10509000E3644794E5644894E7644994E8644A9477
:1050A000E9644B94EA644C94EB644D94EC644E9444
:1050B000ED644F94EE645094EF645194F064529414
:1050C000F1645394F2645494F3645594F4645694E4
:1050D000F5645794F6645894F7645994F8645A94B4
:1050E000F9645B94FA645C94FB645D94FC645E9484
:1050F000FD645F94FE646094FF6461940165629452
:10510000026563940365649404656594056566941B
:105110000665679407656894086569940A656A94EA
:105120000B656B940C656C940D656D940E656E94B7
:105130000F656F9410657094116571941365729486
:105140001465739415657494166575941765769453
:10515000196577941A6578941B6579941C657A941F
:105160001D657B941E657C941F657D9420657E94EF
:1051700021658094226581942365829424658394BB
:105180002665849427658594286586942965879487
:105190002A6588942C6589942D658A9430658B9452
:1051A00031658C9432658D9433658E9437658F9418
:1051B0003A6590943C6591943D65929440659394D2
:1051C000416594944265959443659694446597949B
:1051D00046659894476599944A659A944B659B9463
:1051E0004D659C944E659D9450659E9452659F9428
:1051F0005365A0945465A1945765A2945865A394EF
:105200005A65A4945C65A5945F65A6946065A794AF
:105210006165A8946465A9946565AA946765AB9473
:105220006865AC946965AD946A65AE946D65AF943C
:105230006E65B0946F65B1947165B2947365B39403
:105240007565B4947665B5947865B6947965B794C8
:105250007A65B8947B65B9947C65BA947D65BB9496
:105260007E65BC947F65BD948065BE948165BF9466
:105270008265C0948365C1948465C2948565C39436
:105280008665C4948865C5948965C6948A65C79403
:105290008D65C8948E65C9948F65CA949265CB94C8
:1052A0009465CC949565CD949665CE949865CF948D
:1052B0009A65D0949D65D1949E65D294A065D3944F
:1052C000A265D494A365D594A665D694A865D79411
:1052D000AA65D894AC65D994AE65DA94B165DB94CF
:1052E000B265DC94B365DD94B465DE94B565DF9496
:1052F000B665E094B765E194B865E294BA65E39465
:10530000BB65E494BE65E594BF65E694C065E7942B
:10531000C265E894C765E994C865EA94C965EB94E9
:10532000CA65EC94CD65ED94D065EE94D165EF94AB
:10533000D365F094D465F194D565F294D865F3946F
:10534000D965F494DA65F594DB65F694DC65F79439
:10535000DD65F894DE65F994DF65FA94E165FB9408
:10536000E365FC94E465FD94EA65FE94EB65409585
:10537000F2654195F3654295F4654395F56544956D
:10538000F8654595F9654695FB654795FC65489533
:10539000FD654995FE654A95FF654B9501664C95FF
:1053A00004664D9505664E9507664F9508665095BF
:1053B000096651950B6652950D6653951066549586
:1053C0001166559512665695166657951766589547
:1053D000186659951A665A951B665B951C665C950E
:1053E0001E665D9521665E9522665F9523666095D3
:1053F0002466619526666295296663952A6664959A
:105400002B6665952C6666952E6667953066689561
:105410003266699533666A9537666B9538666C9522
:1054200039666D953A666E953B666F953D667095EB
:105430003F667195406672954266739544667495B1
:10544000456675954666769547667795486678957C
:10545000496679954A667A954D667B954E667C9548
:1054600050667D9551667E95586680955966819502
:105470005B6682955C6683955D6684955E668595C0
:105480006066869562668795636688956566899588
:1054900067668A9569668B956A668C956B668D954D
:1054A0006C668E956D668F95716690957266919516
:1054B00073669295756693957866949579669595D9
:1054C0007B6696957C6697957D6698957F6699959F
:1054D00080669A9581669B9583669C9585669D9569
:1054E00086669E9588669F958966A0958A66A19531
:1054F0008B66A2958D66A3958E66A4958F66A595FD
:105500009066A6959266A7959366A8959466A995C8
:105510009566AA959866AB959966AC959A66AD9591
:105520009B66AE959C66AF959E66B0959F66B1955D
:10553000A066B295A166B395A266B495A366B5952B
:10554000A466B695A566B795A666B895A966B995F9
:10555000AA66BA95AB66BB95AC66BC95AD66BD95C3
:10556000AF66BE95B066BF95B166C095B266C1958F
:10557000B366C295B566C395B666C495B766C5955C
:10558000B866C695BA66C795BB66C895BC66C99528
:10559000BD66CA95BF66CB95C066CC95C166CD95F4
:1055A000C266CE95C366CF95C466D095C566D195C3
:1055B000C666D295C766D395C866D495C966D59593
:1055C000CA66D695CB66D795CC66D895CD66D99563
:1055D000CE66DA95CF66DB95D066DC95D166DD9533
:1055E000D266DE95D366DF95D466E095D566E19503
:1055F000D666E295D766E395D866E495DA66E595D2
:10560000DE66E695DF66E795E066E895E166E99592
:10561000E266EA95E366EB95E466EC95E566ED9562
:10562000E766EE95E866EF95EA66F095EB66F1952C
:10563000EC66F295ED66F395EE66F495EF66F595FA
:10564000F166F695F566F795F666F895F866F995BC
:10565000FA66FA95FB66FB95FD66FC950167FD957C
:105660000267FE9503674096046741960567429678
:1056700006674396076744960C6745960E674696FD
:105680000F674796116748961267499613674A96BF
:1056900016674B9618674C9619674D961A674E9683
:1056A0001C674F961E675096206751962167529649
:1056B0002267539623675496246755962567569616
:1056C00027675796296758962E67599630675A96D6
:1056D00032675B9633675C9636675D9637675E9692
:1056E00038675F96396760963B6761963C6762965C
:1056F0003E6763963F676496416765964467669622
:1057000045676796476768964A6769964B676A96E2
:105710004D676B9652676C9654676D9655676E969B
:1057200057676F9658677096596771965A67729661
:105730005B6773965D677496626775966367769626
:105740006467779666677896676779966B677A96E7
:105750006C677B966E677C9671677D9674677E96A4
:105760007667809678678196796782967A6783965E
:105770007B6784967D678596806786968267879625
:10578000836788968567899686678A9688678B96E9
:105790008A678C968C678D968D678E968E678F96AE
:1057A0008F6790969167919692679296936793967A
:1057B0009467949696679596996796969B67979641
:1057C0009F679896A0679996A1679A96A4679B96FB
:1057D000A6679C96A9679D96AC679E96AE679F96B6
:1057E000B167A096B267A196B467A296B967A3966F
:1057F000BA67A496BB67A596BC67A696BD67A79631
:10580000BE67A896BF67A996C067AA96C267AB96FF
:10581000C567AC96C667AD96C767AE96C867AF96C4
:10582000C967B096CA67B196CB67B296CC67B39694
:10583000CD67B496CE67B596D567B696D667B79658
:10584000D767B896DB67B996DF67BA96E167BB960C
:10585000E367BC96E467BD96E667BE96E767BF96CA
:10586000E867C096EA67C196EB67C296ED67C39694
:10587000EE67C496F267C596F567C696F667C79653
:10588000F767C896F867C996F967CA96FA67CB961C
:10589000FB67CC96FC67CD96FE67CE960168CF96E7
:1058A0000268D0960368D1960468D2960668D396AB
:1058B0000D68D4961068D5961268D6961468D79657
:1058C0001568D8961868D9961968DA961A68DB961A
:1058D0001B68DC961C68DD961E68DE961F68DF96E6
:1058E0002068E0962268E1962368E2962468E396B1
:1058F0002568E4962668E5962768E6962868E79680
:105900002B68E8962C68E9962D68EA962E68EB9647
:105910002F68EC963068ED963168EE963468EF9615
:105920003568F0963668F1963A68F2963B68F396D9
:105930003F68F4964768F5964B68F6964D68F7967B
:105940004F68F8965268F9965668FA965768FB962B
:105950005868FC965968FD965A68FE965B684097B1
:105960005C6841975D6842975E6843975F684497BB
:105970006A6845976C6846976D6847976E68489760
:105980006F68499770684A9771684B9772684C972F
:1059900073684D9775684E9778684F9779685097F8
:1059A0007A6851977B6852977C6853977D685497C3
:1059B0007E6855977F685697806857978268589792
:1059C0008468599787685A9788685B9789685C9755
:1059D0008A685D978B685E978C685F978D68609723
:1059E0008E686197906862979168639792686497F0
:1059F00094686597956866979668679798686897BA
:105A0000996869979A686A979B686B979C686C9786
:105A10009D686D979E686E979F686F97A068709756
:105A2000A1687197A3687297A4687397A568749723
:105A3000A9687597AA687697AB687797AC687897E6
:105A4000AE687997B1687A97B2687B97B4687C97AB
:105A5000B6687D97B7687E97B8688097B968819770
:105A6000BA688297BB688397BC688497BD6885973E
:105A7000BE688697BF688797C1688897C36889970B
:105A8000C4688A97C5688B97C6688C97C7688D97D6
:105A9000C8688E97CA688F97CC689097CE689197A0
:105AA000CF689297D0689397D1689497D368959769
:105AB000D4689697D6689797D7689897D968999732
:105AC000DB689A97DC689B97DD689C97DE689D97FA
:105AD000DF689E97E1689F97E268A097E468A197C6
:105AE000E568A297E668A397E768A497E868A59792
:105AF000E968A697EA68A797EB68A897EC68A99762
:105B0000ED68AA97EF68AB97F268AC97F368AD972A
:105B1000F468AE97F668AF97F768B097F868B197F2
:105B2000FB68B297FD68B397FE68B497FF68B597B6
:105B30000069B6970269B7970369B8970469B9977E
:105B40000669BA970769BB970869BC970969BD9749
:105B50000A69BE970C69BF970F69C0971169C19711
:105B60001369C2971469C3971569C4971669C597D5
:105B70001769C6971869C7971969C8971A69C997A5
:105B80001B69CA971C69CB971D69CC971E69CD9775
:105B90002169CE972269CF972369D0972569D1973C
:105BA0002669D2972769D3972869D4972969D59709
:105BB0002A69D6972B69D7972C69D8972E69D997D8
:105BC0002F69DA973169DB973269DC973369DD97A2
:105BD0003569DE973669DF973769E0973869E1976D
:105BE0003A69E2973B69E3973C69E4973E69E59738
:105BF0004069E6974169E7974369E8974469E997FF
:105C00004569EA974669EB974769EC974869ED97CC
:105C10004969EE974A69EF974B69F0974C69F1979C
:105C20004D69F2974E69F3974F69F4975069F5976C
:105C30005169F6975269F7975369F8975569F9973B
:105C40005669FA975869FB975969FC975B69FD9704
:105C50005C69FE975F694098616941986269429802
:105C60006469439865694498676945986869469886
:105C7000696947986A6948986C6949986D694A9852
:105C80006F694B9870694C9872694D9873694E981A
:105C900074694F9875695098766951987A695298E5
:105CA0007B6953987D6954987E6955987F695698A9
:105CB0008169579883695898856959988A695A986B
:105CC0008B695B988C695C988E695D988F695E982A
:105CD00090695F98916960989269619893696298F8
:105CE0009669639897696498996965989A696698BE
:105CF0009D6967989E6968989F696998A0696A9884
:105D0000A1696B98A2696C98A3696D98A4696E9853
:105D1000A5696F98A6697098A9697198AA6972981F
:105D2000AC697398AE697498AF697598B0697698E4
:105D3000B2697798B3697898B5697998B6697A98AD
:105D4000B8697B98B9697C98BA697D98BC697E9876
:105D5000BD698098BE698198BF698298C06983983F
:105D6000C2698498C3698598C4698698C56987980B
:105D7000C6698898C7698998C8698A98C9698B98DB
:105D8000CB698C98CD698D98CF698E98D1698F98A1
:105D9000D2699098D3699198D5699298D669939869
:105DA000D7699498D8699598D9699698DA69979837
:105DB000DC699898DD699998DE699A98E1699B9801
:105DC000E2699C98E3699D98E4699E98E5699F98CB
:105DD000E669A098E769A198E869A298E969A3989B
:105DE000EA69A498EB69A598EC69A698EE69A7986A
:105DF000EF69A898F069A998F169AA98F369AB9836
:105E0000F469AC98F569AD98F669AE98F769AF9802
:105E1000F869B098F969B198FA69B298FB69B398D2
:105E2000FC69B498FE69B598006AB698016AB7989B
:105E3000026AB898036AB998046ABA98056ABB9866
:105E4000066ABC98076ABD98086ABE98096ABF9836
:105E50000B6AC0980C6AC1980D6AC2980E6AC39802
:105E60000F6AC498106AC598116AC698126AC798D2
:105E7000136AC898146AC998156ACA98166ACB98A2
:105E8000196ACC981A6ACD981B6ACE981C6ACF986A
:105E90001D6AD0981E6AD198206AD298226AD39837
:105EA000236AD498246AD598256AD698266AD79802
:105EB000276AD898296AD9982B6ADA982C6ADB98CD
:105EC0002D6ADC982E6ADD98306ADE98326ADF9897
:105ED000336AE098346AE198366AE298376AE39860
:105EE000386AE498396AE5983A6AE6983B6AE7982E
:105EF0003C6AE8983F6AE998406AEA98416AEB98F8
:105F0000426AEC98436AED98456AEE98466AEF98C3
:105F1000486AF098496AF1984A6AF2984B6AF3988D
:105F20004C6AF4984D6AF5984E6AF6984F6AF7985D
:105F3000516AF898526AF998536AFA98546AFB9829
:105F4000556AFC98566AFD98576AFE985A6A4099B5
:105F50005C6A41995D6A42995E6A43995F6A4499B5
:105F6000606A4599626A4699636A4799646A489982
:105F7000666A4999676A4A99686A4B99696A4C994D
:105F80006A6A4D996B6A4E996C6A4F996D6A50991D
:105F90006E6A51996F6A5299706A5399726A5499EC
:105FA000736A5599746A5699756A5799766A5899B9
:105FB000776A5999786A5A997A6A5B997B6A5C9987
:105FC0007D6A5D997E6A5E997F6A5F99816A609950
:105FD000826A6199836A6299856A6399866A64991B
:105FE000876A6599886A6699896A67998A6A6899E9
:105FF0008B6A69998C6A6A998D6A6B998F6A6C99B8
:10600000926A6D99936A6E99946A6F99956A70997C
:10601000966A7199986A7299996A73999A6A749949
:106020009B6A75999C6A76999D6A77999E6A789918
:106030009F6A7999A16A7A99A26A7B99A36A7C99E5
:10604000A46A7D99A56A7E99A66A8099A76A8199B2
:10605000A86A8299AA6A8399AD6A8499AE6A859979
:10606000AF6A8699B06A8799B16A8899B26A899944
:10607000B36A8A99B46A8B99B56A8C99B66A8D9914
:10608000B76A8E99B86A8F99B96A9099BA6A9199E4
:10609000BB6A9299BC6A9399BD6A9499BE6A9599B4
:1060A000BF6A9699C06A9799C16A9899C26A999984
:1060B000C36A9A99C46A9B99C56A9C99C66A9D9954
:1060C000C76A9E99C86A9F99C96AA099CA6AA19924
:1060D000CB6AA299CC6AA399CD6AA499CE6AA599F4
:1060E000CF6AA699D06AA799D16AA899D26AA999C4
:1060F000D36AAA99D46AAB99D56AAC99D66AAD9994
:10610000D76AAE99D86AAF99D96AB099DA6AB19963
:10611000DB6AB299DC6AB399DD6AB499DE6AB59933
:10612000DF6AB699E06AB799E16AB899E26AB99903
:10613000E36ABA99E46ABB99E56ABC99E66ABD99D3
:10614000E76ABE99E86ABF99E96AC099EA6AC199A3
:10615000EB6AC299EC6AC399ED6AC499EE6AC59973
:10616000EF6AC699F06AC799F16AC899F26AC99943
:10617000F36ACA99F46ACB99F56ACC99F66ACD9913
:10618000F76ACE99F86ACF99F96AD099FA6AD199E3
:10619000FB6AD299FC6AD399FD6AD499FE6AD599B3
:1061A000FF6AD699006BD799016BD899026BD99980
:1061B000036BDA99046BDB99056BDC99066BDD994F
:1061C000076BDE99086BDF99096BE0990A6BE1991F
:1061D0000B6BE2990C6BE3990D6BE4990E6BE599EF
:1061E0000F6BE699106BE799116BE899126BE999BF
:1061F000136BEA99146BEB99156BEC99166BED998F
:10620000176BEE99186BEF99196BF0991A6BF1995E
:106210001B6BF2991C6BF3991D6BF4991E6BF5992E
:106220001F6BF699256BF799266BF899286BF999EE
:10623000296BFA992A6BFB992B6BFC992C6BFD99B6
:106240002D6BFE992E6B409A2F6B419A306B429AC0
:10625000316B439A336B449A346B459A356B469A4B
:10626000366B479A386B489A3B6B499A3C6B4A9A13
:106270003D6B4B9A3F6B4C9A406B4D9A416B4E9ADB
:10628000426B4F9A446B509A456B519A486B529AA5
:106290004A6B539A4B6B549A4D6B559A4E6B569A68
:1062A0004F6B579A506B589A516B599A526B5A9A36
:1062B000536B5B9A546B5C9A556B5D9A566B5E9A06
:1062C000576B5F9A586B609A5A6B619A5B6B629AD4
:1062D0005C6B639A5D6B649A5E6B659A5F6B669AA2
:1062E000606B679A616B689A686B699A696B6A9A66
:1062F0006B6B6B9A6C6B6C9A6D6B6D9A6E6B6E9A26
:106300006F6B6F9A706B709A716B719A726B729AF5
:10631000736B739A746B749A756B759A766B769AC5
:10632000776B779A786B789A7A6B799A7D6B7A9A91
:106330007E6B7B9A7F6B7C9A806B7D9A856B7E9A55
:10634000886B809A8C6B819A8E6B829A8F6B839A02
:10635000906B849A916B859A946B869A956B879AC9
:10636000976B889A986B899A996B8A9A9C6B8B9A8F
:106370009D6B8C9A9E6B8D9A9F6B8E9AA06B8F9A59
:10638000A26B909AA36B919AA46B929AA56B939A25
:10639000A66B949AA76B959AA86B969AA96B979AF5
:1063A000AB6B989AAC6B999AAD6B9A9AAE6B9B9AC1
:1063B000AF6B9C9AB06B9D9AB16B9E9AB26B9F9A91
:1063C000B66BA09AB86BA19AB96BA29ABA6BA39A52
:1063D000BB6BA49ABC6BA59ABD6BA69ABE6BA79A21
:1063E000C06BA89AC36BA99AC46BAA9AC66BAB9AE6
:1063F000C76BAC9AC86BAD9AC96BAE9ACA6BAF9AB1
:10640000CC6BB09ACE6BB19AD06BB29AD16BB39A77
:10641000D86BB49ADA6BB59ADC6BB69ADD6BB79A27
:10642000DE6BB89ADF6BB99AE06BBA9AE26BBB9AF3
:10643000E36BBC9AE46BBD9AE56BBE9AE66BBF9AC0
:10644000E76BC09AE86BC19AE96BC29AEC6BC39A8E
:10645000ED6BC49AEE6BC59AF06BC69AF16BC79A56
:10646000F26BC89AF46BC99AF66BCA9AF76BCB9A1F
:10647000F86BCC9AFA6BCD9AFB6BCE9AFC6BCF9AE9
:10648000FE6BD09AFF6BD19A006CD29A016CD39AB2
:10649000026CD49A036CD59A046CD69A086CD79A7D
:1064A000096CD89A0A6CD99A0B6CDA9A0C6CDB9A44
:1064B0000E6CDC9A126CDD9A176CDE9A1C6CDF9AFB
:1064C0001D6CE09A1E6CE19A206CE29A236CE39AB0
:1064D000256CE49A2B6CE59A2C6CE69A2D6CE79A65
:1064E000316CE89A336CE99A366CEA9A376CEB9A1D
:1064F000396CEC9A3A6CED9A3B6CEE9A3C6CEF9AE4
:106500003E6CF09A3F6CF19A436CF29A446CF39AA9
:10651000456CF49A486CF59A4B6CF69A4C6CF79A69
:106520004D6CF89A4E6CF99A4F6CFA9A516CFB9A32
:10653000526CFC9A536CFD9A566CFE9A586C409BB8
:10654000596C419B5A6C429B626C439B636C449BAD
:10655000656C459B666C469B676C479B6B6C489B68
:106560006C6C499B6D6C4A9B6E6C4B9B6F6C4C9B2F
:10657000716C4D9B736C4E9B756C4F9B776C509BF5
:10658000786C519B7A6C529B7B6C539B7C6C549BBC
:106590007F6C559B806C569B846C579B876C589B7B
:1065A0008A6C599B8B6C5A9B8D6C5B9B8E6C5C9B35
:1065B000916C5D9B926C5E9B956C5F9B966C609BF7
:1065C000976C619B986C629B9A6C639B9C6C649BC0
:1065D0009D6C659B9E6C669BA06C679BA26C689B88
:1065E000A86C699BAC6C6A9BAF6C6B9BB06C6C9B32
:1065F000B46C6D9BB56C6E9BB66C6F9BB76C709BEF
:10660000BA6C719BC06C729BC16C739BC26C749BA7
:10661000C36C759BC66C769BC76C779BC86C789B6C
:10662000CB6C799BCD6C7A9BCE6C7B9BCF6C7C9B2F
:10663000D16C7D9BD26C7E9BD86C809BD96C819BEE
:10664000DA6C829BDC6C839BDD6C849BDF6C859BAE
:10665000E46C869BE66C879BE76C889BE96C899B66
:10666000EC6C8A9BED6C8B9BF26C8C9BF46C8D9B21
:10667000F96C8E9BFF6C8F9B006D909B026D919BC4
:10668000036D929B056D939B066D949B086D959B86
:10669000096D969B0A6D979B0D6D989B0F6D999B4D
:1066A000106D9A9B116D9B9B136D9C9B146D9D9B14
:1066B000156D9E9B166D9F9B186DA09B1C6DA19BDD
:1066C0001D6DA29B1F6DA39B206DA49B216DA59B9F
:1066D000226DA69B236DA79B246DA89B266DA99B6D
:1066E000286DAA9B296DAB9B2C6DAC9B2D6DAD9B32
:1066F0002F6DAE9B306DAF9B346DB09B366DB19BF3
:10670000376DB29B386DB39B3A6DB49B3F6DB59BB3
:10671000406DB69B426DB79B446DB89B496DB99B6C
:106720004C6DBA9B506DBB9B556DBC9B566DBD9B14
:10673000576DBE9B586DBF9B5B6DC09B5D6DC19BD4
:106740005F6DC29B616DC39B626DC49B646DC59B95
:10675000656DC69B676DC79B686DC89B6B6DC99B5C
:106760006C6DCA9B6D6DCB9B706DCC9B716DCD9B21
:10677000726DCE9B736DCF9B756DD09B766DD19BEB
:10678000796DD29B7A6DD39B7B6DD49B7D6DD59BB0
:106790007E6DD69B7F6DD79B806DD89B816DD99B7D
:1067A000836DDA9B846DDB9B866DDC9B876DDD9B47
:1067B0008A6DDE9B8B6DDF9B8D6DE09B8F6DE19B0A
:1067C000906DE29B926DE39B966DE49B976DE59BCC
:1067D000986DE69B996DE79B9A6DE89B9C6DE99B94
:1067E000A26DEA9BA56DEB9BAC6DEC9BAD6DED9B3B
:1067F000B06DEE9BB16DEF9BB36DF09BB46DF19BF3
:10680000B66DF29BB76DF39BB96DF49BBA6DF59BBA
:10681000BB6DF69BBC6DF79BBD6DF89BBE6DF99B88
:10682000C16DFA9BC26DFB9BC36DFC9BC86DFD9B4C
:10683000C96DFE9BCA6D409CCD6D419CCE6D429C46
:10684000CF6D439CD06D449CD26D459CD36D469CCE
:10685000D46D479CD56D489CD76D499CDA6D4A9C98
:10686000DB6D4B9CDC6D4C9CDF6D4D9CE26D4E9C5A
:10687000E36D4F9CE56D509CE76D519CE86D529C1B
:10688000E96D539CEA6D549CED6D559CEF6D569CE3
:10689000F06D579CF26D589CF46D599CF56D5A9CA7
:1068A000F66D5B9CF86D5C9CFA6D5D9CFD6D5E9C6D
:1068B000FE6D5F9CFF6D609C006E619C016E629C32
:1068C000026E639C036E649C046E659C066E669CFF
:1068D000076E679C086E689C096E699C0B6E6A9CCB
:1068E0000F6E6B9C126E6C9C136E6D9C156E6E9C85
:1068F000186E6F9C196E709C1B6E719C1C6E729C46
:106900001E6E739C1F6E749C226E759C266E769C08
:10691000276E779C286E789C2A6E799C2C6E7A9CC8
:106920002E6E7B9C306E7C9C316E7D9C336E7E9C8B
:10693000356E809C366E819C376E829C396E839C4E
:106940003B6E849C3C6E859C3D6E869C3E6E879C17
:106950003F6E889C406E899C416E8A9C426E8B9CE7
:10696000456E8C9C466E8D9C476E8E9C486E8F9CAF
:10697000496E909C4A6E919C4B6E929C4C6E939C7F
:106980004F6E949C506E959C516E969C526E979C47
:10699000556E989C576E999C596E9A9C5A6E9B9C0A
:1069A0005C6E9C9C5D6E9D9C5E6E9E9C606E9F9CD2
:1069B000616EA09C626EA19C636EA29C646EA39C9F
:1069C000656EA49C666EA59C676EA69C686EA79C6F
:1069D000696EA89C6A6EA99C6C6EAA9C6D6EAB9C3D
:1069E0006F6EAC9C706EAD9C716EAE9C726EAF9C07
:1069F000736EB09C746EB19C756EB29C766EB39CD7
:106A0000776EB49C786EB59C796EB69C7A6EB79CA6
:106A10007B6EB89C7C6EB99C7D6EBA9C806EBB9C74
:106A2000816EBC9C826EBD9C846EBE9C876EBF9C3A
:106A3000886EC09C8A6EC19C8B6EC29C8C6EC39CFF
:106A40008D6EC49C8E6EC59C916EC69C926EC79CCA
:106A5000936EC89C946EC99C956ECA9C966ECB9C96
:106A6000976ECC9C996ECD9C9A6ECE9C9B6ECF9C63
:106A70009D6ED09C9E6ED19CA06ED29CA16ED39C2C
:106A8000A36ED49CA46ED59CA66ED69CA86ED79CF3
:106A9000A96ED89CAB6ED99CAC6EDA9CAD6EDB9CBB
:106AA000AE6EDC9CB06EDD9CB36EDE9CB56EDF9C82
:106AB000B86EE09CB96EE19CBC6EE29CBE6EE39C3D
:106AC000BF6EE49CC06EE59CC36EE69CC46EE79C02
:106AD000C56EE89CC66EE99CC86EEA9CC96EEB9CCC
:106AE000CA6EEC9CCC6EED9CCD6EEE9CCE6EEF9C97
:106AF000D06EF09CD26EF19CD66EF29CD86EF39C58
:106B0000D96EF49CDB6EF59CDC6EF69CDD6EF79C1A
:106B1000E36EF89CE76EF99CEA6EFA9CEB6EFB9CC8
:106B2000EC6EFC9CED6EFD9CEE6EFE9CEF6E409D4F
:106B3000F06E419DF16E429DF26E439DF36E449D59
:106B4000F56E459DF66E469DF76E479DF86E489D25
:106B5000FA6E499DFB6E4A9DFC6E4B9DFD6E4C9DF1
:106B6000FE6E4D9DFF6E4E9D006F4F9D016F509DBF
:106B7000036F519D046F529D056F539D076F549D88
:106B8000086F559D0A6F569D0B6F579D0C6F589D52
:106B90000D6F599D0E6F5A9D106F5B9D116F5C9D1F
:106BA000126F5D9D166F5E9D176F5F9D186F609DE4
:106BB000196F619D1A6F629D1B6F639D1C6F649DB1
:106BC0001D6F659D1E6F669D1F6F679D216F689D80
:106BD000226F699D236F6A9D256F6B9D266F6C9D4B
:106BE000276F6D9D286F6E9D2C6F6F9D2E6F709D12
:106BF000306F719D326F729D346F739D356F749DD0
:106C0000376F759D386F769D396F779D3A6F789D98
:106C10003B6F799D3C6F7A9D3D6F7B9D3F6F7C9D67
:106C2000406F7D9D416F7E9D426F809D436F819D32
:106C3000446F829D456F839D486F849D496F859DFC
:106C40004A6F869D4C6F879D4E6F889D4F6F899DC3
:106C5000506F8A9D516F8B9D526F8C9D536F8D9D90
:106C6000546F8E9D556F8F9D566F909D576F919D60
:106C7000596F929D5A6F939D5B6F949D5D6F959D2B
:106C80005F6F969D606F979D616F989D636F999DF3
:106C9000646F9A9D656F9B9D676F9C9D686F9D9DBE
:106CA000696F9E9D6A6F9F9D6B6FA09D6C6FA19D8C
:106CB0006F6FA29D706FA39D716FA49D736FA59D53
:106CC000756FA69D766FA79D776FA89D796FA99D1B
:106CD0007B6FAA9D7D6FAB9D7E6FAC9D7F6FAD9DE1
:106CE000806FAE9D816FAF9D826FB09D836FB19DB0
:106CF000856FB29D866FB39D876FB49D8A6FB59D7A
:106D00008B6FB69D8F6FB79D906FB89D916FB99D3A
:106D1000926FBA9D936FBB9D946FBC9D956FBD9D07
:106D2000966FBE9D976FBF9D986FC09D996FC19DD7
:106D30009A6FC29D9B6FC39D9D6FC49D9E6FC59DA5
:106D40009F6FC69DA06FC79DA26FC89DA36FC99D71
:106D5000A46FCA9DA56FCB9DA66FCC9DA86FCD9D3E
:106D6000A96FCE9DAA6FCF9DAB6FD09DAC6FD19D0B
:106D7000AD6FD29DAE6FD39DAF6FD49DB06FD59DDB
:106D8000B16FD69DB26FD79DB46FD89DB56FD99DA9
:106D9000B76FDA9DB86FDB9DBA6FDC9DBB6FDD9D71
:106DA000BC6FDE9DBD6FDF9DBE6FE09DBF6FE19D3F
:106DB000C16FE29DC36FE39DC46FE49DC56FE59D08
:106DC000C66FE69DC76FE79DC86FE89DCA6FE99DD6
:106DD000CB6FEA9DCC6FEB9DCD6FEC9DCE6FED9DA3
:106DE000CF6FEE9DD06FEF9DD36FF09DD46FF19D6F
:106DF000D56FF29DD66FF39DD76FF49DD86FF59D3B
:106E0000D96FF69DDA6FF79DDB6FF89DDC6FF99D0A
:106E1000DD6FFA9DDF6FFB9DE26FFC9DE36FFD9DD3
:106E2000E46FFE9DE56F409EE66F419EE76F429ED8
:106E3000E86F439EE96F449EEA6F459EEB6F469E66
:106E4000EC6F479EED6F489EF06F499EF16F4A9E32
:106E5000F26F4B9EF36F4C9EF46F4D9EF56F4E9EFE
:106E6000F66F4F9EF76F509EF86F519EF96F529ECE
:106E7000FA6F539EFB6F549EFC6F559EFD6F569E9E
:106E8000FE6F579EFF6F589E0070599E01705A9E6C
:106E900002705B9E03705C9E04705D9E05705E9E3A
:106EA00006705F9E0770609E0870619E0970629E0A
:106EB0000A70639E0B70649E0C70659E0D70669EDA
:106EC0000E70679E0F70689E1070699E12706A9EA9
:106ED00013706B9E14706C9E15706D9E16706E9E76
:106EE00017706F9E1870709E1970719E1C70729E44
:106EF0001D70739E1E70749E1F70759E2070769E0E
:106F00002170779E2270789E2470799E25707A9EDB
:106F100026707B9E27707C9E28707D9E29707E9EA9
:106F20002A70809E2B70819E2C70829E2D70839E75
:106F30002E70849E2F70859E3070869E3170879E45
:106F40003270889E3370899E34708A9E36708B9E14
:106F500037708C9E38708D9E3A708E9E3B708F9EDF
:106F60003C70909E3D70919E3E70929E3F70939EAD
:106F70004070949E4170959E4270969E4370979E7D
:106F80004470989E4570999E46709A9E47709B9E4D
:106F900048709C9E49709D9E4A709E9E4B709F9E1D
:106FA0004D70A09E4E70A19E5070A29E5170A39EE7
:106FB0005270A49E5370A59E5470A69E5570A79EB5
:106FC0005670A89E5770A99E5870AA9E5970AB9E85
:106FD0005A70AC9E5B70AD9E5C70AE9E5D70AF9E55
:106FE0005F70B09E6070B19E6170B29E6270B39E21
:106FF0006370B49E6470B59E6570B69E6670B79EF1
:107000006770B89E6870B99E6970BA9E6A70BB9EC0
:107010006E70BC9E7170BD9E7270BE9E7370BF9E7E
:107020007470C09E7770C19E7970C29E7A70C39E44
:107030007B70C49E7D70C59E8170C69E8270C79E07
:107040008370C89E8470C99E8670CA9E8770CB9ECE
:107050008870CC9E8B70CD9E8C70CE9E8D70CF9E96
:107060008F70D09E9070D19E9170D29E9370D39E5F
:107070009770D49E9870D59E9A70D69E9B70D79E1E
:107080009E70D89E9F70D99EA070DA9EA170DB9EE4
:10709000A270DC9EA370DD9EA470DE9EA570DF9EB4
:1070A000A670E09EA770E19EA870E29EA970E39E84
:1070B000AA70E49EB070E59EB270E69EB470E79E42
:1070C000B570E89EB670E99EBA70EA9EBE70EB9EFF
:1070D000BF70EC9EC470ED9EC570EE9EC670EF9EB4
:1070E000C770F09EC970F19ECB70F29ECC70F39E7B
:1070F000CD70F49ECE70F59ECF70F69ED070F79E48
:10710000D170F89ED270F99ED370FA9ED470FB9E17
:10711000D570FC9ED670FD9ED770FE9EDA70409FA3
:10712000DC70419FDD70429FDE70439FE070449FA2
:10713000E170459FE270469FE370479FE570489F6E
:10714000EA70499FEE704A9FF0704B9FF1704C9F20
:10715000F2704D9FF3704E9FF4704F9FF570509FEB
:10716000F670519FF870529FFA70539FFB70549FB6
:10717000FC70559FFE70569FFF70579F0071589F7F
:107180000171599F02715A9F03715B9F04715C9F4B
:1071900005715D9F06715E9F07715F9F0871609F1B
:1071A0000B71619F0C71629F0D71639F0E71649FE3
:1071B0000F71659F1171669F1271679F1471689FAF
:1071C0001771699F1B716A9F1C716B9F1D716C9F6A
:1071D0001E716D9F1F716E9F20716F9F2171709F37
:1071E0002271719F2371729F2471739F2571749F07
:1071F0002771759F2871769F2971779F2A71789FD3
:107200002B71799F2C717A9F2D717B9F2E717C9FA2
:1072100032717D9F33717E9F3471809F3571819F64
:107220003771829F3871839F3971849F3A71859F2E
:107230003B71869F3C71879F3D71889F3E71899FFE
:107240003F718A9F40718B9F41718C9F42718D9FCE
:1072500043718E9F44718F9F4671909F4771919F9C
:107260004871929F4971939F4B71949F4D71959F67
:107270004F71969F5071979F5171989F5271999F2E
:1072800053719A9F54719B9F55719C9F56719D9FFE
:1072900057719E9F58719F9F5971A09F5A71A19FCE
:1072A0005B71A29F5D71A39F5F71A49F6071A59F99
:1072B0006171A69F6271A79F6371A89F6571A99F65
:1072C0006971AA9F6A71AB9F6B71AC9F6C71AD9F26
:1072D0006D71AE9F6F71AF9F7071B09F7171B19FF3
:1072E0007471B29F7571B39F7671B49F7771B59FBA
:1072F0007971B69F7B71B79F7C71B89F7E71B99F82
:107300007F71BA9F8071BB9F8171BC9F8271BD9F4D
:107310008371BE9F8571BF9F8671C09F8771C19F1A
:107320008871C29F8971C39F8B71C49F8C71C59FE7
:107330008D71C69F8E71C79F9071C89F9171C99FB3
:107340009271CA9F9371CB9F9571CC9F9671CD9F7F
:107350009771CE9F9A71CF9F9B71D09F9C71D19F47
:107360009D71D29F9E71D39FA171D49FA271D59F11
:10737000A371D69FA471D79FA571D89FA671D99FDD
:10738000A771DA9FA971DB9FAA71DC9FAB71DD9FAA
:10739000AD71DE9FAE71DF9FAF71E09FB071E19F75
:1073A000B171E29FB271E39FB471E49FB671E59F42
:1073B000B771E69FB871E79FBA71E89FBB71E99F0B
:1073C000BC71EA9FBD71EB9FBE71EC9FBF71ED9FD9
:1073D000C071EE9FC171EF9FC271F09FC471F19FA8
:1073E000C571F29FC671F39FC771F49FC871F59F75
:1073F000C971F69FCA71F79FCB71F89FCC71F99F45
:10740000CD71FA9FCF71FB9FD071FC9FD171FD9F11
:10741000D271FE9FD37140A0D67141A0D77142A016
:10742000D87143A0D97144A0DA7145A0DB7146A0A0
:10743000DC7147A0DD7148A0DE7149A0DF714AA070
:10744000E1714BA0E2714CA0E3714DA0E4714EA03C
:10745000E6714FA0E87150A0E97151A0EA7152A005
:10746000EB7153A0EC7154A0ED7155A0EF7156A0D3
:10747000F07157A0F17158A0F27159A0F3715AA0A0
:10748000F4715BA0F5715CA0F6715DA0F7715EA070
:10749000F8715FA0FA7160A0FB7161A0FC7162A03D
:1074A000FD7163A0FE7164A0FF7165A0007266A00B
:1074B000017267A0027268A0037269A004726AA0D8
:1074C00005726BA007726CA008726DA009726EA0A5
:1074D0000A726FA00B7270A00C7271A00D7272A074
:1074E0000E7273A00F7274A0107275A0117276A044
:1074F000127277A0137278A0147279A015727AA014
:1075000016727BA017727CA018727DA019727EA0E3
:107510001A7280A01B7281A01C7282A01E7283A0AE
:107520001F7284A0207285A0217286A0227287A07B
:10753000237288A0247289A025728AA026728BA04B
:1075400027728CA029728DA02B728EA02D728FA015
:107550002E7290A02F7291A0327292A0337293A0DB
:10756000347294A03A7295A03C7296A03E7297A095
:10757000407298A0417299A042729AA043729BA057
:1075800044729CA045729DA046729EA049729FA025
:107590004A72A0A04B72A1A04E72A2A04F72A3A0EB
:1075A0005072A4A05172A5A05372A6A05472A7A0B5
:1075B0005572A8A05772A9A05872AAA05A72ABA07F
:1075C0005C72ACA05E72ADA06072AEA06372AFA040
:1075D0006472B0A06572B1A06872B2A06A72B3A002
:1075E0006B72B4A06C72B5A06D72B6A07072B7A0C9
:1075F0007172B8A07372B9A07472BAA07672BBA08F
:107600007772BCA07872BDA07B72BEA07C72BFA056
:107610007D72C0A08272C1A08372C2A08572C3A015
:107620008672C4A08772C5A08872C6A08972C7A0DE
:107630008C72C8A08E72C9A09072CAA09172CBA0A1
:107640009372CCA09472CDA09572CEA09672CFA06A
:107650009772D0A09872D1A09972D2A09A72D3A03A
:107660009B72D4A09C72D5A09D72D6A09E72D7A00A
:10767000A072D8A0A172D9A0A272DAA0A372DBA0D6
:10768000A472DCA0A572DDA0A672DEA0A772DFA0A6
:10769000A872E0A0A972E1A0AA72E2A0AB72E3A076
:1076A000AE72E4A0B172E5A0B272E6A0B372E7A038
:1076B000B572E8A0BA72E9A0BB72EAA0BC72EBA0F6
:1076C000BD72ECA0BE72EDA0BF72EEA0C072EFA0C2
:1076D000C572F0A0C672F1A0C772F2A0C972F3A081
:1076E000CA72F4A0CB72F5A0CC72F6A0CF72F7A04C
:1076F000D172F8A0D372F9A0D472FAA0D572FBA00F
:10770000D672FCA0D872FDA0DA72FEA0DB72A1A135
:107710000030A2A10130A3A10230A4A1B700A5A10D
:10772000C902A6A1C702A7A1A800A8A10330A9A1C8
:107730000530AAA11420ABA15EFFACA11620ADA11B
:107740002620AEA11820AFA11920B0A11C20B1A104
:107750001D20B2A11430B3A11530B4A10830B5A1D9
:107760000930B6A10A30B7A10B30B8A10C30B9A1CD
:107770000D30BAA10E30BBA10F30BCA11630BDA197
:107780001730BEA11030BFA11130C0A1B100C1A1FE
:10779000D700C2A1F700C3A13622C4A12722C5A1E8
:1077A0002822C6A11122C7A10F22C8A12A22C9A13D
:1077B0002922CAA10822CBA13722CCA11A22CDA10D
:1077C000A522CEA12522CFA12022D0A11223D1A172
:1077D0009922D2A12B22D3A12E22D4A16122D5A1FC
:1077E0004C22D6A14822D7A13D22D8A11D22D9A141
:1077F0006022DAA16E22DBA16F22DCA16422DDA16E
:107800006522DEA11E22DFA13522E0A13422E1A102
:107810004226E2A14026E3A1B000E4A13220E5A186
:107820003320E6A10321E7A104FFE8A1A400E9A118
:10783000E0FFEAA1E1FFEBA13020ECA1A700EDA160
:107840001621EEA10626EFA10526F0A1CB25F1A178
:10785000CF25F2A1CE25F3A1C725F4A1C625F5A118
:10786000A125F6A1A025F7A1B325F8A1B225F9A17C
:107870003B20FAA19221FBA19021FCA19121FDA125
:107880009321FEA11330A1A27021A2A27121A3A273
:107890007221A4A27321A5A27421A6A27521A7A278
:1078A0007621A8A27721A9A27821AAA27921B1A242
:1078B0008824B2A28924B3A28A24B4A28B24B5A2BC
:1078C0008C24B6A28D24B7A28E24B8A28F24B9A28C
:1078D0009024BAA29124BBA29224BCA29324BDA25C
:1078E0009424BEA29524BFA29624C0A29724C1A22C
:1078F0009824C2A29924C3A29A24C4A29B24C5A2FC
:107900007424C6A27524C7A27624C8A27724C9A26B
:107910007824CAA27924CBA27A24CCA27B24CDA23B
:107920007C24CEA27D24CFA27E24D0A27F24D1A20B
:107930008024D2A28124D3A28224D4A28324D5A2DB
:107940008424D6A28524D7A28624D8A28724D9A2AB
:107950006024DAA26124DBA26224DCA26324DDA21B
:107960006424DEA26524DFA26624E0A26724E1A2EB
:107970006824E2A26924E5A22032E6A22132E7A22D
:107980002232E8A22332E9A22432EAA22532EBA273
:107990002632ECA22732EDA22832EEA22932F1A241
:1079A0006021F2A26121F3A26221F4A26321F5A277
:1079B0006421F6A26521F7A26621F8A26721F9A247
:1079C0006821FAA26921FBA26A21FCA26B21A1A372
:1079D00001FFA2A302FFA3A303FFA4A3E5FFA5A3A6
:1079E00005FFA6A306FFA7A307FFA8A308FFA9A357
:1079F00009FFAAA30AFFABA30BFFACA30CFFADA327
:107A00000DFFAEA30EFFAFA30FFFB0A310FFB1A3F6
:107A100011FFB2A312FFB3A313FFB4A314FFB5A3C6
:107A200015FFB6A316FFB7A317FFB8A318FFB9A396
:107A300019FFBAA31AFFBBA31BFFBCA31CFFBDA366
:107A40001DFFBEA31EFFBFA31FFFC0A320FFC1A336
:107A500021FFC2A322FFC3A323FFC4A324FFC5A306
:107A600025FFC6A326FFC7A327FFC8A328FFC9A3D6
:107A700029FFCAA32AFFCBA32BFFCCA32CFFCDA3A6
:107A80002DFFCEA32EFFCFA32FFFD0A330FFD1A376
:107A900031FFD2A332FFD3A333FFD4A334FFD5A346
:107AA00035FFD6A336FFD7A337FFD8A338FFD9A316
:107AB00039FFDAA33AFFDBA33BFFDCA33CFFDDA3E6
:107AC0003DFFDEA33EFFDFA33FFFE0A340FFE1A3B6
:107AD00041FFE2A342FFE3A343FFE4A344FFE5A386
:107AE00045FFE6A346FFE7A347FFE8A348FFE9A356
:107AF00049FFEAA34AFFEBA34BFFECA34CFFEDA326
:107B00004DFFEEA34EFFEFA34FFFF0A350FFF1A3F5
:107B100051FFF2A352FFF3A353FFF4A354FFF5A3C5
:107B200055FFF6A356FFF7A357FFF8A358FFF9A395
:107B300059FFFAA35AFFFBA35BFFFCA35CFFFDA365
:107B40005DFFFEA3E3FFA1A44130A2A44230A3A4A1
:107B50004330A4A44430A5A44530A6A44630A7A42D
:107B60004730A8A44830A9A44930AAA44A30ABA4FD
:107B70004B30ACA44C30ADA44D30AEA44E30AFA4CD
:107B80004F30B0A45030B1A45130B2A45230B3A49D
:107B90005330B4A45430B5A45530B6A45630B7A46D
:107BA0005730B8A45830B9A45930BAA45A30BBA43D
:107BB0005B30BCA45C30BDA45D30BEA45E30BFA40D
:107BC0005F30C0A46030C1A46130C2A46230C3A4DD
:107BD0006330C4A46430C5A46530C6A46630C7A4AD
:107BE0006730C8A46830C9A46930CAA46A30CBA47D
:107BF0006B30CCA46C30CDA46D30CEA46E30CFA44D
:107C00006F30D0A47030D1A47130D2A47230D3A41C
:107C10007330D4A47430D5A47530D6A47630D7A4EC
:107C20007730D8A47830D9A47930DAA47A30DBA4BC
:107C30007B30DCA47C30DDA47D30DEA47E30DFA48C
:107C40007F30E0A48030E1A48130E2A48230E3A45C
:107C50008330E4A48430E5A48530E6A48630E7A42C
:107C60008730E8A48830E9A48930EAA48A30EBA4FC
:107C70008B30ECA48C30EDA48D30EEA48E30EFA4CC
:107C80008F30F0A49030F1A49130F2A49230F3A49C
:107C90009330A1A5A130A2A5A230A3A5A330A4A58D
:107CA000A430A5A5A530A6A5A630A7A5A730A8A550
:107CB000A830A9A5A930AAA5AA30ABA5AB30ACA520
:107CC000AC30ADA5AD30AEA5AE30AFA5AF30B0A5F0
:107CD000B030B1A5B130B2A5B230B3A5B330B4A5C0
:107CE000B430B5A5B530B6A5B630B7A5B730B8A590
:107CF000B830B9A5B930BAA5BA30BBA5BB30BCA560
:107D0000BC30BDA5BD30BEA5BE30BFA5BF30C0A52F
:107D1000C030C1A5C130C2A5C230C3A5C330C4A5FF
:107D2000C430C5A5C530C6A5C630C7A5C730C8A5CF
:107D3000C830C9A5C930CAA5CA30CBA5CB30CCA59F
:107D4000CC30CDA5CD30CEA5CE30CFA5CF30D0A56F
:107D5000D030D1A5D130D2A5D230D3A5D330D4A53F
:107D6000D430D5A5D530D6A5D630D7A5D730D8A50F
:107D7000D830D9A5D930DAA5DA30DBA5DB30DCA5DF
:107D8000DC30DDA5DD30DEA5DE30DFA5DF30E0A5AF
:107D9000E030E1A5E130E2A5E230E3A5E330E4A57F
:107DA000E430E5A5E530E6A5E630E7A5E730E8A54F
:107DB000E830E9A5E930EAA5EA30EBA5EB30ECA51F
:107DC000EC30EDA5ED30EEA5EE30EFA5EF30F0A5EF
:107DD000F030F1A5F130F2A5F230F3A5F330F4A5BF
:107DE000F430F5A5F530F6A5F630A1A69103A2A6CC
:107DF0009203A3A69303A4A69403A5A69503A6A6FF
:107E00009603A7A69703A8A69803A9A69903AAA6CE
:107E10009A03ABA69B03ACA69C03ADA69D03AEA69E
:107E20009E03AFA69F03B0A6A003B1A6A103B2A66E
:107E3000A303B3A6A403B4A6A503B5A6A603B6A63A
:107E4000A703B7A6A803B8A6A903C1A6B103C2A6F3
:107E5000B203C3A6B303C4A6B403C5A6B503C6A69E
:107E6000B603C7A6B703C8A6B803C9A6B903CAA66E
:107E7000BA03CBA6BB03CCA6BC03CDA6BD03CEA63E
:107E8000BE03CFA6BF03D0A6C003D1A6C103D2A60E
:107E9000C303D3A6C403D4A6C503D5A6C603D6A6DA
:107EA000C703D7A6C803D8A6C903E0A635FEE1A636
:107EB00036FEE2A639FEE3A63AFEE4A63FFEE5A6BC
:107EC00040FEE6A63DFEE7A63EFEE8A641FEE9A688
:107ED00042FEEAA643FEEBA644FEEEA63BFEEFA65C
:107EE0003CFEF0A637FEF1A638FEF2A631FEF4A65F
:107EF00033FEF5A634FEA1A71004A2A71104A3A780
:107F00001204A4A71304A5A71404A6A71504A7A7E1
:107F10000104A8A71604A9A71704AAA71804ABA7C9
:107F20001904ACA71A04ADA71B04AEA71C04AFA785
:107F30001D04B0A71E04B1A71F04B2A72004B3A755
:107F40002104B4A72204B5A72304B6A72404B7A725
:107F50002504B8A72604B9A72704BAA72804BBA7F5
:107F60002904BCA72A04BDA72B04BEA72C04BFA7C5
:107F70002D04C0A72E04C1A72F04D1A73004D2A777
:107F80003104D3A73204D4A73304D5A73404D6A729
:107F90003504D7A75104D8A73604D9A73704DAA7E0
:107FA0003804DBA73904DCA73A04DDA73B04DEA7CD
:107FB0003C04DFA73D04E0A73E04E1A73F04E2A79D
:107FC0004004E3A74104E4A74204E5A74304E6A76D
:107FD0004404E7A74504E8A74604E9A74704EAA73D
:107FE0004804EBA74904ECA74A04EDA74B04EEA70D
:107FF0004C04EFA74D04F0A74E04F1A74F0440A88E
:10800000CA0241A8CB0242A8D90243A8132044A81F
:10801000152045A8252046A8352047A8052148A8B1
:10802000092149A896214AA897214BA898214CA834
:1080300099214DA815224EA81F224FA8232250A8EF
:10804000522251A8662252A8672253A8BF2254A8E0
:10805000502555A8512556A8522557A8532558A84C
:10806000542559A855255AA856255BA857255CA81C
:1080700058255DA859255EA85A255FA85B2560A8EC
:108080005C2561A85D2562A85E2563A85F2564A8BC
:10809000602565A8612566A8622567A8632568A88C
:1080A000642569A865256AA866256BA867256CA85C
:1080B00068256DA869256EA86A256FA86B2570A82C
:1080C0006C2571A86D2572A86E2573A86F2574A8FC
:1080D000702575A8712576A8722577A8732578A8CC
:1080E000812579A882257AA883257BA884257CA868
:1080F00085257DA886257EA8872580A8882581A836
:10810000892582A88A2583A88B2584A88C2585A803
:108110008D2586A88E2587A88F2588A8932589A8D0
:1081200094258AA895258BA8BC258CA8BD258DA84B
:10813000E2258EA8E3258FA8E42590A8E52591A83F
:10814000092692A8952293A8123094A81D3095A8CC
:108150001E30A1A80101A2A8E100A3A8CE01A4A8F5
:10816000E000A5A81301A6A8E900A7A81B01A8A8DC
:10817000E800A9A82B01AAA8ED00ABA8D001ACA8E3
:10818000EC00ADA84D01AEA8F300AFA8D201B0A895
:10819000F200B1A86B01B2A8FA00B3A8D401B4A848
:1081A000F900B5A8D601B6A8D801B7A8DA01B8A8D1
:1081B000DC01B9A8FC00BAA8EA00BBA85102BDA81E
:1081C0004401BEA84801C0A86102C5A80531C6A8DF
:1081D0000631C7A80731C8A80831C9A80931CAA8FB
:1081E0000A31CBA80B31CCA80C31CDA80D31CEA8CB
:1081F0000E31CFA80F31D0A81031D1A81131D2A89B
:108200001231D3A81331D4A81431D5A81531D6A86A
:108210001631D7A81731D8A81831D9A81931DAA83A
:108220001A31DBA81B31DCA81C31DDA81D31DEA80A
:108230001E31DFA81F31E0A82031E1A82131E2A8DA
:108240002231E3A82331E4A82431E5A82531E6A8AA
:108250002631E7A82731E8A82831E9A8293140A923
:10826000213041A9223042A9233043A9243044A916
:10827000253045A9263046A9273047A9283048A9E6
:10828000293049A9A3324AA98E334BA98F334CA96F
:108290009C334DA99D334EA99E334FA9A13350A9BC
:1082A000C43351A9CE3352A9D13353A9D23354A9DF
:1082B000D53355A930FE56A9E2FF57A9E4FF59A9C5
:1082C00021215AA931325CA9102060A9FC3061A992
:1082D0009B3062A99C3063A9FD3064A9FE3065A97A
:1082E000063066A99D3067A99E3068A949FE69A934
:1082F0004AFE6AA94BFE6BA94CFE6CA94DFE6DA906
:108300004EFE6EA94FFE6FA950FE70A951FE71A9D5
:1083100052FE72A954FE73A955FE74A956FE75A9A2
:1083200057FE76A959FE77A95AFE78A95BFE79A96E
:108330005CFE7AA95DFE7BA95EFE7CA95FFE7DA93D
:1083400060FE7EA961FE80A962FE81A963FE82A90A
:1083500064FE83A965FE84A966FE85A968FE86A9D8
:1083600069FE87A96AFE88A96BFE96A90730A4A9B1
:108370000025A5A90125A6A90225A7A90325A8A925
:108380000425A9A90525AAA90625ABA90725ACA9F5
:108390000825ADA90925AEA90A25AFA90B25B0A9C5
:1083A0000C25B1A90D25B2A90E25B3A90F25B4A995
:1083B0001025B5A91125B6A91225B7A91325B8A965
:1083C0001425B9A91525BAA91625BBA91725BCA935
:1083D0001825BDA91925BEA91A25BFA91B25C0A905
:1083E0001C25C1A91D25C2A91E25C3A91F25C4A9D5
:1083F0002025C5A92125C6A92225C7A92325C8A9A5
:108400002425C9A92525CAA92625CBA92725CCA974
:108410002825CDA92925CEA92A25CFA92B25D0A944
:108420002C25D1A92D25D2A92E25D3A92F25D4A914
:108430003025D5A93125D6A93225D7A93325D8A9E4
:108440003425D9A93525DAA93625DBA93725DCA9B4
:108450003825DDA93925DEA93A25DFA93B25E0A984
:108460003C25E1A93D25E2A93E25E3A93F25E4A954
:108470004025E5A94125E6A94225E7A94325E8A924
:108480004425E9A94525EAA94625EBA94725ECA9F4
:108490004825EDA94925EEA94A25EFA94B2540AA73
:1084A000DC7241AADD7242AADF7243AAE27244AAD8
:1084B000E37245AAE47246AAE57247AAE67248AAA0
:1084C000E77249AAEA724AAAEB724BAAF5724CAA61
:1084D000F6724DAAF9724EAAFD724FAAFE7250AA08
:1084E000FF7251AA007352AA027353AA047354AACA
:1084F000057355AA067356AA077357AA087358AA94
:10850000097359AA0B735AAA0C735BAA0D735CAA60
:108510000F735DAA10735EAA11735FAA127360AA2B
:10852000147361AA187362AA197363AA1A7364AAEE
:108530001F7365AA207366AA237367AA247368AAA7
:10854000267369AA27736AAA28736BAA2D736CAA6B
:108550002F736DAA30736EAA32736FAA337370AA29
:10856000357371AA367372AA3A7373AA3B7374AAED
:108570003C7375AA3D7376AA407377AA417378AAB3
:10858000427379AA43737AAA44737BAA45737CAA7F
:1085900046737DAA47737EAA487380AA497381AA4D
:1085A0004A7382AA4B7383AA4C7384AA4E7385AA1A
:1085B0004F7386AA517387AA537388AA547389AAE2
:1085C00055738AAA56738BAA58738CAA59738DAAAD
:1085D0005A738EAA5B738FAA5C7390AA5D7391AA7B
:1085E0005E7392AA5F7393AA617394AA627395AA49
:1085F000637396AA647397AA657398AA667399AA17
:1086000067739AAA68739BAA69739CAA6A739DAAE6
:108610006B739EAA6E739FAA7073A0AA717340AB0E
:10862000727341AB737342AB747343AB757344ABFA
:10863000767345AB777346AB787347AB797348ABCA
:108640007A7349AB7B734AAB7C734BAB7D734CAB9A
:108650007F734DAB80734EAB81734FAB827350AB66
:10866000837351AB857352AB867353AB887354AB32
:108670008A7355AB8C7356AB8D7357AB8F7358ABF6
:10868000907359AB92735AAB93735BAB94735CABBF
:1086900095735DAB97735EAB98735FAB997360AB8B
:1086A0009A7361AB9C7362AB9D7363AB9E7364AB57
:1086B000A07365ABA17366ABA37367ABA47368AB20
:1086C000A57369ABA6736AABA7736BABA8736CABEE
:1086D000AA736DABAC736EABAD736FABB17370ABB4
:1086E000B47371ABB57372ABB67373ABB87374AB71
:1086F000B97375ABBC7376ABBD7377ABBE7378AB38
:10870000BF7379ABC1737AABC3737BABC4737CAB00
:10871000C5737DABC6737EABC77380ABCB7381ABC8
:10872000CC7382ABCE7383ABD27384ABD37385AB84
:10873000D47386ABD57387ABD67388ABD77389AB4D
:10874000D8738AABDA738BABDB738CABDC738DAB1A
:10875000DD738EABDF738FABE17390ABE27391ABE4
:10876000E37392ABE47393ABE67394ABE87395ABAE
:10877000EA7396ABEB7397ABEC7398ABEE7399AB74
:10878000EF739AABF0739BABF1739CABF3739DAB40
:10879000F4739EABF5739FABF673A0ABF77340AC6D
:1087A000F87341ACF97342ACFA7343ACFB7344AC5D
:1087B000FC7345ACFD7346ACFE7347ACFF7348AC2D
:1087C000007449AC01744AAC02744BAC04744CACF8
:1087D00007744DAC08744EAC0B744FAC0C7450ACB9
:1087E0000D7451AC0E7452AC117453AC127454AC81
:1087F000137455AC147456AC157457AC167458AC4D
:10880000177459AC18745AAC19745BAC1C745CAC1A
:108810001D745DAC1E745EAC1F745FAC207460ACE4
:10882000217461AC237462AC247463AC277464ACAF
:10883000297465AC2B7466AC2D7467AC2F7468AC6E
:10884000317469AC32746AAC37746BAC38746CAC2C
:1088500039746DAC3A746EAC3B746FAC3D7470ACF3
:108860003E7471AC3F7472AC407473AC427474ACBF
:10887000437475AC447476AC457477AC467478AC8C
:10888000477479AC48747AAC49747BAC4A747CAC5C
:108890004B747DAC4C747EAC4D7480AC4E7481AC2A
:1088A0004F7482AC507483AC517484AC527485ACF8
:1088B000537486AC547487AC567488AC587489ACC5
:1088C0005D748AAC60748BAC61748CAC62748DAC7A
:1088D00063748EAC64748FAC657490AC667491AC48
:1088E000677492AC687493AC697494AC6A7495AC18
:1088F0006B7496AC6C7497AC6E7498AC6F7499ACE6
:1089000071749AAC72749BAC73749CAC74749DACAF
:1089100075749EAC78749FAC7974A0AC7A7440ADD9
:108920007B7441AD7C7442AD7D7443AD7F7444ADC6
:10893000827445AD847446AD857447AD867448AD88
:10894000887449AD89744AAD8A744BAD8C744CAD52
:108950008D744DAD8F744EAD91744FAD927450AD1A
:10896000937451AD947452AD957453AD967454ADE7
:10897000977455AD987456AD997457AD9A7458ADB7
:108980009B7459AD9D745AAD9F745BADA0745CAD82
:10899000A1745DADA2745EADA3745FADA47460AD4F
:1089A000A57461ADA67462ADAA7463ADAB7464AD19
:1089B000AC7465ADAD7466ADAE7467ADAF7468ADE3
:1089C000B07469ADB1746AADB2746BADB3746CADB3
:1089D000B4746DADB5746EADB6746FADB77470AD83
:1089E000B87471ADB97472ADBB7473ADBC7474AD51
:1089F000BD7475ADBE7476ADBF7477ADC07478AD1F
:108A0000C17479ADC2747AADC3747BADC4747CADEE
:108A1000C5747DADC6747EADC77480ADC87481ADBC
:108A2000C97482ADCA7483ADCB7484ADCC7485AD8A
:108A3000CD7486ADCE7487ADCF7488ADD07489AD5A
:108A4000D1748AADD3748BADD4748CADD5748DAD27
:108A5000D6748EADD7748FADD87490ADD97491ADF6
:108A6000DA7492ADDB7493ADDD7494ADDF7495ADC3
:108A7000E17496ADE57497ADE77498ADE87499AD7F
:108A8000E9749AADEA749BADEB749CADEC749DAD4A
:108A9000ED749EADF0749FADF174A0ADF27440AE74
:108AA000F37441AEF57442AEF87443AEF97444AE5B
:108AB000FA7445AEFB7446AEFC7447AEFD7448AE26
:108AC000FE7449AE00754AAE01754BAE02754CAEF0
:108AD00003754DAE05754EAE06754FAE077550AEBB
:108AE000087551AE097552AE0A7553AE0B7554AE8A
:108AF0000C7555AE0E7556AE107557AE127558AE54
:108B0000147559AE15755AAE16755BAE17755CAE19
:108B10001B755DAE1D755EAE1E755FAE207560AED9
:108B2000217561AE227562AE237563AE247564AEA5
:108B3000267565AE277566AE2A7567AE2E7568AE6A
:108B4000347569AE36756AAE39756BAE3C756CAE10
:108B50003D756DAE3F756EAE41756FAE427570AED0
:108B6000437571AE447572AE467573AE477574AE9B
:108B7000497575AE4A7576AE4D7577AE507578AE5F
:108B8000517579AE52757AAE53757BAE55757CAE24
:108B900056757DAE57757EAE587580AE5D7581AEEB
:108BA0005E7582AE5F7583AE607584AE617585AEAD
:108BB000627586AE637587AE647588AE677589AE7B
:108BC00068758AAE69758BAE6B758CAE6C758DAE43
:108BD0006D758EAE6E758FAE6F7590AE707591AE11
:108BE000717592AE737593AE757594AE767595AEDC
:108BF000777596AE7A7597AE7B7598AE7C7599AEA3
:108C00007D759AAE7E759BAE80759CAE81759DAE6E
:108C100082759EAE84759FAE8575A0AE877540AF98
:108C2000887541AF897542AF8A7543AF8C7544AF83
:108C30008D7545AF8E7546AF907547AF937548AF4C
:108C4000957549AF98754AAF9B754BAF9C754CAF06
:108C50009E754DAFA2754EAFA6754FAFA77550AFBD
:108C6000A87551AFA97552AFAA7553AFAD7554AF82
:108C7000B67555AFB77556AFBA7557AFBB7558AF28
:108C8000BF7559AFC0755AAFC1755BAFC6755CAFE4
:108C9000CB755DAFCC755EAFCE755FAFCF7560AF96
:108CA000D07561AFD17562AFD37563AFD77564AF5F
:108CB000D97565AFDA7566AFDC7567AFDD7568AF1E
:108CC000DF7569AFE0756AAFE1756BAFE5756CAFE5
:108CD000E9756DAFEC756EAFED756FAFEE7570AF9A
:108CE000EF7571AFF27572AFF37573AFF57574AF61
:108CF000F67575AFF77576AFF87577AFFA7578AF2B
:108D0000FB7579AFFD757AAFFE757BAF02767CAFF0
:108D100004767DAF06767EAF077680AF087681AFAA
:108D2000097682AF0B7683AF0D7684AF0E7685AF72
:108D30000F7686AF117687AF127688AF137689AF3C
:108D400014768AAF16768BAF1A768CAF1C768DAF01
:108D50001D768EAF1E768FAF217690AF237691AFC2
:108D6000277692AF287693AF2C7694AF2E7695AF78
:108D70002F7696AF317697AF327698AF367699AF39
:108D800037769AAF39769BAF3A769CAF3B769DAFFC
:108D90003D769EAF41769FAF4276A0AF447640B01D
:108DA000457641B0467642B0477643B0487644B007
:108DB000497645B04A7646B04B7647B04E7648B0D5
:108DC0004F7649B050764AB051764BB052764CB09F
:108DD00053764DB055764EB057764FB0587650B06A
:108DE000597651B05A7652B05B7653B05D7654B036
:108DF0005F7655B0607656B0617657B0627658B0FF
:108E0000647659B065765AB066765BB067765CB0CA
:108E100068765DB069765EB06A765FB06C7660B099
:108E20006D7661B06E7662B0707663B0717664B064
:108E3000727665B0737666B0747667B0757668B032
:108E4000767669B077766AB079766BB07A766CB000
:108E50007C766DB07F766EB080766FB0817670B0C4
:108E6000837671B0857672B0897673B08A7674B085
:108E70008C7675B08D7676B08F7677B0907678B048
:108E8000927679B094767AB095767BB097767CB00E
:108E900098767DB09A767EB09B7680B09C7681B0D5
:108EA0009D7682B09E7683B09F7684B0A07685B0A2
:108EB000A17686B0A27687B0A37688B0A57689B071
:108EC000A6768AB0A7768BB0A8768CB0A9768DB03E
:108ED000AA768EB0AB768FB0AC7690B0AD7691B00E
:108EE000AF7692B0B07693B0B37694B0B57695B0D5
:108EF000B67696B0B77697B0B87698B0B97699B09E
:108F0000BA769AB0BB769BB0BC769CB0BD769DB06D
:108F1000BE769EB0C0769FB0C176A0B0C376A1B039
:108F20004A55A2B03F96A3B0C357A4B02863A5B0DA
:108F3000CE54A6B00955A7B0C054A8B09176A9B038
:108F40004C76AAB03C85ABB0EE77ACB07E82ADB0CB
:108F50008D78AEB03172AFB09896B0B08D97B1B099
:108F6000286CB2B0895BB3B0FA4FB4B00963B5B046
:108F70009766B6B0B85CB7B0FA80B8B04868B9B018
:108F8000AE80BAB00266BBB0CE76BCB0F951BDB00F
:108F90005665BEB0AC71BFB0F17FC0B08488C1B0BF
:108FA000B250C2B06559C3B0CA61C4B0B36FC5B0E6
:108FB000AD82C6B04C63C7B05262C8B0ED53C9B001
:108FC0002754CAB0067BCBB06B51CCB0A475CDB0E2
:108FD000F45DCEB0D462CFB0CB8DD0B07697D1B0A7
:108FE0008A62D2B01980D3B05D57D4B03897D5B06B
:108FF000627FD6B03872D7B07D76D8B0CF67D9B09F
:109000007E76DAB04664DBB0704FDCB0258DDDB023
:10901000DC62DEB0177ADFB09165E0B0ED73E1B0ED
:109020002C64E2B07362E3B02C82E4B08198E5B0C6
:109030007F67E6B04872E7B06E62E8B0CC62E9B034
:10904000344FEAB0E374EBB04A53ECB09E52EDB04B
:10905000CA7EEEB0A690EFB02E5EF0B08668F1B09A
:109060009C69F2B08081F3B0D17EF4B0D268F5B0E3
:10907000C578F6B08C86F7B05195F8B08D50F9B040
:10908000248CFAB0DE82FBB0DE80FCB00553FDB06C
:109090001289FEB0655240B1C47641B1C77642B183
:1090A000C97643B1CB7644B1CC7645B1D37646B1DF
:1090B000D57647B1D97648B1DA7649B1DC764AB18E
:1090C000DD764BB1DE764CB1E0764DB1E1764EB156
:1090D000E2764FB1E37650B1E47651B1E67652B123
:1090E000E77653B1E87654B1E97655B1EA7656B1F0
:1090F000EB7657B1EC7658B1ED7659B1F0765AB1BE
:10910000F3765BB1F5765CB1F6765DB1F7765EB17C
:10911000FA765FB1FB7660B1FD7661B1FF7662B140
:10912000007763B1027764B1037765B1057766B103
:10913000067767B10A7768B10C7769B10E776AB1C3
:109140000F776BB110776CB111776DB112776EB18B
:1091500013776FB1147770B1157771B1167772B15B
:10916000177773B1187774B11B7775B11C7776B127
:109170001D7777B11E7778B1217779B123777AB1EE
:1091800024777BB125777CB127777DB12A777EB1B3
:109190002B7780B12C7781B12E7782B1307783B174
:1091A000317784B1327785B1337786B1347787B13F
:1091B000397788B13B7789B13D778AB13E778BB1FA
:1091C0003F778CB142778DB144778EB145778FB1BF
:1091D000467790B1487791B1497792B14A7793B188
:1091E0004B7794B14C7795B14D7796B14E7797B157
:1091F0004F7798B1527799B153779AB154779BB121
:1092000055779CB156779DB157779EB158779FB1EE
:109210005977A0B15C77A1B18485A2B1F996A3B1C9
:10922000DD4FA4B12158A5B17199A6B19D5BA7B13D
:10923000B162A8B1A562A9B1B466AAB1798CABB18B
:109240008D9CACB10672ADB16F67AEB19178AFB124
:10925000B260B0B15153B1B11753B2B1888FB3B14D
:10926000CC80B4B11D8DB5B1A194B6B10D50B7B1DC
:10927000C872B8B10759B9B1EB60BAB11971BBB1D5
:10928000AB88BCB15459BDB1EF82BEB12C67BFB140
:10929000287BC0B1295DC1B1F77EC2B12D75C3B1C4
:1092A000F56CC4B1668EC5B1F88FC6B13C90C7B13C
:1092B0003B9FC8B1D46BC9B11991CAB1147BCBB172
:1092C0007C5FCCB1A778CDB1D684CEB13D85CFB18E
:1092D000D56BD0B1D96BD1B1D66BD2B1015ED3B160
:1092E000875ED4B1F975D5B1ED95D6B15D65D7B1CD
:1092F0000A5FD8B1C55FD9B19F8FDAB1C158DBB170
:10930000C281DCB17F90DDB15B96DEB1AD97DFB19C
:10931000B98FE0B1167FE1B12C8DE2B14162E3B1CA
:10932000BF4FE4B1D853E5B15E53E6B1A88FE7B1C2
:10933000A98FE8B1AB8FE9B14D90EAB10768EBB105
:109340006A5FECB19881EDB16888EEB1D69CEFB15F
:109350008B61F0B12B52F1B12A76F2B16C5FF3B1AF
:109360008C65F4B1D26FF5B1E86EF6B1BE5BF7B1C2
:109370004864F8B17551F9B1B051FAB1C467FBB1A5
:10938000194EFCB1C979FDB17C99FEB1B37040B200
:109390005D7741B25E7742B25F7743B2607744B2A5
:1093A000647745B2677746B2697747B26A7748B261
:1093B0006D7749B26E774AB26F774BB270774CB225
:1093C00071774DB272774EB273774FB2747750B2F5
:1093D000757751B2767752B2777753B2787754B2C5
:1093E0007A7755B27B7756B27C7757B2817758B28D
:1093F000827759B283775AB286775BB287775CB24D
:1094000088775DB289775EB28A775FB28B7760B218
:109410008F7761B2907762B2937763B2947764B2D8
:10942000957765B2967766B2977767B2987768B2A4
:10943000997769B29A776AB29B776BB29C776CB274
:109440009D776DB29E776EB2A1776FB2A37770B23F
:10945000A47771B2A67772B2A87773B2AB7774B201
:10946000AD7775B2AE7776B2AF7777B2B17778B2C3
:10947000B27779B2B4777AB2B6777BB2B7777CB28B
:10948000B8777DB2B9777EB2BA7780B2BC7781B255
:10949000BE7782B2C07783B2C17784B2C27785B219
:1094A000C37786B2C47787B2C57788B2C67789B2E8
:1094B000C7778AB2C8778BB2C9778CB2CA778DB2B8
:1094C000CB778EB2CC778FB2CE7790B2CF7791B286
:1094D000D07792B2D17793B2D27794B2D37795B254
:1094E000D47796B2D57797B2D67798B2D87799B223
:1094F000D9779AB2DA779BB2DD779CB2DE779DB2EC
:10950000DF779EB2E0779FB2E177A0B2E477A1B2B5
:10951000C575A2B2765EA3B2BB73A4B2E083A5B256
:10952000AD64A6B2E862A7B2B594A8B2E26CA9B2E3
:109530005A53AAB2C352ABB20F64ACB2C294ADB22A
:10954000947BAEB22F4FAFB21B5EB0B23682B1B2D7
:109550001681B2B28A81B3B2246EB4B2CA6CB5B20B
:10956000739AB6B25563B7B25C53B8B2FA54B9B293
:109570006588BAB2E057BBB20D4EBCB2035EBDB255
:10958000656BBEB23F7CBFB2E890C0B21660C1B29C
:10959000E664C2B21C73C3B2C188C4B25067C5B21C
:1095A0004D62C6B2228DC7B26C77C8B2298EC9B2DD
:1095B000C791CAB2695FCBB2DC83CCB22185CDB290
:1095C0001099CEB2C253CFB29586D0B28B6BD1B2C6
:1095D000ED60D2B2E860D3B27F70D4B2CD82D5B2A2
:1095E0003182D6B2D34ED7B2A76CD8B2CF85D9B21A
:1095F000CD64DAB2D97CDBB2FD69DCB2F966DDB2EA
:109600004983DEB29553DFB2567BE0B2A74FE1B299
:109610008C51E2B24B6DE3B2425CE4B26D8EE5B2C6
:10962000D263E6B2C953E7B22C83E8B23683E9B21B
:10963000E567EAB2B478EBB23D64ECB2DF5BEDB261
:10964000945CEEB2EE5DEFB2E78BF0B2C662F1B2BF
:10965000F467F2B27A8CF3B20064F4B2BA63F5B292
:109660004987F6B28B99F7B2178CF8B2207FF9B21E
:10967000F294FAB2A74EFBB21096FCB2A498FDB2D7
:109680000C66FEB2167340B3E67741B3E87742B397
:10969000EA7743B3EF7744B3F07745B3F17746B356
:1096A000F27747B3F47748B3F57749B3F7774AB31E
:1096B000F9774BB3FA774CB3FB774DB3FC774EB3E6
:1096C00003784FB3047850B3057851B3067852B39A
:1096D000077853B3087854B30A7855B30B7856B368
:1096E0000E7857B30F7858B3107859B313785AB32C
:1096F00015785BB319785CB31B785DB31E785EB3E5
:1097000020785FB3217860B3227861B3247862B3A4
:10971000287863B32A7864B32B7865B32E7866B360
:109720002F7867B3317868B3327869B333786AB326
:1097300035786BB336786CB33D786DB33F786EB3E4
:1097400041786FB3427870B3437871B3447872B3A1
:10975000467873B3487874B3497875B34A7876B36A
:109760004B7877B34D7878B34F7879B351787AB333
:1097700053787BB354787CB358787DB359787EB3F3
:109780005A7880B35B7881B35C7882B35E7883B3B8
:109790005F7884B3607885B3617886B3627887B385
:1097A000637888B3647889B365788AB366788BB355
:1097B00067788CB368788DB369788EB36F788FB320
:1097C000707890B3717891B3727892B3737893B3E1
:1097D000747894B3757895B3767896B3787897B3B0
:1097E000797898B37A7899B37B789AB37D789BB37C
:1097F0007E789CB37F789DB380789EB381789FB349
:109800008278A0B38378A1B33A57A2B31D5CA3B307
:10981000385EA4B37F95A5B37F50A6B3A080A7B34D
:109820008253A8B35E65A9B34575AAB33155ABB3EE
:109830002150ACB3858DADB38462AEB39E94AFB30B
:109840001D67B0B33256B1B36E6FB2B3E25DB3B35E
:109850003554B4B39270B5B3668FB6B36F62B7B315
:10986000A464B8B3A363B9B37B5FBAB3886FBBB367
:10987000F490BCB3E381BDB3B08FBEB3185CBFB38B
:109880006866C0B3F15FC1B3896CC2B34896C3B315
:10989000818DC4B36C88C5B39164C6B3F079C7B386
:1098A000CE57C8B3596AC9B31062CAB34854CBB3D0
:1098B000584ECCB30B7ACDB3E960CEB3846FCFB33F
:1098C000DA8BD0B37F62D1B31E90D2B38B9AD3B36D
:1098D000E479D4B30354D5B3F475D6B30163D7B3E5
:1098E0001953D8B3606CD9B3DF8FDAB31B5FDBB326
:1098F000709ADCB33B80DDB37F9FDEB3884FDFB36C
:109900003A5CE0B3648DE1B3C57FE2B3A565E3B330
:10991000BD70E4B34551E5B3B251E6B36B86E7B32E
:10992000075DE8B3A05BE9B3BD62EAB36C91EBB34A
:109930007475ECB30C8EEDB3207AEEB30161EFB326
:10994000797BF0B3C74EF1B3F87EF2B38577F3B30A
:10995000114EF4B3ED81F5B31D52F6B3FA51F7B3DE
:10996000716AF8B3A853F9B3878EFAB30495FBB3C1
:10997000CF96FCB3C16EFDB36496FEB35A6940B492
:10998000847841B4857842B4867843B4887844B406
:109990008A7845B48B7846B48F7847B4907848B4C9
:1099A000927849B494784AB495784BB496784CB48C
:1099B00099784DB49D784EB49E784FB4A07850B449
:1099C000A27851B4A47852B4A67853B4A87854B409
:1099D000A97855B4AA7856B4AB7857B4AC7858B4D3
:1099E000AD7859B4AE785AB4AF785BB4B5785CB49E
:1099F000B6785DB4B7785EB4B8785FB4BA7860B45E
:109A0000BB7861B4BC7862B4BD7863B4BF7864B429
:109A1000C07865B4C27866B4C37867B4C47868B4F3
:109A2000C67869B4C7786AB4C8786BB4CC786CB4BB
:109A3000CD786DB4CE786EB4CF786FB4D17870B481
:109A4000D27871B4D37872B4D67873B4D77874B44A
:109A5000D87875B4DA7876B4DB7877B4DC7878B413
:109A6000DD7879B4DE787AB4DF787BB4E0787CB4E2
:109A7000E1787DB4E2787EB4E37880B4E47881B4B0
:109A8000E57882B4E67883B4E77884B4E97885B47D
:109A9000EA7886B4EB7887B4ED7888B4EE7889B448
:109AA000EF788AB4F0788BB4F1788CB4F3788DB415
:109AB000F5788EB4F6788FB4F87890B4F97891B4DC
:109AC000FB7892B4FC7893B4FD7894B4FE7895B4A6
:109AD000FF7896B4007997B4027998B4037999B471
:109AE00004799AB406799BB407799CB408799DB43B
:109AF00009799EB40A799FB40B79A0B40C79A1B40A
:109B00004078A2B4A850A3B4D777A4B41064A5B485
:109B1000E689A6B40459A7B4E363A8B4DD5DA9B48B
:109B20007F7AAAB43D69ABB4204FACB43982ADB4EE
:109B30009855AEB4324EAFB4AE75B0B4977AB1B4F6
:109B4000625EB2B48A5EB3B4EF95B4B41B52B5B4DE
:109B50003954B6B48A70B7B47663B8B42495B9B43E
:109B60008257BAB42566BBB43F69BCB48791BDB413
:109B70000755BEB4F36DBFB4AF7EC0B42288C1B484
:109B80003362C2B4F07EC3B4B575C4B42883C5B41F
:109B9000C178C6B4CC96C7B49E8FC8B44861C9B466
:109BA000F774CAB4CD8BCBB4646BCCB43A52CDB499
:109BB000508DCEB4216BCFB46A80D0B47184D1B44F
:109BC000F156D2B40653D3B4CE4ED4B41B4ED5B452
:109BD000D151D6B4977CD7B48B91D8B4077CD9B483
:109BE000C34FDAB47F8EDBB4E17BDCB49C7ADDB4A6
:109BF0006764DEB4145DDFB4AC50E0B40681E1B458
:109C00000176E2B4B97CE3B4EC6DE4B4E07FE5B492
:109C10005167E6B4585BE7B4F85BE8B4CB78E9B4D5
:109C2000AE64EAB41364EBB4AA63ECB42B63EDB492
:109C30001995EEB42D64EFB4BE8FF0B4547BF1B43B
:109C40002976F2B45362F3B42759F4B44654F5B408
:109C5000796BF6B4A350F7B43462F8B4265EF9B465
:109C6000866BFAB4E34EFBB4378DFCB48B88FDB43D
:109C7000855FFEB42E9040B50D7941B50E7942B5A1
:109C80000F7943B5107944B5117945B5127946B5C8
:109C9000147947B5157948B5167949B517794AB594
:109CA00018794BB519794CB51A794DB51B794EB564
:109CB0001C794FB51D7950B51F7951B5207952B532
:109CC000217953B5227954B5237955B5257956B5FF
:109CD000267957B5277958B5287959B529795AB5CC
:109CE0002A795BB52B795CB52C795DB52D795EB59C
:109CF0002E795FB52F7960B5307961B5317962B56C
:109D0000327963B5337964B5357965B5367966B539
:109D1000377967B5387968B5397969B53D796AB504
:109D20003F796BB542796CB543796DB544796EB5C1
:109D300045796FB5477970B54A7971B54B7972B588
:109D40004C7973B54D7974B54E7975B54F7976B553
:109D5000507977B5517978B5527979B554797AB522
:109D600055797BB558797CB559797DB561797EB5E2
:109D7000637980B5647981B5667982B5697983B58F
:109D80006A7984B56B7985B56C7986B56E7987B556
:109D9000707988B5717989B572798AB573798BB51F
:109DA00074798CB575798DB576798EB579798FB5ED
:109DB0007B7990B57C7991B57D7992B57E7993B5B3
:109DC0007F7994B5827995B5837996B5867997B57B
:109DD000877998B5887999B589799AB58B799BB542
:109DE0008C799CB58D799DB58E799EB590799FB50E
:109DF0009179A0B59279A1B52060A2B53D80A3B5B7
:109E0000C562A4B5394EA5B55553A6B5F890A7B50A
:109E1000B863A8B5C680A9B5E665AAB52E6CABB582
:109E2000464FACB5EE60ADB5E16DAEB5DE8BAFB50E
:109E3000395FB0B5CB86B1B5535FB2B52163B3B569
:109E40005A51B4B56183B5B56368B6B50052B7B5BC
:109E50006363B8B5488EB9B51250BAB59B5CBBB553
:109E60007779BCB5FC5BBDB53052BEB53B7ABFB5AA
:109E7000BC60C0B55390C1B5D776C2B5B75FC3B5A6
:109E8000975FC4B58476C5B56C8EC6B56F70C7B51F
:109E90007B76C8B5497BC9B5AA77CAB5F351CBB5AE
:109EA0009390CCB52458CDB54E4FCEB5F46ECFB50A
:109EB000EA8FD0B54C65D1B51B7BD2B5C472D3B592
:109EC000A46DD4B5DF7FD5B5E15AD6B5B562D7B5A7
:109ED000955ED8B53057D9B58284DAB52C7BDBB521
:109EE0001D5EDCB51F5FDDB51290DEB5147FDFB5FA
:109EF000A098E0B58263E1B5C76EE2B59878E3B5A6
:109F0000B970E4B57851E5B55B97E6B5AB57E7B501
:109F10003575E8B5434FE9B53875EAB5975EEBB5E9
:109F2000E660ECB56059EDB5C06DEEB5BF6BEFB551
:109F30008978F0B5FC53F1B5D596F2B5CB51F3B5B0
:109F40000152F4B58963F5B50A54F6B59394F7B5A3
:109F5000038CF8B5CC8DF9B53972FAB59F78FBB59D
:109F60007687FCB5ED8FFDB50D8CFEB5E05340B6A0
:109F7000937941B6947942B6957943B6967944B6C9
:109F8000977945B6987946B6997947B69B7948B698
:109F90009C7949B69D794AB69E794BB69F794CB665
:109FA000A0794DB6A1794EB6A2794FB6A37950B635
:109FB000A47951B6A57952B6A67953B6A87954B604
:109FC000A97955B6AA7956B6AB7957B6AC7958B6D1
:109FD000AD7959B6AE795AB6AF795BB6B0795CB6A1
:109FE000B1795DB6B2795EB6B4795FB6B57960B66F
:109FF000B67961B6B77962B6B87963B6BC7964B63A
:10A00000BF7965B6C27966B6C47967B6C57968B6F0
:10A01000C77969B6C8796AB6CA796BB6CC796CB6B5
:10A02000CE796DB6CF796EB6D0796FB6D37970B67A
:10A03000D47971B6D67972B6D77973B6D97974B640
:10A04000DA7975B6DB7976B6DC7977B6DD7978B60C
:10A05000DE7979B6E0797AB6E1797BB6E2797CB6D9
:10A06000E5797DB6E8797EB6EA7980B6EC7981B695
:10A07000EE7982B6F17983B6F27984B6F37985B652
:10A08000F47986B6F57987B6F67988B6F77989B620
:10A09000F9798AB6FA798BB6FC798CB6FE798DB6E9
:10A0A000FF798EB6017A8FB6047A90B6057A91B6AA
:10A0B000077A92B6087A93B6097A94B60A7A95B670
:10A0C0000C7A96B60F7A97B6107A98B6117A99B636
:10A0D000127A9AB6137A9BB6157A9CB6167A9DB602
:10A0E000187A9EB6197A9FB61B7AA0B61C7AA1B6CA
:10A0F000014EA2B6EF76A3B6EE53A4B68994A5B6E8
:10A100007698A6B60E9FA7B62D95A8B69A5BA9B667
:10A11000A28BAAB6224EABB61C4EACB6AC51ADB6B5
:10A120006384AEB6C261AFB6A852B0B60B68B1B622
:10A13000974FB2B66B60B3B6BB51B4B61E6DB5B631
:10A140005C51B6B69662B7B69765B8B66196B9B6C1
:10A15000468CBAB61790BBB6D875BCB6FD90BDB6E6
:10A160006377BEB6D26BBFB68A72C0B6EC72C1B6A8
:10A17000FB8BC2B63558C3B67977C4B64C8DC5B61D
:10A180005C67C6B64095C7B69A80C8B6A65EC9B623
:10A19000216ECAB69259CBB6EF7ACCB6ED77CDB672
:10A1A0003B95CEB6B56BCFB6AD65D0B60E7FD1B60A
:10A1B0000658D2B65151D3B61F96D4B6F95BD5B670
:10A1C000A958D6B62854D7B6728ED8B66665D9B611
:10A1D0007F98DAB6E456DBB69D94DCB6FE76DDB643
:10A1E0004190DEB68763DFB6C654E0B61A59E1B6D1
:10A1F0003A59E2B69B57E3B6B28EE4B63567E5B698
:10A20000FA8DE6B63582E7B64152E8B6F060E9B6B7
:10A210001558EAB6FE86EBB6E85CECB6459EEDB6A0
:10A22000C44FEEB69D98EFB6B98BF0B6255AF1B68D
:10A230007660F2B68453F3B67C62F4B64F90F5B60E
:10A240000291F6B67F99F7B66960F8B60C80F9B658
:10A250003F51FAB63380FBB6145CFCB67599FDB677
:10A26000316DFEB68C4E40B71D7A41B71F7A42B7AA
:10A27000217A43B7227A44B7247A45B7257A46B77C
:10A28000267A47B7277A48B7287A49B7297A4AB74A
:10A290002A7A4BB72B7A4CB72C7A4DB72D7A4EB71A
:10A2A0002E7A4FB72F7A50B7307A51B7317A52B7EA
:10A2B000327A53B7347A54B7357A55B7367A56B7B7
:10A2C000387A57B73A7A58B73E7A59B7407A5AB778
:10A2D000417A5BB7427A5CB7437A5DB7447A5EB73E
:10A2E000457A5FB7477A60B7487A61B7497A62B70B
:10A2F0004A7A63B74B7A64B74C7A65B74D7A66B7DA
:10A300004E7A67B74F7A68B7507A69B7527A6AB7A8
:10A31000537A6BB7547A6CB7557A6DB7567A6EB775
:10A32000587A6FB7597A70B75A7A71B75B7A72B741
:10A330005C7A73B75D7A74B75E7A75B75F7A76B711
:10A34000607A77B7617A78B7627A79B7637A7AB7E1
:10A35000647A7BB7657A7CB7667A7DB7677A7EB7B1
:10A36000687A80B7697A81B76A7A82B76B7A83B77D
:10A370006C7A84B76D7A85B76E7A86B76F7A87B74D
:10A38000717A88B7727A89B7737A8AB7757A8BB718
:10A390007B7A8CB77C7A8DB77D7A8EB77E7A8FB7D1
:10A3A000827A90B7857A91B7877A92B7897A93B78C
:10A3B0008A7A94B78B7A95B78C7A96B78E7A97B754
:10A3C0008F7A98B7907A99B7937A9AB7947A9BB71D
:10A3D000997A9CB79A7A9DB79B7A9EB79E7A9FB7D7
:10A3E000A17AA0B7A27AA1B7308DA2B7D153A3B7F3
:10A3F0005A7FA4B74F7BA5B7104FA6B74F4EA7B74C
:10A400000096A8B7D56CA9B7D073AAB7E985ABB742
:10A41000065EACB76A75ADB7FB7FAEB70A6AAFB779
:10A42000FE77B0B79294B1B7417EB2B7E151B3B7FE
:10A43000E670B4B7CD53B5B7D48FB6B70383B7B70B
:10A44000298DB8B7AF72B9B76D99BAB7DB6CBBB726
:10A450004A57BCB7B382BDB7B965BEB7AA80BFB70C
:10A460003F62C0B73296C1B7A859C2B7FF4EC3B753
:10A47000BF8BC4B7BA7EC5B73E65C6B7F283C7B750
:10A480005E97C8B76155C9B7DE98CAB7A580CBB784
:10A490002A53CCB7FD8BCDB72054CEB7BA80CFB7F7
:10A4A0009F5ED0B7B86CD1B7398DD2B7AC82D3B775
:10A4B0005A91D4B72954D5B71B6CD6B70652D7B723
:10A4C000B77ED8B75F57D9B71A71DAB77E6CDBB7EA
:10A4D000897CDCB74B59DDB7FD4EDEB7FF5FDFB7D8
:10A4E0002461E0B7AA7CE1B7304EE2B7015CE3B784
:10A4F000AB67E4B70287E5B7F05CE6B70B95E7B763
:10A50000CE98E8B7AF75E9B7FD70EAB72290EBB720
:10A51000AF51ECB71D7FEDB7BD8BEEB74959EFB723
:10A52000E451F0B75B4FF1B72654F2B72B59F3B7AC
:10A530007765F4B7A480F5B7755BF6B77662F7B7C1
:10A54000C262F8B7908FF9B7455EFAB71F6CFBB7D8
:10A55000267BFCB70F4FFDB7D84FFEB70D6740B84D
:10A56000A37A41B8A47A42B8A77A43B8A97A44B882
:10A57000AA7A45B8AB7A46B8AE7A47B8AF7A48B847
:10A58000B07A49B8B17A4AB8B27A4BB8B47A4CB812
:10A59000B57A4DB8B67A4EB8B77A4FB8B87A50B8DF
:10A5A000B97A51B8BA7A52B8BB7A53B8BC7A54B8AF
:10A5B000BD7A55B8BE7A56B8C07A57B8C17A58B87D
:10A5C000C27A59B8C37A5AB8C47A5BB8C57A5CB84B
:10A5D000C67A5DB8C77A5EB8C87A5FB8C97A60B81B
:10A5E000CA7A61B8CC7A62B8CD7A63B8CE7A64B8E8
:10A5F000CF7A65B8D07A66B8D17A67B8D27A68B8B7
:10A60000D37A69B8D47A6AB8D57A6BB8D77A6CB885
:10A61000D87A6DB8DA7A6EB8DB7A6FB8DC7A70B84F
:10A62000DD7A71B8E17A72B8E27A73B8E47A74B814
:10A63000E77A75B8E87A76B8E97A77B8EA7A78B8D6
:10A64000EB7A79B8EC7A7AB8EE7A7BB8F07A7CB8A3
:10A65000F17A7DB8F27A7EB8F37A80B8F47A81B86C
:10A66000F57A82B8F67A83B8F77A84B8F87A85B83A
:10A67000FB7A86B8FC7A87B8FE7A88B8007B89B8FE
:10A68000017B8AB8027B8BB8057B8CB8077B8DB8C1
:10A69000097B8EB80C7B8FB80D7B90B80E7B91B880
:10A6A000107B92B8127B93B8137B94B8167B95B845
:10A6B000177B96B8187B97B81A7B98B81C7B99B80B
:10A6C0001D7B9AB81F7B9BB8217B9CB8227B9DB8D1
:10A6D000237B9EB8277B9FB8297BA0B82D7BA1B890
:10A6E0006E6DA2B8AA6DA3B88F79A4B8B188A5B8C9
:10A6F000175FA6B82B75A7B89A62A8B8858FA9B8B6
:10A70000EF4FAAB8DC91ABB8A765ACB82F81ADB854
:10A710005181AEB89C5EAFB85081B0B8748DB1B8FD
:10A720006F52B2B88689B3B84B8DB4B80D59B5B86D
:10A730008550B6B8D84EB7B81C96B8B83672B9B806
:10A740007981BAB81F8DBBB8CC5BBCB8A38BBDB840
:10A750004496BEB88759BFB81A7FC0B89054C1B8E4
:10A760007656C2B80E56C3B8E58BC4B83965C5B8BD
:10A770008269C6B89994C7B8D676C8B8896EC9B880
:10A78000725ECAB81875CBB84667CCB8D167CDB879
:10A79000FF7ACEB89D80CFB8768DD0B81F61D1B882
:10A7A000C679D2B86265D3B8638DD4B88851D5B8AC
:10A7B0001A52D6B8A294D7B8387FD8B89B80D9B8E7
:10A7C000B27EDAB8975CDBB82F6EDCB86067DDB8B4
:10A7D000D97BDEB88B76DFB8D89AE0B88F81E1B844
:10A7E000947FE2B8D57CE3B81E64E4B85095E5B830
:10A7F0003F7AE6B84A54E7B8E554E8B84C6BE9B894
:10A800000164EAB80862EBB83D9EECB8F380EDB89D
:10A810009975EEB87252EFB86997F0B85B84F1B8E9
:10A820003C68F2B8E486F3B80196F4B89496F5B8AB
:10A83000EC94F6B82A4EF7B80454F8B8D97EF9B8B3
:10A840003968FAB8DF8DFBB81580FCB8F466FDB83E
:10A850009A5EFEB8B97F40B92F7B41B9307B42B9CF
:10A86000327B43B9347B44B9357B45B9367B46B935
:10A87000377B47B9397B48B93B7B49B93D7B4AB9FE
:10A880003F7B4BB9407B4CB9417B4DB9427B4EB9C4
:10A89000437B4FB9447B50B9467B51B9487B52B991
:10A8A0004A7B53B94D7B54B94E7B55B9537B56B94E
:10A8B000557B57B9577B58B9597B59B95C7B5AB905
:10A8C0005E7B5BB95F7B5CB9617B5DB9637B5EB9C5
:10A8D000647B5FB9657B60B9667B61B9677B62B990
:10A8E000687B63B9697B64B96A7B65B96B7B66B960
:10A8F0006C7B67B96D7B68B96F7B69B9707B6AB92E
:10A90000737B6BB9747B6CB9767B6DB9787B6EB9F0
:10A910007A7B6FB97C7B70B97D7B71B97F7B72B9B3
:10A92000817B73B9827B74B9837B75B9847B76B97B
:10A93000867B77B9877B78B9887B79B9897B7AB947
:10A940008A7B7BB98B7B7CB98C7B7DB98E7B7EB916
:10A950008F7B80B9917B81B9927B82B9937B83B9DC
:10A96000967B84B9987B85B9997B86B99A7B87B9A0
:10A970009B7B88B99E7B89B99F7B8AB9A07B8BB969
:10A98000A37B8CB9A47B8DB9A57B8EB9AE7B8FB927
:10A99000AF7B90B9B07B91B9B27B92B9B37B93B9DD
:10A9A000B57B94B9B67B95B9B77B96B9B97B97B9A6
:10A9B000BA7B98B9BB7B99B9BC7B9AB9BD7B9BB973
:10A9C000BE7B9CB9BF7B9DB9C07B9EB9C27B9FB942
:10A9D000C37BA0B9C47BA1B9C257A2B93F80A3B9B8
:10A9E0009768A4B9E55DA5B93B65A6B99F52A7B91B
:10A9F0006D60A8B99A9FA9B99B4FAAB9AC8EABB9A3
:10AA00006C51ACB9AB5BADB9135FAEB9E95DAFB931
:10AA10005E6CB0B9F162B1B9218DB2B97151B3B9FF
:10AA2000A994B4B9FE52B5B99F6CB6B9DF82B7B973
:10AA3000D772B8B9A257B9B98467BAB92D8DBBB965
:10AA40001F59BCB99C8FBDB9C783BEB99554BFB956
:10AA50008D7BC0B9304FC1B9BD6CC2B9645BC3B99D
:10AA6000D159C4B9139FC5B9E453C6B9CA86C7B989
:10AA7000A89AC8B9378CC9B9A180CAB94565CBB9FC
:10AA80007E98CCB9FA56CDB9C796CEB92E52CFB969
:10AA9000DC74D0B95052D1B9E15BD2B90263D3B9F9
:10AAA0000289D4B9564ED5B9D062D6B92A60D7B981
:10AAB000FA68D8B97351D9B9985BDAB9A051DBB942
:10AAC000C289DCB9A17BDDB98699DEB9507FDFB9D7
:10AAD000EF60E0B94C70E1B92F8DE2B94951E3B9AB
:10AAE0007F5EE4B91B90E5B97074E6B9C489E7B933
:10AAF0002D57E8B94578E9B9525FEAB99F9FEBB99C
:10AB0000FA95ECB9688FEDB93C9BEEB9E18BEFB9E2
:10AB10007876F0B94268F1B9DC67F2B9EA8DF3B939
:10AB2000358DF4B93D52F5B98A8FF6B9DA6EF7B9B9
:10AB3000CD68F8B90595F9B9ED90FAB9FD56FBB9AC
:10AB40009C67FCB9F988FDB9C78FFEB9C85440BAF3
:10AB5000C57B41BAC87B42BAC97B43BACA7B44BAF7
:10AB6000CB7B45BACD7B46BACE7B47BACF7B48BAC2
:10AB7000D07B49BAD27B4ABAD47B4BBAD57B4CBA8C
:10AB8000D67B4DBAD77B4EBAD87B4FBADB7B50BA57
:10AB9000DC7B51BADE7B52BADF7B53BAE07B54BA1E
:10ABA000E27B55BAE37B56BAE47B57BAE77B58BAE7
:10ABB000E87B59BAE97B5ABAEB7B5BBAEC7B5CBAAF
:10ABC000ED7B5DBAEF7B5EBAF07B5FBAF27B60BA79
:10ABD000F37B61BAF47B62BAF57B63BAF67B64BA45
:10ABE000F87B65BAF97B66BAFA7B67BAFB7B68BA11
:10ABF000FD7B69BAFF7B6ABA007C6BBA017C6CBAD8
:10AC0000027C6DBA037C6EBA047C6FBA057C70BAA4
:10AC1000067C71BA087C72BA097C73BA0A7C74BA71
:10AC20000D7C75BA0E7C76BA107C77BA117C78BA36
:10AC3000127C79BA137C7ABA147C7BBA157C7CBA04
:10AC4000177C7DBA187C7EBA197C80BA1A7C81BACE
:10AC50001B7C82BA1C7C83BA1D7C84BA1E7C85BA9C
:10AC6000207C86BA217C87BA227C88BA237C89BA68
:10AC7000247C8ABA257C8BBA287C8CBA297C8DBA34
:10AC80002B7C8EBA2C7C8FBA2D7C90BA2E7C91BAFC
:10AC90002F7C92BA307C93BA317C94BA327C95BACC
:10ACA000337C96BA347C97BA357C98BA367C99BA9C
:10ACB000377C9ABA397C9BBA3A7C9CBA3B7C9DBA69
:10ACC0003C7C9EBA3D7C9FBA3E7CA0BA427CA1BA35
:10ACD000B89AA2BA695BA3BA776DA4BA266CA5BA72
:10ACE000A54EA6BAB35BA7BA879AA8BA6391A9BAC8
:10ACF000A861AABAAF90ABBAE997ACBA2B54ADBA77
:10AD0000B56DAEBAD25BAFBAFD51B0BA8A55B1BA21
:10AD1000557FB2BAF07FB3BABC64B4BA4D63B5BA6A
:10AD2000F165B6BABE61B7BA8D60B8BA0A71B9BA80
:10AD3000576CBABA496CBBBA2F59BCBA6D67BDBA69
:10AD40002A82BEBAD558BFBA8E56C0BA6A8CC1BA6A
:10AD5000EB6BC2BADD90C3BA7D59C4BA1780C5BACD
:10AD6000F753C6BA696DC7BA7554C8BA9D55C9BA02
:10AD70007783CABACF83CBBA3868CCBABE79CDBA9A
:10AD80008C54CEBA554FCFBA0854D0BAD276D1BA75
:10AD9000898CD2BA0296D3BAB36CD4BAB86DD5BA8C
:10ADA0006B8DD6BA1089D7BA649ED8BA3A8DD9BA03
:10ADB0003F56DABAD19EDBBAD575DCBA885FDDBA08
:10ADC000E072DEBA6860DFBAFC54E0BAA84EE1BABD
:10ADD0002A6AE2BA6188E3BA5260E4BA708FE5BACF
:10ADE000C454E6BAD870E7BA7986E8BA3F9EE9BAA1
:10ADF0002A6DEABA8F5BEBBA185FECBAA27EEDBAA5
:10AE00008955EEBAAF4FEFBA3473F0BA3C54F1BA89
:10AE10009A53F2BA1950F3BA0E54F4BA7C54F5BAF4
:10AE20004E4EF6BAFD5FF7BA5A74F8BAF658F9BA48
:10AE30006B84FABAE180FBBA7487FCBAD072FDBAAF
:10AE4000CA7CFEBA566E40BB437C41BB447C42BBCD
:10AE5000457C43BB467C44BB477C45BB487C46BBEA
:10AE6000497C47BB4A7C48BB4B7C49BB4C7C4ABBBA
:10AE70004E7C4BBB4F7C4CBB507C4DBB517C4EBB86
:10AE8000527C4FBB537C50BB547C51BB557C52BB56
:10AE9000567C53BB577C54BB587C55BB597C56BB26
:10AEA0005A7C57BB5B7C58BB5C7C59BB5D7C5ABBF6
:10AEB0005E7C5BBB5F7C5CBB607C5DBB617C5EBBC6
:10AEC000627C5FBB637C60BB647C61BB657C62BB96
:10AED000667C63BB677C64BB687C65BB697C66BB66
:10AEE0006A7C67BB6B7C68BB6C7C69BB6D7C6ABB36
:10AEF0006E7C6BBB6F7C6CBB707C6DBB717C6EBB06
:10AF0000727C6FBB757C70BB767C71BB777C72BBCF
:10AF1000787C73BB797C74BB7A7C75BB7E7C76BB9A
:10AF20007F7C77BB807C78BB817C79BB827C7ABB61
:10AF3000837C7BBB847C7CBB857C7DBB867C7EBB31
:10AF4000877C80BB887C81BB8A7C82BB8B7C83BBFB
:10AF50008C7C84BB8D7C85BB8E7C86BB8F7C87BBC9
:10AF6000907C88BB937C89BB947C8ABB967C8BBB92
:10AF7000997C8CBB9A7C8DBB9B7C8EBBA07C8FBB51
:10AF8000A17C90BBA37C91BBA67C92BBA77C93BB0E
:10AF9000A87C94BBA97C95BBAB7C96BBAC7C97BBD7
:10AFA000AD7C98BBAF7C99BBB07C9ABBB47C9BBB9F
:10AFB000B57C9CBBB67C9DBBB77C9EBBB87C9FBB65
:10AFC000BA7CA0BBBB7CA1BB275FA2BB4E86A3BB48
:10AFD0002C55A4BBA462A5BB924EA6BBAA6CA7BB72
:10AFE0003762A8BBB182A9BBD754AABB4E53ABBB37
:10AFF0003E73ACBBD16EADBB3B75AEBB1252AFBBAB
:10B000001653B0BBDD8BB1BBD069B2BB8A5FB3BB9B
:10B010000060B4BBEE6DB5BB4F57B6BB226BB7BB80
:10B02000AF73B8BB5368B9BBD88FBABB137FBBBB78
:10B030006263BCBBA360BDBB2455BEBBEA75BFBB8E
:10B04000628CC0BB1571C1BBA36DC2BBA65BC3BB89
:10B050007B5EC4BB5283C5BB4C61C6BBC49EC7BB31
:10B06000FA78C8BB5787C9BB277CCABB8776CBBBDE
:10B07000F051CCBBF660CDBB4C71CEBB4366CFBBB1
:10B080004C5ED0BB4D60D1BB0E8CD2BB7070D3BBBD
:10B090002563D4BB898FD5BBBD5FD6BB6260D7BBF0
:10B0A000D486D8BBDE56D9BBC16BDABB9460DBBBA0
:10B0B0006761DCBB4953DDBBE060DEBB6666DFBBBE
:10B0C0003F8DE0BBFD79E1BB1A4FE2BBE970E3BB0A
:10B0D000476CE4BBB38BE5BBF28BE6BBD87EE7BB2A
:10B0E0006483E8BB0F66E9BB5A5AEABB429BEBBBE1
:10B0F000516DECBBF76DEDBB418CEEBB3B6DEFBB17
:10B10000194FF0BB6B70F1BBB783F2BB1662F3BB98
:10B11000D160F4BB0D97F5BB278DF6BB7879F7BBF3
:10B12000FB51F8BB3E57F9BBFA57FABB3A67FBBB7A
:10B130007875FCBB3D7AFDBBEF79FEBB957B40BCCF
:10B14000BF7C41BCC07C42BCC27C43BCC37C44BC11
:10B15000C47C45BCC67C46BCC97C47BCCB7C48BCD7
:10B16000CE7C49BCCF7C4ABCD07C4BBCD17C4CBC97
:10B17000D27C4DBCD37C4EBCD47C4FBCD87C50BC64
:10B18000DA7C51BCDB7C52BCDD7C53BCDE7C54BC25
:10B19000E17C55BCE27C56BCE37C57BCE47C58BCEB
:10B1A000E57C59BCE67C5ABCE77C5BBCE97C5CBCBA
:10B1B000EA7C5DBCEB7C5EBCEC7C5FBCED7C60BC87
:10B1C000EE7C61BCF07C62BCF17C63BCF27C64BC54
:10B1D000F37C65BCF47C66BCF57C67BCF67C68BC23
:10B1E000F77C69BCF97C6ABCFA7C6BBCFC7C6CBCEF
:10B1F000FD7C6DBCFE7C6EBCFF7C6FBC007D70BCBA
:10B20000017D71BC027D72BC037D73BC047D74BC86
:10B21000057D75BC067D76BC077D77BC087D78BC56
:10B22000097D79BC0B7D7ABC0C7D7BBC0D7D7CBC23
:10B230000E7D7DBC0F7D7EBC107D80BC117D81BCF0
:10B24000127D82BC137D83BC147D84BC157D85BCBE
:10B25000167D86BC177D87BC187D88BC197D89BC8E
:10B260001A7D8ABC1B7D8BBC1C7D8CBC1D7D8DBC5E
:10B270001E7D8EBC1F7D8FBC217D90BC237D91BC2B
:10B28000247D92BC257D93BC267D94BC287D95BCF5
:10B29000297D96BC2A7D97BC2C7D98BC2D7D99BCC0
:10B2A0002E7D9ABC307D9BBC317D9CBC327D9DBC8B
:10B2B000337D9EBC347D9FBC357DA0BC367DA1BC5A
:10B2C0008C80A2BC6599A3BCF98FA4BCC06FA5BC3F
:10B2D000A58BA6BC219EA7BCEC59A8BCE97EA9BC45
:10B2E000097FAABC0954ABBC8167ACBCD868ADBCB3
:10B2F000918FAEBC4D7CAFBCC696B0BCCA53B1BC3E
:10B300002560B2BCBE75B3BC726CB4BC7353B5BC23
:10B31000C95AB6BCA77EB7BC2463B8BCE051B9BC5F
:10B320000A81BABCF15DBBBCDF84BCBC8062BDBC21
:10B330008051BEBC635BBFBC0E4FC0BC6D79C1BC4D
:10B340004252C2BCB860C3BC4E6DC4BCC45BC5BC79
:10B35000C25BC6BCA18BC7BCB08BC8BCE265C9BC14
:10B36000CC5FCABC4596CBBC9359CCBCE77ECDBC68
:10B37000AA7ECEBC0956CFBCB767D0BC3959D1BC68
:10B38000734FD2BCB65BD3BCA052D4BC5A83D5BCDD
:10B390008A98D6BC3E8DD7BC3275D8BCBE94D9BC79
:10B3A0004750DABC3C7ADBBCF74EDCBCB667DDBC90
:10B3B0007E9ADEBCC15ADFBC7C6BE0BCD176E1BCBE
:10B3C0005A57E2BC165CE3BC3A7BE4BCF495E5BC9E
:10B3D0004E71E6BC7C51E7BCA980E8BC7082E9BC38
:10B3E0007859EABC047FEBBC2783ECBCC068EDBC99
:10B3F000EC67EEBCB178EFBC7778F0BCE362F1BCEF
:10B400006163F2BC807BF3BCED4FF4BC6A52F5BCC7
:10B41000CF51F6BC5083F7BCDB69F8BC7492F9BC21
:10B42000F58DFABC318DFBBCC189FCBC2E95FDBCF1
:10B43000AD7BFEBCF64E40BD377D41BD387D42BD83
:10B44000397D43BD3A7D44BD3B7D45BD3C7D46BD18
:10B450003D7D47BD3E7D48BD3F7D49BD407D4ABDE8
:10B46000417D4BBD427D4CBD437D4DBD447D4EBDB8
:10B47000457D4FBD467D50BD477D51BD487D52BD88
:10B48000497D53BD4A7D54BD4B7D55BD4C7D56BD58
:10B490004D7D57BD4E7D58BD4F7D59BD507D5ABD28
:10B4A000517D5BBD527D5CBD537D5DBD547D5EBDF8
:10B4B000557D5FBD567D60BD577D61BD587D62BDC8
:10B4C000597D63BD5A7D64BD5B7D65BD5C7D66BD98
:10B4D0005D7D67BD5E7D68BD5F7D69BD607D6ABD68
:10B4E000617D6BBD627D6CBD637D6DBD647D6EBD38
:10B4F000657D6FBD667D70BD677D71BD687D72BD08
:10B50000697D73BD6A7D74BD6B7D75BD6C7D76BDD7
:10B510006D7D77BD6F7D78BD707D79BD717D7ABDA4
:10B52000727D7BBD737D7CBD747D7DBD757D7EBD73
:10B53000767D80BD787D81BD797D82BD7A7D83BD3C
:10B540007B7D84BD7C7D85BD7D7D86BD7E7D87BD0B
:10B550007F7D88BD807D89BD817D8ABD827D8BBDDB
:10B56000837D8CBD847D8DBD857D8EBD867D8FBDAB
:10B57000877D90BD887D91BD897D92BD8A7D93BD7B
:10B580008B7D94BD8C7D95BD8D7D96BD8E7D97BD4B
:10B590008F7D98BD907D99BD917D9ABD927D9BBD1B
:10B5A000937D9CBD947D9DBD957D9EBD967D9FBDEB
:10B5B000977DA0BD987DA1BD6550A2BD3082A3BD81
:10B5C0005152A4BD6F99A5BD106EA6BD856EA7BDD5
:10B5D000A76DA8BDFA5EA9BDF550AABDDC59ABBDEB
:10B5E000065CACBD466DADBD5F6CAEBD8675AFBDD6
:10B5F0008B84B0BD6868B1BD5659B2BDB28BB3BDC6
:10B600002053B4BD7191B5BD4D96B6BD4985B7BD4A
:10B610001269B8BD0179B9BD2671BABDF680BBBD4E
:10B62000A44EBCBDCA90BDBD476DBEBD849ABFBD12
:10B63000075AC0BDBC56C1BD0564C2BDF094C3BDB0
:10B64000EB77C4BDA54FC5BD1A81C6BDE172C7BDAC
:10B65000D289C8BD7A99C9BD347FCABDDE7ECBBD53
:10B660007F52CCBD5965CDBD7591CEBD7F8FCFBD0D
:10B67000838FD0BDEB53D1BD967AD2BDED63D3BDE0
:10B68000A563D4BD8676D5BDF879D6BD5788D7BD1C
:10B690003696D8BD2A62D9BDAB52DABD8282DBBDF7
:10B6A0005468DCBD7067DDBD7763DEBD6B77DFBDE1
:10B6B000ED7AE0BD016DE1BDD37EE2BDE389E3BD7E
:10B6C000D059E4BD1262E5BDC985E6BDA582E7BDDE
:10B6D0004C75E8BD1F50E9BDCB4EEABDA575EBBD6D
:10B6E000EB8BECBD4A5CEDBDFE5DEEBD4B7BEFBD73
:10B6F000A465F0BDD191F1BDCA4EF2BD256DF3BD7B
:10B700005F89F4BD277DF5BD2695F6BDC54EF7BD15
:10B71000288CF8BDDB8FF9BD7397FABD4B66FBBD76
:10B720008179FCBDD18FFDBDEC70FEBD786D40BE52
:10B73000997D41BE9A7D42BE9B7D43BE9C7D44BEA9
:10B740009D7D45BE9E7D46BE9F7D47BEA07D48BE79
:10B75000A17D49BEA27D4ABEA37D4BBEA47D4CBE49
:10B76000A57D4DBEA77D4EBEA87D4FBEA97D50BE16
:10B77000AA7D51BEAB7D52BEAC7D53BEAD7D54BEE5
:10B78000AF7D55BEB07D56BEB17D57BEB27D58BEB1
:10B79000B37D59BEB47D5ABEB57D5BBEB67D5CBE81
:10B7A000B77D5DBEB87D5EBEB97D5FBEBA7D60BE51
:10B7B000BB7D61BEBC7D62BEBD7D63BEBE7D64BE21
:10B7C000BF7D65BEC07D66BEC17D67BEC27D68BEF1
:10B7D000C37D69BEC47D6ABEC57D6BBEC67D6CBEC1
:10B7E000C77D6DBEC87D6EBEC97D6FBECA7D70BE91
:10B7F000CB7D71BECC7D72BECD7D73BECE7D74BE61
:10B80000CF7D75BED07D76BED17D77BED27D78BE30
:10B81000D37D79BED47D7ABED57D7BBED67D7CBE00
:10B82000D77D7DBED87D7EBED97D80BEDA7D81BECE
:10B83000DB7D82BEDC7D83BEDD7D84BEDE7D85BE9C
:10B84000DF7D86BEE07D87BEE17D88BEE27D89BE6C
:10B85000E37D8ABEE47D8BBEE57D8CBEE67D8DBE3C
:10B86000E77D8EBEE87D8FBEE97D90BEEA7D91BE0C
:10B87000EB7D92BEEC7D93BEED7D94BEEE7D95BEDC
:10B88000EF7D96BEF07D97BEF17D98BEF27D99BEAC
:10B89000F37D9ABEF47D9BBEF57D9CBEF67D9DBE7C
:10B8A000F77D9EBEF87D9FBEF97DA0BEFA7DA1BE4C
:10B8B0003D5CA2BEB252A3BE4683A4BE6251A5BEE9
:10B8C0000E83A6BE5B77A7BE7666A8BEB89CA9BE4F
:10B8D000AC4EAABECA60ABBEBE7CACBEB37CADBE35
:10B8E000CF7EAEBE954EAFBE668BB0BE6F66B1BEAC
:10B8F0008898B2BE5997B3BE8358B4BE6C65B5BEC6
:10B900005C95B6BE845FB7BEC975B8BE5697B9BE62
:10B91000DF7ABABEDE7ABBBEC051BCBEAF70BDBE60
:10B92000987ABEBEEA63BFBE767AC0BEA07EC1BEB4
:10B930009673C2BEED97C3BE454EC4BE7870C5BEF9
:10B940005D4EC6BE5291C7BEA953C8BE5165C9BEA1
:10B95000E765CABEFC81CBBE0582CCBE8E54CDBE8F
:10B96000315CCEBE9A75CFBEA097D0BED862D1BE94
:10B97000D972D2BEBD75D3BE455CD4BE799AD5BE50
:10B98000CA83D6BE405CD7BE8054D8BEE977D9BE44
:10B990003E4EDABEAE6CDBBE5A80DCBED262DDBE8D
:10B9A0006E63DEBEE85DDFBE7751E0BEDD8DE1BED9
:10B9B0001E8EE2BE2F95E3BEF14FE4BEE553E5BE19
:10B9C000E760E6BEAC70E7BE6752E8BE5063E9BE12
:10B9D000439EEABE1F5AEBBE2650ECBE3777EDBE43
:10B9E0007753EEBEE27EEFBE8564F0BE2B65F1BEFE
:10B9F0008962F2BE9863F3BE1450F4BE3572F5BE90
:10BA0000C989F6BEB351F7BEC08BF8BEDD7EF9BE64
:10BA10004757FABECC83FBBEA794FCBE9B51FDBE2C
:10BA20001B54FEBEFB5C40BFFB7D41BFFC7D42BFA3
:10BA3000FD7D43BFFE7D44BFFF7D45BF007E46BF09
:10BA4000017E47BF027E48BF037E49BF047E4ABFD6
:10BA5000057E4BBF067E4CBF077E4DBF087E4EBFA6
:10BA6000097E4FBF0A7E50BF0B7E51BF0C7E52BF76
:10BA70000D7E53BF0E7E54BF0F7E55BF107E56BF46
:10BA8000117E57BF127E58BF137E59BF147E5ABF16
:10BA9000157E5BBF167E5CBF177E5DBF187E5EBFE6
:10BAA000197E5FBF1A7E60BF1B7E61BF1C7E62BFB6
:10BAB0001D7E63BF1E7E64BF1F7E65BF207E66BF86
:10BAC000217E67BF227E68BF237E69BF247E6ABF56
:10BAD000257E6BBF267E6CBF277E6DBF287E6EBF26
:10BAE000297E6FBF2A7E70BF2B7E71BF2C7E72BFF6
:10BAF0002D7E73BF2E7E74BF2F7E75BF307E76BFC6
:10BB0000317E77BF327E78BF337E79BF347E7ABF95
:10BB1000357E7BBF367E7CBF377E7DBF387E7EBF65
:10BB2000397E80BF3A7E81BF3C7E82BF3D7E83BF2F
:10BB30003E7E84BF3F7E85BF407E86BF427E87BFFC
:10BB4000437E88BF447E89BF457E8ABF467E8BBFC9
:10BB5000487E8CBF497E8DBF4A7E8EBF4B7E8FBF95
:10BB60004C7E90BF4D7E91BF4E7E92BF4F7E93BF65
:10BB7000507E94BF517E95BF527E96BF537E97BF35
:10BB8000547E98BF557E99BF567E9ABF577E9BBF05
:10BB9000587E9CBF597E9DBF5A7E9EBF5B7E9FBFD5
:10BBA0005C7EA0BF5D7EA1BFCA4FA2BFE37AA3BFE8
:10BBB0005A6DA4BFE190A5BF8F9AA6BF8055A7BFBD
:10BBC0009654A8BF6153A9BFAF54AABF005FABBFD3
:10BBD000E963ACBF7769ADBFEF51AEBF6861AFBF7E
:10BBE0000A52B0BF2A58B1BFD852B2BF4E57B3BFE6
:10BBF0000D78B4BF0B77B5BFB75EB6BF7761B7BF7F
:10BC0000E07CB8BF5B62B9BF9762BABFA24EBBBF50
:10BC10009570BCBF0380BDBFF762BEBFE470BFBFFD
:10BC20006097C0BF7757C1BFDB82C2BFEF67C3BF9A
:10BC3000F568C4BFD578C5BF9798C6BFD179C7BFCF
:10BC4000F358C8BFB354C9BFEF53CABF346ECBBF9C
:10BC50004B51CCBF3B52CDBFA25BCEBFFE8BCFBF03
:10BC6000AF80D0BF4355D1BFA657D2BF7360D3BFFB
:10BC70005157D4BF2D54D5BF7A7AD6BF5060D7BFA5
:10BC8000545BD8BFA763D9BFA062DABFE353DBBF61
:10BC90006362DCBFC75BDDBFAF67DEBFED54DFBFF4
:10BCA0009F7AE0BFE682E1BF7791E2BF935EE3BF98
:10BCB000E488E4BF3859E5BFAE57E6BF0E63E7BF7F
:10BCC000E88DE8BFEF80E9BF5757EABF777BEBBF4E
:10BCD000A94FECBFEB5FEDBFBD5BEEBF3E6BEFBFAF
:10BCE0002153F0BF507BF1BFC272F2BF4668F3BF71
:10BCF000FF77F4BF3677F5BFF765F6BFB551F7BFED
:10BD00008F4EF8BFD476F9BFBF5CFABFA57AFBBFF0
:10BD10007584FCBF4E59FDBF419BFEBF805040C0A3
:10BD20005E7E41C05F7E42C0607E43C0617E44C093
:10BD3000627E45C0637E46C0647E47C0657E48C063
:10BD4000667E49C0677E4AC0687E4BC0697E4CC033
:10BD50006A7E4DC06B7E4EC06C7E4FC06D7E50C003
:10BD60006E7E51C06F7E52C0707E53C0717E54C0D3
:10BD7000727E55C0737E56C0747E57C0757E58C0A3
:10BD8000767E59C0777E5AC0787E5BC0797E5CC073
:10BD90007A7E5DC07B7E5EC07C7E5FC07D7E60C043
:10BDA0007E7E61C07F7E62C0807E63C0817E64C013
:10BDB000837E65C0847E66C0857E67C0867E68C0DF
:10BDC000877E69C0887E6AC0897E6BC08A7E6CC0AF
:10BDD0008B7E6DC08C7E6EC08D7E6FC08E7E70C07F
:10BDE0008F7E71C0907E72C0917E73C0927E74C04F
:10BDF000937E75C0947E76C0957E77C0967E78C01F
:10BE0000977E79C0987E7AC0997E7BC09A7E7CC0EE
:10BE10009C7E7DC09D7E7EC09E7E80C0AE7E81C0A9
:10BE2000B47E82C0BB7E83C0BC7E84C0D67E85C00B
:10BE3000E47E86C0EC7E87C0F97E88C00A7F89C018
:10BE4000107F8AC01E7F8BC0377F8CC0397F8DC02A
:10BE50003B7F8EC03C7F8FC03D7F90C03E7F91C0B6
:10BE60003F7F92C0407F93C0417F94C0437F95C085
:10BE7000467F96C0477F97C0487F98C0497F99C04A
:10BE80004A7F9AC04B7F9BC04C7F9CC04D7F9DC01A
:10BE90004E7F9EC04F7F9FC0527FA0C0537FA1C0E6
:10BEA0008899A2C02761A3C0836EA4C06457A5C0AF
:10BEB0000666A6C04663A7C0F056A8C0EC62A9C03B
:10BEC0006962AAC0D35EABC01496ACC08357ADC044
:10BED000C962AEC08755AFC02187B0C04A81B1C02A
:10BEE000A38FB2C06655B3C0B183B4C06567B5C097
:10BEF000568DB6C0DD84B7C06A5AB8C00F68B9C0E5
:10BF0000E662BAC0EE7BBBC01196BCC07051BDC02A
:10BF10009C6FBEC0308CBFC0FD63C0C0C889C1C0AB
:10BF2000D261C2C0067FC3C0C270C4C0E56EC5C0C6
:10BF30000574C6C09469C7C0FC72C8C0CA5EC9C0D7
:10BF4000CE90CAC01767CBC06A6DCCC05E63CDC04F
:10BF5000B352CEC06272CFC00180D0C06C4FD1C08E
:10BF6000E559D2C06A91D3C0D970D4C09D6DD5C0F7
:10BF7000D252D6C0504ED7C0F796D8C06D95D9C012
:10BF80007E85DAC0CA78DBC02F7DDCC02151DDC0E0
:10BF90009257DEC0C264DFC08B80E0C07B7CE1C012
:10BFA000EA6CE2C0F168E3C05E69E4C0B751E5C085
:10BFB0009853E6C0A868E7C08172E8C0CE9EE9C089
:10BFC000F17BEAC0F872EBC0BB79ECC0136FEDC037
:10BFD0000674EEC04E67EFC0CC91F0C0A49CF1C0D7
:10BFE0003C79F2C08983F3C05483F4C00F54F5C088
:10BFF0001768F6C03D4EF7C08953F8C0B152F9C07A
:10C000003E78FAC08653FBC02952FCC08850FDC060
:10C010008B4FFEC0D04F40C1567F41C1597F42C1B6
:10C020005B7F43C15C7F44C15D7F45C15E7F46C18C
:10C03000607F47C1637F48C1647F49C1657F4AC152
:10C04000667F4BC1677F4CC16B7F4DC16C7F4EC11A
:10C050006D7F4FC16F7F50C1707F51C1737F52C1DF
:10C06000757F53C1767F54C1777F55C1787F56C1A4
:10C070007A7F57C17B7F58C17C7F59C17D7F5AC170
:10C080007F7F5BC1807F5CC1827F5DC1837F5EC13A
:10C09000847F5FC1857F60C1867F61C1877F62C108
:10C0A000887F63C1897F64C18B7F65C18D7F66C1D5
:10C0B0008F7F67C1907F68C1917F69C1927F6AC19C
:10C0C000937F6BC1957F6CC1967F6DC1977F6EC169
:10C0D000987F6FC1997F70C19B7F71C19C7F72C136
:10C0E000A07F73C1A27F74C1A37F75C1A57F76C1F4
:10C0F000A67F77C1A87F78C1A97F79C1AA7F7AC1BD
:10C10000AB7F7BC1AC7F7CC1AD7F7DC1AE7F7EC18B
:10C11000B17F80C1B37F81C1B47F82C1B57F83C14C
:10C12000B67F84C1B77F85C1BA7F86C1BB7F87C117
:10C13000BE7F88C1C07F89C1C27F8AC1C37F8BC1D6
:10C14000C47F8CC1C67F8DC1C77F8EC1C87F8FC1A0
:10C15000C97F90C1CB7F91C1CD7F92C1CF7F93C169
:10C16000D07F94C1D17F95C1D27F96C1D37F97C133
:10C17000D67F98C1D77F99C1D97F9AC1DA7F9BC1F9
:10C18000DB7F9CC1DC7F9DC1DD7F9EC1DE7F9FC1C7
:10C19000E27FA0C1E37FA1C1E275A2C1CB7AA3C1B6
:10C1A000927CA4C1A56CA5C1B696A6C19B52A7C19D
:10C1B0008374A8C1E954A9C1E94FAAC15480ABC195
:10C1C000B283ACC1DE8FADC17095AEC1C95EAFC1E7
:10C1D0001C60B0C19F6DB1C1185EB2C15B65B3C1D7
:10C1E0003881B4C1FE94B5C14B60B6C1BC70B7C153
:10C1F000C37EB8C1AE7CB9C1C951BAC18168BBC1E7
:10C20000B17CBCC16F82BDC1244EBEC1868FBFC18F
:10C21000CF91C0C17E66C1C1AE4EC2C1058CC3C143
:10C22000A964C4C14A80C5C1DA50C6C19775C7C1E7
:10C23000CE71C8C1E55BC9C1BD8FCAC1666FCBC134
:10C24000864ECCC18264CDC16395CEC1D65ECFC1CE
:10C250009965D0C11752D1C1C288D2C1C870D3C1AB
:10C26000A352D4C10E73D5C13374D6C19767D7C159
:10C27000F778D8C11697D9C1344EDAC1BB90DBC16B
:10C28000DE9CDCC1CB6DDDC1DB51DEC1418DDFC188
:10C290001D54E0C1CE62E1C1B273E2C1F183E3C1DA
:10C2A000F696E4C1849FE5C1C394E6C1364FE7C169
:10C2B0009A7FE8C1CC51E9C17570EAC17596EBC1AE
:10C2C000AD5CECC18698EDC1E653EEC1E44EEFC122
:10C2D0009C6EF0C10974F1C1B469F2C16B78F3C10D
:10C2E0008F99F4C15975F5C11852F6C12476F7C17A
:10C2F000416DF8C1F367F9C16D51FAC1999FFBC156
:10C300004B80FCC19954FDC13C7BFEC1BF7A40C249
:10C31000E47F41C2E77F42C2E87F43C2EA7F44C272
:10C32000EB7F45C2EC7F46C2ED7F47C2EF7F48C23C
:10C33000F27F49C2F47F4AC2F57F4BC2F67F4CC2FE
:10C34000F77F4DC2F87F4EC2F97F4FC2FA7F50C2CD
:10C35000FD7F51C2FE7F52C2FF7F53C2028054C292
:10C36000078055C2088056C2098057C20A8058C249
:10C370000E8059C20F805AC211805BC213805CC20A
:10C380001A805DC21B805EC21D805FC21E8060C2BB
:10C390001F8061C2218062C2238063C2248064C284
:10C3A0002B8065C22C8066C22D8067C22E8068C239
:10C3B0002F8069C230806AC232806BC234806CC206
:10C3C00039806DC23A806EC23C806FC23E8070C2BE
:10C3D000408071C2418072C2448073C2458074C281
:10C3E000478075C2488076C2498077C24E8078C245
:10C3F0004F8079C250807AC251807BC253807CC208
:10C4000055807DC256807EC2578080C2598081C2CD
:10C410005B8082C25C8083C25D8084C25E8085C294
:10C420005F8086C2608087C2618088C2628089C264
:10C4300063808AC264808BC265808CC266808DC234
:10C4400067808EC268808FC26B8090C26C8091C200
:10C450006D8092C26E8093C26F8094C2708095C2CC
:10C46000728096C2738097C2748098C2758099C298
:10C4700076809AC277809BC278809CC279809DC268
:10C480007A809EC27B809FC27C80A0C27D80A1C238
:10C490008696A2C28457A3C2E262A4C24796A5C2EE
:10C4A0007C69A6C2045AA7C20264A8C2D37BA9C2EF
:10C4B0000F6FAAC24B96ABC2A682ACC26253ADC28A
:10C4C0008598AEC2905EAFC28970B0C2B363B1C28C
:10C4D0006453B2C24F86B3C2819CB4C2939EB5C2AC
:10C4E0008C78B6C23297B7C2EF8DB8C2428DB9C24E
:10C4F0007F9EBAC25E6FBBC28479BCC2555FBDC2AB
:10C500004696BEC22E62BFC2749AC0C21554C1C242
:10C51000DD94C2C2A34FC3C2C565C4C2655CC5C2B7
:10C52000615CC6C2157FC7C25186C8C22F6CC9C222
:10C530008B5FCAC28773CBC2E46ECCC2FF7ECDC212
:10C54000E65CCEC21B63CFC26A5BD0C2E66ED1C2CC
:10C550007553D2C2714ED3C2A063D4C26575D5C221
:10C56000A162D6C26E8FD7C2264FD8C2D14ED9C2D1
:10C57000A66CDAC2B67EDBC2BA8BDCC21D84DDC219
:10C58000BA87DEC2577FDFC23B90E0C22395E1C28B
:10C59000A97BE2C2A19AE3C2F888E4C23D84E5C265
:10C5A0001B6DE6C2869AE7C2DC7EE8C28859E9C202
:10C5B000BB9EEAC29B73EBC20178ECC28286EDC2DD
:10C5C0006C9AEEC2829AEFC21B56F0C21754F1C2A7
:10C5D000CB57F2C2704EF3C2A69EF4C25653F5C2B8
:10C5E000C88FF6C20981F7C29277F8C29299F9C250
:10C5F000EE86FAC2E16EFBC21385FCC2FC66FDC288
:10C600006261FEC22B6F40C37E8041C3818042C302
:10C61000828043C3858044C3888045C38A8046C3E3
:10C620008D8047C38E8048C38F8049C390804AC3A2
:10C6300091804BC392804CC394804DC395804EC370
:10C6400097804FC3998050C39E8051C3A38052C32B
:10C65000A68053C3A78054C3A88055C3AC8056C3DB
:10C66000B08057C3B38058C3B58059C3B6805AC38E
:10C67000B8805BC3B9805CC3BB805DC3C5805EC34B
:10C68000C7805FC3C88060C3C98061C3CA8062C3FA
:10C69000CB8063C3CF8064C3D08065C3D18066C3C1
:10C6A000D28067C3D38068C3D48069C3D5806AC38E
:10C6B000D8806BC3DF806CC3E0806DC3E2806EC343
:10C6C000E3806FC3E68070C3EE8071C3F58072C3F0
:10C6D000F78073C3F98074C3FB8075C3FE8076C393
:10C6E000FF8077C3008178C3018179C303817AC356
:10C6F00004817BC305817CC307817DC308817EC320
:10C700000B8180C30C8181C3158182C3178183C3D0
:10C71000198184C31B8185C31C8186C31D8187C386
:10C720001F8188C3208189C321818AC322818BC351
:10C7300023818CC324818DC325818EC326818FC321
:10C74000278190C3288191C3298192C32A8193C3F1
:10C750002B8194C32D8195C32E8196C3308197C3BD
:10C76000338198C3348199C335819AC337819BC380
:10C7700039819CC33A819DC33B819EC33C819FC349
:10C780003D81A0C33F81A1C3298CA2C39282A3C3D0
:10C790002B83A4C3F276A5C3136CA6C3D95FA7C32A
:10C7A000BD83A8C32B73A9C30583AAC31A95ABC3C2
:10C7B000DB6BACC3DB77ADC3C694AEC36F53AFC303
:10C7C0000283B0C39251B1C33D5EB2C38C8CB3C37C
:10C7D000388DB4C3484EB5C3AB73B6C39A67B7C3FD
:10C7E0008568B8C37691B9C30997BAC36471BBC3EE
:10C7F000A16CBCC30977BDC3925ABEC34195BFC3E8
:10C80000CF6BC0C38E7FC1C32766C2C3D05BC3C317
:10C81000B959C4C39A5AC5C3E895C6C3F795C7C3E7
:10C82000EC4EC8C30C84C9C39984CAC3AC6ACBC3D9
:10C83000DF76CCC33095CDC31B73CEC3A668CFC300
:10C840005F5BD0C32F77D1C39A91D2C36197D3C313
:10C85000DC7CD4C3F78FD5C31C8CD6C3255FD7C36C
:10C86000737CD8C3D879D9C3C589DAC3CC6CDBC390
:10C870001C87DCC3C65BDDC3425EDEC3C968DFC3A1
:10C880002077E0C3F57EE1C39551E2C34D51E3C388
:10C89000C952E4C3295AE5C3057FE6C36297E7C3DB
:10C8A000D782E8C3CF63E9C38477EAC3D085EBC3FB
:10C8B000D279ECC33A6EEDC3995EEEC39959EFC3DA
:10C8C0001185F0C36D70F1C3116CF2C3BF62F3C385
:10C8D000BF76F4C34F65F5C3AF60F6C3FD95F7C3EC
:10C8E0000E66F8C39F87F9C3239EFAC3ED94FBC37A
:10C8F0000D54FCC37D54FDC32C8CFEC3786440C42E
:10C90000408141C4418142C4428143C4438144C403
:10C91000448145C4458146C4478147C4498148C4D0
:10C920004D8149C44E814AC44F814BC452814CC48D
:10C9300056814DC457814EC458814FC45B8150C449
:10C940005C8151C45D8152C45E8153C45F8154C413
:10C95000618155C4628156C4638157C4648158C4DF
:10C96000668159C468815AC46A815BC46B815CC4A6
:10C970006C815DC46F815EC472815FC4738160C469
:10C98000758161C4768162C4778163C4788164C42F
:10C99000818165C4838166C4848167C4858168C4DC
:10C9A000868169C487816AC489816BC48B816CC4A8
:10C9B0008C816DC48D816EC48E816FC4908170C472
:10C9C000928171C4938172C4948173C4958174C43B
:10C9D000968175C4978176C4998177C49A8178C409
:10C9E0009E8179C49F817AC4A0817BC4A1817CC4CB
:10C9F000A2817DC4A4817EC4A58180C4A78181C495
:10CA0000A98182C4AB8183C4AC8184C4AD8185C457
:10CA1000AE8186C4AF8187C4B08188C4B18189C426
:10CA2000B2818AC4B4818BC4B5818CC4B6818DC4F3
:10CA3000B7818EC4B8818FC4B98190C4BC8191C4C0
:10CA4000BD8192C4BE8193C4BF8194C4C48195C486
:10CA5000C58196C4C78197C4C88198C4C98199C447
:10CA6000CB819AC4CD819BC4CE819CC4CF819DC40F
:10CA7000D0819EC4D1819FC4D281A0C4D381A1C4DE
:10CA80007964A2C41186A3C4216AA4C49C81A5C4EC
:10CA9000E878A6C46964A7C4549BA8C4B962A9C4B1
:10CAA0002B67AAC4AB83ABC4A858ACC4D89EADC492
:10CAB000AB6CAEC4206FAFC4DE5BB0C44C96B1C4E7
:10CAC0000B8CB2C45F72B3C4D067B4C4C762B5C4C0
:10CAD0006172B6C4A94EB7C4C659B8C4CD6BB9C447
:10CAE0009358BAC4AE66BBC4555EBCC4DF52BDC465
:10CAF0005561BEC42867BFC4EE76C0C46677C1C4A2
:10CB00006772C2C4467AC3C4FF62C4C4EA54C5C4CF
:10CB10005054C6C4A094C7C4A390C8C41C5AC9C466
:10CB2000B37ECAC4166CCBC4434ECCC47659CDC4B4
:10CB30001080CEC44859CFC45753D0C43775D1C420
:10CB4000BE96D2C4CA56D3C42063D4C41181D5C4FE
:10CB50007C60D6C4F995D7C4D66DD8C46254D9C404
:10CB60008199DAC48551DBC4E95ADCC4FD80DDC497
:10CB7000AE59DEC41397DFC42A50E0C4E56CE1C4AB
:10CB80003C5CE2C4DF62E3C4604FE4C43F53E5C4ED
:10CB90007B81E6C40690E7C4BA6EE8C42B85E9C47D
:10CBA000C862EAC4745EEBC4BE78ECC4B564EDC47C
:10CBB0007B63EEC4F55FEFC4185AF0C47F91F1C4F3
:10CBC0001F9EF2C43F5CF3C44F63F4C44280F5C4BB
:10CBD0007D5BF6C46E55F7C44A95F8C44D95F9C40B
:10CBE000856DFAC4A860FBC4E067FCC4DE72FDC4B6
:10CBF000DD51FEC4815B40C5D48141C5D58142C5AC
:10CC0000D68143C5D78144C5D88145C5D98146C59C
:10CC1000DA8147C5DB8148C5DC8149C5DD814AC56C
:10CC2000DE814BC5DF814CC5E0814DC5E1814EC53C
:10CC3000E2814FC5E48150C5E58151C5E68152C509
:10CC4000E88153C5E98154C5EB8155C5EE8156C5D0
:10CC5000EF8157C5F08158C5F18159C5F2815AC598
:10CC6000F5815BC5F6815CC5F7815DC5F8815EC560
:10CC7000F9815FC5FA8160C5FD8161C5FF8162C52B
:10CC8000038263C5078264C5088265C5098266C5DB
:10CC90000A8267C50B8268C50E8269C50F826AC5A4
:10CCA00011826BC513826CC515826DC516826EC567
:10CCB00017826FC5188270C5198271C51A8272C534
:10CCC0001D8273C5208274C5248275C5258276C5F0
:10CCD000268277C5278278C5298279C52E827AC5B2
:10CCE00032827BC53A827CC53C827DC53D827EC551
:10CCF0003F8280C5408281C5418282C5428283C510
:10CD0000438284C5458285C5468286C5488287C5DB
:10CD10004A8288C54C8289C54D828AC54E828BC5A0
:10CD200050828CC551828DC552828EC553828FC56B
:10CD3000548290C5558291C5568292C5578293C53B
:10CD4000598294C55B8295C55C8296C55D8297C504
:10CD50005E8298C5608299C561829AC562829BC5D0
:10CD600063829CC564829DC565829EC566829FC59F
:10CD70006782A0C56982A1C5E762A2C5DE6CA3C5B2
:10CD80005B72A4C56D62A5C5AE94A6C5BD7EA7C5E0
:10CD90001381A8C5536DA9C59C51AAC5045FABC535
:10CDA0007459ACC5AA52ADC51260AEC57359AFC5B2
:10CDB0009666B0C55086B1C59F75B2C52A63B3C526
:10CDC000E661B4C5EF7CB5C5FA8BB6C5E654B7C508
:10CDD000276BB8C5259EB9C5B46BBAC5D585BBC58B
:10CDE0005554BCC57650BDC5A46CBEC56A55BFC5FB
:10CDF000B48DC0C52C72C1C5155EC2C51560C3C552
:10CE00003674C4C5CD62C5C59263C6C54C72C7C56C
:10CE1000985FC8C5436EC9C53E6DCAC50065CBC520
:10CE2000586FCCC5D876CDC5D078CEC5FC76CFC5E9
:10CE30005475D0C52452D1C5DB53D2C5534ED3C58A
:10CE40009E5ED4C5C165D5C52A80D6C5D680D7C556
:10CE50009B62D8C58654D9C52852DAC5AE70DBC5E9
:10CE60008D88DCC5D18DDDC5E16CDEC57854DFC5AC
:10CE7000DA80E0C5F957E1C5F488E2C5548DE3C511
:10CE80006A96E4C54D91E5C5694FE6C59B6CE7C55B
:10CE9000B755E8C5C676E9C53078EAC5A862EBC5DE
:10CEA000F970ECC58E6FEDC56D5FEEC5EC84EFC516
:10CEB000DA68F0C57C78F1C5F77BF2C5A881F3C5C7
:10CEC0000B67F4C54F9EF5C56763F6C5B078F7C527
:10CED0006F57F8C51278F9C53997FAC57962FBC55D
:10CEE000AB62FCC58852FDC53574FEC5D76B40C624
:10CEF0006A8241C66B8242C66C8243C66D8244C65A
:10CF0000718245C6758246C6768247C6778248C614
:10CF1000788249C67B824AC67C824BC680824CC6D8
:10CF200081824DC683824EC685824FC6868250C698
:10CF3000878251C6898252C68C8253C6908254C65B
:10CF4000938255C6948256C6958257C6968258C615
:10CF50009A8259C69B825AC69E825BC6A0825CC6D4
:10CF6000A2825DC6A3825EC6A7825FC6B28260C689
:10CF7000B58261C6B68262C6BA8263C6BB8264C627
:10CF8000BC8265C6BF8266C6C08267C6C28268C6EA
:10CF9000C38269C6C5826AC6C6826BC6C9826CC6B0
:10CFA000D0826DC6D6826EC6D9826FC6DA8270C64E
:10CFB000DD8271C6E28272C6E78273C6E88274C6F9
:10CFC000E98275C6EA8276C6EC8277C6ED8278C6BB
:10CFD000EE8279C6F0827AC6F2827BC6F3827CC684
:10CFE000F5827DC6F6827EC6F88280C6FA8281C648
:10CFF000FC8282C6FD8283C6FE8284C6FF8285C60D
:10D00000008386C60A8387C60B8388C60D8389C6BC
:10D0100010838AC612838BC613838CC616838DC673
:10D0200018838EC619838FC61D8390C61E8391C632
:10D030001F8392C6208393C6218394C6228395C6FC
:10D04000238396C6248397C6258398C6268399C6CC
:10D0500029839AC62A839BC62E839CC630839DC68D
:10D0600032839EC637839FC63B83A0C63D83A1C63D
:10D070006455A2C63E81A3C6B275A4C6AE76A5C647
:10D080003953A6C6DE75A7C6FB50A8C6415CA9C623
:10D090006C8BAAC6C77BABC64F50ACC64772ADC639
:10D0A000979AAEC6D898AFC6026FB0C6E274B1C642
:10D0B0006879B2C68764B3C6A577B4C6FC62B5C644
:10D0C0009198B6C62B8DB7C6C154B8C65880B9C69C
:10D0D000524EBAC66A57BBC6F982BCC60D84BDC6DD
:10D0E000735EBEC6ED51BFC6F674C0C6C48BC1C662
:10D0F0004F5CC2C66157C3C6FC6CC4C68798C5C620
:10D10000465AC6C63478C7C6449BC8C6EB8FC9C644
:10D11000957CCAC65652CBC65162CCC6FA94CDC6CF
:10D12000C64ECEC68683CFC66184D0C6E983D1C63B
:10D13000B284D2C6D457D3C63467D4C60357D5C633
:10D140006E66D6C6666DD7C6318CD8C6DD66D9C6C2
:10D150001170DAC61F67DBC63A6BDCC61668DDC61F
:10D160001A62DEC6BB59DFC6034EE0C6C451E1C633
:10D17000066FE2C6D267E3C68F6CE4C67651E5C699
:10D18000CB68E6C64759E7C6676BE8C66675E9C669
:10D190000E5DEAC61081EBC6509FECC6D765EDC6A2
:10D1A0004879EEC64179EFC6919AF0C6778DF1C6FF
:10D1B000825CF2C65E4EF3C6014FF4C62F54F5C62C
:10D1C0005159F6C60C78F7C66856F8C6146CF9C6FD
:10D1D000C48FFAC6035FFBC67D6CFCC6E36CFDC65C
:10D1E000AB8BFEC6906340C73E8341C73F8342C7B7
:10D1F000418343C7428344C7448345C7458346C7E9
:10D20000488347C74A8348C74B8349C74C834AC7AB
:10D210004D834BC74E834CC753834DC755834EC771
:10D2200056834FC7578350C7588351C7598352C736
:10D230005D8353C7628354C7708355C7718356C7D4
:10D24000728357C7738358C7748359C775835AC786
:10D2500076835BC779835CC77A835DC77E835EC74D
:10D260007F835FC7808360C7818361C7828362C712
:10D27000838363C7848364C7878365C7888366C7DE
:10D280008A8367C78B8368C78C8369C78D836AC7A6
:10D290008F836BC790836CC791836DC794836EC770
:10D2A00095836FC7968370C7978371C7998372C739
:10D2B0009A8373C79D8374C79F8375C7A18376C7FD
:10D2C000A28377C7A38378C7A48379C7A5837AC7C6
:10D2D000A6837BC7A7837CC7AC837DC7AD837EC78E
:10D2E000AE8380C7AF8381C7B58382C7BB8383C743
:10D2F000BE8384C7BF8385C7C28386C7C38387C7EE
:10D30000C48388C7C68389C7C8838AC7C9838BC7B4
:10D31000CB838CC7CD838DC7CE838EC7D0838FC779
:10D32000D18390C7D28391C7D38392C7D58393C744
:10D33000D78394C7D98395C7DA8396C7DB8397C70A
:10D34000DE8398C7E28399C7E3839AC7E4839BC7C8
:10D35000E6839CC7E7839DC7E8839EC7EB839FC78F
:10D36000EC83A0C7ED83A1C77060A2C73D6DA3C7C2
:10D370007572A4C76662A5C78E94A6C7C594A7C7D1
:10D380004353A8C7C18FA9C77E7BAAC7DF4EABC7CF
:10D39000268CACC77E4EADC7D49EAEC7B194AFC786
:10D3A000B394B0C74D52B1C75C6FB2C76390B3C7F7
:10D3B000456DB4C7348CB5C71158B6C74C5DB7C7F7
:10D3C000206BB8C7496BB9C7AA67BAC75B54BBC75C
:10D3D0005481BCC78C7FBDC79958BEC73785BFC7AE
:10D3E0003A5FC0C7A262C1C7476AC2C73995C3C7FF
:10D3F0007265C4C78460C5C76568C6C7A777C7C755
:10D40000544EC8C7A84FC9C7E75DCAC79897CBC7CE
:10D41000AC64CCC7D87FCDC7ED5CCEC7CF4FCFC7EC
:10D420008D7AD0C70752D1C70483D2C7144ED3C751
:10D430002F60D4C7837AD5C7A694D6C7B54FD7C7B0
:10D44000B24ED8C7E679D9C73474DAC7E452DBC71D
:10D45000B982DCC7D264DDC7BD79DEC7DD5BDFC75B
:10D46000816CE0C75297E1C77B8FE2C7226CE3C7AC
:10D470003E50E4C77F53E5C7056EE6C7CE64E7C7F5
:10D480007466E8C7306CE9C7C560EAC77798EBC730
:10D49000F78BECC7865EEDC73C74EEC7777AEFC7B3
:10D4A000CB79F0C7184EF1C7B190F2C70374F3C738
:10D4B000426CF4C7DA56F5C74B91F6C7C56CF7C78F
:10D4C0008B8DF8C73A53F9C7C686FAC7F266FBC711
:10D4D000AF8EFCC7485CFDC7719AFEC7206E40C87E
:10D4E000EE8341C8EF8342C8F38343C8F48344C842
:10D4F000F58345C8F68346C8F78347C8FA8348C80A
:10D50000FB8349C8FC834AC8FE834BC8FF834CC8D1
:10D5100000844DC802844EC805844FC8078450C893
:10D52000088451C8098452C80A8453C8108454C856
:10D53000128455C8138456C8148457C8158458C813
:10D54000168459C817845AC819845BC81A845CC8E1
:10D550001B845DC81E845EC81F845FC8208460C8A9
:10D56000218461C8228462C8238463C8298464C872
:10D570002A8465C82B8466C82C8467C82D8468C833
:10D580002E8469C82F846AC830846BC832846CC802
:10D5900033846DC834846EC835846FC8368470C8CF
:10D5A000378471C8398472C83A8473C83B8474C89C
:10D5B0003E8475C83F8476C8408477C8418478C863
:10D5C000428479C843847AC844847BC845847CC833
:10D5D00047847DC848847EC8498480C84A8481C8FD
:10D5E0004B8482C84C8483C84D8484C84E8485C8CB
:10D5F0004F8486C8508487C8528488C8538489C899
:10D6000054848AC855848BC856848CC858848DC865
:10D610005D848EC85E848FC85F8490C8608491C822
:10D62000628492C8648493C8658494C8668495C8EB
:10D63000678496C8688497C86A8498C86E8499C8B5
:10D640006F849AC870849BC872849CC874849DC877
:10D6500077849EC879849FC87B84A0C87C84A1C835
:10D66000D653A2C8365AA3C88B9FA4C8A38DA5C8F9
:10D67000BB53A6C80857A7C8A798A8C84367A9C896
:10D680009B91AAC8C96CABC86851ACC8CA75ADC873
:10D69000F362AEC8AC72AFC83852B0C89D52B1C8C0
:10D6A0003A7FB2C89470B3C83876B4C87453B5C85A
:10D6B0004A9EB6C8B769B7C86E78B8C8C096B9C828
:10D6C000D988BAC8A47FBBC83671BCC8C371BDC8ED
:10D6D0008951BEC8D367BFC8E474C0C8E458C1C884
:10D6E0001865C2C8B756C3C8A98BC4C87699C5C83F
:10D6F0007062C6C8D57EC7C8F960C8C8ED70C9C811
:10D70000EC58CAC8C14ECBC8BA4ECCC8CD5FCDC844
:10D71000E797CEC8FB4ECFC8A48BD0C80352D1C860
:10D720008A59D2C8AB7ED3C85462D4C8CD4ED5C8AE
:10D73000E565D6C80E62D7C83883D8C8C984D9C8A9
:10D740006383DAC88D87DBC89471DCC8B66EDDC828
:10D75000B95BDEC8D27EDFC89751E0C8C963E1C8B3
:10D76000D467E2C88980E3C83983E4C81588E5C86E
:10D770001251E6C87A5BE7C88259E8C8B18FE9C898
:10D78000734EEAC85D6CEBC86551ECC82589EDC8DD
:10D790006F8FEEC82E96EFC84A85F0C85E74F1C848
:10D7A0001095F2C8F095F3C8A66DF4C8E582F5C8E7
:10D7B000315FF6C89264F7C8126DF8C82884F9C8BA
:10D7C0006E81FAC8C39CFBC85E58FCC85B8DFDC85F
:10D7D000094EFEC8C15340C97D8441C97E8442C9F7
:10D7E0007F8443C9808444C9818445C9838446C9F0
:10D7F000848447C9858448C9868449C98A844AC9BA
:10D800008D844BC98F844CC990844DC991844EC975
:10D8100092844FC9938450C9948451C9958452C944
:10D82000968453C9988454C99A8455C99B8456C90F
:10D830009D8457C99E8458C99F8459C9A0845AC9D8
:10D84000A2845BC9A3845CC9A4845DC9A5845EC9A4
:10D85000A6845FC9A78460C9A88461C9A98462C974
:10D86000AA8463C9AB8464C9AC8465C9AD8466C944
:10D87000AE8467C9B08468C9B18469C9B3846AC910
:10D88000B5846BC9B6846CC9B7846DC9BB846EC9D5
:10D89000BC846FC9BE8470C9C08471C9C28472C996
:10D8A000C38473C9C58474C9C68475C9C78476C95D
:10D8B000C88477C9CB8478C9CC8479C9CE847AC925
:10D8C000CF847BC9D2847CC9D4847DC9D5847EC9E8
:10D8D000D78480C9D88481C9D98482C9DA8483C9AC
:10D8E000DB8484C9DC8485C9DE8486C9E18487C978
:10D8F000E28488C9E48489C9E7848AC9E8848BC939
:10D90000E9848CC9EA848DC9EB848EC9ED848FC902
:10D91000EE8490C9EF8491C9F18492C9F28493C9CD
:10D92000F38494C9F48495C9F58496C9F68497C99B
:10D93000F78498C9F88499C9F9849AC9FA849BC96B
:10D94000FB849CC9FD849DC9FE849EC900859FC936
:10D950000185A0C90285A1C91E4FA2C96365A3C9DB
:10D960005168A4C9D355A5C9274EA6C91464A7C92F
:10D970009A9AA8C96B62A9C9C25AAAC95F74ABC9ED
:10D980007282ACC9A96DADC9EE68AEC9E750AFC926
:10D990008E83B0C90278B1C94067B2C93952B3C9E0
:10D9A000996CB4C9B17EB5C9BB50B6C96555B7C984
:10D9B0005E71B8C95B7BB9C95266BAC9CA73BBC9C3
:10D9C000EB82BCC94967BDC9715CBEC92052BFC9E1
:10D9D0007D71C0C96B88C1C9EA95C2C95596C3C9D2
:10D9E000C564C4C9618DC5C9B381C6C98455C7C9D9
:10D9F000556CC8C94762C9C92E7FCAC99258CBC9DC
:10DA0000244FCCC94655CDC94F8DCEC94C66CFC920
:10DA10000A4ED0C91A5CD1C9F388D2C9A268D3C949
:10DA20004E63D4C90D7AD5C9E770D6C98D82D7C9DE
:10DA3000FA52D8C9F697D9C9115CDAC9E854DBC9DA
:10DA4000B590DCC9CD7EDDC96259DEC94A8DDFC91A
:10DA5000C786E0C90C82E1C90D82E2C9668DE3C9BF
:10DA60004464E4C9045CE5C95161E6C9896DE7C94C
:10DA70003E79E8C9BE8BE9C93778EAC93375EBC985
:10DA80007B54ECC9384FEDC9AB8EEEC9F16DEFC9CF
:10DA9000205AF0C9C57EF1C95E79F2C9886CF3C914
:10DAA000A15BF4C9765AF5C91A75F6C9BE80F7C9E3
:10DAB0004E61F8C9176EF9C9F058FAC91F75FBC94C
:10DAC0002575FCC97272FDC94753FEC9F37E40CA71
:10DAD000038541CA048542CA058543CA068544CAEE
:10DAE000078545CA088546CA098547CA0A8548CABE
:10DAF0000B8549CA0D854ACA0E854BCA0F854CCA8B
:10DB000010854DCA12854ECA14854FCA158550CA54
:10DB1000168551CA188552CA198553CA1B8554CA1D
:10DB20001C8555CA1D8556CA1E8557CA208558CAE8
:10DB3000228559CA23855ACA24855BCA25855CCAB1
:10DB400026855DCA27855ECA28855FCA298560CA81
:10DB50002A8561CA2D8562CA2E8563CA2F8564CA4B
:10DB6000308565CA318566CA328567CA338568CA19
:10DB7000348569CA35856ACA36856BCA3E856CCAE2
:10DB80003F856DCA40856ECA41856FCA428570CA9D
:10DB9000448571CA458572CA468573CA478574CA69
:10DBA0004B8575CA4C8576CA4D8577CA4E8578CA2D
:10DBB0004F8579CA50857ACA51857BCA52857CCAFD
:10DBC00053857DCA54857ECA558580CA578581CACA
:10DBD000588582CA5A8583CA5B8584CA5C8585CA92
:10DBE0005D8586CA5F8587CA608588CA618589CA5E
:10DBF00062858ACA63858BCA65858CCA66858DCA2B
:10DC000067858ECA69858FCA6A8590CA6B8591CAF5
:10DC10006C8592CA6D8593CA6E8594CA6F8595CAC4
:10DC2000708596CA718597CA738598CA758599CA91
:10DC300076859ACA77859BCA78859CCA7C859DCA59
:10DC40007D859ECA7F859FCA8085A0CA8185A1CA1D
:10DC50000177A2CADB76A3CA6952A4CADC80A5CA2E
:10DC60002357A6CA085EA7CA3159A8CAEE72A9CA24
:10DC7000BD65AACA7F6EABCAD78BACCA385CADCAC9
:10DC80007186AECA4153AFCAF377B0CAFE62B1CA59
:10DC9000F665B2CAC04EB3CADF98B4CA8086B5CAA8
:10DCA0009E5BB6CAC68BB7CAF253B8CAE277B9CA86
:10DCB0007F4FBACA4E5CBBCA769ABCCACB59BDCAA2
:10DCC0000F5FBECA3A79BFCAEB58C0CA164EC1CA66
:10DCD000FF67C2CA8B4EC3CAED62C4CA938AC5CA63
:10DCE0001D90C6CABF52C7CA2F66C8CADC55C9CA6A
:10DCF0006C56CACA0290CBCAD54ECCCA8D4FCDCA7B
:10DD0000CA91CECA7099CFCA0F6CD0CA025ED1CA6E
:10DD10004360D2CAA45BD3CAC689D4CAD58BD5CA3C
:10DD20003665D6CA4B62D7CA9699D8CA885BD9CA13
:10DD3000FF5BDACA8863DBCA2E55DCCAD753DDCA5B
:10DD40002676DECA7D51DFCA2C85E0CAA267E1CA09
:10DD5000B368E2CA8A6BE3CA9262E4CA938FE5CAE7
:10DD6000D453E6CA1282E7CAD16DE8CA8F75E9CAF0
:10DD7000664EEACA4E8DEBCA705BECCA9F71EDCA63
:10DD8000AF85EECA9166EFCAD966F0CA727FF1CA52
:10DD90000087F2CACD9EF3CA209FF4CA5E5CF5CA22
:10DDA0002F67F6CAF08FF7CA1168F8CA5F67F9CA19
:10DDB0000D62FACAD67AFBCA8558FCCAB65EFDCA9D
:10DDC0007065FECA316F40CB828541CB838542CBE3
:10DDD000868543CB888544CB898545CB8A8546CBD0
:10DDE0008B8547CB8C8548CB8D8549CB8E854ACB9F
:10DDF00090854BCB91854CCB92854DCB93854ECB6B
:10DE000094854FCB958550CB968551CB978552CB3A
:10DE1000988553CB998554CB9A8555CB9D8556CB08
:10DE20009E8557CB9F8558CBA08559CBA1855ACBD2
:10DE3000A2855BCBA3855CCBA5855DCBA6855ECBA0
:10DE4000A7855FCBA98560CBAB8561CBAC8562CB69
:10DE5000AD8563CBB18564CBB28565CBB38566CB2D
:10DE6000B48567CBB58568CBB68569CBB8856ACBF9
:10DE7000BA856BCBBB856CCBBC856DCBBD856ECBC2
:10DE8000BE856FCBBF8570CBC08571CBC28572CB91
:10DE9000C38573CBC48574CBC58575CBC68576CB5E
:10DEA000C78577CBC88578CBCA8579CBCB857ACB2C
:10DEB000CC857BCBCD857CCBCE857DCBD1857ECBF8
:10DEC000D28580CBD48581CBD68582CBD78583CBB9
:10DED000D88584CBD98585CBDA8586CBDB8587CB86
:10DEE000DD8588CBDE8589CBDF858ACBE0858BCB52
:10DEF000E1858CCBE2858DCBE3858ECBE5858FCB21
:10DF0000E68590CBE78591CBE88592CBEA8593CBEC
:10DF1000EB8594CBEC8595CBED8596CBEE8597CBB9
:10DF2000EF8598CBF08599CBF1859ACBF2859BCB89
:10DF3000F3859CCBF4859DCBF5859ECBF6859FCB59
:10DF4000F785A0CBF885A1CB5560A2CB3752A3CBE8
:10DF50000D80A4CB5464A5CB7088A6CB2975A7CB24
:10DF6000055EA8CB1368A9CBF462AACB1C97ABCBF8
:10DF7000CC53ACCB3D72ADCB018CAECB346CAFCBC4
:10DF80006177B0CB0E7AB1CB2E54B2CBAC77B3CB9A
:10DF90007A98B4CB1C82B5CBF48BB6CB5578B7CB83
:10DFA0001467B8CBC170B9CBAF65BACB9564BBCBA6
:10DFB0003656BCCB1D60BDCBC179BECBF853BFCBB1
:10DFC0001D4EC0CB7B6BC1CB8680C2CBFA5BC3CB73
:10DFD000E355C4CBDB56C5CB3A4FC6CB3C4FC7CB82
:10DFE0007299C8CBF35DC9CB7E67CACB3880CBCBE7
:10DFF0000260CCCB8298CDCB0190CECB8B5BCFCBCC
:10E00000BC8BD0CBF58BD1CB1C64D2CB5882D3CB7D
:10E01000DE64D4CBFD55D5CBCF82D6CB6591D7CBA3
:10E02000D74FD8CB207DD9CB1F90DACB9F7CDBCBD1
:10E03000F350DCCB5158DDCBAF6EDECBBF5BDFCB1B
:10E04000C98BE0CB8380E1CB7891E2CB9C84E3CB9E
:10E05000977BE4CB7D86E5CB8B96E6CB8F96E7CBA3
:10E06000E57EE8CBD39AE9CB8E78EACB815CEBCB2B
:10E07000577AECCB4290EDCBA796EECB5F79EFCB06
:10E08000595BF0CB5F63F1CB0B7BF2CBD184F3CB4D
:10E09000AD68F4CB0655F5CB297FF6CB1074F7CBE2
:10E0A000227DF8CB0195F9CB4062FACB4C58FBCBE3
:10E0B000D64EFCCB835BFDCB7959FECB545840CC7C
:10E0C000F98541CCFA8542CCFC8543CCFD8544CC16
:10E0D000FE8545CC008646CC018647CC028648CCDE
:10E0E000038649CC04864ACC06864BCC07864CCCAA
:10E0F00008864DCC09864ECC0A864FCC0B8650CC78
:10E100000C8651CC0D8652CC0E8653CC0F8654CC47
:10E11000108655CC128656CC138657CC148658CC14
:10E12000158659CC17865ACC18865BCC19865CCCE0
:10E130001A865DCC1B865ECC1C865FCC1D8660CCAF
:10E140001E8661CC1F8662CC208663CC218664CC7F
:10E15000228665CC238666CC248667CC258668CC4F
:10E16000268669CC28866ACC2A866BCC2B866CCC1A
:10E170002C866DCC2D866ECC2E866FCC2F8670CCE7
:10E18000308671CC318672CC328673CC338674CCB7
:10E19000348675CC358676CC368677CC378678CC87
:10E1A000398679CC3A867ACC3B867BCC3D867CCC52
:10E1B0003E867DCC3F867ECC408680CC418681CC1D
:10E1C000428682CC438683CC448684CC458685CCEB
:10E1D000468686CC478687CC488688CC498689CCBB
:10E1E0004A868ACC4B868BCC4C868CCC52868DCC86
:10E1F00053868ECC55868FCC568690CC578691CC44
:10E20000588692CC598693CC5B8694CC5C8695CC10
:10E210005D8696CC5F8697CC608698CC618699CCDB
:10E2200063869ACC64869BCC65869CCC66869DCCA6
:10E2300067869ECC68869FCC6986A0CC6A86A1CC76
:10E240006D73A2CC1E63A3CC4B8EA4CC0F8EA5CC39
:10E25000CE80A6CCD482A7CCAC62A8CCF053A9CCFB
:10E26000F06CAACC5E91ABCC2A59ACCC0160ADCCA1
:10E27000706CAECC4D57AFCC4A64B0CC2A8DB1CCCB
:10E280002B76B2CCE96EB3CC5B57B4CC806AB5CCFC
:10E29000F075B6CC6D6FB7CC2D8CB8CC088CB9CCE2
:10E2A0006657BACCEF6BBBCC9288BCCCB378BDCCF4
:10E2B000A263BECCF953BFCCAD70C0CC646CC1CCF2
:10E2C0005858C2CC2A64C3CC0258C4CCE068C5CC30
:10E2D0009B81C6CC1055C7CCD67CC8CC1850C9CCB5
:10E2E000BA8ECACCCC6DCBCC9F8DCCCCEB70CDCCC8
:10E2F0008F63CECC9B6DCFCCD46ED0CCE67ED1CC10
:10E300000484D2CC4368D3CC0390D4CCD86DD5CC84
:10E310007696D6CCA88BD7CC5759D8CC7972D9CC95
:10E32000E485DACC7E81DBCCBC75DCCC8A8ADDCCA2
:10E33000AF68DECC5452DFCC228EE0CC1195E1CC1C
:10E34000D063E2CC9898E3CC448EE4CC7C55E5CC09
:10E35000534FE6CCFF66E7CC8F56E8CCD560E9CCCE
:10E36000956DEACC4352EBCC495CECCC2959EDCC11
:10E37000FB6DEECC6B58EFCC3075F0CC1C75F1CC4E
:10E380006C60F2CC1482F3CC4681F4CC1163F5CCF2
:10E390006167F6CCE28FF7CC3A77F8CCF38DF9CC05
:10E3A000348DFACCC194FBCC165EFCCC8553FDCCED
:10E3B0002C54FECCC37040CD6D8641CD6F8642CDCE
:10E3C000708643CD728644CD738645CD748646CD26
:10E3D000758647CD768648CD778649CD78864ACDF5
:10E3E00083864BCD84864CCD85864DCD86864ECD9D
:10E3F00087864FCD888650CD898651CD8E8652CD69
:10E400008F8653CD908654CD918655CD928656CD2C
:10E41000948657CD968658CD978659CD98865ACDF5
:10E4200099865BCD9A865CCD9B865DCD9E865ECDC2
:10E430009F865FCDA08660CDA18661CDA28662CD8C
:10E44000A58663CDA68664CDAB8665CDAD8666CD4B
:10E45000AE8667CDB28668CDB38669CDB7866ACD04
:10E46000B8866BCDB9866CCDBB866DCDBC866ECDC6
:10E47000BD866FCDBE8670CDBF8671CDC18672CD93
:10E48000C28673CDC38674CDC58675CDC88676CD5C
:10E49000CC8677CDCD8678CDD28679CDD3867ACD10
:10E4A000D5867BCDD6867CCDD7867DCDDA867ECDD2
:10E4B000DC8680CDDD8681CDE08682CDE18683CD90
:10E4C000E28684CDE38685CDE58686CDE68687CD5A
:10E4D000E78688CDE88689CDEA868ACDEB868BCD26
:10E4E000EC868CCDEF868DCDF5868ECDF6868FCDE4
:10E4F000F78690CDFA8691CDFB8692CDFC8693CDA2
:10E50000FD8694CDFF8695CD018796CD048797CD66
:10E51000058798CD068799CD0B879ACD0C879BCD23
:10E520000E879CCD0F879DCD10879ECD11879FCDE7
:10E530001487A0CD1687A1CD406CA2CDF75EA3CDE8
:10E540005C50A4CDAD4EA5CDAD5EA6CD3A63A7CDB2
:10E550004782A8CD1A90A9CD5068AACD6E91ABCDB7
:10E56000B377ACCD0C54ADCDDC94AECD645FAFCD04
:10E57000E57AB0CD7668B1CD4563B2CD527BB3CDEF
:10E58000DF7EB4CDDB75B5CD7750B6CD9562B7CD16
:10E590003459B8CD0F90B9CDF851BACDC379BBCDB0
:10E5A000817ABCCDFE56BDCD925FBECD1490BFCD5D
:10E5B000826DC0CD605CC1CD1F57C2CD1054C3CD9C
:10E5C0005451C4CD4D6EC5CDE256C6CDA863C7CD5E
:10E5D0009398C8CD7F81C9CD1587CACD2A89CBCD67
:10E5E0000090CCCD1E54CDCD6F5CCECDC081CFCDB3
:10E5F000D662D0CD5862D1CD3181D2CD359ED3CD2A
:10E600004096D4CD6E9AD5CD7C9AD6CD2D69D7CDF6
:10E61000A559D8CDD362D9CD3E55DACD1663DBCD21
:10E62000C754DCCDD986DDCD3C6DDECD035ADFCDC0
:10E63000E674E0CD9C88E1CD6A6BE2CD1659E3CD5E
:10E640004C8CE4CD2F5FE5CD7E6EE6CDA973E7CD92
:10E650007D98E8CD384EE9CDF770EACD8C5BEBCDF7
:10E660009778ECCD3D63EDCD5A66EECD9676EFCD45
:10E67000CB60F0CD9B5BF1CD495AF2CD074EF3CD87
:10E680005581F4CD6A6CF5CD8B73F6CDA14EF7CDE7
:10E690008967F8CD517FF9CD805FFACDFA65FBCD62
:10E6A0001B67FCCDD85FFDCD8459FECD015A40CE0D
:10E6B000198741CE1B8742CE1D8743CE1F8744CE8C
:10E6C000208745CE248746CE268747CE278748CE4B
:10E6D000288749CE2A874ACE2B874BCE2C874CCE13
:10E6E0002D874DCE2F874ECE30874FCE328750CEDE
:10E6F000338751CE358752CE368753CE388754CEA6
:10E70000398755CE3A8756CE3C8757CE3D8758CE6F
:10E71000408759CE41875ACE42875BCE43875CCE35
:10E7200044875DCE45875ECE46875FCE4A8760CE02
:10E730004B8761CE4D8762CE4F8763CE508764CEC4
:10E74000518765CE528766CE548767CE558768CE8F
:10E75000568769CE58876ACE5A876BCE5B876CCE58
:10E760005C876DCE5D876ECE5E876FCE5F8770CE25
:10E77000618771CE628772CE668773CE678774CEEB
:10E78000688775CE698776CE6A8777CE6B8778CEB5
:10E790006C8779CE6D877ACE6F877BCE71877CCE82
:10E7A00072877DCE73877ECE758780CE778781CE48
:10E7B000788782CE798783CE7A8784CE7F8785CE0D
:10E7C000808786CE818787CE848788CE868789CECC
:10E7D00087878ACE89878BCE8A878CCE8C878DCE91
:10E7E0008E878ECE8F878FCE908790CE918791CE59
:10E7F000928792CE948793CE958794CE968795CE26
:10E80000988796CE998797CE9A8798CE9B8799CEF0
:10E810009C879ACE9D879BCE9E879CCEA0879DCEBF
:10E82000A1879ECEA2879FCEA387A0CEA487A1CE8C
:10E83000CD5DA2CEAE5FA3CE7153A4CEE697A5CE9A
:10E84000DD8FA6CE4568A7CEF456A8CE2F55A9CE0B
:10E85000DF60AACE3A4EABCE4D6FACCEF47EADCEDD
:10E86000C782AECE0E84AFCED459B0CE1F4FB1CE3C
:10E870002A4FB2CE3E5CB3CEAC7EB4CE2A67B5CEC4
:10E880001A85B6CE7354B7CE4F75B8CEC380B9CE05
:10E890008255BACE4F9BBBCE4D4FBCCE2D6EBDCE5A
:10E8A000138CBECE095CBFCE7061C0CE6B53C1CE9F
:10E8B0001F76C2CE296EC3CE8A86C4CE8765C5CEEA
:10E8C000FB95C6CEB97EC7CE3B54C8CE337AC9CEEF
:10E8D0000A7DCACEEE95CBCEE155CCCEC17FCDCE52
:10E8E000EE74CECE1D63CFCE1787D0CEA16DD1CE24
:10E8F0009D7AD2CE1162D3CEA165D4CE6753D5CE48
:10E90000E163D6CE836CD7CEEB5DD8CE5C54D9CE46
:10E91000A894DACE4C4EDBCE616CDCCEEC8BDDCE37
:10E920004B5CDECEE065DFCE9C82E0CEA768E1CE18
:10E930003E54E2CE3454E3CECB6BE4CE666BE5CEF0
:10E94000944EE6CE4263E7CE4853E8CE1E82E9CE2F
:10E950000D4FEACEAE4FEBCE5E57ECCE0A62EDCE57
:10E96000FE96EECE6466EFCE6972F0CEFF52F1CE27
:10E97000A152F2CE9F60F3CEEF8BF4CE1466F5CEAB
:10E980009971F6CE9067F7CE7F89F8CE5278F9CE9E
:10E99000FD77FACE7066FBCE3B56FCCE3854FDCEEA
:10E9A0002195FECE7A7240CFA58741CFA68742CF70
:10E9B000A78743CFA98744CFAA8745CFAE8746CF45
:10E9C000B08747CFB18748CFB28749CFB4874ACF06
:10E9D000B6874BCFB7874CCFB8874DCFB9874ECFCF
:10E9E000BB874FCFBC8750CFBE8751CFBF8752CF99
:10E9F000C18753CFC28754CFC38755CFC48756CF63
:10EA0000C58757CFC78758CFC88759CFC9875ACF2F
:10EA1000CC875BCFCD875CCFCE875DCFCF875ECFF6
:10EA2000D0875FCFD48760CFD58761CFD68762CFBD
:10EA3000D78763CFD88764CFD98765CFDA8766CF8A
:10EA4000DC8767CFDD8768CFDE8769CFDF876ACF56
:10EA5000E1876BCFE2876CCFE3876DCFE4876ECF22
:10EA6000E6876FCFE78770CFE88771CFE98772CFEE
:10EA7000EB8773CFEC8774CFED8775CFEF8776CFB9
:10EA8000F08777CFF18778CFF28779CFF3877ACF86
:10EA9000F4877BCFF5877CCFF6877DCFF7877ECF56
:10EAA000F88780CFFA8781CFFB8782CFFC8783CF1F
:10EAB000FD8784CFFF8785CF008886CF018887CFE9
:10EAC000028888CF048889CF05888ACF06888BCFB3
:10EAD00007888CCF08888DCF09888ECF0B888FCF81
:10EAE0000C8890CF0D8891CF0E8892CF0F8893CF4E
:10EAF000108894CF118895CF128896CF148897CF1D
:10EB0000178898CF188899CF19889ACF1A889BCFE1
:10EB10001C889CCF1D889DCF1E889ECF1F889FCFAD
:10EB20002088A0CF2388A1CF007AA2CF6F60A3CF87
:10EB30000C5EA4CF8960A5CF9D81A6CF1559A7CF24
:10EB4000DC60A8CF8471A9CFEF70AACFAA6EABCF3B
:10EB5000506CACCF8072ADCF846AAECFAD88AFCFF2
:10EB60002D5EB0CF604EB1CFB35AB2CF9C55B3CF6C
:10EB7000E394B4CF176DB5CFFB7CB6CF9996B7CFE2
:10EB80000F62B8CFC67EB9CF8E77BACF7E86BBCFA5
:10EB90002353BCCF1E97BDCF968FBECF8766BFCF06
:10EBA000E15CC0CFA04FC1CFED72C2CF0B4EC3CF3F
:10EBB000A653C4CF0F59C5CF1354C6CF8063C7CF58
:10EBC0002895C8CF4851C9CFD94ECACF9C9CCBCF2E
:10EBD000A47ECCCFB854CDCF248DCECF5488CFCF08
:10EBE0003782D0CFF295D1CF8E6DD2CF265FD3CFE3
:10EBF000CC5AD4CF3E66D5CF6996D6CFB073D7CF97
:10EC00002E73D8CFBF53D9CF7A81DACF8599DBCF96
:10EC1000A17FDCCFAA5BDDCF7796DECF5096DFCF2A
:10EC2000BF7EE0CFF876E1CFA253E2CF7695E3CF77
:10EC30009999E4CFB17BE5CF4489E6CF586EE7CF11
:10EC4000614EE8CFD47FE9CF6579EACFE68BEBCF91
:10EC5000F360ECCFCD54EDCFAB4EEECF7998EFCF44
:10EC6000F75DF0CF616AF1CFCF50F2CF1154F3CFFF
:10EC7000618CF4CF2784F5CF5D78F6CF0497F7CF7A
:10EC80004A52F8CFEE54F9CFA356FACF0095FBCFF6
:10EC9000886DFCCFB55BFDCFC66DFECF536640D00F
:10ECA000248841D0258842D0268843D0278844D064
:10ECB000288845D0298846D02A8847D02B8848D034
:10ECC0002C8849D02D884AD02E884BD02F884CD004
:10ECD00030884DD031884ED033884FD0348850D0D2
:10ECE000358851D0368852D0378853D0388854D0A0
:10ECF0003A8855D03B8856D03D8857D03E8858D06A
:10ED00003F8859D041885AD042885BD043885CD034
:10ED100046885DD047885ED048885FD0498860D0FB
:10ED20004A8861D04B8862D04E8863D04F8864D0C7
:10ED3000508865D0518866D0528867D0538868D093
:10ED4000558869D056886AD058886BD05A886CD05C
:10ED50005B886DD05C886ED05D886FD05E8870D027
:10ED60005F8871D0608872D0668873D0678874D0ED
:10ED70006A8875D06D8876D06F8877D0718878D0A2
:10ED8000738879D074887AD075887BD076887CD067
:10ED900078887DD079887ED07A8880D07B8881D031
:10EDA0007C8882D0808883D0838884D0868885D0F0
:10EDB000878886D0898887D08A8888D08C8889D0AF
:10EDC0008E888AD08F888BD090888CD091888DD077
:10EDD00093888ED094888FD0958890D0978891D042
:10EDE000988892D0998893D09A8894D09B8895D00F
:10EDF0009D8896D09E8897D09F8898D0A08899D0DB
:10EE0000A1889AD0A3889BD0A5889CD0A6889DD0A5
:10EE1000A7889ED0A8889FD0A988A0D0AA88A1D072
:10EE20000F5CA2D05D5BA3D02168A4D09680A5D052
:10EE30007855A6D0117BA7D04865A8D05469A9D031
:10EE40009B4EAAD0476BABD04E87ACD08B97ADD042
:10EE50004F53AED01F63AFD03A64B0D0AA90B1D0B8
:10EE60009C65B2D0C180B3D0108CB4D09951B5D0CC
:10EE7000B068B6D07853B7D0F987B8D0C861B9D0E8
:10EE8000C46CBAD0FB6CBBD0228CBCD0515CBDD062
:10EE9000AA85BED0AF82BFD00C95C0D0236BC1D0A5
:10EEA0009B8FC2D0B065C3D0FB5FC4D0C35FC5D059
:10EEB000E14FC6D04588C7D01F66C8D06581C9D08C
:10EEC0002973CAD0FA60CBD07451CCD01152CDD0B6
:10EED0008B57CED0625FCFD0A290D0D04C88D1D00B
:10EEE0009291D2D0785ED3D04F67D4D02760D5D05E
:10EEF000D359D6D04451D7D0F651D8D0F880D9D0F4
:10EF00000853DAD0796CDBD0C496DCD08A71DDD0BE
:10EF1000114FDED0EE4FDFD09E7FE0D03D67E1D0D5
:10EF2000C555E2D00895E3D0C079E4D09688E5D005
:10EF3000E37EE6D09F58E7D00C62E8D00097E9D096
:10EF40005A86EAD01856EBD07B98ECD0905FEDD083
:10EF5000B88BEED0C484EFD05791F0D0D953F1D014
:10EF6000ED65F2D08F5EF3D05C75F4D06460F5D0BF
:10EF70006E7DF6D07F5AF7D0EA7EF8D0ED7EF9D0DC
:10EF8000698FFAD0A755FBD0A35BFCD0AC60FDD055
:10EF9000CB65FED0847340D1AC8841D1AE8842D1DC
:10EFA000AF8843D1B08844D1B28845D1B38846D127
:10EFB000B48847D1B58848D1B68849D1B8884AD1F4
:10EFC000B9884BD1BA884CD1BB884DD1BD884ED1C0
:10EFD000BE884FD1BF8850D1C08851D1C38852D18B
:10EFE000C48853D1C78854D1C88855D1CA8856D14E
:10EFF000CB8857D1CC8858D1CD8859D1CF885AD118
:10F00000D0885BD1D1885CD1D3885DD1D6885ED1E0
:10F01000D7885FD1DA8860D1DB8861D1DC8862D1A2
:10F02000DD8863D1DE8864D1E08865D1E18866D16E
:10F03000E68867D1E78868D1E98869D1EA886AD12A
:10F04000EB886BD1EC886CD1ED886DD1EE886ED1F8
:10F05000EF886FD1F28870D1F58871D1F68872D1BE
:10F06000F78873D1FA8874D1FB8875D1FD8876D181
:10F07000FF8877D1008978D1018979D103897AD144
:10F0800004897BD105897CD106897DD107897ED110
:10F09000088980D1098981D10B8982D10C8983D1DA
:10F0A0000D8984D10E8985D10F8986D1118987D1A7
:10F0B000148988D1158989D116898AD117898BD16C
:10F0C00018898CD11C898DD11D898ED11E898FD133
:10F0D0001F8990D1208991D1228992D1238993D1FE
:10F0E000248994D1268995D1278996D1288997D1C9
:10F0F000298998D12C8999D12D899AD12E899BD192
:10F100002F899CD131899DD132899ED133899FD15C
:10F110003589A0D13789A1D10990A2D16376A3D135
:10F120002977A4D1DA7EA5D17497A6D19B85A7D1E2
:10F13000665BA8D1747AA9D1EA96AAD14088ABD1EE
:10F14000CB52ACD18F71ADD1AA5FAED1EC65AFD14E
:10F15000E28BB0D1FB5BB1D16F9AB2D1E15DB3D19B
:10F16000896BB4D15B6CB5D1AD8BB6D1AF8BB7D158
:10F170000A90B8D1C58FB9D18B53BAD1BC62BBD17B
:10F18000269EBCD12D9EBDD14054BED12B4EBFD1A9
:10F19000BD82C0D15972C1D19C86C2D1165DC3D186
:10F1A0005988C4D1AF6DC5D1C596C6D1D154C7D188
:10F1B0009A4EC8D1B68BC9D10971CAD1BD54CBD131
:10F1C0000996CCD1DF70CDD1F96DCED1D076CFD12B
:10F1D000254ED0D11478D1D11287D2D1A95CD3D108
:10F1E000F65ED4D1008AD5D19C98D6D10E96D7D1CF
:10F1F0008E70D8D1BF6CD9D14459DAD1A963DBD193
:10F200003C77DCD14D88DDD1146FDED17382DFD144
:10F210003058E0D1D571E1D18C53E2D11A78E3D1E5
:10F22000C196E4D10155E5D1665FE6D13071E7D1F1
:10F23000B45BE8D11A8CE9D18C9AEAD1836BEBD11B
:10F240002E59ECD12F9EEDD1E779EED16867EFD141
:10F250006C62F0D16F4FF1D1A175F2D18A7FF3D1F9
:10F260000B6DF4D13396F5D1276CF6D1F04EF7D172
:10F27000D275F8D17B51F9D13768FAD13E6FFBD105
:10F280008090FCD17081FDD19659FED1767440D228
:10F29000388941D2398942D23A8943D23B8944D212
:10F2A0003C8945D23D8946D23E8947D23F8948D2E2
:10F2B000408949D242894AD243894BD245894CD2AE
:10F2C00046894DD247894ED248894FD2498950D27A
:10F2D0004A8951D24B8952D24C8953D24D8954D24A
:10F2E0004E8955D24F8956D2508957D2518958D21A
:10F2F000528959D253895AD254895BD255895CD2EA
:10F3000056895DD257895ED258895FD2598960D2B9
:10F310005A8961D25B8962D25C8963D25D8964D289
:10F32000608965D2618966D2628967D2638968D251
:10F33000648969D265896AD267896BD268896CD21F
:10F3400069896DD26A896ED26B896FD26C8970D2ED
:10F350006D8971D26E8972D26F8973D2708974D2BD
:10F36000718975D2728976D2738977D2748978D28D
:10F37000758979D276897AD277897BD278897CD25D
:10F3800079897DD27A897ED27C8980D27D8981D229
:10F390007E8982D2808983D2828984D2848985D2EF
:10F3A000858986D2878987D2888988D2898989D2B6
:10F3B0008A898AD28B898BD28C898CD28D898DD285
:10F3C0008E898ED28F898FD2908990D2918991D255
:10F3D000928992D2938993D2948994D2958995D225
:10F3E000968996D2978997D2988998D2998999D2F5
:10F3F0009A899AD29B899BD29C899CD29D899DD2C5
:10F400009E899ED29F899FD2A089A0D2A189A1D294
:10F410004764A2D2275CA3D26590A4D2917AA5D2E8
:10F42000238CA6D2DA59A7D2AC54A8D20082A9D292
:10F430006F83AAD28189ABD20080ACD23069ADD2C1
:10F440004E56AED23680AFD23772B0D2CE91B1D254
:10F45000B651B2D25F4EB3D27598B4D29663B5D2DC
:10F460001A4EB6D2F653B7D2F366B8D24B81B9D2A0
:10F470001C59BAD2B26DBBD2004EBCD2F958BDD223
:10F480003B53BED2D663BFD2F194C0D29D4FC1D2FE
:10F490000A4FC2D26388C3D29098C4D23759C5D21A
:10F4A0005790C6D2FB79C7D2EA4EC8D2F080C9D2F3
:10F4B0009175CAD2826CCBD29C5BCCD2E859CDD2AA
:10F4C0005D5FCED20569CFD28186D0D21A50D1D21B
:10F4D000F25DD2D2594ED3D2E377D4D2E54ED5D213
:10F4E0007A82D6D29162D7D21366D8D29190D9D2ED
:10F4F000795CDAD2BF4EDBD2795FDCD2C681DDD255
:10F500003890DED28480DFD2AB75E0D2A64EE1D255
:10F51000D488E2D20F61E3D2C56BE4D2C65FE5D2F4
:10F52000494EE6D2CA76E7D2A26EE8D2E38BE9D2A0
:10F53000AE8BEAD20A8CEBD2D18BECD2025FEDD249
:10F54000FC7FEED2CC7FEFD2CE7EF0D23583F1D2EB
:10F550006B83F2D2E056F3D2B76BF4D2F397F5D2C5
:10F560003496F6D2FB59F7D21F54F8D2F694F9D25A
:10F57000EB6DFAD2C55BFBD26E99FCD2395CFDD241
:10F58000155FFED2909640D3A28941D3A38942D37E
:10F59000A48943D3A58944D3A68945D3A78946D353
:10F5A000A88947D3A98948D3AA8949D3AB894AD323
:10F5B000AC894BD3AD894CD3AE894DD3AF894ED3F3
:10F5C000B0894FD3B18950D3B28951D3B38952D3C3
:10F5D000B48953D3B58954D3B68955D3B78956D393
:10F5E000B88957D3B98958D3BA8959D3BB895AD363
:10F5F000BC895BD3BD895CD3BE895DD3BF895ED333
:10F60000C0895FD3C38960D3CD8961D3D38962D3E5
:10F61000D48963D3D58964D3D78965D3D88966D390
:10F62000D98967D3DB8968D3DD8969D3DF896AD358
:10F63000E0896BD3E1896CD3E2896DD3E4896ED321
:10F64000E7896FD3E88970D3E98971D3EA8972D3E6
:10F65000EC8973D3ED8974D3EE8975D3F08976D3B1
:10F66000F18977D3F28978D3F48979D3F5897AD37C
:10F67000F6897BD3F7897CD3F8897DD3F9897ED34A
:10F68000FA8980D3FB8981D3FC8982D3FD8983D316
:10F69000FE8984D3FF8985D3018A86D3028A87D3E2
:10F6A000038A88D3048A89D3058A8AD3068A8BD3AE
:10F6B000088A8CD3098A8DD30A8A8ED30B8A8FD37A
:10F6C0000C8A90D30D8A91D30E8A92D30F8A93D34A
:10F6D000108A94D3118A95D3128A96D3138A97D31A
:10F6E000148A98D3158A99D3168A9AD3178A9BD3EA
:10F6F000188A9CD3198A9DD31A8A9ED31B8A9FD3BA
:10F700001C8AA0D31D8AA1D37053A2D3F182A3D3A4
:10F71000316AA4D3745AA5D3709EA6D3945EA7D39E
:10F72000287FA8D3B983A9D32484AAD32584ABD3B3
:10F730006783ACD34787ADD3CE8FAED3628DAFD3C3
:10F74000C876B0D3715FB1D39698B2D36C78B3D387
:10F750002066B4D3DF54B5D3E562B6D3634FB7D3D5
:10F76000C381B8D3C875B9D3B85EBAD3CD96BBD36D
:10F770000A8EBCD3F986BDD38F54BED3F36CBFD3EE
:10F780008C6DC0D3386CC1D37F60C2D3C752C3D392
:10F790002875C4D37D5EC5D3184FC6D3A060C7D328
:10F7A000E75FC8D3245CC9D33175CAD3AE90CBD33D
:10F7B000C094CCD3B972CDD3B96CCED3386ECFD37D
:10F7C0004991D0D30967D1D3CB53D2D3F353D3D3F9
:10F7D000514FD4D3C991D5D3F18BD6D3C853D7D3F6
:10F7E0007C5ED8D3C28FD9D3E46DDAD38E4EDBD30F
:10F7F000C276DCD38669DDD35E86DED31A61DFD3C1
:10F800000682E0D3594FE1D3DE4FE2D33E90E3D3FB
:10F810007C9CE4D30961E5D31D6EE6D3146EE7D377
:10F820008596E8D3884EE9D3315AEAD3E896EBD3EC
:10F830000E4EECD37F5CEDD3B979EED3875BEFD37B
:10F84000ED8BF0D3BD7FF1D38973F2D3DF57F3D3C0
:10F850008B82F4D3C190F5D30154F6D34790F7D3FC
:10F86000BB55F8D3EA5CF9D3A15FFAD30861FBD3A7
:10F87000326BFCD3F172FDD3B280FED3898A40D4BF
:10F880001E8A41D41F8A42D4208A43D4218A44D478
:10F89000228A45D4238A46D4248A47D4258A48D448
:10F8A000268A49D4278A4AD4288A4BD4298A4CD418
:10F8B0002A8A4DD42B8A4ED42C8A4FD42D8A50D4E8
:10F8C0002E8A51D42F8A52D4308A53D4318A54D4B8
:10F8D000328A55D4338A56D4348A57D4358A58D488
:10F8E000368A59D4378A5AD4388A5BD4398A5CD458
:10F8F0003A8A5DD43B8A5ED43C8A5FD43D8A60D428
:10F900003F8A61D4408A62D4418A63D4428A64D4F3
:10F91000438A65D4448A66D4458A67D4468A68D4C3
:10F92000478A69D4498A6AD44A8A6BD44B8A6CD490
:10F930004C8A6DD44D8A6ED44E8A6FD44F8A70D45F
:10F94000508A71D4518A72D4528A73D4538A74D42F
:10F95000548A75D4558A76D4568A77D4578A78D4FF
:10F96000588A79D4598A7AD45A8A7BD45B8A7CD4CF
:10F970005C8A7DD45D8A7ED45E8A80D45F8A81D49D
:10F98000608A82D4618A83D4628A84D4638A85D46B
:10F99000648A86D4658A87D4668A88D4678A89D43B
:10F9A000688A8AD4698A8BD46A8A8CD46B8A8DD40B
:10F9B0006C8A8ED46D8A8FD46E8A90D46F8A91D4DB
:10F9C000708A92D4718A93D4728A94D4738A95D4AB
:10F9D000748A96D4758A97D4768A98D4778A99D47B
:10F9E000788A9AD47A8A9BD47B8A9CD47C8A9DD448
:10F9F0007D8A9ED47E8A9FD47F8AA0D4808AA1D417
:10FA0000746DA2D4D35BA3D4D588A4D48498A5D490
:10FA10006B8CA6D46D9AA7D4339EA8D40A6EA9D4B1
:10FA2000A451AAD44351ABD4A357ACD48188ADD44C
:10FA30009F53AED4F463AFD4958FB0D4ED56B1D408
:10FA40005854B2D40657B3D43F73B4D4906EB5D4DF
:10FA5000187FB6D4DC8FB7D4D182B8D43F61B9D483
:10FA60002860BAD46296BBD4F066BCD4A67EBDD45E
:10FA70008A8DBED4C38DBFD4A594C0D4B35CC1D489
:10FA8000A47CC2D40867C3D4A660C4D40596C5D4E8
:10FA90001880C6D4914EC7D4E790C8D40053C9D4B7
:10FAA0006896CAD44151CBD4D08FCCD47485CDD4F0
:10FAB0005D91CED45566CFD4F597D0D4555BD1D4D3
:10FAC0001D53D2D43878D3D44267D4D43D68D5D42A
:10FAD000C954D6D47E70D7D4B05BD8D47D8FD9D456
:10FAE0008D51DAD42857DBD4B154DCD41265DDD47F
:10FAF0008266DED45E8DDFD4438DE0D40F81E1D405
:10FB00006C84E2D46D90E3D4DF7CE4D4FF51E5D47F
:10FB1000FB85E6D4A367E7D4E965E8D4A16FE9D40F
:10FB2000A486EAD4818EEBD46A56ECD42090EDD42E
:10FB30008276EED47670EFD4E571F0D4238DF1D4D3
:10FB4000E962F2D41952F3D4FD6CF4D43C8DF5D4AF
:10FB50000E60F6D49E58F7D48E61F8D4FE66F9D4C0
:10FB6000608DFAD44E62FBD4B355FCD4236EFDD421
:10FB70002D67FED4678F40D5818A41D5828A42D5D0
:10FB8000838A43D5848A44D5858A45D5868A46D5D5
:10FB9000878A47D5888A48D58B8A49D58C8A4AD5A1
:10FBA0008D8A4BD58E8A4CD58F8A4DD5908A4ED56D
:10FBB000918A4FD5928A50D5948A51D5958A52D53B
:10FBC000968A53D5978A54D5988A55D5998A56D509
:10FBD0009A8A57D59B8A58D59C8A59D59D8A5AD5D9
:10FBE0009E8A5BD59F8A5CD5A08A5DD5A18A5ED5A9
:10FBF000A28A5FD5A38A60D5A48A61D5A58A62D579
:10FC0000A68A63D5A78A64D5A88A65D5A98A66D548
:10FC1000AA8A67D5AB8A68D5AC8A69D5AD8A6AD518
:10FC2000AE8A6BD5AF8A6CD5B08A6DD5B18A6ED5E8
:10FC3000B28A6FD5B38A70D5B48A71D5B58A72D5B8
:10FC4000B68A73D5B78A74D5B88A75D5B98A76D588
:10FC5000BA8A77D5BB8A78D5BC8A79D5BD8A7AD558
:10FC6000BE8A7BD5BF8A7CD5C08A7DD5C18A7ED528
:10FC7000C28A80D5C38A81D5C48A82D5C58A83D5F4
:10FC8000C68A84D5C78A85D5C88A86D5C98A87D5C4
:10FC9000CA8A88D5CB8A89D5CC8A8AD5CD8A8BD594
:10FCA000CE8A8CD5CF8A8DD5D08A8ED5D18A8FD564
:10FCB000D28A90D5D38A91D5D48A92D5D58A93D534
:10FCC000D68A94D5D78A95D5D88A96D5D98A97D504
:10FCD000DA8A98D5DB8A99D5DC8A9AD5DD8A9BD5D4
:10FCE000DE8A9CD5DF8A9DD5E08A9ED5E18A9FD5A4
:10FCF000E28AA0D5E38AA1D5E194A2D5F895A3D54F
:10FD00002877A4D50568A5D5A869A6D58B54A7D50D
:10FD10004D4EA8D5B870A9D5C88BAAD55864ABD517
:10FD20008B65ACD5855BADD5847AAED53A50AFD571
:10FD3000E85BB0D5BB77B1D5E16BB2D5798AB3D5E5
:10FD4000987CB4D5BE6CB5D5CF76B6D5A965B7D5F8
:10FD5000978FB8D52D5DB9D5555CBAD53886BBD54A
:10FD60000868BCD56053BDD51862BED5D97ABFD559
:10FD70005B6EC0D5FD7EC1D51F6AC2D5E07AC3D502
:10FD8000705FC4D5336FC5D5205FC6D58C63C7D52A
:10FD9000A86DC8D55667C9D5084ECAD5105ECBD553
:10FDA000268DCCD5D74ECDD5C080CED53476CFD507
:10FDB0009C96D0D5DB62D1D52D66D2D57E62D3D5C7
:10FDC000BC6CD4D5758DD5D56771D6D5697FD7D59F
:10FDD0004651D8D58780D9D5EC53DAD56E90DBD58E
:10FDE0009862DCD5F254DDD5F086DED5998FDFD56B
:10FDF0000580E0D51795E1D51785E2D5D98FE3D5F4
:10FE0000596DE4D5CD73E5D59F65E6D51F77E7D568
:10FE10000475E8D52778E9D5FB81EAD51E8DEBD5A9
:10FE20008894ECD5A64FEDD59567EED5B975EFD58D
:10FE3000CA8BF0D50797F1D52F63F2D54795F3D547
:10FE40003596F4D5B884F5D52363F6D54177F7D543
:10FE5000815FF8D5F072F9D5894EFAD51460FBD5DB
:10FE60007465FCD5EF62FDD5636BFED53F6540D66A
:10FE7000E48A41D6E58A42D6E68A43D6E78A44D662
:10FE8000E88A45D6E98A46D6EA8A47D6EB8A48D632
:10FE9000EC8A49D6ED8A4AD6EE8A4BD6EF8A4CD602
:10FEA000F08A4DD6F18A4ED6F28A4FD6F38A50D6D2
:10FEB000F48A51D6F58A52D6F68A53D6F78A54D6A2
:10FEC000F88A55D6F98A56D6FA8A57D6FB8A58D672
:10FED000FC8A59D6FD8A5AD6FE8A5BD6FF8A5CD642
:10FEE000008B5DD6018B5ED6028B5FD6038B60D60E
:10FEF000048B61D6058B62D6068B63D6088B64D6DD
:10FF0000098B65D60A8B66D60B8B67D60C8B68D6A9
:10FF10000D8B69D60E8B6AD60F8B6BD6108B6CD679
:10FF2000118B6DD6128B6ED6138B6FD6148B70D649
:10FF3000158B71D6168B72D6178B73D6188B74D619
:10FF4000198B75D61A8B76D61B8B77D61C8B78D6E9
:10FF50001D8B79D61E8B7AD61F8B7BD6208B7CD6B9
:10FF6000218B7DD6228B7ED6238B80D6248B81D687
:10FF7000258B82D6278B83D6288B84D6298B85D652
:10FF80002A8B86D62B8B87D62C8B88D62D8B89D621
:10FF90002E8B8AD62F8B8BD6308B8CD6318B8DD6F1
:10FFA000328B8ED6338B8FD6348B90D6358B91D6C1
:10FFB000368B92D6378B93D6388B94D6398B95D691
:10FFC0003A8B96D63B8B97D63C8B98D63D8B99D661
:10FFD0003E8B9AD63F8B9BD6408B9CD6418B9DD631
:10FFE000428B9ED6438B9FD6448BA0D6458BA1D601
:10FFF000275EA2D6C775A3D6D190A4D6C18BA5D6AD
:020000040804EE
:100000009D82A6D69D67A7D62F65A8D63154A9D6BE
:100010001887AAD6E577ABD6A280ACD60281ADD63A
:10002000416CAED64B4EAFD6C77EB0D64C80B1D663
:10003000F476B2D60D69B3D6966BB4D66762B5D6F0
:100040003C50B6D6844FB7D64057B8D60763B9D61A
:10005000626BBAD6BE8DBBD6EA53BCD6E865BDD6B8
:10006000B87EBED6D75FBFD61A63C0D6B763C1D637
:10007000F381C2D6F481C3D66E7FC4D61C5EC5D6CA
:10008000D95CC6D63652C7D67A66C8D6E979C9D6FB
:100090001A7ACAD6288DCBD69970CCD6D475CDD63F
:1000A000DE6ECED6BB6CCFD6927AD0D62D4ED1D6C0
:1000B000C576D2D6E05FD3D69F94D4D67788D5D6EE
:1000C000C87ED6D6CD79D7D6BF80D8D6CD91D9D651
:1000D000F24EDAD6174FDBD61F82DCD66854DDD657
:1000E000DE5DDED6326DDFD6CC8BE0D6A57CE1D6E8
:1000F000748FE2D69880E3D61A5EE4D69254E5D6A1
:10010000B176E6D6995BE7D63C66E8D6A49AE9D6FE
:10011000E073EAD62A68EBD6DB86ECD63167EDD6FB
:100120002A73EED6F88BEFD6DB8BF0D61090F1D693
:10013000F97AF2D6DB70F3D66E71F4D6C462F5D6D6
:10014000A977F6D63156F7D63B4EF8D65784F9D66E
:10015000F167FAD6A952FBD6C086FCD62E8DFDD605
:10016000F894FED6517B40D7468B41D7478B42D778
:10017000488B43D7498B44D74A8B45D74B8B46D7BF
:100180004C8B47D74D8B48D74E8B49D74F8B4AD78F
:10019000508B4BD7518B4CD7528B4DD7538B4ED75F
:1001A000548B4FD7558B50D7568B51D7578B52D72F
:1001B000588B53D7598B54D75A8B55D75B8B56D7FF
:1001C0005C8B57D75D8B58D75E8B59D75F8B5AD7CF
:1001D000608B5BD7618B5CD7628B5DD7638B5ED79F
:1001E000648B5FD7658B60D7678B61D7688B62D76D
:1001F000698B63D76A8B64D76B8B65D76D8B66D73A
:100200006E8B67D76F8B68D7708B69D7718B6AD706
:10021000728B6BD7738B6CD7748B6DD7758B6ED7D6
:10022000768B6FD7778B70D7788B71D7798B72D7A6
:100230007A8B73D77B8B74D77C8B75D77D8B76D776
:100240007E8B77D77F8B78D7808B79D7818B7AD746
:10025000828B7BD7838B7CD7848B7DD7858B7ED716
:10026000868B80D7878B81D7888B82D7898B83D7E2
:100270008A8B84D78B8B85D78C8B86D78D8B87D7B2
:100280008E8B88D78F8B89D7908B8AD7918B8BD782
:10029000928B8CD7938B8DD7948B8ED7958B8FD752
:1002A000968B90D7978B91D7988B92D7998B93D722
:1002B0009A8B94D79B8B95D79C8B96D79D8B97D7F2
:1002C0009E8B98D79F8B99D7AC8B9AD7B18B9BD7A6
:1002D000BB8B9CD7C78B9DD7D08B9ED7EA8B9FD7E4
:1002E000098CA0D71E8CA1D74F4FA2D7E86CA3D7FB
:1002F0005D79A4D77B9AA5D79362A6D72A72A7D790
:10030000FD62A8D7134EA9D71678AAD76C8FABD7A2
:10031000B064ACD75A8DADD7C67BAED76968AFD7BE
:10032000845EB0D7C588B1D78659B2D79E64B3D79B
:10033000EE58B4D7B672B5D70E69B6D72595B7D7EC
:10034000FD8FB8D7588DB9D76057BAD7007FBBD7C4
:10035000068CBCD7C651BDD74963BED7D962BFD7BB
:100360005353C0D74C68C1D72274C2D70183C3D7B7
:100370004C91C4D74455C5D74077C6D77C70C7D7F2
:100380004A6DC8D77951C9D7A854CAD7448DCBD79D
:10039000FF59CCD7CB6ECDD7C46DCED75C5BCFD752
:1003A0002B7DD0D7D44ED1D77D7CD2D7D36ED3D7A7
:1003B000505BD4D7EA81D5D70D6ED6D7575BD7D748
:1003C000039BD8D7D568D9D72A8EDAD7975BDBD7E6
:1003D000FC7EDCD73B60DDD7B57EDED7B990DFD7BA
:1003E000708DE0D74F59E1D7CD63E2D7DF79E3D7FE
:1003F000B38DE4D75253E5D7CF65E6D75679E7D723
:10040000C58BE8D73B96E9D7C47EEAD7BB94EBD738
:10041000827EECD73456EDD78991EED70067EFD7BF
:100420006A7FF0D70A5CF1D77590F2D72866F3D7C8
:10043000E65DF4D7504FF5D7DE67F6D75A50F7D7B9
:100440005C4FF8D75057F9D7A75E40D8388C41D8C1
:10045000398C42D83A8C43D83B8C44D83C8C45D814
:100460003D8C46D83E8C47D83F8C48D8408C49D8E4
:10047000428C4AD8438C4BD8448C4CD8458C4DD8B0
:10048000488C4ED84A8C4FD84B8C50D84D8C51D874
:100490004E8C52D84F8C53D8508C54D8518C55D840
:1004A000528C56D8538C57D8548C58D8568C59D80F
:1004B000578C5AD8588C5BD8598C5CD85B8C5DD8DB
:1004C0005C8C5ED85D8C5FD85E8C60D85F8C61D8A8
:1004D000608C62D8638C63D8648C64D8658C65D872
:1004E000668C66D8678C67D8688C68D8698C69D840
:1004F0006C8C6AD86D8C6BD86E8C6CD86F8C6DD808
:10050000708C6ED8718C6FD8728C70D8748C71D8D6
:10051000758C72D8768C73D8778C74D87B8C75D8A0
:100520007C8C76D87D8C77D87E8C78D87F8C79D867
:10053000808C7AD8818C7BD8838C7CD8848C7DD835
:10054000868C7ED8878C80D8888C81D88B8C82D8FA
:100550008D8C83D88E8C84D88F8C85D8908C86D8BF
:10056000918C87D8928C88D8938C89D8958C8AD88E
:10057000968C8BD8978C8CD8998C8DD89A8C8ED859
:100580009B8C8FD89C8C90D89D8C91D89E8C92D827
:100590009F8C93D8A08C94D8A18C95D8A28C96D8F7
:1005A000A38C97D8A48C98D8A58C99D8A68C9AD8C7
:1005B000A78C9BD8A88C9CD8A98C9DD8AA8C9ED897
:1005C000AB8C9FD8AC8CA0D8AD8CA1D88D4EA2D8C6
:1005D0000C4EA3D84051A4D8104EA5D8FF5EA6D883
:1005E0004553A7D8154EA8D8984EA9D81E4EAAD8BC
:1005F000329BABD86C5BACD86956ADD8284EAED820
:10060000BA79AFD83F4EB0D81553B1D8474EB2D80B
:100610002D59B3D83B72B4D86E53B5D8106CB6D838
:10062000DF56B7D8E480B8D89799B9D8D36BBAD881
:100630007E77BBD8179FBCD8364EBDD89F4EBED84C
:10064000109FBFD85C4EC0D8694EC1D8934EC2D857
:100650008882C3D85B5BC4D86C55C5D80F56C6D842
:10066000C44EC7D88D53C8D89D53C9D8A353CAD830
:10067000A553CBD8AE53CCD86597CDD85D8DCED809
:100680001A53CFD8F553D0D82653D1D82E53D2D819
:100690003E53D3D85C8DD4D86653D5D86353D6D8BF
:1006A0000252D7D80852D8D80E52D9D82D52DAD8FB
:1006B0003352DBD83F52DCD84052DDD84C52DED822
:1006C0005E52DFD86152E0D85C52E1D8AF84E2D804
:1006D0007D52E3D88252E4D88152E5D89052E6D8D0
:1006E0009352E7D88251E8D8547FE9D8BB4EEAD874
:1006F000C34EEBD8C94EECD8C24EEDD8E84EEED87A
:10070000E14EEFD8EB4EF0D8DE4EF1D81B4FF2D8C9
:10071000F34EF3D8224FF4D8644FF5D8F54EF6D8FF
:10072000254FF7D8274FF8D8094FF9D82B4FFAD8CB
:100730005E4FFBD8674FFCD83865FDD85A4FFED8BE
:100740005D4F40D9AE8C41D9AF8C42D9B08C43D9E2
:10075000B18C44D9B28C45D9B38C46D9B48C47D925
:10076000B58C48D9B68C49D9B78C4AD9B88C4BD9F5
:10077000B98C4CD9BA8C4DD9BB8C4ED9BC8C4FD9C5
:10078000BD8C50D9BE8C51D9BF8C52D9C08C53D995
:10079000C18C54D9C28C55D9C38C56D9C48C57D965
:1007A000C58C58D9C68C59D9C78C5AD9C88C5BD935
:1007B000C98C5CD9CA8C5DD9CB8C5ED9CC8C5FD905
:1007C000CD8C60D9CE8C61D9CF8C62D9D08C63D9D5
:1007D000D18C64D9D28C65D9D38C66D9D48C67D9A5
:1007E000D58C68D9D68C69D9D78C6AD9D88C6BD975
:1007F000D98C6CD9DA8C6DD9DB8C6ED9DC8C6FD945
:10080000DD8C70D9DE8C71D9DF8C72D9E08C73D914
:10081000E18C74D9E28C75D9E38C76D9E48C77D9E4
:10082000E58C78D9E68C79D9E78C7AD9E88C7BD9B4
:10083000E98C7CD9EA8C7DD9EB8C7ED9EC8C80D983
:10084000ED8C81D9EE8C82D9EF8C83D9F08C84D950
:10085000F18C85D9F28C86D9F38C87D9F48C88D920
:10086000F58C89D9F68C8AD9F78C8BD9F88C8CD9F0
:10087000F98C8DD9FA8C8ED9FB8C8FD9FC8C90D9C0
:10088000FD8C91D9FE8C92D9FF8C93D9008D94D98F
:10089000018D95D9028D96D9038D97D9048D98D95C
:1008A000058D99D9068D9AD9078D9BD9088D9CD92C
:1008B000098D9DD90A8D9ED90B8D9FD90C8DA0D9FC
:1008C0000D8DA1D95F4FA2D9574FA3D9324FA4D9CB
:1008D0003D4FA5D9764FA6D9744FA7D9914FA8D926
:1008E000894FA9D9834FAAD98F4FABD97E4FACD9A5
:1008F0007B4FADD9AA4FAED97C4FAFD9AC4FB0D951
:10090000944FB1D9E64FB2D9E84FB3D9EA4FB4D931
:10091000C54FB5D9DA4FB6D9E34FB7D9DC4FB8D9FF
:10092000D14FB9D9DF4FBAD9F84FBBD92950BCD96B
:100930004C50BDD9F34FBED92C50BFD90F50C0D9A0
:100940002E50C1D92D50C2D9FE4FC3D91C50C4D985
:100950000C50C5D92550C6D92850C7D97E50C8D902
:100960004350C9D95550CAD94850CBD94E50CCD98B
:100970006C50CDD97B50CED9A550CFD9A750D0D966
:10098000A950D1D9BA50D2D9D650D3D90651D4D939
:10099000ED50D5D9EC50D6D9E650D7D9EE50D8D9AC
:1009A0000751D9D90B51DAD9DD4EDBD93D6CDCD9F1
:1009B000584FDDD9654FDED9CE4FDFD9A09FE0D9A2
:1009C000466CE1D9747CE2D96E51E3D9FD5DE4D97E
:1009D000C99EE5D99899E6D98151E7D91459E8D942
:1009E000F952E9D90D53EAD9078AEBD91053ECD95A
:1009F000EB51EDD91959EED95551EFD9A04EF0D997
:100A00005651F1D9B34EF2D96E88F3D9A488F4D9EE
:100A1000B54EF5D91481F6D9D288F7D98079F8D9AD
:100A2000345BF9D90388FAD9B87FFBD9AB51FCD92B
:100A3000B151FDD9BD51FED9BC5140DA0E8D41DA1C
:100A40000F8D42DA108D43DA118D44DA128D45DABA
:100A5000138D46DA148D47DA158D48DA168D49DA8A
:100A6000178D4ADA188D4BDA198D4CDA1A8D4DDA5A
:100A70001B8D4EDA1C8D4FDA208D50DA518D51DAF4
:100A8000528D52DA578D53DA5F8D54DA658D55DA0F
:100A9000688D56DA698D57DA6A8D58DA6C8D59DAB5
:100AA0006E8D5ADA6F8D5BDA718D5CDA728D5DDA7C
:100AB000788D5EDA798D5FDA7A8D60DA7B8D61DA36
:100AC0007C8D62DA7D8D63DA7E8D64DA7F8D65DA06
:100AD000808D66DA828D67DA838D68DA868D69DAD1
:100AE000878D6ADA888D6BDA898D6CDA8C8D6DDA98
:100AF0008D8D6EDA8E8D6FDA8F8D70DA908D71DA62
:100B0000928D72DA938D73DA958D74DA968D75DA2B
:100B1000978D76DA988D77DA998D78DA9A8D79DAF9
:100B20009B8D7ADA9C8D7BDA9D8D7CDA9E8D7DDAC9
:100B3000A08D7EDAA18D80DAA28D81DAA48D82DA91
:100B4000A58D83DAA68D84DAA78D85DAA88D86DA5D
:100B5000A98D87DAAA8D88DAAB8D89DAAC8D8ADA2D
:100B6000AD8D8BDAAE8D8CDAAF8D8DDAB08D8EDAFD
:100B7000B28D8FDAB68D90DAB78D91DAB98D92DABF
:100B8000BB8D93DABD8D94DAC08D95DAC18D96DA7E
:100B9000C28D97DAC58D98DAC78D99DAC88D9ADA41
:100BA000C98D9BDACA8D9CDACD8D9DDAD08D9EDA07
:100BB000D28D9FDAD38DA0DAD48DA1DAC751A2DA13
:100BC0009651A3DAA251A4DAA551A5DAA08BA6DA30
:100BD000A68BA7DAA78BA8DAAA8BA9DAB48BAADA34
:100BE000B58BABDAB78BACDAC28BADDAC38BAEDACE
:100BF000CB8BAFDACF8BB0DACE8BB1DAD28BB2DA65
:100C0000D38BB3DAD48BB4DAD68BB5DAD88BB6DA29
:100C1000D98BB7DADC8BB8DADF8BB9DAE08BBADAEA
:100C2000E48BBBDAE88BBCDAE98BBDDAEE8BBEDA9B
:100C3000F08BBFDAF38BC0DAF68BC1DAF98BC2DA4C
:100C4000FC8BC3DAFF8BC4DA008CC5DA028CC6DAFF
:100C5000048CC7DA078CC8DA0C8CC9DA0F8CCADAB4
:100C6000118CCBDA128CCCDA148CCDDA158CCEDA6E
:100C7000168CCFDA198CD0DA1B8CD1DA188CD2DA38
:100C80001D8CD3DA1F8CD4DA208CD5DA218CD6DAFD
:100C9000258CD7DA278CD8DA2A8CD9DA2B8CDADAB9
:100CA0002E8CDBDA2F8CDCDA328CDDDA338CDEDA78
:100CB000358CDFDA368CE0DA6953E1DA7A53E2DA3E
:100CC0001D96E3DA2296E4DA2196E5DA3196E6DA41
:100CD0002A96E7DA3D96E8DA3C96E9DA4296EADACD
:100CE0004996EBDA5496ECDA5F96EDDA6796EEDA2F
:100CF0006C96EFDA7296F0DA7496F1DA8896F2DA98
:100D00008D96F3DA9796F4DAB096F5DA9790F6DAEC
:100D10009B90F7DA9D90F8DA9990F9DAAC90FADACC
:100D2000A190FBDAB490FCDAB390FDDAB690FEDA6B
:100D3000BA9040DBD58D41DBD88D42DBD98D43DBCA
:100D4000DC8D44DBE08D45DBE18D46DBE28D47DB6E
:100D5000E58D48DBE68D49DBE78D4ADBE98D4BDB32
:100D6000ED8D4CDBEE8D4DDBF08D4EDBF18D4FDBF1
:100D7000F28D50DBF48D51DBF68D52DBFC8D53DBB5
:100D8000FE8D54DBFF8D55DB008E56DB018E57DB6D
:100D9000028E58DB038E59DB048E5ADB068E5BDB3A
:100DA000078E5CDB088E5DDB0B8E5EDB0D8E5FDB02
:100DB0000E8E60DB108E61DB118E62DB128E63DBC8
:100DC000138E64DB158E65DB168E66DB178E67DB94
:100DD000188E68DB198E69DB1A8E6ADB1B8E6BDB63
:100DE0001C8E6CDB208E6DDB218E6EDB248E6FDB28
:100DF000258E70DB268E71DB278E72DB288E73DBEF
:100E00002B8E74DB2D8E75DB308E76DB328E77DBAE
:100E1000338E78DB348E79DB368E7ADB378E7BDB74
:100E2000388E7CDB3B8E7DDB3C8E7EDB3E8E80DB3A
:100E30003F8E81DB438E82DB458E83DB468E84DBF7
:100E40004C8E85DB4D8E86DB4E8E87DB4F8E88DBAE
:100E5000508E89DB538E8ADB548E8BDB558E8CDB78
:100E6000568E8DDB578E8EDB588E8FDB5A8E90DB45
:100E70005B8E91DB5C8E92DB5D8E93DB5E8E94DB12
:100E80005F8E95DB608E96DB618E97DB628E98DBE2
:100E9000638E99DB648E9ADB658E9BDB678E9CDBB1
:100EA000688E9DDB6A8E9EDB6B8E9FDB6E8EA0DB79
:100EB000718EA1DBB890A2DBB090A3DBCF90A4DB56
:100EC000C590A5DBBE90A6DBD090A7DBC490A8DBC5
:100ED000C790A9DBD390AADBE690ABDBE290ACDB5A
:100EE000DC90ADDBD790AEDBDB90AFDBEB90B0DB23
:100EF000EF90B1DBFE90B2DB0491B3DB2291B4DB67
:100F00001E91B5DB2391B6DB3191B7DB2F91B8DBB6
:100F10003991B9DB4391BADB4691BBDB0D52BCDBA7
:100F20004259BDDBA252BEDBAC52BFDBAD52C0DBCF
:100F3000BE52C1DBFF54C2DBD052C3DBD652C4DB8E
:100F4000F052C5DBDF53C6DBEE71C7DBCD77C8DB04
:100F5000F45EC9DBF551CADBFC51CBDB2F9BCCDB4C
:100F6000B653CDDB015FCEDB5A75CFDBEF5DD0DB57
:100F70004C57D1DBA957D2DBA157D3DB7E58D4DB4A
:100F8000BC58D5DBC558D6DBD158D7DB2957D8DBC1
:100F90002C57D9DB2A57DADB3357DBDB3957DCDB5D
:100FA0002E57DDDB2F57DEDB5C57DFDB3B57E0DB0B
:100FB0004257E1DB6957E2DB8557E3DB6B57E4DB44
:100FC0008657E5DB7C57E6DB7B57E7DB6857E8DBDA
:100FD0006D57E9DB7657EADB7357EBDBAD57ECDB9C
:100FE000A457EDDB8C57EEDBB257EFDBCF57F0DBCE
:100FF000A757F1DBB457F2DB9357F3DBA057F4DBD1
:10100000D557F5DBD857F6DBDA57F7DBD957F8DBDE
:10101000D257F9DBB857FADBF457FBDBEF57FCDBB1
:10102000F857FDDBE457FEDBDD5740DC738E41DC17
:10103000758E42DC778E43DC788E44DC798E45DC1D
:101040007A8E46DC7B8E47DC7D8E48DC7E8E49DCEA
:10105000808E4ADC828E4BDC838E4CDC848E4DDCB1
:10106000868E4EDC888E4FDC898E50DC8A8E51DC79
:101070008B8E52DC8C8E53DC8D8E54DC8E8E55DC48
:10108000918E56DC928E57DC938E58DC958E59DC0F
:10109000968E5ADC978E5BDC988E5CDC998E5DDCDC
:1010A0009A8E5EDC9B8E5FDC9D8E60DC9F8E61DCA9
:1010B000A08E62DCA18E63DCA28E64DCA38E65DC74
:1010C000A48E66DCA58E67DCA68E68DCA78E69DC44
:1010D000A88E6ADCA98E6BDCAA8E6CDCAD8E6DDC12
:1010E000AE8E6EDCB08E6FDCB18E70DCB38E71DCD8
:1010F000B48E72DCB58E73DCB68E74DCB78E75DCA4
:10110000B88E76DCB98E77DCBB8E78DCBC8E79DC71
:10111000BD8E7ADCBE8E7BDCBF8E7CDCC08E7DDC3F
:10112000C18E7EDCC28E80DCC38E81DCC48E82DC0C
:10113000C58E83DCC68E84DCC78E85DCC88E86DCDB
:10114000C98E87DCCA8E88DCCB8E89DCCC8E8ADCAB
:10115000CD8E8BDCCF8E8CDCD08E8DDCD18E8EDC78
:10116000D28E8FDCD38E90DCD48E91DCD58E92DC47
:10117000D68E93DCD78E94DCD88E95DCD98E96DC17
:10118000DA8E97DCDB8E98DCDC8E99DCDD8E9ADCE7
:10119000DE8E9BDCDF8E9CDCE08E9DDCE18E9EDCB7
:1011A000E28E9FDCE38EA0DCE48EA1DC0B58A2DC97
:1011B0000D58A3DCFD57A4DCED57A5DC0058A6DCD8
:1011C0001E58A7DC1958A8DC4458A9DC2058AADC12
:1011D0006558ABDC6C58ACDC8158ADDC8958AEDCB2
:1011E0009A58AFDC8058B0DCA899B1DC199FB2DC0A
:1011F000FF61B3DC7982B4DC7D82B5DC7F82B6DC52
:101200008F82B7DC8A82B8DCA882B9DC8482BADC3F
:101210008E82BBDC9182BCDC9782BDDC9982BEDC15
:10122000AB82BFDCB882C0DCBE82C1DCB082C2DC73
:10123000C882C3DCCA82C4DCE382C5DC9882C6DC17
:10124000B782C7DCAE82C8DCCB82C9DCCC82CADC08
:10125000C182CBDCA982CCDCB482CDDCA182CEDC25
:10126000AA82CFDC9F82D0DCC482D1DCCE82D2DCE9
:10127000A482D3DCE182D4DC0983D5DCF782D6DC1E
:10128000E482D7DC0F83D8DC0783D9DCDC82DADCAC
:10129000F482DBDCD282DCDCD882DDDC0C83DEDCB9
:1012A000FB82DFDCD382E0DC1183E1DC1A83E2DC49
:1012B0000683E3DC1483E4DC1583E5DCE082E6DC12
:1012C000D582E7DC1C83E8DC5183E9DC5B83EADC64
:1012D0005C83EBDC0883ECDC9283EDDC3C83EEDCAE
:1012E0003483EFDC3183F0DC9B83F1DC5E83F2DC62
:1012F0002F83F3DC4F83F4DC4783F5DC4383F6DC98
:101300005F83F7DC4083F8DC1783F9DC6083FADC69
:101310002D83FBDC3A83FCDC3383FDDC6683FEDC5F
:10132000658340DDE58E41DDE68E42DDE78E43DDFF
:10133000E88E44DDE98E45DDEA8E46DDEB8E47DD45
:10134000EC8E48DDED8E49DDEE8E4ADDEF8E4BDD15
:10135000F08E4CDDF18E4DDDF28E4EDDF38E4FDDE5
:10136000F48E50DDF58E51DDF68E52DDF78E53DDB5
:10137000F88E54DDF98E55DDFA8E56DDFB8E57DD85
:10138000FC8E58DDFD8E59DDFE8E5ADDFF8E5BDD55
:10139000008F5CDD018F5DDD028F5EDD038F5FDD21
:1013A000048F60DD058F61DD068F62DD078F63DDF1
:1013B000088F64DD098F65DD0A8F66DD0B8F67DDC1
:1013C0000C8F68DD0D8F69DD0E8F6ADD0F8F6BDD91
:1013D000108F6CDD118F6DDD128F6EDD138F6FDD61
:1013E000148F70DD158F71DD168F72DD178F73DD31
:1013F000188F74DD198F75DD1A8F76DD1B8F77DD01
:101400001C8F78DD1D8F79DD1E8F7ADD1F8F7BDDD0
:10141000208F7CDD218F7DDD228F7EDD238F80DD9F
:10142000248F81DD258F82DD268F83DD278F84DD6C
:10143000288F85DD298F86DD2A8F87DD2B8F88DD3C
:101440002C8F89DD2D8F8ADD2E8F8BDD2F8F8CDD0C
:10145000308F8DDD318F8EDD328F8FDD338F90DDDC
:10146000348F91DD358F92DD368F93DD378F94DDAC
:10147000388F95DD398F96DD3A8F97DD3B8F98DD7C
:101480003C8F99DD3D8F9ADD3E8F9BDD3F8F9CDD4C
:10149000408F9DDD418F9EDD428F9FDD438FA0DD1C
:1014A000448FA1DD6883A2DD1B83A3DD6983A4DDF6
:1014B0006C83A5DD6A83A6DD6D83A7DD6E83A8DD61
:1014C000B083A9DD7883AADDB383ABDDB483ACDD63
:1014D000A083ADDDAA83AEDD9383AFDD9C83B0DD59
:1014E0008583B1DD7C83B2DDB683B3DDA983B4DD52
:1014F0007D83B5DDB883B6DD7B83B7DD9883B8DD4A
:101500009E83B9DDA883BADDBA83BBDDBC83BCDDB5
:10151000C183BDDD0184BEDDE583BFDDD883C0DDD1
:101520000758C1DD1884C2DD0B84C3DDDD83C4DD53
:10153000FD83C5DDD683C6DD1C84C7DD3884C8DDE8
:101540001184C9DD0684CADDD483CBDDDF83CCDD25
:101550000F84CDDD0384CEDDF883CFDDF983D0DDCC
:10156000EA83D1DDC583D2DDC083D3DD2684D4DD1B
:10157000F083D5DDE183D6DD5C84D7DD5184D8DD11
:101580005A84D9DD5984DADD7384DBDD8784DCDDC0
:101590008884DDDD7A84DEDD8984DFDD7884E0DD4A
:1015A0003C84E1DD4684E2DD6984E3DD7684E4DDCC
:1015B0008C84E5DD8E84E6DD3184E7DD6D84E8DD55
:1015C000C184E9DDCD84EADDD084EBDDE684ECDDA9
:1015D000BD84EDDDD384EEDDCA84EFDDBF84F0DDB4
:1015E000BA84F1DDE084F2DDA184F3DDB984F4DDB9
:1015F000B484F5DD9784F6DDE584F7DDE384F8DD7A
:101600000C85F9DD0D75FADD3885FBDDF084FCDD38
:101610003985FDDD1F85FEDD3A8540DE458F41DEE3
:10162000468F42DE478F43DE488F44DE498F45DEDA
:101630004A8F46DE4B8F47DE4C8F48DE4D8F49DEAA
:101640004E8F4ADE4F8F4BDE508F4CDE518F4DDE7A
:10165000528F4EDE538F4FDE548F50DE558F51DE4A
:10166000568F52DE578F53DE588F54DE598F55DE1A
:101670005A8F56DE5B8F57DE5C8F58DE5D8F59DEEA
:101680005E8F5ADE5F8F5BDE608F5CDE618F5DDEBA
:10169000628F5EDE638F5FDE648F60DE658F61DE8A
:1016A0006A8F62DE808F63DE8C8F64DE928F65DEF0
:1016B0009D8F66DEA08F67DEA18F68DEA28F69DE58
:1016C000A48F6ADEA58F6BDEA68F6CDEA78F6DDE22
:1016D000AA8F6EDEAC8F6FDEAD8F70DEAE8F71DEE7
:1016E000AF8F72DEB28F73DEB38F74DEB48F75DEB0
:1016F000B58F76DEB78F77DEB88F78DEBA8F79DE7A
:10170000BB8F7ADEBC8F7BDEBF8F7CDEC08F7DDE41
:10171000C38F7EDEC68F80DEC98F81DECA8F82DEF8
:10172000CB8F83DECC8F84DECD8F85DECF8F86DEC0
:10173000D28F87DED68F88DED78F89DEDA8F8ADE7A
:10174000E08F8BDEE18F8CDEE38F8DDEE78F8EDE28
:10175000EC8F8FDEEF8F90DEF18F91DEF28F92DED5
:10176000F48F93DEF58F94DEF68F95DEFA8F96DE9A
:10177000FB8F97DEFC8F98DEFE8F99DEFF8F9ADE5F
:1017800007909BDE08909CDE0C909DDE0E909EDE06
:1017900013909FDE1590A0DE1890A1DE5685A2DE84
:1017A0003B85A3DEFF84A4DEFC84A5DE5985A6DE8E
:1017B0004885A7DE6885A8DE6485A9DE5E85AADE89
:1017C0007A85ABDEA277ACDE4385ADDE7285AEDE18
:1017D0007B85AFDEA485B0DEA885B1DE8785B2DE6D
:1017E0008F85B3DE7985B4DEAE85B5DE9C85B6DE49
:1017F0008585B7DEB985B8DEB785B9DEB085BADED6
:10180000D385BBDEC185BCDEDC85BDDEFF85BEDEEB
:101810002786BFDE0586C0DE2986C1DE1686C2DECB
:101820003C86C3DEFE5EC4DE085FC5DE3C59C6DE14
:101830004159C7DE3780C8DE5559C9DE5A59CADE5C
:101840005859CBDE0F53CCDE225CCDDE255CCEDEDC
:101850002C5CCFDE345CD0DE4C62D1DE6A62D2DE3C
:101860009F62D3DEBB62D4DECA62D5DEDA62D6DE28
:10187000D762D7DEEE62D8DE2263D9DEF662DADE28
:101880003963DBDE4B63DCDE4363DDDEAD63DEDE6E
:10189000F663DFDE7163E0DE7A63E1DE8E63E2DE53
:1018A000B463E3DE6D63E4DEAC63E5DE8A63E6DE4B
:1018B0006963E7DEAE63E8DEBC63E9DEF263EADEBD
:1018C000F863EBDEE063ECDEFF63EDDEC463EEDEC7
:1018D000DE63EFDECE63F0DE5264F1DEC663F2DE7D
:1018E000BE63F3DE4564F4DE4164F5DE0B64F6DED0
:1018F0001B64F7DE2064F8DE0C64F9DE2664FADE91
:101900002164FBDE5E64FCDE8464FDDE6D64FEDE6D
:10191000966440DF199041DF1C9042DF239043DF43
:10192000249044DF259045DF279046DF289047DF4D
:10193000299048DF2A9049DF2B904ADF2C904BDF1B
:1019400030904CDF31904DDF32904EDF33904FDFDF
:10195000349050DF379051DF399052DF3A9053DFA7
:101960003D9054DF3F9055DF409056DF439057DF66
:10197000459058DF469059DF48905ADF49905BDF29
:101980004A905CDF4B905DDF4C905EDF4E905FDFF6
:10199000549060DF559061DF569062DF599063DFAD
:1019A0005A9064DF5C9065DF5D9066DF5E9067DF74
:1019B0005F9068DF609069DF61906ADF64906BDF41
:1019C00066906CDF67906DDF69906EDF6A906FDF05
:1019D0006B9070DF6C9071DF6F9072DF709073DFCF
:1019E000719074DF729075DF739076DF769077DF99
:1019F000779078DF789079DF79907ADF7A907BDF63
:101A00007B907CDF7C907DDF7E907EDF819080DF2D
:101A1000849081DF859082DF869083DF879084DFEA
:101A2000899085DF8A9086DF8C9087DF8D9088DFB4
:101A30008E9089DF8F908ADF90908BDF92908CDF81
:101A400094908DDF96908EDF98908FDF9A9090DF44
:101A50009C9091DF9E9092DF9F9093DFA09094DF07
:101A6000A49095DFA59096DFA79097DFA89098DFC8
:101A7000A99099DFAB909ADFAD909BDFB2909CDF8D
:101A8000B7909DDFBC909EDFBD909FDFBF90A0DF31
:101A9000C090A1DF7A64A2DFB764A3DFB864A4DFDB
:101AA0009964A5DFBA64A6DFC064A7DFD064A8DFAD
:101AB000D764A9DFE464AADFE264ABDF0965ACDFC9
:101AC0002565ADDF2E65AEDF0B5FAFDFD25FB0DF28
:101AD0001975B1DF115FB2DF5F53B3DFF153B4DFCC
:101AE000FD53B5DFE953B6DFE853B7DFFB53B8DF8B
:101AF0001254B9DF1654BADF0654BBDF4B54BCDFB7
:101B00005254BDDF5354BEDF5454BFDF5654C0DFC0
:101B10004354C1DF2154C2DF5754C3DF5954C4DFDB
:101B20002354C5DF3254C6DF8254C7DF9454C8DF64
:101B30007754C9DF7154CADF6454CBDF9A54CCDFC9
:101B40009B54CDDF8454CEDF7654CFDF6654D0DF94
:101B50009D54D1DFD054D2DFAD54D3DFC254D4DF93
:101B6000B454D5DFD254D6DFA754D7DFA654D8DF7C
:101B7000D354D9DFD454DADF7254DBDFA354DCDF73
:101B8000D554DDDFBB54DEDFBF54DFDFCC54E0DFF4
:101B9000D954E1DFDA54E2DFDC54E3DFA954E4DFB7
:101BA000AA54E5DFA454E6DFDD54E7DFCF54E8DFD5
:101BB000DE54E9DF1B55EADFE754EBDF2055ECDFAD
:101BC000FD54EDDF1455EEDFF354EFDF2255F0DF67
:101BD0002355F1DF0F55F2DF1155F3DF2755F4DF01
:101BE0002A55F5DF6755F6DF8F55F7DFB555F8DF76
:101BF0004955F9DF6D55FADF4155FBDF5555FCDFDF
:101C00003F55FDDF5055FEDF3C5540E0C29041E0BE
:101C1000C39042E0C69043E0C89044E0C99045E0DC
:101C2000CB9046E0CC9047E0CD9048E0D29049E0A0
:101C3000D4904AE0D5904BE0D6904CE0D8904DE05F
:101C4000D9904EE0DA904FE0DE9050E0DF9051E026
:101C5000E09052E0E39053E0E49054E0E59055E0EA
:101C6000E99056E0EA9057E0EC9058E0EE9059E0A9
:101C7000F0905AE0F1905BE0F2905CE0F3905DE070
:101C8000F5905EE0F6905FE0F79060E0F99061E03B
:101C9000FA9062E0FB9063E0FC9064E0FF9065E006
:101CA000009166E0019167E0039168E0059169E0C9
:101CB00006916AE007916BE008916CE009916DE094
:101CC0000A916EE00B916FE00C9170E00D9171E064
:101CD0000E9172E00F9173E0109174E0119175E034
:101CE000129176E0139177E0149178E0159179E004
:101CF00016917AE017917BE018917CE01A917DE0D3
:101D00001B917EE01C9180E01D9181E01F9182E09B
:101D1000209183E0219184E0249185E0259186E063
:101D2000269187E0279188E0289189E029918AE02F
:101D30002A918BE02B918CE02C918DE02D918EE0FF
:101D40002E918FE0309190E0329191E0339192E0CA
:101D5000349193E0359194E0369195E0379196E097
:101D6000389197E03A9198E03B9199E03C919AE064
:101D70003D919BE03E919CE03F919DE040919EE033
:101D800041919FE04291A0E04491A1E03755A2E04B
:101D90005655A3E07555A4E07655A5E07755A6E025
:101DA0003355A7E03055A8E05C55A9E08B55AAE073
:101DB000D255ABE08355ACE0B155ADE0B955AEE0DE
:101DC0008855AFE08155B0E09F55B1E07E55B2E057
:101DD000D655B3E09155B4E07B55B5E0DF55B6E09C
:101DE000BD55B7E0BE55B8E09455B9E09955BAE095
:101DF000EA55BBE0F755BCE0C955BDE01F56BEE053
:101E0000D155BFE0EB55C0E0EC55C1E0D455C2E080
:101E1000E655C3E0DD55C4E0C455C5E0EF55C6E066
:101E2000E555C7E0F255C8E0F355C9E0CC55CAE026
:101E3000CD55CBE0E855CCE0F555CDE0E455CEE00E
:101E4000948FCFE01E56D0E00856D1E00C56D2E079
:101E50000156D3E02456D4E02356D5E0FE55D6E013
:101E60000056D7E02756D8E02D56D9E05856DAE08C
:101E70003956DBE05756DCE02C56DDE04D56DEE00F
:101E80006256DFE05956E0E05C56E1E04C56E2E095
:101E90005456E3E08656E4E06456E5E07156E6E029
:101EA0006B56E7E07B56E8E07C56E9E08556EAE0D1
:101EB0009356EBE0AF56ECE0D456EDE0D756EEE0AB
:101EC000DD56EFE0E156F0E0F556F1E0EB56F2E0DA
:101ED000F956F3E0FF56F4E00457F5E00A57F6E050
:101EE0000957F7E01C57F8E00F5EF9E0195EFAE0D9
:101EF000145EFBE0115EFCE0315EFDE03B5EFEE067
:101F00003C5E40E1459141E1479142E1489143E126
:101F1000519144E1539145E1549146E1559147E196
:101F2000569148E1589149E159914AE15B914BE161
:101F30005C914CE15F914DE160914EE166914FE122
:101F4000679150E1689151E16B9152E16D9153E1DC
:101F5000739154E17A9155E17B9156E17C9157E17F
:101F6000809158E1819159E182915AE183915BE13D
:101F700084915CE186915DE188915EE18A915FE107
:101F80008E9160E18F9161E1939162E1949163E1BF
:101F9000959164E1969165E1979166E1989167E189
:101FA000999168E19C9169E19D916AE19E916BE153
:101FB0009F916CE1A0916DE1A1916EE1A4916FE11F
:101FC000A59170E1A69171E1A79172E1A89173E1E9
:101FD000A99174E1AB9175E1AC9176E1B09177E1B3
:101FE000B19178E1B29179E1B3917AE1B6917BE177
:101FF000B7917CE1B8917DE1B9917EE1BB9180E13F
:10200000BC9181E1BD9182E1BE9183E1BF9184E108
:10201000C09185E1C19186E1C29187E1C39188E1D8
:10202000C49189E1C5918AE1C6918BE1C8918CE1A7
:10203000CB918DE1D0918EE1D2918FE1D39190E15E
:10204000D49191E1D59192E1D69193E1D79194E128
:10205000D89195E1D99196E1DA9197E1DB9198E1F8
:10206000DD9199E1DE919AE1DF919BE1E0919CE1C4
:10207000E1919DE1E2919EE1E3919FE1E491A0E194
:10208000E591A1E1375EA2E1445EA3E1545EA4E1E3
:102090005B5EA5E15E5EA6E1615EA7E18C5CA8E106
:1020A0007A5CA9E18D5CAAE1905CABE1965CACE165
:1020B000885CADE1985CAEE1995CAFE1915CB0E128
:1020C0009A5CB1E19C5CB2E1B55CB3E1A25CB4E1C5
:1020D000BD5CB5E1AC5CB6E1AB5CB7E1B15CB8E16D
:1020E000A35CB9E1C15CBAE1B75CBBE1C45CBCE133
:1020F000D25CBDE1E45CBEE1CB5CBFE1E55CC0E18C
:10210000025DC1E1035DC2E1275DC3E1265DC4E17B
:102110002E5DC5E1245DC6E11E5DC7E1065DC8E137
:102120001B5DC9E1585DCAE13E5DCBE1345DCCE1A8
:102130003D5DCDE16C5DCEE15B5DCFE16F5DD0E1FA
:102140005D5DD1E16B5DD2E14B5DD3E14A5DD4E1F0
:10215000695DD5E1745DD6E1825DD7E1995DD8E135
:102160009D5DD9E1738CDAE1B75DDBE1C55DDCE152
:10217000735FDDE1775FDEE1825FDFE1875FE0E1F2
:10218000895FE1E18C5FE2E1955FE3E1995FE4E182
:102190009C5FE5E1A85FE6E1AD5FE7E1B55FE8E1FF
:1021A000BC5FE9E16288EAE1615FEBE1AD72ECE11D
:1021B000B072EDE1B472EEE1B772EFE1B872F0E146
:1021C000C372F1E1C172F2E1CE72F3E1CD72F4E1DA
:1021D000D272F5E1E872F6E1EF72F7E1E972F8E147
:1021E000F272F9E1F472FAE1F772FBE10173FCE1DA
:1021F000F372FDE10373FEE1FA7240E2E69141E21F
:10220000E79142E2E89143E2E99144E2EA9145E252
:10221000EB9146E2EC9147E2ED9148E2EE9149E222
:10222000EF914AE2F0914BE2F1914CE2F2914DE2F2
:10223000F3914EE2F4914FE2F59150E2F69151E2C2
:10224000F79152E2F89153E2F99154E2FA9155E292
:10225000FB9156E2FC9157E2FD9158E2FE9159E262
:10226000FF915AE200925BE201925CE202925DE22F
:1022700003925EE204925FE2059260E2069261E2FE
:10228000079262E2089263E2099264E20A9265E2CE
:102290000B9266E20C9267E20D9268E20E9269E29E
:1022A0000F926AE210926BE211926CE212926DE26E
:1022B00013926EE214926FE2159270E2169271E23E
:1022C000179272E2189273E2199274E21A9275E20E
:1022D0001B9276E21C9277E21D9278E21E9279E2DE
:1022E0001F927AE220927BE221927CE222927DE2AE
:1022F00023927EE2249280E2259281E2269282E27B
:10230000279283E2289284E2299285E22A9286E249
:102310002B9287E22C9288E22D9289E22E928AE219
:102320002F928BE230928CE231928DE232928EE2E9
:1023300033928FE2349290E2359291E2369292E2B9
:10234000379293E2389294E2399295E23A9296E289
:102350003B9297E23C9298E23D9299E23E929AE259
:102360003F929BE240929CE241929DE242929EE229
:1023700043929FE24492A0E24592A1E2FB72A2E264
:102380001773A3E21373A4E22173A5E20A73A6E212
:102390001E73A7E21D73A8E21573A9E22273AAE2D5
:1023A0003973ABE22573ACE22C73ADE23873AEE265
:1023B0003173AFE25073B0E24D73B1E25773B2E2E2
:1023C0006073B3E26C73B4E26F73B5E27E73B6E22E
:1023D0001B82B7E22559B8E2E798B9E22459BAE27C
:1023E0000259BBE26399BCE26799BDE26899BEE21B
:1023F0006999BFE26A99C0E26B99C1E26C99C2E245
:102400007499C3E27799C4E27D99C5E28099C6E2E6
:102410008499C7E28799C8E28A99C9E28D99CAE28C
:102420009099CBE29199CCE29399CDE29499CEE246
:102430009599CFE2805ED0E2915ED1E28B5ED2E2EE
:10244000965ED3E2A55ED4E2A05ED5E2B95ED6E2A6
:10245000B55ED7E2BE5ED8E2B35ED9E2538DDAE272
:10246000D25EDBE2D15EDCE2DB5EDDE2E85EDEE294
:10247000EA5EDFE2BA81E0E2C45FE1E2C95FE2E284
:10248000D65FE3E2CF5FE4E20360E5E2EE5FE6E21F
:102490000460E7E2E15FE8E2E45FE9E2FE5FEAE2CE
:1024A0000560EBE20660ECE2EA5FEDE2ED5FEEE292
:1024B000F85FEFE21960F0E23560F1E22660F2E2E7
:1024C0001B60F3E20F60F4E20D60F5E22960F6E2D2
:1024D0002B60F7E20A60F8E23F60F9E22160FAE27D
:1024E0007860FBE27960FCE27B60FDE27A60FEE20C
:1024F000426040E3469241E3479242E3489243E31D
:10250000499244E34A9245E34B9246E34C9247E3B7
:102510004D9248E34E9249E34F924AE350924BE387
:1025200051924CE352924DE353924EE354924FE357
:10253000559250E3569251E3579252E3589253E327
:10254000599254E35A9255E35B9256E35C9257E3F7
:102550005D9258E35E9259E35F925AE360925BE3C7
:1025600061925CE362925DE363925EE364925FE397
:10257000659260E3669261E3679262E3689263E367
:10258000699264E36A9265E36B9266E36C9267E337
:102590006D9268E36E9269E36F926AE370926BE307
:1025A00071926CE372926DE373926EE375926FE3D6
:1025B000769270E3779271E3789272E3799273E3A3
:1025C0007A9274E37B9275E37C9276E37D9277E373
:1025D0007E9278E37F9279E380927AE381927BE343
:1025E00082927CE383927DE384927EE3859280E312
:1025F000869281E3879282E3889283E3899284E3DF
:102600008A9285E38B9286E38C9287E38D9288E3AE
:102610008F9289E390928AE391928BE392928CE37A
:1026200093928DE394928EE395928FE3969290E34A
:10263000979291E3989292E3999293E39A9294E31A
:102640009B9295E39C9296E39D9297E39E9298E3EA
:102650009F9299E3A0929AE3A1929BE3A2929CE3BA
:10266000A3929DE3A4929EE3A5929FE3A692A0E38A
:10267000A792A1E36A60A2E37D60A3E39660A4E36E
:102680009A60A5E3AD60A6E39D60A7E38360A8E33D
:102690009260A9E38C60AAE39B60ABE3EC60ACE3DF
:1026A000BB60ADE3B160AEE3DD60AFE3D860B0E343
:1026B000C660B1E3DA60B2E3B460B3E32061B4E3CF
:1026C0002661B5E31561B6E32361B7E3F460B8E3CF
:1026D0000061B9E30E61BAE32B61BBE34A61BCE37D
:1026E0007561BDE3AC61BEE39461BFE3A761C0E384
:1026F000B761C1E3D461C2E3F561C3E3DD5FC4E365
:10270000B396C5E3E995C6E3EB95C7E3F195C8E356
:10271000F395C9E3F595CAE3F695CBE3FC95CCE3D5
:10272000FE95CDE30396CEE30496CFE30696D0E381
:102730000896D1E30A96D2E30B96D3E30C96D4E342
:102740000D96D5E30F96D6E31296D7E31596D8E308
:102750001696D9E31796DAE31996DBE31A96DCE3CB
:102760002C4EDDE33F72DEE31562DFE3356CE0E320
:10277000546CE1E35C6CE2E34A6CE3E3A36CE4E3F6
:10278000856CE5E3906CE6E3946CE7E38C6CE8E33E
:10279000686CE9E3696CEAE3746CEBE3766CECE398
:1027A000866CEDE3A96CEEE3D06CEFE3D46CF0E360
:1027B000AD6CF1E3F76CF2E3F86CF3E3F16CF4E386
:1027C000D76CF5E3B26CF6E3E06CF7E3D66CF8E3B4
:1027D000FA6CF9E3EB6CFAE3EE6CFBE3B16CFCE34F
:1027E000D36CFDE3EF6CFEE3FE6C40E4A89241E4A1
:1027F000A99242E4AA9243E4AB9244E4AC9245E449
:10280000AD9246E4AF9247E4B09248E4B19249E415
:10281000B2924AE4B3924BE4B4924CE4B5924DE4E4
:10282000B6924EE4B7924FE4B89250E4B99251E4B4
:10283000BA9252E4BB9253E4BC9254E4BD9255E484
:10284000BE9256E4BF9257E4C09258E4C19259E454
:10285000C2925AE4C3925BE4C4925CE4C5925DE424
:10286000C6925EE4C7925FE4C99260E4CA9261E4F2
:10287000CB9262E4CC9263E4CD9264E4CE9265E4C0
:10288000CF9266E4D09267E4D19268E4D29269E490
:10289000D3926AE4D4926BE4D5926CE4D6926DE460
:1028A000D7926EE4D8926FE4D99270E4DA9271E430
:1028B000DB9272E4DC9273E4DD9274E4DE9275E400
:1028C000DF9276E4E09277E4E19278E4E29279E4D0
:1028D000E3927AE4E4927BE4E5927CE4E6927DE4A0
:1028E000E7927EE4E89280E4E99281E4EA9282E46D
:1028F000EB9283E4EC9284E4ED9285E4EE9286E43C
:10290000EF9287E4F09288E4F19289E4F2928AE40B
:10291000F3928BE4F4928CE4F5928DE4F6928EE4DB
:10292000F7928FE4F89290E4F99291E4FA9292E4AB
:10293000FB9293E4FC9294E4FD9295E4FE9296E47B
:10294000FF9297E4009398E4019399E402939AE448
:1029500003939BE404939CE405939DE406939EE417
:1029600007939FE40893A0E40993A1E4396DA2E4DE
:10297000276DA3E40C6DA4E4436DA5E4486DA6E4C3
:10298000076DA7E4046DA8E4196DA9E40E6DAAE42F
:102990002B6DABE44D6DACE42E6DADE4356DAEE466
:1029A0001A6DAFE44F6DB0E4526DB1E4546DB2E412
:1029B000336DB3E4916DB4E46F6DB5E49E6DB6E430
:1029C000A06DB7E45E6DB8E4936DB9E4946DBAE4BC
:1029D0005C6DBBE4606DBCE47C6DBDE4636DBEE426
:1029E0001A6EBFE4C76DC0E4C56DC1E4DE6DC2E41C
:1029F0000E6EC3E4BF6DC4E4E06DC5E4116EC6E4C1
:102A0000E66DC7E4DD6DC8E4D96DC9E4166ECAE4AD
:102A1000AB6DCBE40C6ECCE4AE6DCDE42B6ECEE4AE
:102A20006E6ECFE44E6ED0E46B6ED1E4B26ED2E443
:102A30005F6ED3E4866ED4E4536ED5E4546ED6E470
:102A4000326ED7E4256ED8E4446ED9E4DF6EDAE462
:102A5000B16EDBE4986EDCE4E06EDDE42D6FDEE465
:102A6000E26EDFE4A56EE0E4A76EE1E4BD6EE2E4B1
:102A7000BB6EE3E4B76EE4E4D76EE5E4B46EE6E47F
:102A8000CF6EE7E48F6EE8E4C26EE9E49F6EEAE49D
:102A9000626FEBE4466FECE4476FEDE4246FEEE425
:102AA000156FEFE4F96EF0E42F6FF1E4366FF2E4A6
:102AB0004B6FF3E4746FF4E42A6FF5E4096FF6E406
:102AC000296FF7E4896FF8E48D6FF9E48C6FFAE40D
:102AD000786FFBE4726FFCE47C6FFDE47A6FFEE4D8
:102AE000D16F40E50A9341E50B9342E50C9343E532
:102AF0000D9344E50E9345E50F9346E5109347E5A6
:102B0000119348E5129349E513934AE514934BE575
:102B100015934CE516934DE517934EE518934FE545
:102B2000199350E51A9351E51B9352E51C9353E515
:102B30001D9354E51E9355E51F9356E5209357E5E5
:102B4000219358E5229359E523935AE524935BE5B5
:102B500025935CE526935DE527935EE528935FE585
:102B6000299360E52A9361E52B9362E52C9363E555
:102B70002D9364E52E9365E52F9366E5309367E525
:102B8000319368E5329369E533936AE534936BE5F5
:102B900035936CE536936DE537936EE538936FE5C5
:102BA000399370E53A9371E53B9372E53C9373E595
:102BB0003D9374E53F9375E5409376E5419377E562
:102BC000429378E5439379E544937AE545937BE531
:102BD00046937CE547937DE548937EE5499380E500
:102BE0004A9381E54B9382E54C9383E54D9384E5CD
:102BF0004E9385E54F9386E5509387E5519388E59D
:102C0000529389E553938AE554938BE555938CE56C
:102C100056938DE557938EE558938FE5599390E53C
:102C20005A9391E55B9392E55C9393E55D9394E50C
:102C30005E9395E55F9396E5609397E5619398E5DC
:102C4000629399E563939AE564939BE565939CE5AC
:102C500066939DE567939EE568939FE56993A0E57C
:102C60006B93A1E5C96FA2E5A76FA3E5B96FA4E5D2
:102C7000B66FA5E5C26FA6E5E16FA7E5EE6FA8E523
:102C8000DE6FA9E5E06FAAE5EF6FABE51A70ACE582
:102C90002370ADE51B70AEE53970AFE53570B0E57A
:102CA0004F70B1E55E70B2E5805BB3E5845BB4E57F
:102CB000955BB5E5935BB6E5A55BB7E5B85BB8E5B5
:102CC0002F75B9E59E9ABAE53464BBE5E45BBCE5D3
:102CD000EE5BBDE53089BEE5F05BBFE5478EC0E544
:102CE000078BC1E5B68FC2E5D38FC3E5D58FC4E5A9
:102CF000E58FC5E5EE8FC6E5E48FC7E5E98FC8E54A
:102D0000E68FC9E5F38FCAE5E88FCBE50590CCE502
:102D10000490CDE50B90CEE52690CFE51190D0E55F
:102D20000D90D1E51690D2E52190D3E53590D4E50C
:102D30003690D5E52D90D6E52F90D7E54490D8E58F
:102D40005190D9E55290DAE55090DBE56890DCE5EA
:102D50005890DDE56290DEE55B90DFE5B966E0E581
:102D60007490E1E57D90E2E58290E3E58890E4E50A
:102D70008390E5E58B90E6E5505FE7E5575FE8E592
:102D8000565FE9E5585FEAE53B5CEBE5AB54ECE503
:102D9000505CEDE5595CEEE5715BEFE5635CF0E5F9
:102DA000665CF1E5BC7FF2E52A5FF3E5295FF4E5B7
:102DB0002D5FF5E57482F6E53C5FF7E53B9BF8E5B2
:102DC0006E5CF9E58159FAE58359FBE58D59FCE51F
:102DD000A959FDE5AA59FEE5A35940E66C9341E6E1
:102DE0006D9342E66E9343E66F9344E6709345E637
:102DF000719346E6729347E6739348E6749349E607
:102E000075934AE676934BE677934CE678934DE6D6
:102E100079934EE67A934FE67B9350E67C9351E6A6
:102E20007D9352E67E9353E67F9354E6809355E676
:102E3000819356E6829357E6839358E6849359E646
:102E400085935AE686935BE687935CE688935DE616
:102E500089935EE68A935FE68B9360E68C9361E6E6
:102E60008D9362E68E9363E6909364E6919365E6B4
:102E7000929366E6939367E6949368E6959369E682
:102E800096936AE697936BE698936CE699936DE652
:102E90009A936EE69B936FE69C9370E69D9371E622
:102EA0009E9372E69F9373E6A09374E6A19375E6F2
:102EB000A29376E6A39377E6A49378E6A59379E6C2
:102EC000A6937AE6A7937BE6A8937CE6A9937DE692
:102ED000AA937EE6AB9380E6AC9381E6AD9382E65F
:102EE000AE9383E6AF9384E6B09385E6B19386E62E
:102EF000B29387E6B39388E6B49389E6B5938AE6FE
:102F0000B6938BE6B7938CE6B8938DE6B9938EE6CD
:102F1000BA938FE6BB9390E6BC9391E6BD9392E69D
:102F2000BE9393E6BF9394E6C09395E6C19396E66D
:102F3000C29397E6C39398E6C49399E6C5939AE63D
:102F4000C6939BE6C7939CE6C8939DE6C9939EE60D
:102F5000CB939FE6CC93A0E6CD93A1E69759A2E64A
:102F6000CA59A3E6AB59A4E69E59A5E6A459A6E61C
:102F7000D259A7E6B259A8E6AF59A9E6D759AAE6A9
:102F8000BE59ABE6055AACE6065AADE6DD59AEE6EB
:102F9000085AAFE6E359B0E6D859B1E6F959B2E6B6
:102FA0000C5AB3E6095AB4E6325AB5E6345AB6E6D4
:102FB000115AB7E6235AB8E6135AB9E6405ABAE6A8
:102FC000675ABBE64A5ABCE6555ABDE63C5ABEE6CD
:102FD000625ABFE6755AC0E6EC80C1E6AA5AC2E65C
:102FE0009B5AC3E6775AC4E67A5AC5E6BE5AC6E685
:102FF000EB5AC7E6B25AC8E6D25AC9E6D45ACAE66C
:10300000B85ACBE6E05ACCE6E35ACDE6F15ACEE622
:10301000D65ACFE6E65AD0E6D85AD1E6DC5AD2E6FE
:10302000095BD3E6175BD4E6165BD5E6325BD6E6E2
:10303000375BD7E6405BD8E6155CD9E61C5CDAE680
:103040005A5BDBE6655BDCE6735BDDE6515BDEE687
:10305000535BDFE6625BE0E6759AE1E6779AE2E6CB
:10306000789AE3E67A9AE4E67F9AE5E67D9AE6E6E0
:10307000809AE7E6819AE8E6859AE9E6889AEAE6A0
:103080008A9AEBE6909AECE6929AEDE6939AEEE64F
:10309000969AEFE6989AF0E69B9AF1E69C9AF2E609
:1030A0009D9AF3E69F9AF4E6A09AF5E6A29AF6E6D0
:1030B000A39AF7E6A59AF8E6A79AF9E69F7EFAE6BC
:1030C000A17EFBE6A37EFCE6A57EFDE6A87EFEE6ED
:1030D000A97E40E7CE9341E7CF9342E7D09343E701
:1030E000D19344E7D29345E7D39346E7D49347E798
:1030F000D59348E7D79349E7D8934AE7D9934BE765
:10310000DA934CE7DB934DE7DC934EE7DD934FE733
:10311000DE9350E7DF9351E7E09352E7E19353E703
:10312000E29354E7E39355E7E49356E7E59357E7D3
:10313000E69358E7E79359E7E8935AE7E9935BE7A3
:10314000EA935CE7EB935DE7EC935EE7ED935FE773
:10315000EE9360E7EF9361E7F09362E7F19363E743
:10316000F29364E7F39365E7F49366E7F59367E713
:10317000F69368E7F79369E7F8936AE7F9936BE7E3
:10318000FA936CE7FB936DE7FC936EE7FD936FE7B3
:10319000FE9370E7FF9371E7009472E7019473E781
:1031A000029474E7039475E7049476E7059477E74F
:1031B000069478E7079479E708947AE709947BE71F
:1031C0000A947CE70B947DE70C947EE70D9480E7EE
:1031D0000E9481E70F9482E7109483E7119484E7BB
:1031E000129485E7139486E7149487E7159488E78B
:1031F000169489E717948AE718948BE719948CE75B
:103200001A948DE71B948EE71C948FE71D9490E72A
:103210001E9491E71F9492E7209493E7219494E7FA
:10322000229495E7239496E7249497E7259498E7CA
:10323000269499E727949AE728949BE729949CE79A
:103240002A949DE72B949EE72C949FE72D94A0E76A
:103250002E94A1E7AD7EA2E7B07EA3E7BE7EA4E7F1
:10326000C07EA5E7C17EA6E7C27EA7E7C97EA8E724
:10327000CB7EA9E7CC7EAAE7D07EABE7D47EACE7D5
:10328000D77EADE7DB7EAEE7E07EAFE7E17EB0E77D
:10329000E87EB1E7EB7EB2E7EE7EB3E7EF7EB4E720
:1032A000F17EB5E7F27EB6E70D7FB7E7F67EB8E7C9
:1032B000FA7EB9E7FB7EBAE7FE7EBBE7017FBCE79B
:1032C000027FBDE7037FBEE7077FBFE7087FC0E758
:1032D0000B7FC1E70C7FC2E70F7FC3E7117FC4E715
:1032E000127FC5E7177FC6E7197FC7E71C7FC8E7CE
:1032F0001B7FC9E71F7FCAE7217FCBE7227FCCE78F
:10330000237FCDE7247FCEE7257FCFE7267FD0E759
:10331000277FD1E72A7FD2E72B7FD3E72C7FD4E723
:103320002D7FD5E72F7FD6E7307FD7E7317FD8E7EE
:10333000327FD9E7337FDAE7357FDBE77A5EDCE798
:103340007F75DDE7DB5DDEE73E75DFE79590E0E763
:103350008E73E1E79173E2E7AE73E3E7A273E4E70C
:103360009F73E5E7CF73E6E7C273E7E7D173E8E75A
:10337000B773E9E7B373EAE7C073EBE7C973ECE748
:10338000C873EDE7E573EEE7D973EFE77C98F0E7F4
:103390000A74F1E7E973F2E7E773F3E7DE73F4E742
:1033A000BA73F5E7F273F6E70F74F7E72A74F8E7F4
:1033B0005B74F9E72674FAE72574FBE72874FCE7E9
:1033C0003074FDE72E74FEE72C7440E82F9441E83A
:1033D000309442E8319443E8329444E8339445E829
:1033E000349446E8359447E8369448E8379449E8F9
:1033F00038944AE839944BE83A944CE83B944DE8C9
:103400003C944EE83D944FE83F9450E8409451E896
:10341000419452E8429453E8439454E8449455E864
:10342000459456E8469457E8479458E8489459E834
:1034300049945AE84A945BE84B945CE84C945DE804
:103440004D945EE84E945FE84F9460E8509461E8D4
:10345000519462E8529463E8539464E8549465E8A4
:10346000559466E8569467E8579468E8589469E874
:1034700059946AE85A946BE85B946CE85C946DE844
:103480005D946EE85E946FE85F9470E8609471E814
:10349000619472E8629473E8639474E8649475E8E4
:1034A000659476E8669477E8679478E8689479E8B4
:1034B00069947AE86A947BE86C947CE86D947DE882
:1034C0006E947EE86F9480E8709481E8719482E84D
:1034D000729483E8739484E8749485E8759486E81C
:1034E000769487E8779488E8789489E879948AE8EC
:1034F0007A948BE87B948CE87C948DE87D948EE8BC
:103500007E948FE87F9490E8809491E8819492E88B
:10351000829493E8839494E8849495E8919496E84F
:10352000969497E8989498E8C79499E8CF949AE885
:10353000D3949BE8D4949CE8DA949DE8E6949EE8C2
:10354000FB949FE81C95A0E82095A1E81B74A2E8D5
:103550001A74A3E84174A4E85C74A5E85774A6E85B
:103560005574A7E85974A8E87774A9E86D74AAE8B7
:103570007E74ABE89C74ACE88E74ADE88074AEE801
:103580008174AFE88774B0E88B74B1E89E74B2E8D8
:10359000A874B3E8A974B4E89074B5E8A774B6E861
:1035A000D274B7E8BA74B8E8EA97B9E8EB97BAE822
:1035B000EC97BBE84C67BCE85367BDE85E67BEE8C4
:1035C0004867BFE86967C0E8A567C1E88767C2E8E0
:1035D0006A67C3E87367C4E89867C5E8A767C6E881
:1035E0007567C7E8A867C8E89E67C9E8AD67CAE815
:1035F0008B67CBE87767CCE87C67CDE8F067CEE8EF
:103600000968CFE8D867D0E80A68D1E8E967D2E866
:10361000B067D3E80C68D4E8D967D5E8B567D6E8D1
:10362000DA67D7E8B367D8E8DD67D9E80068DAE891
:10363000C367DBE8B867DCE8E267DDE80E68DEE870
:10364000C167DFE8FD67E0E83268E1E83368E2E897
:103650006068E3E86168E4E84E68E5E86268E6E827
:103660004468E7E86468E8E88368E9E81D68EAE830
:103670005568EBE86668ECE84168EDE86768EEE8F5
:103680004068EFE83E68F0E84A68F1E84968F2E827
:103690002968F3E8B568F4E88F68F5E87468F6E837
:1036A0007768F7E89368F8E86B68F9E8C268FAE8C1
:1036B0006E69FBE8FC68FCE81F69FDE82069FEE82C
:1036C000F96840E9279541E9339542E93D9543E999
:1036D000439544E9489545E94B9546E9559547E9B1
:1036E0005A9548E9609549E96E954AE974954BE920
:1036F00075954CE977954DE978954EE979954FE9BF
:103700007A9550E97B9551E97C9552E97D9553E98D
:103710007E9554E9809555E9819556E9829557E95A
:10372000839558E9849559E985955AE986955BE929
:1037300087955CE988955DE989955EE98A955FE9F9
:103740008B9560E98C9561E98D9562E98E9563E9C9
:103750008F9564E9909565E9919566E9929567E999
:10376000939568E9949569E995956AE996956BE969
:1037700097956CE998956DE999956EE99A956FE939
:103780009B9570E99C9571E99D9572E99E9573E909
:103790009F9574E9A09575E9A19576E9A29577E9D9
:1037A000A39578E9A49579E9A5957AE9A6957BE9A9
:1037B000A7957CE9A8957DE9A9957EE9AA9580E978
:1037C000AB9581E9AC9582E9AD9583E9AE9584E945
:1037D000AF9585E9B09586E9B19587E9B29588E915
:1037E000B39589E9B4958AE9B5958BE9B6958CE9E5
:1037F000B7958DE9B8958EE9B9958FE9BA9590E9B5
:10380000BB9591E9BC9592E9BD9593E9BE9594E984
:10381000BF9595E9C09596E9C19597E9C29598E954
:10382000C39599E9C4959AE9C5959BE9C6959CE924
:10383000C7959DE9C8959EE9C9959FE9CA95A0E9F4
:10384000CB95A1E92469A2E9F068A3E90B69A4E991
:103850000169A5E95769A6E9E368A7E91069A8E93C
:103860007169A9E93969AAE96069ABE94269ACE91A
:103870005D69ADE98469AEE96B69AFE98069B0E97A
:103880009869B1E97869B2E93469B3E9CC69B4E916
:103890008769B5E98869B6E9CE69B7E98969B8E9A0
:1038A0006669B9E96369BAE97969BBE99B69BCE909
:1038B000A769BDE9BB69BEE9AB69BFE9AD69C0E90C
:1038C000D469C1E9B169C2E9C169C3E9CA69C4E996
:1038D000DF69C5E99569C6E9E069C7E98D69C8E9A5
:1038E000FF69C9E92F6ACAE9ED69CBE9176ACCE932
:1038F000186ACDE9656ACEE9F269CFE9446AD0E990
:103900003E6AD1E9A06AD2E9506AD3E95B6AD4E998
:10391000356AD5E98E6AD6E9796AD7E93D6AD8E988
:10392000286AD9E9586ADAE97C6ADBE9916ADCE954
:10393000906ADDE9A96ADEE9976ADFE9AB6AE0E946
:103940003773E1E95273E2E9816BE3E9826BE4E901
:10395000876BE5E9846BE6E9926BE7E9936BE8E94D
:103960008D6BE9E99A6BEAE99B6BEBE9A16BECE9FA
:10397000AA6BEDE96B8FEEE96D8FEFE9718FF0E9DE
:10398000728FF1E9738FF2E9758FF3E9768FF4E9BD
:10399000788FF5E9778FF6E9798FF7E97A8FF8E98B
:1039A0007C8FF9E97E8FFAE9818FFBE9828FFCE950
:1039B000848FFDE9878FFEE98B8F40EACC9541EA41
:1039C000CD9542EACE9543EACF9544EAD09545EAB3
:1039D000D19546EAD29547EAD39548EAD49549EA83
:1039E000D5954AEAD6954BEAD7954CEAD8954DEA53
:1039F000D9954EEADA954FEADB9550EADC9551EA23
:103A0000DD9552EADE9553EADF9554EAE09555EAF2
:103A1000E19556EAE29557EAE39558EAE49559EAC2
:103A2000E5955AEAE6955BEAE7955CEAEC955DEA8E
:103A3000FF955EEA07965FEA139660EA189661EAD8
:103A40001B9662EA1E9663EA209664EA239665EA6C
:103A5000249666EA259667EA269668EA279669EA32
:103A600028966AEA29966BEA2B966CEA2C966DEA00
:103A70002D966EEA2F966FEA309670EA379671EAC5
:103A8000389672EA399673EA3A9674EA3E9675EA7F
:103A9000419676EA439677EA4A9678EA4E9679EA2C
:103AA0004F967AEA51967BEA52967CEA53967DEAE3
:103AB00056967EEA579680EA589681EA599682EAA7
:103AC0005A9683EA5C9684EA5D9685EA5E9686EA73
:103AD000609687EA639688EA659689EA66968AEA36
:103AE0006B968BEA6D968CEA6E968DEA6F968EEAEF
:103AF00070968FEA719690EA739691EA789692EAB8
:103B0000799693EA7A9694EA7B9695EA7C9696EA79
:103B10007D9697EA7E9698EA7F9699EA80969AEA49
:103B200081969BEA82969CEA83969DEA84969EEA19
:103B300087969FEA8996A0EA8A96A1EA8D8FA2EAE3
:103B40008E8FA3EA8F8FA4EA988FA5EA9A8FA6EAB0
:103B5000CE8EA7EA0B62A8EA1762A9EA1B62AAEA5C
:103B60001F62ABEA2262ACEA2162ADEA2562AEEAEC
:103B70002462AFEA2C62B0EAE781B1EAEF74B2EAFC
:103B8000F474B3EAFF74B4EA0F75B5EA1175B6EAD6
:103B90001375B7EA3465B8EAEE65B9EAEF65BAEAD3
:103BA000F065BBEA0A66BCEA1966BDEA7267BEEA5E
:103BB0000366BFEA1566C0EA0066C1EA8570C2EA1C
:103BC000F766C3EA1D66C4EA3466C5EA3166C6EA2A
:103BD0003666C7EA3566C8EA0680C9EA5F66CAEA99
:103BE0005466CBEA4166CCEA4F66CDEA5666CEEA29
:103BF0006166CFEA5766D0EA7766D1EA8466D2EA90
:103C00008C66D3EAA766D4EA9D66D5EABE66D6EA94
:103C1000DB66D7EADC66D8EAE666D9EAE966DAEA7C
:103C2000328DDBEA338DDCEA368DDDEA3B8DDEEA70
:103C30003D8DDFEA408DE0EA458DE1EA468DE2EA1E
:103C4000488DE3EA498DE4EA478DE5EA4D8DE6EAE1
:103C5000558DE7EA598DE8EAC789E9EACA89EAEAAF
:103C6000CB89EBEACC89ECEACE89EDEACF89EEEAA2
:103C7000D089EFEAD189F0EA6E72F1EA9F72F2EA36
:103C80005D72F3EA6672F4EA6F72F5EA7E72F6EA42
:103C90007F72F7EA8472F8EA8B72F9EA8D72FAEAB7
:103CA0008F72FBEA9272FCEA0863FDEA3263FEEA75
:103CB000B06340EB8C9641EB8E9642EB919643EBD2
:103CC000929644EB939645EB959646EB969647EB8A
:103CD0009A9648EB9B9649EB9D964AEB9E964BEB4A
:103CE0009F964CEBA0964DEBA1964EEBA2964FEB18
:103CF000A39650EBA49651EBA59652EBA69653EBE8
:103D0000A89654EBA99655EBAA9656EBAB9657EBB3
:103D1000AC9658EBAD9659EBAE965AEBAF965BEB83
:103D2000B1965CEBB2965DEBB4965EEBB5965FEB4D
:103D3000B79660EBB89661EBBA9662EBBB9663EB15
:103D4000BF9664EBC29665EBC39666EBC89667EBCD
:103D5000CA9668EBCB9669EBD0966AEBD1966BEB83
:103D6000D3966CEBD4966DEBD6966EEBD7966FEB45
:103D7000D89670EBD99671EBDA9672EBDB9673EB13
:103D8000DC9674EBDD9675EBDE9676EBDF9677EBE3
:103D9000E19678EBE29679EBE3967AEBE4967BEBAF
:103DA000E5967CEBE6967DEBE7967EEBEB9680EB7B
:103DB000EC9681EBED9682EBEE9683EBF09684EB3E
:103DC000F19685EBF29686EBF49687EBF59688EB09
:103DD000F89689EBFA968AEBFB968BEBFC968CEBCC
:103DE000FD968DEBFF968EEB02978FEB039790EB92
:103DF000059791EB0A9792EB0B9793EB0C9794EB4B
:103E0000109795EB119796EB129797EB149798EB09
:103E1000159799EB17979AEB18979BEB19979CEBD3
:103E20001A979DEB1B979EEB1D979FEB1F97A0EB9F
:103E30002097A1EB3F64A2EBD864A3EB0480A4EB32
:103E4000EA6BA5EBF36BA6EBFD6BA7EBF56BA8EBB1
:103E5000F96BA9EB056CAAEB076CABEB066CACEB52
:103E60000D6CADEB156CAEEB186CAFEB196CB0EBE9
:103E70001A6CB1EB216CB2EB296CB3EB246CB4EB94
:103E80002A6CB5EB326CB6EB3565B7EB5565B8EB24
:103E90006B65B9EB4D72BAEB5272BBEB5672BCEB71
:103EA0003072BDEB6286BEEB1652BFEB9F80C0EB5B
:103EB0009C80C1EB9380C2EBBC80C3EB0A67C4EB70
:103EC000BD80C5EBB180C6EBAB80C7EBAD80C8EB66
:103ED000B480C9EBB780CAEBE780CBEBE880CCEBD2
:103EE000E980CDEBEA80CEEBDB80CFEBC280D0EB7C
:103EF000C480D1EBD980D2EBCD80D3EBD780D4EB8B
:103F00001067D5EBDD80D6EBEB80D7EBF180D8EBFB
:103F1000F480D9EBED80DAEB0D81DBEB0E81DCEB8D
:103F2000F280DDEBFC80DEEB1567DFEB1281E0EB6E
:103F30005A8CE1EB3681E2EB1E81E3EB2C81E4EB62
:103F40001881E5EB3281E6EB4881E7EB4C81E8EB49
:103F50005381E9EB7481EAEB5981EBEB5A81ECEB8D
:103F60007181EDEB6081EEEB6981EFEB7C81F0EB31
:103F70007D81F1EB6D81F2EB6781F3EB4D58F4EB52
:103F8000B55AF5EB8881F6EB8281F7EB9181F8EB7E
:103F9000D56EF9EBA381FAEBAA81FBEBCC81FCEBAC
:103FA0002667FDEBCA81FEEBBB8140EC219741EC1B
:103FB000229742EC239743EC249744EC259745EC59
:103FC000269746EC279747EC289748EC299749EC29
:103FD0002B974AEC2C974BEC2E974CEC2F974DECF3
:103FE00031974EEC33974FEC349750EC359751ECBA
:103FF000369752EC379753EC3A9754EC3B9755EC85
:104000003C9756EC3D9757EC3F9758EC409759EC4E
:1040100041975AEC42975BEC43975CEC44975DEC1C
:1040200045975EEC46975FEC479760EC489761ECEC
:10403000499762EC4A9763EC4B9764EC4C9765ECBC
:104040004D9766EC4E9767EC4F9768EC509769EC8C
:1040500051976AEC54976BEC55976CEC57976DEC55
:1040600058976EEC5A976FEC5C9770EC5D9771EC1B
:104070005F9772EC639773EC649774EC669775ECDA
:10408000679776EC689777EC6A9778EC6B9779ECA2
:104090006C977AEC6D977BEC6E977CEC6F977DEC70
:1040A00070977EEC719780EC729781EC759782EC3B
:1040B000779783EC789784EC799785EC7A9786EC00
:1040C0007B9787EC7D9788EC7E9789EC7F978AECCD
:1040D00080978BEC81978CEC82978DEC83978EEC9C
:1040E00084978FEC869790EC879791EC889792EC69
:1040F000899793EC8A9794EC8C9795EC8E9796EC35
:104100008F9797EC909798EC939799EC95979AECFA
:1041100096979BEC97979CEC99979DEC9A979EECC1
:104120009B979FEC9C97A0EC9D97A1ECC181A2EC82
:10413000A681A3EC246BA4EC376BA5EC396BA6EC41
:10414000436BA7EC466BA8EC596BA9ECD198AAEC91
:10415000D298ABECD398ACECD598ADECD998AEEC4A
:10416000DA98AFECB36BB0EC405FB1ECC26BB2EC81
:10417000F389B3EC9065B4EC519FB5EC9365B6EC64
:10418000BC65B7ECC665B8ECC465B9ECC365BAEC00
:10419000CC65BBECCE65BCECD265BDECD665BEECA7
:1041A0008070BFEC9C70C0EC9670C1EC9D70C2EC4E
:1041B000BB70C3ECC070C4ECB770C5ECAB70C6ECA0
:1041C000B170C7ECE870C8ECCA70C9EC1071CAECE9
:1041D0001371CBEC1671CCEC2F71CDEC3171CEECB0
:1041E0007371CFEC5C71D0EC6871D1EC4571D2EC9D
:1041F0007271D3EC4A71D4EC7871D5EC7A71D6EC4B
:104200009871D7ECB371D8ECB571D9ECA871DAEC30
:10421000A071DBECE071DCECD471DDECE771DEEC7D
:10422000F971DFEC1D72E0EC2872E1EC6C70E2ECED
:104230001871E3EC6671E4ECB971E5EC3E62E6EC12
:104240003D62E7EC4362E8EC4862E9EC4962EAEC83
:104250003B79EBEC4079ECEC4679EDEC4979EEEC0E
:104260005B79EFEC5C79F0EC5379F1EC5A79F2EC94
:104270006279F3EC5779F4EC6079F5EC6F79F6EC50
:104280006779F7EC7A79F8EC8579F9EC8A79FAECC8
:104290009A79FBECA779FCECB379FDECD15FFEECED
:1042A000D05F40ED9E9741ED9F9742EDA19743ED82
:1042B000A29744EDA49745EDA59746EDA69747ED47
:1042C000A79748EDA89749EDA9974AEDAA974BED16
:1042D000AC974CEDAE974DEDB0974EEDB1974FEDDD
:1042E000B39750EDB59751EDB69752EDB79753EDA3
:1042F000B89754EDB99755EDBA9756EDBB9757ED72
:10430000BC9758EDBD9759EDBE975AEDBF975BED41
:10431000C0975CEDC1975DEDC2975EEDC3975FED11
:10432000C49760EDC59761EDC69762EDC79763EDE1
:10433000C89764EDC99765EDCA9766EDCB9767EDB1
:10434000CC9768EDCD9769EDCE976AEDCF976BED81
:10435000D0976CEDD1976DEDD2976EEDD3976FED51
:10436000D49770EDD59771EDD69772EDD79773ED21
:10437000D89774EDD99775EDDA9776EDDB9777EDF1
:10438000DC9778EDDD9779EDDE977AEDDF977BEDC1
:10439000E0977CEDE1977DEDE2977EEDE39780ED90
:1043A000E49781EDE59782EDE89783EDEE9784ED54
:1043B000EF9785EDF09786EDF19787EDF29788ED11
:1043C000F49789EDF7978AEDF8978BEDF9978CEDD7
:1043D000FA978DEDFB978EEDFC978FEDFD9790EDA5
:1043E000FE9791EDFF9792ED009893ED019894ED73
:1043F000029895ED039896ED049897ED059898ED41
:10440000069899ED07989AED08989BED09989CED10
:104410000A989DED0B989EED0C989FED0D98A0EDE0
:104420000E98A1ED3C60A2ED5D60A3ED5A60A4ED95
:104430006760A5ED4160A6ED5960A7ED6360A8ED4A
:10444000AB60A9ED0661AAED0D61ABED5D61ACED70
:10445000A961ADED9D61AEEDCB61AFEDD161B0ED88
:104460000662B1ED8080B2ED7F80B3ED936CB4ED68
:10447000F66CB5EDFC6DB6EDF677B7EDF877B8ED07
:104480000078B9ED0978BAED1778BBED1878BCED76
:104490001178BDEDAB65BEED2D78BFED1C78C0ED9C
:1044A0001D78C1ED3978C2ED3A78C3ED3B78C4EDA3
:1044B0001F78C5ED3C78C6ED2578C7ED2C78C8EDA2
:1044C0002378C9ED2978CAED4E78CBED6D78CCED27
:1044D0005678CDED5778CEED2678CFED5078D0EDEB
:1044E0004778D1ED4C78D2ED6A78D3ED9B78D4ED56
:1044F0009378D5ED9A78D6ED8778D7ED9C78D8ED7E
:10450000A178D9EDA378DAEDB278DBEDB978DCEDFE
:10451000A578DDEDD478DEEDD978DFEDC978E0ED72
:10452000EC78E1EDF278E2ED0579E3EDF478E4ED95
:104530001379E5ED2479E6ED1E79E7ED3479E8EDC0
:104540009B9FE9EDF99EEAEDFB9EEBEDFC9EECED09
:10455000F176EDED0477EEED0D77EFEDF976F0ED18
:104560000777F1ED0877F2ED1A77F3ED2277F4EDA6
:104570001977F5ED2D77F6ED2677F7ED3577F8ED30
:104580003877F9ED5077FAED5177FBED4777FCED91
:104590004377FDED5A77FEED687740EE0F9841EED8
:1045A000109842EE119843EE129844EE139845EE9F
:1045B000149846EE159847EE169848EE179849EE6F
:1045C00018984AEE19984BEE1A984CEE1B984DEE3F
:1045D0001C984EEE1D984FEE1E9850EE1F9851EE0F
:1045E000209852EE219853EE229854EE239855EEDF
:1045F000249856EE259857EE269858EE279859EEAF
:1046000028985AEE29985BEE2A985CEE2B985DEE7E
:104610002C985EEE2D985FEE2E9860EE2F9861EE4E
:10462000309862EE319863EE329864EE339865EE1E
:10463000349866EE359867EE369868EE379869EEEE
:1046400038986AEE39986BEE3A986CEE3B986DEEBE
:104650003C986EEE3D986FEE3E9870EE3F9871EE8E
:10466000409872EE419873EE429874EE439875EE5E
:10467000449876EE459877EE469878EE479879EE2E
:1046800048987AEE49987BEE4A987CEE4B987DEEFE
:104690004C987EEE4D9880EE4E9881EE4F9882EECB
:1046A000509883EE519884EE529885EE539886EE9A
:1046B000549887EE559888EE569889EE57988AEE6A
:1046C00058988BEE59988CEE5A988DEE5B988EEE3A
:1046D0005C988FEE5D9890EE5E9891EE5F9892EE0A
:1046E000609893EE619894EE629895EE639896EEDA
:1046F000649897EE659898EE669899EE67989AEEAA
:1047000068989BEE69989CEE6A989DEE6B989EEE79
:104710006C989FEE6D98A0EE6E98A1EE6277A2EE77
:104720006577A3EE7F77A4EE8D77A5EE7D77A6EE75
:104730008077A7EE8C77A8EE9177A9EE9F77AAEE07
:10474000A077ABEEB077ACEEB577ADEEBD77AEEE61
:104750003A75AFEE4075B0EE4E75B1EE4B75B2EEF8
:104760004875B3EE5B75B4EE7275B5EE7975B6EE5D
:104770008375B7EE587FB8EE617FB9EE5F7FBAEE12
:10478000488ABBEE687FBCEE747FBDEE717FBEEEE3
:10479000797FBFEE817FC0EE7E7FC1EECD76C2EE27
:1047A000E576C3EE3288C4EE8594C5EE8694C6EEF7
:1047B0008794C7EE8B94C8EE8A94C9EE8C94CAEEA7
:1047C0008D94CBEE8F94CCEE9094CDEE9494CEEE6F
:1047D0009794CFEE9594D0EE9A94D1EE9B94D2EE2E
:1047E0009C94D3EEA394D4EEA494D5EEAB94D6EEE1
:1047F000AA94D7EEAD94D8EEAC94D9EEAF94DAEE9D
:10480000B094DBEEB294DCEEB494DDEEB694DEEE62
:10481000B794DFEEB894E0EEB994E1EEBA94E2EE2C
:10482000BC94E3EEBD94E4EEBF94E5EEC494E6EEF2
:10483000C894E7EEC994E8EECA94E9EECB94EAEEA8
:10484000CC94EBEECD94ECEECE94EDEED094EEEE77
:10485000D194EFEED294F0EED594F1EED694F2EE40
:10486000D794F3EED994F4EED894F5EEDB94F6EE0B
:10487000DE94F7EEDF94F8EEE094F9EEE294FAEECF
:10488000E494FBEEE594FCEEE794FDEEE894FEEE96
:10489000EA9440EF6F9841EF709842EF719843EFC0
:1048A000729844EF739845EF749846EF8B9847EFF2
:1048B0008E9848EF929849EF95984AEF99984BEF68
:1048C000A3984CEFA8984DEFA9984EEFAA984FEFF8
:1048D000AB9850EFAC9851EFAD9852EFAE9853EFC4
:1048E000AF9854EFB09855EFB19856EFB29857EF94
:1048F000B39858EFB49859EFB5985AEFB6985BEF64
:10490000B7985CEFB8985DEFB9985EEFBA985FEF33
:10491000BB9860EFBC9861EFBD9862EFBE9863EF03
:10492000BF9864EFC09865EFC19866EFC29867EFD3
:10493000C39868EFC49869EFC5986AEFC6986BEFA3
:10494000C7986CEFC8986DEFC9986EEFCA986FEF73
:10495000CB9870EFCC9871EFCD9872EFCF9873EF42
:10496000D09874EFD49875EFD69876EFD79877EF04
:10497000DB9878EFDC9879EFDD987AEFE0987BEFC1
:10498000E1987CEFE2987DEFE3987EEFE49880EF8A
:10499000E59881EFE69882EFE99883EFEA9884EF53
:1049A000EB9885EFEC9886EFED9887EFEE9888EF1F
:1049B000EF9889EFF0988AEFF1988BEFF2988CEFEF
:1049C000F3988DEFF4988EEFF5988FEFF69890EFBF
:1049D000F79891EFF89892EFF99893EFFA9894EF8F
:1049E000FB9895EFFC9896EFFD9897EFFE9898EF5F
:1049F000FF9899EF00999AEF01999BEF02999CEF2C
:104A000003999DEF04999EEF05999FEF0699A0EFFA
:104A10000799A1EFE994A2EFEB94A3EFEE94A4EF32
:104A2000EF94A5EFF394A6EFF494A7EFF594A8EF15
:104A3000F794A9EFF994AAEFFC94ABEFFD94ACEFD7
:104A4000FF94ADEF0395AEEF0295AFEF0695B0EF93
:104A50000795B1EF0995B2EF0A95B3EF0D95B4EF55
:104A60000E95B5EF0F95B6EF1295B7EF1395B8EF1A
:104A70001495B9EF1595BAEF1695BBEF1895BCEFE5
:104A80001B95BDEF1D95BEEF1E95BFEF1F95C0EFA7
:104A90002295C1EF2A95C2EF2B95C3EF2995C4EF5C
:104AA0002C95C5EF3195C6EF3295C7EF3495C8EF19
:104AB0003695C9EF3795CAEF3895CBEF3C95CCEFDB
:104AC0003E95CDEF3F95CEEF4295CFEF3595D0EFA8
:104AD0004495D1EF4595D2EF4695D3EF4995D4EF64
:104AE0004C95D5EF4E95D6EF4F95D7EF5295D8EF21
:104AF0005395D9EF5495DAEF5695DBEF5795DCEFE8
:104B00005895DDEF5995DEEF5B95DFEF5E95E0EFB1
:104B10005F95E1EF5D95E2EF6195E3EF6295E4EF7C
:104B20006495E5EF6595E6EF6695E7EF6795E8EF45
:104B30006895E9EF6995EAEF6A95EBEF6B95ECEF15
:104B40006C95EDEF6F95EEEF7195EFEF7295F0EFDD
:104B50007395F1EF3A95F2EFE777F3EFEC77F4EF37
:104B6000C996F5EFD579F6EFED79F7EFE379F8EF40
:104B7000EB79F9EF067AFAEF475DFBEF037AFCEF8A
:104B8000027AFDEF1E7AFEEF147A40F0089941F0A8
:104B9000099942F00A9943F00B9944F00C9945F0B9
:104BA0000E9946F00F9947F0119948F0129949F083
:104BB00013994AF014994BF015994CF016994DF051
:104BC00017994EF018994FF0199950F01A9951F021
:104BD0001B9952F01C9953F01D9954F01E9955F0F1
:104BE0001F9956F0209957F0219958F0229959F0C1
:104BF00023995AF024995BF025995CF026995DF091
:104C000027995EF028995FF0299960F02A9961F060
:104C10002B9962F02C9963F02D9964F02F9965F02F
:104C2000309966F0319967F0329968F0339969F0FC
:104C300034996AF035996BF036996CF037996DF0CC
:104C400038996EF039996FF03A9970F03B9971F09C
:104C50003C9972F03D9973F03E9974F03F9975F06C
:104C6000409976F0419977F0429978F0439979F03C
:104C700044997AF045997BF046997CF047997DF00C
:104C800048997EF0499980F04A9981F04B9982F0D9
:104C90004C9983F04D9984F04E9985F04F9986F0A8
:104CA000509987F0519988F0529989F053998AF078
:104CB00056998BF057998CF058998DF059998EF040
:104CC0005A998FF05B9990F05C9991F05D9992F010
:104CD0005E9993F05F9994F0609995F0619996F0E0
:104CE000629997F0649998F0669999F073999AF09F
:104CF00078999BF079999CF07B999DF07E999EF034
:104D000082999FF08399A0F08999A1F0397AA2F055
:104D1000377AA3F0517AA4F0CF9EA5F0A599A6F01A
:104D2000707AA7F08876A8F08E76A9F09376AAF02C
:104D30009976ABF0A476ACF0DE74ADF0E074AEF032
:104D40002C75AFF0209EB0F0229EB1F0289EB2F0FC
:104D5000299EB3F02A9EB4F02B9EB5F02C9EB6F09F
:104D6000329EB7F0319EB8F0369EB9F0389EBAF058
:104D7000379EBBF0399EBCF03A9EBDF03E9EBEF021
:104D8000419EBFF0429EC0F0449EC1F0469EC2F0DC
:104D9000479EC3F0489EC4F0499EC5F04B9EC6F0A6
:104DA0004C9EC7F04E9EC8F0519EC9F0559ECAF069
:104DB000579ECBF05A9ECCF05B9ECDF05C9ECEF021
:104DC0005E9ECFF0639ED0F0669ED1F0679ED2F0DB
:104DD000689ED3F0699ED4F06A9ED5F06B9ED6F0A3
:104DE0006C9ED7F0719ED8F06D9ED9F0739EDAF06C
:104DF0009275DBF09475DCF09675DDF0A075DEF051
:104E00009D75DFF0AC75E0F0A375E1F0B375E2F0ED
:104E1000B475E3F0B875E4F0C475E5F0B175E6F08B
:104E2000B075E7F0C375E8F0C275E9F0D675EAF041
:104E3000CD75EBF0E375ECF0E875EDF0E675EEF0AE
:104E4000E475EFF0EB75F0F0E775F1F00376F2F052
:104E5000F175F3F0FC75F4F0FF75F5F01076F6F0EF
:104E60000076F7F00576F8F00C76F9F01776FAF0A0
:104E70000A76FBF02576FCF01876FDF01576FEF04C
:104E8000197640F18C9941F18E9942F19A9943F14A
:104E90009B9944F19C9945F19D9946F19E9947F162
:104EA0009F9948F1A09949F1A1994AF1A2994BF132
:104EB000A3994CF1A4994DF1A6994EF1A7994FF100
:104EC000A99950F1AA9951F1AB9952F1AC9953F1CA
:104ED000AD9954F1AE9955F1AF9956F1B09957F19A
:104EE000B19958F1B29959F1B3995AF1B4995BF16A
:104EF000B5995CF1B6995DF1B7995EF1B8995FF13A
:104F0000B99960F1BA9961F1BB9962F1BC9963F109
:104F1000BD9964F1BE9965F1BF9966F1C09967F1D9
:104F2000C19968F1C29969F1C3996AF1C4996BF1A9
:104F3000C5996CF1C6996DF1C7996EF1C8996FF179
:104F4000C99970F1CA9971F1CB9972F1CC9973F149
:104F5000CD9974F1CE9975F1CF9976F1D09977F119
:104F6000D19978F1D29979F1D3997AF1D4997BF1E9
:104F7000D5997CF1D6997DF1D7997EF1D89980F1B8
:104F8000D99981F1DA9982F1DB9983F1DC9984F185
:104F9000DD9985F1DE9986F1DF9987F1E09988F155
:104FA000E19989F1E2998AF1E3998BF1E4998CF125
:104FB000E5998DF1E6998EF1E7998FF1E89990F1F5
:104FC000E99991F1EA9992F1EB9993F1EC9994F1C5
:104FD000ED9995F1EE9996F1EF9997F1F09998F195
:104FE000F19999F1F2999AF1F3999BF1F4999CF165
:104FF000F5999DF1F6999EF1F7999FF1F899A0F135
:10500000F999A1F11B76A2F13C76A3F12276A4F1E5
:105010002076A5F14076A6F12D76A7F13076A8F19D
:105020003F76A9F13576AAF14376ABF13E76ACF145
:105030003376ADF14D76AEF15E76AFF15476B0F1E8
:105040005C76B1F15676B2F16B76B3F16F76B4F16E
:10505000CA7FB5F1E67AB6F1787AB7F1797AB8F124
:10506000807AB9F1867ABAF1887ABBF1957ABCF187
:10507000A67ABDF1A07ABEF1AC7ABFF1A87AC0F1F0
:10508000AD7AC1F1B37AC2F16488C3F16988C4F121
:105090007288C5F17D88C6F17F88C7F18288C8F122
:1050A000A288C9F1C688CAF1B788CBF1BC88CCF117
:1050B000C988CDF1E288CEF1CE88CFF1E388D0F176
:1050C000E588D1F1F188D2F11A89D3F1FC88D4F1C5
:1050D000E888D5F1FE88D6F1F088D7F12189D8F19A
:1050E0001989D9F11389DAF11B89DBF10A89DCF11D
:1050F0003489DDF12B89DEF13689DFF14189E0F178
:105100006689E1F17B89E2F18B75E3F1E580E4F1F9
:10511000B276E5F1B476E6F1DC77E7F11280E8F1FA
:105120001480E9F11680EAF11C80EBF12080ECF1AB
:105130002280EDF12580EEF12680EFF12780F0F15D
:105140002980F1F12880F2F13180F3F10B80F4F144
:105150003580F5F14380F6F14680F7F14D80F8F1A6
:105160005280F9F16980FAF17180FBF18389FCF1D9
:105170007898FDF18098FEF1839840F2FA9941F217
:10518000FB9942F2FC9943F2FD9944F2FE9945F2F3
:10519000FF9946F2009A47F2019A48F2029A49F2C0
:1051A000039A4AF2049A4BF2059A4CF2069A4DF28F
:1051B000079A4EF2089A4FF2099A50F20A9A51F25F
:1051C0000B9A52F20C9A53F20D9A54F20E9A55F22F
:1051D0000F9A56F2109A57F2119A58F2129A59F2FF
:1051E000139A5AF2149A5BF2159A5CF2169A5DF2CF
:1051F000179A5EF2189A5FF2199A60F21A9A61F29F
:105200001B9A62F21C9A63F21D9A64F21E9A65F26E
:105210001F9A66F2209A67F2219A68F2229A69F23E
:10522000239A6AF2249A6BF2259A6CF2269A6DF20E
:10523000279A6EF2289A6FF2299A70F22A9A71F2DE
:105240002B9A72F22C9A73F22D9A74F22E9A75F2AE
:105250002F9A76F2309A77F2319A78F2329A79F27E
:10526000339A7AF2349A7BF2359A7CF2369A7DF24E
:10527000379A7EF2389A80F2399A81F23A9A82F21B
:105280003B9A83F23C9A84F23D9A85F23E9A86F2EA
:105290003F9A87F2409A88F2419A89F2429A8AF2BA
:1052A000439A8BF2449A8CF2459A8DF2469A8EF28A
:1052B000479A8FF2489A90F2499A91F24A9A92F25A
:1052C0004B9A93F24C9A94F24D9A95F24E9A96F22A
:1052D0004F9A97F2509A98F2519A99F2529A9AF2FA
:1052E000539A9BF2549A9CF2559A9DF2569A9EF2CA
:1052F000579A9FF2589AA0F2599AA1F28998A2F26D
:105300008C98A3F28D98A4F28F98A5F29498A6F2A7
:105310009A98A7F29B98A8F29E98A9F29F98AAF251
:10532000A198ABF2A298ACF2A598ADF2A698AEF215
:105330004D86AFF25486B0F26C86B1F26E86B2F250
:105340007F86B3F27A86B4F27C86B5F27B86B6F2BB
:10535000A886B7F28D86B8F28B86B9F2AC86BAF21F
:105360009D86BBF2A786BCF2A386BDF2AA86BEF2DA
:105370009386BFF2A986C0F2B686C1F2C486C2F295
:10538000B586C3F2CE86C4F2B086C5F2BA86C6F23E
:10539000B186C7F2AF86C8F2C986C9F2CF86CAF213
:1053A000B486CBF2E986CCF2F186CDF2F286CEF26B
:1053B000ED86CFF2F386D0F2D086D1F21387D2F207
:1053C000DE86D3F2F486D4F2DF86D5F2D886D6F222
:1053D000D186D7F20387D8F20787D9F2F886DAF2B6
:1053E0000887DBF20A87DCF20D87DDF20987DEF23F
:1053F0002387DFF23B87E0F21E87E1F22587E2F2A6
:105400002E87E3F21A87E4F23E87E5F24887E6F258
:105410003487E7F23187E8F22987E9F23787EAF241
:105420003F87EBF28287ECF22287EDF27D87EEF286
:105430007E87EFF27B87F0F26087F1F27087F2F2FD
:105440004C87F3F26E87F4F28B87F5F25387F6F20E
:105450006387F7F27C87F8F26487F9F25987FAF2EA
:105460006587FBF29387FCF2AF87FDF2A887FEF217
:10547000D28740F35A9A41F35B9A42F35C9A43F322
:105480005D9A44F35E9A45F35F9A46F3609A47F358
:10549000619A48F3629A49F3639A4AF3649A4BF328
:1054A000659A4CF3669A4DF3679A4EF3689A4FF3F8
:1054B000699A50F36A9A51F36B9A52F3729A53F3C2
:1054C000839A54F3899A55F38D9A56F38E9A57F32B
:1054D000949A58F3959A59F3999A5AF3A69A5BF3CA
:1054E000A99A5CF3AA9A5DF3AB9A5EF3AC9A5FF368
:1054F000AD9A60F3AE9A61F3AF9A62F3B29A63F336
:10550000B39A64F3B49A65F3B59A66F3B99A67F3FC
:10551000BB9A68F3BD9A69F3BE9A6AF3BF9A6BF3BC
:10552000C39A6CF3C49A6DF3C69A6EF3C79A6FF37D
:10553000C89A70F3C99A71F3CA9A72F3CD9A73F349
:10554000CE9A74F3CF9A75F3D09A76F3D29A77F312
:10555000D49A78F3D59A79F3D69A7AF3D79A7BF3DB
:10556000D99A7CF3DA9A7DF3DB9A7EF3DC9A80F3A6
:10557000DD9A81F3DE9A82F3E09A83F3E29A84F370
:10558000E39A85F3E49A86F3E59A87F3E79A88F33A
:10559000E89A89F3E99A8AF3EA9A8BF3EC9A8CF306
:1055A000EE9A8DF3F09A8EF3F19A8FF3F29A90F3CC
:1055B000F39A91F3F49A92F3F59A93F3F69A94F39B
:1055C000F79A95F3F89A96F3FA9A97F3FC9A98F368
:1055D000FD9A99F3FE9A9AF3FF9A9BF3009B9CF332
:1055E000019B9DF3029B9EF3049B9FF3059BA0F3FD
:1055F000069BA1F3C687A2F38887A3F38587A4F34C
:10560000AD87A5F39787A6F38387A7F3AB87A8F3A6
:10561000E587A9F3AC87AAF3B587ABF3B387ACF3FF
:10562000CB87ADF3D387AEF3BD87AFF3D187B0F3AC
:10563000C087B1F3CA87B2F3DB87B3F3EA87B4F369
:10564000E087B5F3EE87B6F31688B7F31388B8F39F
:10565000FE87B9F30A88BAF31B88BBF32188BCF331
:105660003988BDF33C88BEF3367FBFF3427FC0F379
:10567000447FC1F3457FC2F31082C3F3FA7AC4F3C7
:10568000FD7AC5F3087BC6F3037BC7F3047BC8F33D
:10569000157BC9F30A7BCAF32B7BCBF30F7BCCF3CF
:1056A000477BCDF3387BCEF32A7BCFF3197BD0F346
:1056B0002E7BD1F3317BD2F3207BD3F3257BD4F344
:1056C000247BD5F3337BD6F33E7BD7F31E7BD8F315
:1056D000587BD9F35A7BDAF3457BDBF3757BDCF33C
:1056E0004C7BDDF35D7BDEF3607BDFF36E7BE0F311
:1056F0007B7BE1F3627BE2F3727BE3F3717BE4F3A8
:10570000907BE5F3A67BE6F3A77BE7F3B87BE8F3B2
:10571000AC7BE9F39D7BEAF3A87BEBF3857BECF3B1
:10572000AA7BEDF39C7BEEF3A27BEFF3AB7BF0F374
:10573000B47BF1F3D17BF2F3C17BF3F3CC7BF4F3D5
:10574000DD7BF5F3DA7BF6F3E57BF7F3E67BF8F345
:10575000EA7BF9F30C7CFAF3FE7BFBF3FC7BFCF3B6
:105760000F7CFDF3167CFEF30B7C40F4079B41F4A9
:10577000099B42F40A9B43F40B9B44F40C9B45F4B5
:105780000D9B46F40E9B47F4109B48F4119B49F483
:10579000129B4AF4149B4BF4159B4CF4169B4DF44E
:1057A000179B4EF4189B4FF4199B50F41A9B51F41D
:1057B0001B9B52F41C9B53F41D9B54F41E9B55F4ED
:1057C000209B56F4219B57F4229B58F4249B59F4B8
:1057D000259B5AF4269B5BF4279B5CF4289B5DF485
:1057E000299B5EF42A9B5FF42B9B60F42C9B61F455
:1057F0002D9B62F42E9B63F4309B64F4319B65F423
:10580000339B66F4349B67F4359B68F4369B69F4EC
:10581000379B6AF4389B6BF4399B6CF43A9B6DF4BC
:105820003D9B6EF43E9B6FF43F9B70F4409B71F484
:10583000469B72F44A9B73F44B9B74F44C9B75F437
:105840004E9B76F4509B77F4529B78F4539B79F4FB
:10585000559B7AF4569B7BF4579B7CF4589B7DF4C4
:10586000599B7EF45A9B80F45B9B81F45C9B82F491
:105870005D9B83F45E9B84F45F9B85F4609B86F460
:10588000619B87F4629B88F4639B89F4649B8AF430
:10589000659B8BF4669B8CF4679B8DF4689B8EF400
:1058A000699B8FF46A9B90F46B9B91F46C9B92F4D0
:1058B0006D9B93F46E9B94F46F9B95F4709B96F4A0
:1058C000719B97F4729B98F4739B99F4749B9AF470
:1058D000759B9BF4769B9CF4779B9DF4789B9EF440
:1058E000799B9FF47A9BA0F47B9BA1F41F7CA2F48C
:1058F0002A7CA3F4267CA4F4387CA5F4417CA6F48D
:10590000407CA7F4FE81A8F40182A9F40282AAF4E3
:105910000482ABF4EC81ACF44488ADF42182AEF4A3
:105920002282AFF42382B0F42D82B1F42F82B2F43C
:105930002882B3F42B82B4F43882B5F43B82B6F4F7
:105940003382B7F43482B8F43E82B9F44482BAF4B4
:105950004982BBF44B82BCF44F82BDF45A82BEF440
:105960005F82BFF46882C0F47E88C1F48588C2F487
:105970008888C3F4D888C4F4DF88C5F45E89C6F487
:105980009D7FC7F49F7FC8F4A77FC9F4AF7FCAF497
:10599000B07FCBF4B27FCCF47C7CCDF44965CEF4FF
:1059A000917CCFF49D7CD0F49C7CD1F49E7CD2F48D
:1059B000A27CD3F4B27CD4F4BC7CD5F4BD7CD6F408
:1059C000C17CD7F4C77CD8F4CC7CD9F4CD7CDAF494
:1059D000C87CDBF4C57CDCF4D77CDDF4E87CDEF449
:1059E0006E82DFF4A866E0F4BF7FE1F4CE7FE2F4DC
:1059F000D57FE3F4E57FE4F4E17FE5F4E67FE6F4C8
:105A0000E97FE7F4EE7FE8F4F37FE9F4F87CEAF469
:105A1000777DEBF4A67DECF4AE7DEDF4477EEEF4FD
:105A20009B7EEFF4B89EF0F4B49EF1F4738DF2F423
:105A3000848DF3F4948DF4F4918DF5F4B18DF6F436
:105A4000678DF7F46D8DF8F4478CF9F4498CFAF40E
:105A50004A91FBF45091FCF44E91FDF44F91FEF409
:105A6000649140F57C9B41F57D9B42F57E9B43F51F
:105A70007F9B44F5809B45F5819B46F5829B47F5CE
:105A8000839B48F5849B49F5859B4AF5869B4BF59E
:105A9000879B4CF5889B4DF5899B4EF58A9B4FF56E
:105AA0008B9B50F58C9B51F58D9B52F58E9B53F53E
:105AB0008F9B54F5909B55F5919B56F5929B57F50E
:105AC000939B58F5949B59F5959B5AF5969B5BF5DE
:105AD000979B5CF5989B5DF5999B5EF59A9B5FF5AE
:105AE0009B9B60F59C9B61F59D9B62F59E9B63F57E
:105AF0009F9B64F5A09B65F5A19B66F5A29B67F54E
:105B0000A39B68F5A49B69F5A59B6AF5A69B6BF51D
:105B1000A79B6CF5A89B6DF5A99B6EF5AA9B6FF5ED
:105B2000AB9B70F5AC9B71F5AD9B72F5AE9B73F5BD
:105B3000AF9B74F5B09B75F5B19B76F5B29B77F58D
:105B4000B39B78F5B49B79F5B59B7AF5B69B7BF55D
:105B5000B79B7CF5B89B7DF5B99B7EF5BA9B80F52C
:105B6000BB9B81F5BC9B82F5BD9B83F5BE9B84F5F9
:105B7000BF9B85F5C09B86F5C19B87F5C29B88F5C9
:105B8000C39B89F5C49B8AF5C59B8BF5C69B8CF599
:105B9000C79B8DF5C89B8EF5C99B8FF5CA9B90F569
:105BA000CB9B91F5CC9B92F5CD9B93F5CE9B94F539
:105BB000CF9B95F5D09B96F5D19B97F5D29B98F509
:105BC000D39B99F5D49B9AF5D59B9BF5D69B9CF5D9
:105BD000D79B9DF5D89B9EF5D99B9FF5DA9BA0F5A9
:105BE000DB9BA1F56291A2F56191A3F57091A4F5FB
:105BF0006991A5F56F91A6F57D91A7F57E91A8F520
:105C00007291A9F57491AAF57991ABF58C91ACF5E7
:105C10008591ADF59091AEF58D91AFF59191B0F57F
:105C2000A291B1F5A391B2F5AA91B3F5AD91B4F5F6
:105C3000AE91B5F5AF91B6F5B591B7F5B491B8F5AC
:105C4000BA91B9F5558CBAF57E9EBBF5B88DBCF509
:105C5000EB8DBDF5058EBEF5598EBFF5698EC0F58D
:105C6000B58DC1F5BF8DC2F5BC8DC3F5BA8DC4F538
:105C7000C48DC5F5D68DC6F5D78DC7F5DA8DC8F5B7
:105C8000DE8DC9F5CE8DCAF5CF8DCBF5DB8DCCF58C
:105C9000C68DCDF5EC8DCEF5F78DCFF5F88DD0F521
:105CA000E38DD1F5F98DD2F5FB8DD3F5E48DD4F5E7
:105CB000098ED5F5FD8DD6F5148ED7F51D8ED8F548
:105CC0001F8ED9F52C8EDAF52E8EDBF5238EDCF5C2
:105CD0002F8EDDF53A8EDEF5408EDFF5398EE0F55C
:105CE000358EE1F53D8EE2F5318EE3F5498EE4F532
:105CF000418EE5F5428EE6F5518EE7F5528EE8F5D8
:105D00004A8EE9F5708EEAF5768EEBF57C8EECF531
:105D10006F8EEDF5748EEEF5858EEFF58F8EF0F5C6
:105D2000948EF1F5908EF2F59C8EF3F59E8EF4F53F
:105D3000788CF5F5828CF6F58A8CF7F5858CF8F57C
:105D4000988CF9F5948CFAF59B65FBF5D689FCF5F2
:105D5000DE89FDF5DA89FEF5DC8940F6DC9B41F64B
:105D6000DD9B42F6DE9B43F6DF9B44F6E09B45F667
:105D7000E19B46F6E29B47F6E39B48F6E49B49F637
:105D8000E59B4AF6E69B4BF6E79B4CF6E89B4DF607
:105D9000E99B4EF6EA9B4FF6EB9B50F6EC9B51F6D7
:105DA000ED9B52F6EE9B53F6EF9B54F6F09B55F6A7
:105DB000F19B56F6F29B57F6F39B58F6F49B59F677
:105DC000F59B5AF6F69B5BF6F79B5CF6F89B5DF647
:105DD000F99B5EF6FA9B5FF6FB9B60F6FC9B61F617
:105DE000FD9B62F6FE9B63F6FF9B64F6009C65F6E6
:105DF000019C66F6029C67F6039C68F6049C69F6B3
:105E0000059C6AF6069C6BF6079C6CF6089C6DF682
:105E1000099C6EF60A9C6FF60B9C70F60C9C71F652
:105E20000D9C72F60E9C73F60F9C74F6109C75F622
:105E3000119C76F6129C77F6139C78F6149C79F6F2
:105E4000159C7AF6169C7BF6179C7CF6189C7DF6C2
:105E5000199C7EF61A9C80F61B9C81F61C9C82F68F
:105E60001D9C83F61E9C84F61F9C85F6209C86F65E
:105E7000219C87F6229C88F6239C89F6249C8AF62E
:105E8000259C8BF6269C8CF6279C8DF6289C8EF6FE
:105E9000299C8FF62A9C90F62B9C91F62C9C92F6CE
:105EA0002D9C93F62E9C94F62F9C95F6309C96F69E
:105EB000319C97F6329C98F6339C99F6349C9AF66E
:105EC000359C9BF6369C9CF6379C9DF6389C9EF63E
:105ED000399C9FF63A9CA0F63B9CA1F6E589A2F678
:105EE000EB89A3F6EF89A4F63E8AA5F6268BA6F6E3
:105EF0005397A7F6E996A8F6F396A9F6EF96AAF6B1
:105F00000697ABF60197ACF60897ADF60F97AEF68D
:105F10000E97AFF62A97B0F62D97B1F63097B2F6F6
:105F20003E97B3F6809FB4F6839FB5F6859FB6F68D
:105F3000869FB7F6879FB8F6889FB9F6899FBAF60D
:105F40008A9FBBF68C9FBCF6FE9EBDF60B9FBEF6ED
:105F50000D9FBFF6B996C0F6BC96C1F6BD96C2F6C7
:105F6000CE96C3F6D296C4F6BF77C5F6E096C6F6CF
:105F70008E92C7F6AE92C8F6C892C9F63E93CAF69C
:105F80006A93CBF6CA93CCF68F93CDF63E94CEF6B9
:105F90006B94CFF67F9CD0F6829CD1F6859CD2F68E
:105FA000869CD3F6879CD4F6889CD5F6237AD6F6C1
:105FB0008B9CD7F68E9CD8F6909CD9F6919CDAF6FD
:105FC000929CDBF6949CDCF6959CDDF69A9CDEF6C2
:105FD0009B9CDFF69E9CE0F69F9CE1F6A09CE2F67F
:105FE000A19CE3F6A29CE4F6A39CE5F6A59CE6F64C
:105FF000A69CE7F6A79CE8F6A89CE9F6A99CEAF619
:10600000AB9CEBF6AD9CECF6AE9CEDF6B09CEEF6E0
:10601000B19CEFF6B29CF0F6B39CF1F6B49CF2F6AC
:10602000B59CF3F6B69CF4F6B79CF5F6BA9CF6F67A
:10603000BB9CF7F6BC9CF8F6BD9CF9F6C49CFAF63E
:10604000C59CFBF6C69CFCF6C79CFDF6CA9CFEF6FA
:10605000CB9C40F73C9C41F73D9C42F73E9C43F76C
:106060003F9C44F7409C45F7419C46F7429C47F7CC
:10607000439C48F7449C49F7459C4AF7469C4BF79C
:10608000479C4CF7489C4DF7499C4EF74A9C4FF76C
:106090004B9C50F74C9C51F74D9C52F74E9C53F73C
:1060A0004F9C54F7509C55F7519C56F7529C57F70C
:1060B000539C58F7549C59F7559C5AF7569C5BF7DC
:1060C000579C5CF7589C5DF7599C5EF75A9C5FF7AC
:1060D0005B9C60F75C9C61F75D9C62F75E9C63F77C
:1060E0005F9C64F7609C65F7619C66F7629C67F74C
:1060F000639C68F7649C69F7659C6AF7669C6BF71C
:10610000679C6CF7689C6DF7699C6EF76A9C6FF7EB
:106110006B9C70F76C9C71F76D9C72F76E9C73F7BB
:106120006F9C74F7709C75F7719C76F7729C77F78B
:10613000739C78F7749C79F7759C7AF7769C7BF75B
:10614000779C7CF7789C7DF7799C7EF77A9C80F72A
:106150007B9C81F77D9C82F77E9C83F7809C84F7F3
:10616000839C85F7849C86F7899C87F78A9C88F7AF
:106170008C9C89F78F9C8AF7939C8BF7969C8CF765
:10618000979C8DF7989C8EF7999C8FF79D9C90F724
:10619000AA9C91F7AC9C92F7AF9C93F7B99C94F7AB
:1061A000BE9C95F7BF9C96F7C09C97F7C19C98F74B
:1061B000C29C99F7C89C9AF7C99C9BF7D19C9CF705
:1061C000D29C9DF7DA9C9EF7DB9C9FF7E09CA0F7A2
:1061D000E19CA1F7CC9CA2F7CD9CA3F7CE9CA4F7A1
:1061E000CF9CA5F7D09CA6F7D39CA7F7D49CA8F783
:1061F000D59CA9F7D79CAAF7D89CABF7D99CACF74C
:10620000DC9CADF7DD9CAEF7DF9CAFF7E29CB0F70E
:106210007C97B1F78597B2F79197B3F79297B4F758
:106220009497B5F7AF97B6F7AB97B7F7A397B8F7CB
:10623000B297B9F7B497BAF7B19ABBF7B09ABCF76F
:10624000B79ABDF7589EBEF7B69ABFF7BA9AC0F78D
:10625000BC9AC1F7C19AC2F7C09AC3F7C59AC4F7EE
:10626000C29AC5F7CB9AC6F7CC9AC7F7D19AC8F7A6
:10627000459BC9F7439BCAF7479BCBF7499BCCF794
:10628000489BCDF74D9BCEF7519BCFF7E898D0F7C1
:106290000D99D1F72E99D2F75599D3F75499D4F790
:1062A000DF9AD5F7E19AD6F7E69AD7F7EF9AD8F7BB
:1062B000EB9AD9F7FB9ADAF7ED9ADBF7F99ADCF764
:1062C000089BDDF70F9BDEF7139BDFF71F9BE0F7C3
:1062D000239BE1F7BD9EE2F7BE9EE3F73B7EE4F72A
:1062E000829EE5F7879EE6F7889EE7F78B9EE8F7A4
:1062F000929EE9F7D693EAF79D9EEBF79F9EECF707
:10630000DB9EEDF7DC9EEEF7DD9EEFF7E09EF0F70B
:10631000DF9EF1F7E29EF2F7E99EF3F7E79EF4F7CE
:10632000E59EF5F7EA9EF6F7EF9EF7F7229FF8F75E
:106330002C9FF9F72F9FFAF7399FFBF7379FFCF750
:106340003D9FFDF73E9FFEF7449F40F8E39C41F8D8
:10635000E49C42F8E59C43F8E69C44F8E79C45F849
:10636000E89C46F8E99C47F8EA9C48F8EB9C49F819
:10637000EC9C4AF8ED9C4BF8EE9C4CF8EF9C4DF8E9
:10638000F09C4EF8F19C4FF8F29C50F8F39C51F8B9
:10639000F49C52F8F59C53F8F69C54F8F79C55F889
:1063A000F89C56F8F99C57F8FA9C58F8FB9C59F859
:1063B000FC9C5AF8FD9C5BF8FE9C5CF8FF9C5DF829
:1063C000009D5EF8019D5FF8029D60F8039D61F8F5
:1063D000049D62F8059D63F8069D64F8079D65F8C5
:1063E000089D66F8099D67F80A9D68F80B9D69F895
:1063F0000C9D6AF80D9D6BF80E9D6CF80F9D6DF865
:10640000109D6EF8119D6FF8129D70F8139D71F834
:10641000149D72F8159D73F8169D74F8179D75F804
:10642000189D76F8199D77F81A9D78F81B9D79F8D4
:106430001C9D7AF81D9D7BF81E9D7CF81F9D7DF8A4
:10644000209D7EF8219D80F8229D81F8239D82F871
:10645000249D83F8259D84F8269D85F8279D86F840
:10646000289D87F8299D88F82A9D89F82B9D8AF810
:106470002C9D8BF82D9D8CF82E9D8DF82F9D8EF8E0
:10648000309D8FF8319D90F8329D91F8339D92F8B0
:10649000349D93F8359D94F8369D95F8379D96F880
:1064A000389D97F8399D98F83A9D99F83B9D9AF850
:1064B0003C9D9BF83D9D9CF83E9D9DF83F9D9EF820
:1064C000409D9FF8419DA0F8429D40F9439D41F9B0
:1064D000449D42F9459D43F9469D44F9479D45F940
:1064E000489D46F9499D47F94A9D48F94B9D49F910
:1064F0004C9D4AF94D9D4BF94E9D4CF94F9D4DF9E0
:10650000509D4EF9519D4FF9529D50F9539D51F9AF
:10651000549D52F9559D53F9569D54F9579D55F97F
:10652000589D56F9599D57F95A9D58F95B9D59F94F
:106530005C9D5AF95D9D5BF95E9D5CF95F9D5DF91F
:10654000609D5EF9619D5FF9629D60F9639D61F9EF
:10655000649D62F9659D63F9669D64F9679D65F9BF
:10656000689D66F9699D67F96A9D68F96B9D69F98F
:106570006C9D6AF96D9D6BF96E9D6CF96F9D6DF95F
:10658000709D6EF9719D6FF9729D70F9739D71F92F
:10659000749D72F9759D73F9769D74F9779D75F9FF
:1065A000789D76F9799D77F97A9D78F97B9D79F9CF
:1065B0007C9D7AF97D9D7BF97E9D7CF97F9D7DF99F
:1065C000809D7EF9819D80F9829D81F9839D82F96C
:1065D000849D83F9859D84F9869D85F9879D86F93B
:1065E000889D87F9899D88F98A9D89F98B9D8AF90B
:1065F0008C9D8BF98D9D8CF98E9D8DF98F9D8EF9DB
:10660000909D8FF9919D90F9929D91F9939D92F9AA
:10661000949D93F9959D94F9969D95F9979D96F97A
:10662000989D97F9999D98F99A9D99F99B9D9AF94A
:106630009C9D9BF99D9D9CF99E9D9DF99F9D9EF91A
:10664000A09D9FF9A19DA0F9A29D40FAA39D41FAAA
:10665000A49D42FAA59D43FAA69D44FAA79D45FA3A
:10666000A89D46FAA99D47FAAA9D48FAAB9D49FA0A
:10667000AC9D4AFAAD9D4BFAAE9D4CFAAF9D4DFADA
:10668000B09D4EFAB19D4FFAB29D50FAB39D51FAAA
:10669000B49D52FAB59D53FAB69D54FAB79D55FA7A
:1066A000B89D56FAB99D57FABA9D58FABB9D59FA4A
:1066B000BC9D5AFABD9D5BFABE9D5CFABF9D5DFA1A
:1066C000C09D5EFAC19D5FFAC29D60FAC39D61FAEA
:1066D000C49D62FAC59D63FAC69D64FAC79D65FABA
:1066E000C89D66FAC99D67FACA9D68FACB9D69FA8A
:1066F000CC9D6AFACD9D6BFACE9D6CFACF9D6DFA5A
:10670000D09D6EFAD19D6FFAD29D70FAD39D71FA29
:10671000D49D72FAD59D73FAD69D74FAD79D75FAF9
:10672000D89D76FAD99D77FADA9D78FADB9D79FAC9
:10673000DC9D7AFADD9D7BFADE9D7CFADF9D7DFA99
:10674000E09D7EFAE19D80FAE29D81FAE39D82FA66
:10675000E49D83FAE59D84FAE69D85FAE79D86FA35
:10676000E89D87FAE99D88FAEA9D89FAEB9D8AFA05
:10677000EC9D8BFAED9D8CFAEE9D8DFAEF9D8EFAD5
:10678000F09D8FFAF19D90FAF29D91FAF39D92FAA5
:10679000F49D93FAF59D94FAF69D95FAF79D96FA75
:1067A000F89D97FAF99D98FAFA9D99FAFB9D9AFA45
:1067B000FC9D9BFAFD9D9CFAFE9D9DFAFF9D9EFA15
:1067C000009E9FFA019EA0FA029E40FB039E41FBA1
:1067D000049E42FB059E43FB069E44FB079E45FB31
:1067E000089E46FB099E47FB0A9E48FB0B9E49FB01
:1067F0000C9E4AFB0D9E4BFB0E9E4CFB0F9E4DFBD1
:10680000109E4EFB119E4FFB129E50FB139E51FBA0
:10681000149E52FB159E53FB169E54FB179E55FB70
:10682000189E56FB199E57FB1A9E58FB1B9E59FB40
:106830001C9E5AFB1D9E5BFB1E9E5CFB249E5DFB0B
:10684000279E5EFB2E9E5FFB309E60FB349E61FBAD
:106850003B9E62FB3C9E63FB409E64FB4D9E65FB42
:10686000509E66FB529E67FB539E68FB549E69FBDD
:10687000569E6AFB599E6BFB5D9E6CFB5F9E6DFB9B
:10688000609E6EFB619E6FFB629E70FB659E71FB5E
:106890006E9E72FB6F9E73FB729E74FB749E75FB03
:1068A000759E76FB769E77FB779E78FB789E79FBCC
:1068B000799E7AFB7A9E7BFB7B9E7CFB7C9E7DFB9C
:1068C0007D9E7EFB809E80FB819E81FB839E82FB62
:1068D000849E83FB859E84FB869E85FB899E86FB2A
:1068E0008A9E87FB8C9E88FB8D9E89FB8E9E8AFBF1
:1068F0008F9E8BFB909E8CFB919E8DFB949E8EFBBE
:10690000959E8FFB969E90FB979E91FB989E92FB87
:10691000999E93FB9A9E94FB9B9E95FB9C9E96FB57
:106920009E9E97FBA09E98FBA19E99FBA29E9AFB20
:10693000A39E9BFBA49E9CFBA59E9DFBA79E9EFBEE
:10694000A89E9FFBA99EA0FBAA9E40FCAB9E41FC7B
:10695000AC9E42FCAD9E43FCAE9E44FCAF9E45FC0B
:10696000B09E46FCB19E47FCB29E48FCB39E49FCDB
:10697000B59E4AFCB69E4BFCB79E4CFCB99E4DFCA6
:10698000BA9E4EFCBC9E4FFCBF9E50FCC09E51FC6C
:10699000C19E52FCC29E53FCC39E54FCC59E55FC36
:1069A000C69E56FCC79E57FCC89E58FCCA9E59FC02
:1069B000CB9E5AFCCC9E5BFCD09E5CFCD29E5DFCC8
:1069C000D39E5EFCD59E5FFCD69E60FCD79E61FC8C
:1069D000D99E62FCDA9E63FCDE9E64FCE19E65FC4F
:1069E000E39E66FCE49E67FCE69E68FCE89E69FC0C
:1069F000EB9E6AFCEC9E6BFCED9E6CFCEE9E6DFCCF
:106A0000F09E6EFCF19E6FFCF29E70FCF39E71FC9A
:106A1000F49E72FCF59E73FCF69E74FCF79E75FC6A
:106A2000F89E76FCFA9E77FCFD9E78FCFF9E79FC32
:106A3000009F7AFC019F7BFC029F7CFC039F7DFCF6
:106A4000049F7EFC059F80FC069F81FC079F82FCC3
:106A5000089F83FC099F84FC0A9F85FC0C9F86FC91
:106A60000F9F87FC119F88FC129F89FC149F8AFC52
:106A7000159F8BFC169F8CFC189F8DFC1A9F8EFC1B
:106A80001B9F8FFC1C9F90FC1D9F91FC1E9F92FCE6
:106A90001F9F93FC219F94FC239F95FC249F96FCB1
:106AA000259F97FC269F98FC279F99FC289F9AFC7E
:106AB000299F9BFC2A9F9CFC2B9F9DFC2D9F9EFC4D
:106AC0002E9F9FFC309FA0FC319F40FD329F41FDD7
:106AD000339F42FD349F43FD359F44FD369F45FD66
:106AE000389F46FD3A9F47FD3C9F48FD3F9F49FD2B
:106AF000409F4AFD419F4BFD429F4CFD439F4DFDF2
:106B0000459F4EFD469F4FFD479F50FD489F51FDBD
:106B1000499F52FD4A9F53FD4B9F54FD4C9F55FD8D
:106B20004D9F56FD4E9F57FD4F9F58FD529F59FD5B
:106B3000539F5AFD549F5BFD559F5CFD569F5DFD25
:106B4000579F5EFD589F5FFD599F60FD5A9F61FDF5
:106B50005B9F62FD5C9F63FD5D9F64FD5E9F65FDC5
:106B60005F9F66FD609F67FD619F68FD629F69FD95
:106B7000639F6AFD649F6BFD659F6CFD669F6DFD65
:106B8000679F6EFD689F6FFD699F70FD6A9F71FD35
:106B90006B9F72FD6C9F73FD6D9F74FD6E9F75FD05
:106BA0006F9F76FD709F77FD719F78FD729F79FDD5
:106BB000739F7AFD749F7BFD759F7CFD769F7DFDA5
:106BC000779F7EFD789F80FD799F81FD7A9F82FD72
:106BD0007B9F83FD7C9F84FD7D9F85FD7E9F86FD41
:106BE000819F87FD829F88FD8D9F89FD8E9F8AFDF5
:106BF0008F9F8BFD909F8CFD919F8DFD929F8EFDB1
:106C0000939F8FFD949F90FD959F91FD969F92FD80
:106C1000979F93FD989F94FD9C9F95FD9D9F96FD4A
:106C20009E9F97FDA19F98FDA29F99FDA39F9AFD0E
:106C3000A49F9BFDA59F9CFD2CF99DFD79F99EFDD0
:106C400095F99FFDE7F9A0FDF1F940FE0CFA41FE30
:106C50000DFA42FE0EFA43FE0FFA44FE11FA45FE0B
:106C600013FA46FE14FA47FE18FA48FE1FFA49FEC8
:106C700020FA4AFE21FA4BFE23FA4CFE24FA4DFE7E
:106C800027FA4EFE28FA4FFE29FA000000006100A4
:106C90001A03E0001703F8000703FF000100780162
:106CA0000001300132010601390110014A012E01B3
:106CB0007901060180014D004302810182018201B8
:106CC0008401840186018701870189018A018B0182
:106CD0008B018D018E018F01900191019101930132
:106CE0009401F60196019701980198013D029B01DC
:106CF0009C019D0120029F01A001A001A201A2010F
:106D0000A401A401A601A701A701A901AA01AB0141
:106D1000AC01AC01AE01AF01AF01B101B201B301F1
:106D2000B301B501B501B701B801B801BA01BB01A2
:106D3000BC01BC01BE01F701C001C101C201C30118
:106D4000C401C501C401C701C801C701CA01CB0103
:106D5000CA01CD011001DD0101008E01DE01120129
:106D6000F3010300F101F401F401F801280122020A
:106D700012013A020900652C3B023B023D02662CDF
:106D80003F0240024102410246020A015302400012
:106D900081018601550289018A0158028F015A0238
:106DA00090015C025D025E025F0293016102620279
:106DB00094016402650266026702970196016A0205
:106DC000622C6C026D026E029C01700271029D01C8
:106DD000730274029F0176027702780279027A02C6
:106DE0007B027C02642C7E027F02A6018102820269
:106DF000A9018402850286028702AE014402B10124
:106E0000B20145028D028E028F0290029102B701FB
:106E10007B030300FD03FE03FF03AC0304008603B2
:106E2000880389038A03B1031103C2030200A30389
:106E3000A303C4030803CC0303008C038E038F0356
:106E4000D8031801F2030A00F903F303F403F5036E
:106E5000F603F703F703F903FA03FA0330042003F8
:106E600050041007600422018A043601C1040E0197
:106E7000CF040100C004D0044401610526040000D1
:106E80007D1D0100632C001E9601A01E5A01001FEB
:106E90000806101F0606201F0806301F0806401FA0
:106EA0000606511F0700591F521F5B1F541F5D1F0D
:106EB000561F5F1F601F0806701F0E00BA1FBB1F02
:106EC000C81FC91FCA1FCB1FDA1FDB1FF81FF91FFE
:106ED000EA1FEB1FFA1FFB1F801F0806901F080602
:106EE000A01F0806B01F0400B81FB91FB21FBC1FA7
:106EF000CC1F0100C31FD01F0206E01F0206E51FC2
:106F00000100EC1FF21F0100FC1F4E210100322185
:106F100070211002842101008321D0241A05302C15
:106F20002F04602C0201672C0601752C0201802CB5
:106F30006401002D260841FF1A0300006DC50008FA
:106F4000C5C70008F1C50008C9C7000889C5000801
:106F500000061016000610160100020004000600CC
:106F600008000A000C001000200040008000000112
:106F700001010103070100000804020408010101E6
:106F800004FA97999999D93FAF788E1DC571CC3F76
:106F90009FC678D0099AC33F935555555555E53F3F
:106FA000599322942449D23FDE03CB966446C73FCF
:106FB00044523EDF12F1C23F000000000000F03FEB
:106FC000000000000000F83F00000000000000008A
:106FD0000000004003B8E23F000000000000000095
:106FE00006D0CF43EBFD4C3E033333333333E33F23
:106FF000FFAB6FDBB66DDB3F4D268F515555D53F4F
:1070000001411DA96074D13F65DBC9934A86CD3F1C
:10701000EF4E454A287ECA3F3E5555555555C53F0A
:1070200093BDBE166CC166BF2CDE25AF6A56113FFC
:10703000F16BD2C541BDBBBED0A4BE726937663EFE
:107040004C5555555555A53F7751C1166CC156BF86
:107050009015CB19A001FA3EAD529C804F7E92BE96
:10706000C4B1B4BD9EEE213ED43888BEE9FAA8BDB5
:10707000000000000000000000004054FB21F93F28
:107080003163621A61B4D03D0000601A61B4D03D32
:107090007370032E8A19A33B0000002E8A19A33BAC
:1070A000C14920259A837B390000000000000000C0
:1070B0006E83F9A22915444ED15727FCC0DD34F563
:1070C000999562DB4190433CAB6351FE61C5BBDEE9
:1070D0003A6E24B7E0D24D42EA2E49061C92D109FD
:1070E0001CEB1DFE3EA729B1F53582E88444BB2E7A
:1070F00026709CE9417E5FB439D69139F4395383C7
:107100008B5F849C3B28F9BDFF97F81F0F9805DE25
:107110008B112FEF1F6D0A5ACF7E366DB709CB2723
:10712000663F464F2DEA5F9EC7BA27757BF1E5EBB8
:10713000F739073DEA92528AB15FFB6B085D8D1FFC
:10714000A6F810111111813FD561C119A0012ABF04
:107150007DFEB157E31DC73EEB9C2B8AE6E55ABE88
:107160007CD5CF5A3AD9E53D46525F544F4F5F4DDB
:10717000414E595F4F50454E5F46494C4553A3BA67
:10718000B5B1C7B0B4F2BFAAB5C4CEC4BCFECAFD87
:10719000B4F3D3DA5F46535F5348415245000000D1
:1071A00046525F57524954455F50524F54454354DD
:1071B0004544A3BACEEFC0EDC7FDB6AFB1BBD0B466
:1071C000B1A3BBA40000000046525F4F4BA3BAB36B
:1071D000C9B9A60046525F494E56414C49445F44E6
:1071E00052495645A3BAC2DFBCADC7FDB6AFBAC55A
:1071F000CEDED0A70000000046525F494E56414CFB
:1072000049445F4F424A454354A3BACEC4BCFEBB77
:10721000F2D5DFC4BFC2BCB6D4CFF3CEDED0A70058
:1072200046525F494E56414C49445F504152414D90
:1072300045544552A3BAB2CECAFDCEDED0A7000057
:1072400046525F4D4B46535F41424F52544544A313
:10725000BAD3C9D3DAB2CECAFDB4EDCEF3665F6D50
:107260006B66732829B1BBD6D5D6B90046525F5498
:10727000494D454F5554A3BAD4DAB9E6B6A8B5C4BA
:10728000CAB1BCE4C4DACEDEB7A8BBF1B5C3B7C39C
:10729000CECABEEDB5C4D0EDBFC9000046525F45B1
:1072A00058495354A3BACEC4BCFED2D1BEADB4E645
:1072B000D4DA000046525F4E4F5F50415448A3BAA3
:1072C000C2B7BEB6B2BBB4E6D4DA000046525F4ED7
:1072D0004F5F46494C45A3BACEC4BCFEB2BBB4E630
:1072E000D4DA000046525F494E545F455252A3BA69
:1072F000B6CFD1D4CAA7B0DC0000000046525F4E22
:107300004F5F46494C4553595354454DA3BAC3BBEF
:10731000D3D0D3D0D0A7B5C4464154BEED000000B1
:1073200046525F4449534B5F455252A3BAB5D7B258
:10733000E3D3B2BCFEB4EDCEF300000046525F4E84
:107340004F545F5245414459A3BACEEFC0EDC7FD3B
:10735000B6AFC3BBD3D0B9A4D7F7000046525F4441
:10736000454E494544A3BAD3C9D3DABDFBD6B9B714
:10737000C3CECABBF2D5DFC4BFC2BCD2D1C2FAB73A
:10738000C3CECAB1BBBEDCBEF800000046525F4CA3
:107390004F434B4544A3BAD3C9D3DACEC4BCFEB9DC
:1073A000B2CFEDB2DFC2D4B2D9D7F7B1BBBEDCBE2B
:1073B000F800000046525F4E4F545F454E41424C2C
:1073C0004544A3BABEEDD6D0CEDEB9A4D7F7C7F8F0
:1073D0000000000046525F4E4F545F454E4F5547E8
:1073E000485F434F5245A3BACEDEB7A8B7D6C5E42F
:1073F000B3A4CEC4BCFEC3FBB9A4D7F7C7F8000042
:1074000046525F494E56414C49445F4E414D45A35B
:10741000BACEDED0A7CEC4BCFEC3FB003C740408C9
:1074200000000024381300005C0B0008A47D040851
:1074300038130024C8CF070090FB0008600C01003F
:1074400050000002010047010001300AA5A5A5D5A2
:10745000020034A5D409620109530200096205093A
:1074600020050607E80137510F6207096208094045
:1074700008090A0E040423284A5301FF0852010890
:1074800051507140620C09620B12620D09620E09C3
:10749000620F0952120872113F62131A61115214DD
:1074A00008521608201917A5D40001020304050686
:1074B0000708090A0C0B0D0E0F11121416171D11D7
:1074C0001B21FB2407803F8104353F05110812BFB3
:1074D0001042BF085300801802148018413830440D
:1074E0005FA6BDBAB06BB7BA65E8B3BA735B89BAC9
:1074F0001B2058211E8F123BD242C73BFAAB413CA6
:107500006004A03CC6DEED3C4656233D865A523D03
:10751000A333803DBDCB943D2B18A53D028EAF3DDE
:10752000EA28B308211021182120212821302138F0
:107530002140214821502158216021682170217863
:107540002180670000C93240D010042018020121B8
:1075500010310515EC31013200021118210B3104F4
:1075600021203110212D31153111410E4111410FD2
:10757000413A414652002E415752004F413D414D44
:10758000510E61475117517B618C617E619B618710
:10759000819F61655114410561C661AE61B061CBE7
:1075A00061D061E88200AC61D251EC614B82003E57
:1075B000710B81E8716D710F75296D3C0381BE619E
:1075C0009BA52E81AC8527A1625574752C960072FF
:1075D000855B61A785B461E271F1752186004C95E8
:1075E0008965CB65468503A5EF61A881C5A1868520
:1075F0005971C571BF79628178B57792029E9A0000
:107600002E657F612CA602C9858E790B8992654310
:10761000A92F65A8711C898E991E89DAC9AB9200C1
:1076200041A58D8528795591C99600A58D110395A1
:107630002F7D06039602C699A181539581A94DB26B
:10764000007D8DBF0385587D2C0381F3CD0004950B
:107650003AB9009D3003920262EE02000491F1B942
:10766000008DB0036D5703C900BD86038D3603EE50
:107670000200049952B900BD86038DB603EE0000E6
:107680000499D2B900B50699A9ED000485B4C900E2
:10769000BD06059529ED0004999BB9009D8E0475E2
:1076A00046A900AD9904610FD99F7D19039202E9A3
:1076B000ED0004FA02F3CD000479C5DD00069D302B
:1076C00003BE02CF04DD0004811ECD000685B0811B
:1076D00062CE0277046DAC04A519EE0000047D4B68
:1076E00006DD00069D8E05CE026505CD00047DA356
:1076F00005DD0006851BAD8303A1FD7DD704997DC3
:10770000ADE8067D0E0781219D000685B09D7D06B2
:107710000A10004D9D7D04BD00069930950DADE821
:107720000679DF9DC3048D00068D63049DBD071D92
:1077300068072C31726DA8BA5358A9BA0261A7BA6A
:10774000F165A2BA1F679ABA1A868FBAE3C281BAE4
:107750002BC162BA7E013DBAF7CC12BAD3D9C9B9EE
:10776000C9914EB90A092C5D66DC54390D6FD639C2
:10777000D8F4203AB9A5553ADE1E843AC6F99B3AA8
:10778000CFBBB13A6C43C53AD5E8D53A6347E33A43
:10779000863DED3A0745F33AE65DF53A7923F33A4B
:1077A000C095EC3ABBB4E13ADD5ED23A41D7BE3A7D
:1077B000753FA73A94DA8B3A931A5A3A6135163ADA
:1077C00003249A394809305CA06EA0B9470122BA57
:1077D0005A0E74BA7F87A2BA45B8C9BA4913EFBA2C
:1077E000D4D608BB075F18BBE9EF25BB0A1431BB31
:1077F000139939BB242B3FBBE59741BBCBBD40BBA5
:107800007F6A3CBB3B8D34BB381529BB03241ABBB4
:1078100064CA07BB4432E4BA3FC8B2BAE0B977BA27
:1078200040DAFFC01050BD37063A2A72883AE5D4D4
:10783000CE3AD09B0A3B68252D3B3B704E3B84D40F
:107840006D3B3F55853B952D923BFD169D3B5BCE99
:10785000A53B9510AC3B2992AF3BC520B03B118AAC
:10786000AD3B1EA4A73BC1559E3B9696913B395E0E
:10787000813B1F6A5B18200B2D3B419DF23A2A3B4E
:107880007D3AC0205DD6A887BA23650BBB47C75594
:10789000BBD0EE90BB193DB7BB7E37DDBBBA120142
:1078A000BC9BAF12BC850923BC33C431BCC9763E36
:1078B000BC9DBC48BCD42C50BCC36254BCC2F9545F
:1078C000BC268D51BCA9C049BC9A443DBCB2BC2B5E
:1078D000BCD6E514BC3602F1BB93A7ACBBC0CF3815
:1078E000BBC03090FB73513B19C6DD3B5B962F3C10
:1078F000C05D763CBE89A13CCEC6CA3C82C4F63C83
:107900008EAE123D3C312B3D20D1443DD26F5F3DC8
:10791000D0EC7A3D47938B3D98FA993D7C99A83DF0
:10792000755AB73D0228C63D14EBD43D1E8DE33D8C
:107930000EF7F13DA708003E65E2063E7C7D0D3E58
:10794000A7CE133E25CB193EBE681F3E399D243E6F
:10795000EE5F293E37A82D3E7A6E313EE7AB343ECE
:10796000755A373EB075393EA9F93A3E7EE33B3E43
:107970009C313C0821102118212021282130213858
:10798000214021482150215821602168217021780F
:10799000218021882190219821A021A821B021B8FF
:1079A00021C021C821D021D821E021E821F021F8EF
:1079B00025002508251025182520252825302538BF
:1079C00025402548255025582560256825702578AF
:1079D000258025882590259825A025A825B025B89F
:1079E00025C025C825D025D82D390B25E825F0251B
:1079F000F82900290829102918292029282930299F
:107A0000382940294829502958296029682970298E
:107A10007829802988299029983D9E0B19A829B09A
:107A200029B829C029C829D029D829E029E829F06E
:107A300029F82D00032D08032D10032D18032D20E8
:107A4000032D28032D30032D38032D40032D48032B
:107A50002D50032D580321C02D68032D70032D7860
:107A6000032D80032D88032D90032D98032DA00353
:107A70002DA8032DB0032DB8032DC0032DC8032D51
:107A8000D0032DD8032DE0032DE8032DF0032DF8AE
:107A9000032D00042D08042D10042D180429A02DF9
:107AA00028042D30042D38042D40042D48042D5079
:107AB000042D58042D60042D68042D70042D7804C5
:107AC0002D80042D240D5EF75C0D5EF7440D4108FA
:107AD0009300801802163F281D80042016B99208D2
:107AE0008DB9D4D688B949136FB9774E33B9FF0829
:107AF000C3B8381D8C043C2138D5E8553973309B08
:107B00003920F0C03945F5D6395B94D939DE21C525
:107B1000395C919839FBEA2A74043C18FF0843B990
:107B20004D2EC6B987C011BAFDF936BA3E424DBADC
:107B30008C675000053C08BF4612BA261AA4FC0404
:107B40003C101399B939F2B13B3AF019893A172E22
:107B5000ABC8043C105A48C03AF646AD3A4E2B85A5
:107B60003A821C1404042824B16925BAE9EFA5BAA5
:107B70000CE9F0BAB93915BB244825BB3F8B25BBAE
:107B8000492D14BB0F7EE2BAF7587A4C302500ED30
:107B9000478A3AD1040A3B116D473BAB05763B9DC2
:107BA000B9873B575D873B0A80713BA5F5373BB5ED
:107BB000C4CA503C2489D2DEBAFC195EBB4B3CA03F
:107BC000BB5D6DC5BB22A5D9BB240ED9BBACA8C17A
:107BD000BBAE9E93BB29EC221C042C2420B3333B68
:107BE000BDAAB33B9412023C3BFD203C635F323C98
:107BF00030F2323C83C2203CB709F73B608F8924C6
:107C0000032426800F289BBB59341DBC0C2167BC64
:107C1000198C91BC0283A4BC7FDAA8BCDCBA9BBCE3
:107C200071AD76BC56470EBC783028F0A22F3C17B9
:107C3000B8BC3CC2F9143DF0FA4C3D4BAB813DB7AA
:107C40007E9A3D3388AF3D7688BF3D9C89C93DFA19
:107C5000F0CC0821102118212021282130213821A1
:107C60004021482D3C06215821602168217021784F
:107C700021802188219021982D540F21A821B02105
:107C8000B821C021C821D021D821E021E82DCA0E79
:107C900021F8250025082510251825202528253020
:107CA00025382D940525482550255825602568251B
:107CB000702578258025883958159825A025A82570
:107CC000B025B825C025C825D025D8259025E8257C
:107CD000F025F82900290829102918292029282108
:107CE000A02938294029482950295829602968297C
:107CF000702978298029882990299829A029A829DC
:107D0000B029B829C029C82DFC0529D829E029E8BF
:107D100029F029F82D0003026D00011C09F154011E
:107D200008B95501084B1010102400401FC000086E
:107D3000003000C000380020022D2F1113700718EA
:107D40002009DFC10018043000C818035A01209030
:107D5000100EC871040820730408E47204083C087B
:107D600012CC0812B40C1006007404085C10129CAB
:107D70001012F82412A00412D40412B42C12FC2401
:107D8000124028126C2C128C3C12D42822684821F4
:107D900038300490D003049164D2010C061510759C
:047DA00000000000DF
:040000050800029954
:00000001FF
