:020000040800F2
:10000000003F0024AD020008D5B00008E1A00008C0
:1000100051B000088D0E0008D5E400080000000073
:100020000000000000000000000000004DCC0008AF
:100030003114000800000000D9B00008F5CD000818
:10004000C7020008C7020008C7020008C70200086C
:10005000C7020008C7020008C7020008C70200085C
:10006000C7020008C7020008C7020008BD10000848
:10007000C7020008C7020008C7020008C70200083C
:10008000C7020008C7020008C7020008C70200082C
:10009000C7020008C7020008C7020008D5140008FC
:1000A000C7020008C7020008C7020008C70200080C
:1000B000DDCF0008C7020008C7020008C702000819
:1000C000C7020008C7020008C7020008F1CA0008FA
:1000D000C7020008C5E40008C7020008C7020008FC
:1000E000C7020008C702000800000000C70200089D
:1000F000FDCF0008C7020008C7020008C7020008B9
:10010000C7020008ADB70008C7020008C702000810
:10011000C7020008C7020008C7020008EDCF0008A8
:10012000C7020008C7020008C7020008C70200088B
:10013000C7020008C7020008C7020008C70200087B
:1001400000000000000000000000000000000000AF
:10015000C7020008C7020008C7020008C70200085B
:10016000C7020008C7020008C7020008C70200084B
:10017000C7020008C7020008C7020008C70200083B
:10018000C7020008C7020008C7020008C70200082B
:10019000C7020008C7020008C7020008C70200081B
:1001A000C7020008C7020008C7020008C70200080B
:1001B000C7020008C7020008C7020008C7020008FB
:1001C000C7020008C7020008C7020008C7020008EB
:1001D000C7020008C7020008C7020008C7020008DB
:1001E000C7020008C7020008C7020008C7020008CB
:1001F000C7020008C7020008C7020008C7020008BB
:10020000C7020008C7020008C7020008C7020008AA
:10021000C7020008C7020008C7020008C70200089A
:10022000C7020008C7020008C7020008000000005B
:10023000C7020008C702000800000000C70200084B
:10024000C7020008C7020008C7020008C70200086A
:10025000C7020008C7020008C7020008C70200085A
:10026000C7020008C7020008C7020008C70200084A
:10027000C7020008C7020008C7020008000000000B
:10028000C7020008C7020008C702000800000000FB
:1002900000000000C7020008DFF80CD000F06AFB85
:1002A000004800479D0E0108003F00240648804793
:1002B00006480047FEE7FEE7FEE7FEE7FEE7FEE74B
:1002C000FEE7FEE7FEE7FEE7E1CE00089902000840
:1002D0002DE9F05F0546002092469B46884606467B
:1002E000814640241BE0284641464746224600F00E
:1002F00085FA53465A46C01A914110D31146184602
:10030000224600F016F82D1A67EB01084F462246E8
:100310000120002100F00DF817EB00094E41201ECE
:10032000A4F10104DFDC484631462A464346BDE8D5
:10033000F09F202A04DB203A00FA02F100207047E7
:100340009140C2F1200320FA03F319439040704713
:10035000202A06DBCB17203A41FA02F043EAE07389
:1003600006E041FA02F3D040C2F120029140084376
:100370001946704740EA01039B0703D009E008C90A
:10038000121F08C0042AFAD203E011F8013B00F85A
:10039000013B521EF9D27047D2B201E000F8012BA6
:1003A000491EFBD270470022F6E710B513460A46F5
:1003B00004461946FFF7F0FF204610BD421E12F812
:1003C000013F002BFBD111F8013B02F8013B002B50
:1003D000F9D17047421C10F8011B0029FBD1801A8B
:1003E0007047034611F8012B00F8012B002AF9D1C0
:1003F000184670472DE9FE4F804681EA0300C00F82
:100400000C46009021F0004123F00045B8EB0200BB
:10041000A94105D24046214690461C460B4602465D
:1004200023F00040104347D0270DC7F30A00C3F361
:100430000A510290401A019040286BDAC3F313006E
:1004400040F4801B0098924620B10023D2EB030AAF
:1004500063EB0B0B01985946C0F140025046FFF781
:1004600068FF06460D4650465946019AFFF770FF51
:1004700010EB08006141002487EA115284EAE77317
:100480001A4340D0009A62B3019A012A4FEA0752F8
:1004900015DC001B61EB02014FF0004202EA07523B
:1004A000CDE90042001C41F5801132462B4600F098
:1004B000FBF903B0BDE8F08F40462146F9E7001B89
:1004C00061EB0201001C41F5801300185B4120180C
:1004D000A2F5001747EB030140EAD570B6196D414C
:1004E00011E06D084FEA360645EAC0754FEA07523B
:1004F000001B61EB0201001C41F5801149084FEA25
:1005000030000019514132462B4603B0BDE8F04F90
:1005100000F0BBB90098012240000023D0EB02029A
:1005200063EBE073009821464FEAE074B8EB0000FB
:1005300061EB0401E9E783F000435BE781F00041F0
:1005400058E72DE9FE4F81EA030404F0004421F04E
:10055000004100944FF0000B23F0004350EA0104E7
:100560005ED052EA03045BD0C3F30A54C1F30A55C8
:100570002C44A4F2F3340194A0FB0254C1F3130100
:1005800041F48011C3F3130343F4801301FB0244CD
:1005900000FB034E840A970A44EA815447EA8357D2
:1005A000A4FB076802958D0A05FB07854FEA932C8B
:1005B00004FB0C542705029D4FEA065847EA1637FC
:1005C000B5EB08056EEB070C870E920E47EA811714
:1005D00042EA8312A7FB0201B6EB0B0164EB0004B5
:1005E0002B0D43EA0C335E1844EB1C50DA4651469F
:1005F000E7FB0201C5F313044FEA0B3343EA14533C
:100600004FEA0432019C43EA0603A4F10C0402946D
:10061000009CCDE900B400F047F903B0BDE8F08FCD
:1006200000200146F9E72DE9F04D81EA030404F0CA
:10063000004B21F0004514464FF0000A23F0004122
:1006400050EA050220D054EA01021DD0C5F30A5732
:100650000246C5F31303C1F31300C1F30A5640F475
:10066000801543F48013A7EB0608101BD64608F24A
:10067000FD3873EB050002D308F1010801E0921880
:100680005B41B8F1000F03DA00200146BDE8F08DB0
:1006900000204FF48011064684460EE0171B73EBD2
:1006A000050705D3121B63EB050306434CEA010C57
:1006B00049084FEA300092185B4150EA0107EDD13A
:1006C00052EA030012D082EA040083EA05010843DB
:1006D00005D0101BAB4106D20122002306E0002208
:1006E0004FF0004302E06FF0010253101AEB0600D6
:1006F0004CEB085110EB0A0041EB0B01BDE8F04D4B
:1007000000F0C3B80EB5C10F80EAE0700844CA0714
:10071000002140F233438DE80E000A460B4600F0FC
:10072000C3F803B000BD0EB540F233410291002181
:10073000CDE900110A460B4600F0B6F803B000BD43
:1007400000F0004230F000400AD0C10D01F56071A8
:10075000C0F3160042EA0151C20840071143704736
:10076000002001467047000030B5041E71F10004FE
:1007700004DB4FF00044404264EB0101141E73F1AE
:10078000000405DB1C464FF00043524263EB0403B8
:10079000994208BF904230BD01F0004330B421F0CF
:1007A000004150EA010206D00A0DA2F56072C1F3C1
:1007B0001301002A02DC30BC00207047440F44EAD9
:1007C000C104C100E01830BC00EBC25000F026B8F4
:1007D00030B50B46014600202022012409E021FA11
:1007E00002F59D4205D303FA02F5491B04FA02F50E
:1007F0002844151EA2F10102F1DC30BD202A04DBE1
:10080000203A21FA02F00021704721FA02F3D04089
:10081000C2F1200291400843194670470029A8BF41
:100820007047401C490008BF20F00100704710B419
:10083000B0FA80FC00FA0CF050EA010404BF10BCCE
:10084000704749B1CCF1200421FA04F411FA0CF1FB
:1008500018BF012121430843A3EB0C01CB1D4FEA34
:1008600000614FEA102042BF002010BC704700EB2F
:10087000C35010440029A4BF10BC7047401C49005D
:1008800008BF20F0010010BC704710B5141E73F1B2
:10089000000408DA401C41F1000192185B411A4340
:1008A00001D120F0010010BD2DE9F04D92469B468C
:1008B00011B1B1FA81F202E0B0FA80F22032904632
:1008C000FFF737FD04460F4640EA0A0041EA0B01F4
:1008D00053465A46084313D0114653EA010019D033
:1008E000C8F140025046FFF789FF05460E465046C4
:1008F00059464246FFF71DFD084305D0012004E09C
:1009000020463946BDE8F08D0020054346EAE076F2
:100910002C4337430A986305E40AA0EB0800002241
:10092000FD0A44EA47540A3002D500200146E9E7AF
:10093000010510196941DDE9084500196941BDE863
:10094000F04DA2E7C1F30A52C1F3130140F2FF33A5
:1009500041F480119A4202DA00200146704740F2C9
:1009600033439A42A2F2334202DC5242FFF746BFBF
:10097000FFF7DFBC064C074D06E0E06840F00103DE
:1009800094E8070098471034AC42F6D3FFF788FC90
:10099000E01D0108001E010870B5C1F30A5201F004
:1009A00000450024C1F3130140F2FF3341F48011EC
:1009B0009A4201DA002070BD40F233439A42A2F21B
:1009C000334203DC5242FFF719FF00E090402C4312
:1009D000F1D0404270BD70B58C1810F8015B15F075
:1009E000070301D110F8013B2A1106D110F8012BA1
:1009F00003E010F8016B01F8016B5B1EF9D12B07C6
:100A000005D40023521E0DD401F8013BFAE710F87B
:100A1000013BCB1A921C03E013F8015B01F8015B68
:100A2000521EF9D5A142D8D3002070BD70B504463E
:100A30004E492068884203D04D492068884208D139
:100A40004C48006800F4403008B1012009E0002063
:100A500007E04948006800F4403008B1012000E098
:100A60000020B8B105F00AFE05466068B0F5803F89
:100A700006D0B0F5003F04D0B0F5403F08D105E006
:100A800000BF6068000CB5FBF0F502E0AD0800E0C7
:100A900000BF2AE04FF4002004F004FB0546606824
:100AA000C0F31101F9B980140C281CD2DFE800F062
:100AB0001B060708090A0B111315171900BF00BF01
:100AC00000BF00BF00BF6068800C4000B5FBF0F5C0
:100AD0000AE02D0908E06D0906E0AD0904E0ED0922
:100AE00002E02D0A00E000BF00BF03F05BFA41F214
:100AF0000301884210D82148854206D920688068C1
:100B000040F48070216888602FE02068806820F4BD
:100B100080702168886028E06D081948854206D8F1
:100B20002068806820F44070216888601DE01548C6
:100B3000854208D82068806820F4407040F48070B6
:100B40002168886011E01048854208D820688068D4
:100B500020F4407040F400702168886005E020684F
:100B6000806840F440702168886070BD00200240B9
:100B7000002102400823024008630258002D310181
:100B8000105E5F0020BCBE0040787D0170B5044659
:100B9000206809F0E2FC002851D1206880682949CA
:100BA000084048B1606D40F010006065A06D40F0F5
:100BB0000100A065012070BD206809F0B7FC03F0BA
:100BC000F7F90546204A2168914203D01F4A21685F
:100BD000914201D11E4900E01E49084609F0B3FCCC
:100BE00006461A492068884201D1174800E020686B
:100BF0002168884200D00EBB1AE0206809F0ADFCE5
:100C000010B9206809F092FC03F0D2F9401B0228C9
:100C10000ED92068006800F0010048B9606D40F00E
:100C200010006065A06D40F00100A0650120C2E7E2
:100C30002068006800F001000028DED000BF00201E
:100C4000B9E700003F000080002002400021024080
:100C5000002302400063025810B52DED028B84B0D2
:100C600025A207CA01AB07C300224FF40041254863
:100C700003F092F90AF0EAFB234801F043FAFF215E
:100C8000214801F08DF909200AF090FC10EE104A7D
:100C90002046FFF755FD41EC180B53EC182B1BA019
:100CA0000DF01AFC09F05EFD6FF001001C490968A7
:100CB00008611B4807F03AFF0AF0EAFB00F0ACFCC1
:100CC0001848007808B900F0E3F800F065FC00224D
:100CD0000421154803F060F900220221124803F0B4
:100CE0005BF901221146104803F056F90EF0FCFFA3
:100CF00004B0BDEC028B10BD1B1B1B1B1B1B1B1B65
:100D00001B1B0000000C0258E8010024B5E7B3D813
:100D1000B5E7D1B9203D2025302E3366560D0A00A7
:100D2000FC0500244F000024000402580EB514A254
:100D300007CA8DE8070015480078012804D1002073
:100D4000124908700FF0BAF811480078012816D13E
:100D500000200F4908700122D1030E4803F01CF94E
:100D6000172003F057FD68460BF0AEFF172003F085
:100D700073FD00224FF40041064803F00DF90EBD4B
:100D80001B1B1B1B1B1B1B1B1B1B000084010024AC
:100D90000D000024000C025810B5012480210348E6
:100DA00003F0E8F800B10024204610BD000C025802
:100DB00010B504462146024806F07EFB10BD000037
:100DC0000403002410B5044806F089FB042801D070
:100DD000012010BD0020FCE70403002410B500240E
:100DE00000F014F8012801D0022010BD064806F0DA
:100DF00037FD044634B94FF48041034806F0A2F9A8
:100E000000B101242046F0E70403002408B50120C6
:100E10000090FFF7C1FF08B9002000909DF8000086
:100E200008BD00002DE9F04104460D461646002796
:100E300033462A462146044806F05AFE00B10127EF
:100E40003846BDE8F0810000040300240120014978
:100E500008607047180000242DE9F04104460D4653
:100E60001646002733462A462146044806F0C0FEAF
:100E700000B101273846BDE8F081000004030024DA
:100E800001200149086070471400002400BFFEE7FC
:100E900008B50122214922480FF092FD214908702E
:100EA000084600780D2827D11FA00DF015FB4FF440
:100EB0000070284B00220221009018480FF03EFAE3
:100EC000184908700846007888B923A00DF004FB83
:100ED000012229A100200FF073FD124908700122A0
:100EE00025A10F480FF06CFD0E49087014E023A0F7
:100EF0000DF0F2FA00BFFEE70A48007848B1094851
:100F0000017824A00DF0E8FA2BA00DF0E5FA00BF5F
:100F1000FEE732A00DF0E0FA08BD00001D0000243D
:100F20000C130024C8000024A1B75344BFA8BBB9C8
:100F3000C3BBD3D0CEC4BCFECFB5CDB3A3ACBCB481
:100F4000BDABBDF8D0D0B8F1CABDBBAF2E2E2E0DB3
:100F50000A000000881C0024A1B75344BFA8D2D1C6
:100F6000B3C9B9A6B8F1CABDBBAFCEC4BCFECFB53C
:100F7000CDB3A1A30D0A0000303A0000A1B6A1B67E
:100F8000B8F1CABDBBAFCAA7B0DCA1A3A1B7A1B7D6
:100F90000D0A0000A3A1A3A15344BFA8B9D2D4D87D
:100FA000CEC4BCFECFB5CDB3CAA7B0DCA1A3282563
:100FB00064290D0A00000000A3A1A3A1BFC9C4DCDD
:100FC000D4ADD2F2A3BA5344BFA8B3F5CABCBBAFE9
:100FD000B2BBB3C9B9A6A1A30D0A000046617466ED
:100FE00073206D6F756E74207375636365737365BD
:100FF000640D0A0070B52DED028BB0EE408A9FEDB6
:101000001F0AF0EE408A00240025B5EEC08AF1EEFA
:1010100010FA06D3B2EE020AB4EEC08AF1EE10FA6C
:1010200002DDBDEC028B70BDBCEEC80A10EE100AEA
:1010300084B200EE104AB8EE400A38EE400AF0EEF4
:10104000408A9FED0F0A28EE800ABCEEC00A10EE1F
:10105000100A85B221460BA00DF03EFA29460EA0DB
:101060000DF03AFA204600F0E5F9284602F02AFD94
:101070000EA00DF031FA00BFD3E700000000000021
:1010800000007A44436D645F64656C617920696E29
:1010900074202564200D0A00436D645F64656C61F3
:1010A0007920646563202564200D0A0064656C6105
:1010B00079206F766572200D0A00000010B5024895
:1010C00001F0F4FC10BD0000080400240146374A7A
:1010D0000868904249D0354A18320868904244D096
:1010E000324A3032086890423FD0304A483208686D
:1010F00090423AD02D4A60320868904235D02B4A4F
:1011000078320868904230D0284A9032086890427D
:101110002BD0264AA8320868904226D0244A086874
:10112000904222D0224A1832086890421DD0204AAC
:1011300030320868904218D01D4A48320868904200
:1011400013D01B4A6032086890420ED0184A783299
:101150000868904209D0164A90320868904204D03C
:10116000134AA8320868904201D1012000E0002013
:10117000B0B10A78103A1823B2FBF3F000F007027E
:101180000C4B9A5CCA65032805D90A686FF30902FB
:10119000121D8A6503E00A686FF309028A6503E09D
:1011A000086820F0FF008865886D704710000240D5
:1011B00010040240B817010810B502682B4C0368F0
:1011C000A34222D0294C14340368A3421DD0274CDB
:1011D00028340368A34218D0244C3C340368A3424B
:1011E00013D0224C50340368A3420ED01F4C6434F9
:1011F0000368A34209D01D4C78340368A34204D08D
:101200001A4C8C340368A34201D1012300E000236F
:101210008BB10378083B1424B3FBF4F1144B03EBBC
:1012200081030366124B8033436601F01F040123E0
:10123000A340836618E00378103B1824B3FBF4F155
:101240000C4B9A4204D80B4BA83B9A4200D308316E
:10125000094B03EB81030366074B8033436601F0C0
:101260001F040123A340836610BD000008540258E8
:1012700000580258B8040240000802400179A9B39E
:10128000082940D8204B02689A4222D01E4B1433C2
:1012900002689A421DD01C4B283302689A4218D02B
:1012A000194B3C3302689A4213D0174B50330268F3
:1012B0009A420ED0144B643302689A4209D0124B02
:1012C000783302689A4204D00F4B8C3302689A42FA
:1012D00001D1012200E000224AB14A1E0B4B03EB70
:1012E0008202C266094A4032026708E00BE04A1EE9
:1012F000074B03EB8202C266054A403202674A1E70
:10130000012393404367704708540258005902581C
:1013100000090240014600208A69D2B98A6A32B1C6
:10132000012A0DD0022A03D0032A10D10EE000BFFB
:10133000CA6A02F08072B2F1807F00D1012007E01A
:10134000CA6AB2F1C07F00D1012001E000E000BF15
:1013500036E08A69B2F5005F1BD18A6A32B1012A90
:1013600007D0022A03D0032A11D10AE000BF0120CE
:101370000EE0CA6A02F08072B2F1807F00D10120D3
:1013800006E0CA6AB2F1C07F00D1012000E000BFD0
:1013900016E08A6A32B1012A05D0022A04D0032A53
:1013A0000CD103E000BF00BF012008E0CA6A02F0D0
:1013B0008072B2F1807F00D1012000E000BF00BF49
:1013C0007047000010B5044600220121154802F0C4
:1013D000E3FD00224FF48071134802F0DDFD01208F
:1013E00002F070FB012211460E4802F0D5FD00BF4D
:1013F0000BF0ECFC20460EF037FF0BF0D3FC0EF0A8
:10140000F3FE0A49087000220121064802F0C4FDDB
:1014100000224FF48071044802F0BEFD03480078BA
:1014200010BD00000010025800040258830100247F
:101430007047000010B504466FF001000D490968BF
:10144000086100200B49096848620A4807F06EFBF2
:1014500009E000BF084800780028FBD0601E84B275
:10146000002005490870002CF3D1024807F0B8FBB2
:1014700010BD0000640500245A0000240021144A15
:101480001268516212490968096841F00101104A65
:101490001268116000BF0E490968496A8142FAD397
:1014A00000BF0B490968096A41F21112114069B97C
:1014B00007490968096A9210114039B90449096855
:1014C000096821F00101024A1268116000BF7047EB
:1014D0001805002410B5202002F040FC10BD0000CB
:1014E00010B509F01FFE08A00CF0F6FF0E480068CA
:1014F00040F001000C49086040F2011003F042FA8C
:1015000003F04CFA10BD00000D0A202A2A2A2A20D6
:10151000BDF8C8EBB4FDBBFAC4A3CABD202A2A2A71
:101520002A200D0A000000002048025872B600BFB1
:10153000FEE730B504460D4600222946204600F05D
:1015400001F830BDF0B50346012500241148407A6A
:1015500001281CDA00200F4E767A0E4FB855384617
:10156000467A001D40F82630001F467A0830825522
:101570003E46707A461C7E72044604F130000870C4
:101580003A2048702F2088700020C8700025284617
:10159000F0BD0000A009002410B50DA00CF09CFFC8
:1015A0000122104910480FF00BFA1049087010483A
:1015B0000A46127850F822100EA00CF08DFF0B484E
:1015C000007820B10FA00CF087FFFFF7AFFF10BD30
:1015D0000D0ACEC4BCFECFB5CDB3B3F5CABCBBAF0C
:1015E0000D0A00001D0000240C130024C800002474
:1015F000D4000024B9D2D4D8CFB5CDB320257320E0
:101600000D0A0000665F6D6F756E74206572726FF3
:1016100072200D0A0000000070B58AB0242101A8D4
:10162000FEF7C1FE0025002600241D4805F04AFEF5
:101630001B4806F015F920B11AA00CF04DFFFFF77A
:1016400075FF1DA00CF048FF20A00CF045FF01A97C
:10165000134805F031FF08B1FFF768FF079C089DAC
:10166000A00A46021EA001990CF036FF20A00299A4
:101670000CF032FF24A003990CF02EFF26A0049951
:101680000CF02AFF214629A00CF026FF29462DA0A8
:101690000CF022FF310D31A00CF01EFF0AB070BD1E
:1016A00004030024205344BFA8B3F5CABCBBAFCA8F
:1016B000A7B0DC0D0A0000000D0A5344BFA8B3F523
:1016C000CABCBBAFB3C9B9A60D0A0000D0C5CFA232
:1016D000B4F2D3A1C8E7CFC2A3BA0D0A000000003C
:1016E000204361726420547970653A25640D0A00C4
:1016F0002043617264204361726456657273696F3E
:101700006E3A25640D0A000020436C617373203A21
:1017100025640D0A000000002052656C436172646C
:10172000416464203A25640D0A000000204C6F6774
:10173000426C6F636B4E756D626572203A25640D65
:101740000A000000204C6F67426C6F636B53697A2C
:1017500065203A2564427974650D0A002043617062
:101760006163697479203A256447420D0A000000DC
:101770002DE9F84F04460D464FF0000A0020009076
:1017800094F83800012800D100E000BFF849E8686B
:10179000884200D00EE0F7492068884200D100BF9F
:1017A000F5492068884200D100BFF449206888428A
:1017B00000D100BF00BF94F85000012802D10220E0
:1017C000BDE8F88F012084F8500000BF206808F0C1
:1017D000CEFE00287ED12068C1692868C0F31300BE
:1017E00018B92868C0F3846004E0286890FAA0F073
:1017F000B0FA80F000F01F02012090400143206801
:10180000C1612168D5E9002001F1300CC0F3012B42
:101810000CEB8B03D3F800C000F01F0E4FF01F0B32
:101820000BFA0EFB2CEA0B0C00F01F0BC2F3846EBC
:101830000EFA0BFE4CEA0E0CC3F800C000BF206885
:1018400008F095FE8146206808F082FE8046B9F1D6
:10185000000F6FD1B8F1000FFBD1AA68296820688A
:1018600008F09CFEC648006800F07040B0F1805F50
:1018700007D168692168C968C1F3820149008840BD
:1018800014E02068C06800F0100038B96869216869
:10189000C968C1F382014900884007E0686921688E
:1018A000C96801F010018908490088400746286985
:1018B000042840D020682A68296900F1600C0CEBEC
:1018C0008103D3F800C00CF0004C02F0F84B4BEA57
:1018D000070B00E0CCE14CEA0B0CC3F800C000BFE2
:1018E00020686A7E2969012A01D1D20700E000221E
:1018F000134600F1600C0CEB8102D2F800C02CF012
:10190000004C4CEA030CC2F800C000BF20682B7EDC
:101910002969012B01D1DB0200E000231A4603698B
:1019200023F4F04301F01F0C02FA0CFC43EA0C0311
:10193000036100BF37E02068006E00F0F8402978AE
:10194000B0EB816F05D12068006E20F00040216867
:1019500008662068406E00F0F8402978B0EB816F8F
:1019600005D12068406E20F000402168486620685C
:10197000806E00F0F8402978B0EB816F05D12068C7
:10198000806E20F00040216888662068C06E00F0FC
:10199000F8402978B0EB816F05D12068C06E20F047
:1019A00000402168C866206808F0D7FD002872D181
:1019B0002068EA682968D0F8C030C1F3130C23EA24
:1019C0000C0302F0180BDFF8BCC12CFA0BFC0CEA7C
:1019D000010C43EA0C03C0F8C03000BF6449E8685A
:1019E00088427DD12B68C3F313031BB92B68C3F363
:1019F000846304E02B6893FAA3F3B3FA83F35B1CCC
:101A000003F01F03092B3ED82B68C3F313031BB944
:101A10002B68C3F3846304E02B6893FAA3F3B3FA4F
:101A200083F35B1C03F01F034FF0010C0CFA03FC63
:101A30002B68C3F313031BB92B68C3F3846304E05F
:101A40002B6893FAA3F3B3FA83F35B1C03F01F0331
:101A50004CEA836C2B68C3F313031BB92B68C3F3E5
:101A6000846304E02B6893FAA3F3B3FA83F35B1C5B
:101A700003F01F0303EB43034FF0000B4BEA035348
:101A80004CEA030341E02B68C3F3130323B92B682B
:101A9000C3F3846305E0A9E02B6893FAA3F3B3FAD8
:101AA00083F35B1C03F01F034FF0010C0CFA03FCE3
:101AB0002B68C3F313031BB92B68C3F3846304E0DF
:101AC0002B6893FAA3F3B3FA83F35B1C03F01F03B1
:101AD0004CEA836C2B68C3F313032BB92B6800E02B
:101AE00018E0C3F3846304E02B6893FAA3F3B3FA1A
:101AF00083F35B1C03F01F030A3B03EB43034FF02C
:101B0000007B4BEA03534CEA03031946AA6820689A
:101B100008F044FD286800F00040002866D0154A0F
:101B20002168914203D0144A2168914201D116499B
:101B300000E016490846816801F0E07600BF0D49D3
:101B40002068884203D00C492068884201D10E48A1
:101B500000E00E480C4988421AD1064808F0FDFC06
:101B60008346054808F0F9FC4BEA000013E000004A
:101B70000000FF47002002400021024000600258A0
:101B80000010005CFFFF0F000023024000630258BA
:101B90003E4808F0E2FCE8BB3D492868884226D16F
:101BA00006F4000018BB39492068884266D1394BD9
:101BB00022689A4203D0384B22689A4201D1374AB0
:101BC00000E0374A104646F4000108F0FBFC3548B7
:101BD00000683549B0FBF1F0401C4000009002E085
:101BE0000098401E009000980028F9D146E02F4947
:101BF0002868884219D106F08070B0B9234920685E
:101C000088423BD1234B22689A4205D0224B22685E
:101C10009A4200E025E001D1204A00E0204A104627
:101C200046F0807108F0CEFC28E0214928688842FF
:101C300024D106F4800008BB1449206888421DD1D5
:101C4000144B22689A4203D0134B22689A4201D166
:101C5000124A00E0124A104646F4800108F0B2FC35
:101C60000CE0606D40F0200060654FF0010A05E077
:101C7000606D40F0200060654FF0010A00BF002059
:101C800084F8500000BF50469AE5000000600258FA
:101C9000000084CB002002400021024000230240CB
:101CA0000063025830000024400D0300000052C7BA
:101CB0000000B8CF01460868006C70472DE9F84F66
:101CC00004464FF000090020009014B90120BDE83F
:101CD000F88FE06818B1207F012800D100BF606D47
:101CE00030B9204600F030F90020A06584F850009B
:101CF00020688168C1F3407131B120688168874AEA
:101D00001140816000BF00BF206808F02BFCA8B91B
:101D100020688168824A114041F08051816000BF93
:101D2000804800688049B0FBF1F0401C009002E060
:101D30000098401E009000980028F9D1206808F013
:101D400011FC48B9606D40F010006065A06D40F076
:101D50000100A0654FF00109206808F008FC064664
:101D6000606D00F0100000287ED1002EFCD1606D67
:101D700020F4807040F002006065206808F0EDFB00
:101D800078BB6A492068884203D069492068884244
:101D900001D1684800E068486649884209D1634833
:101DA00008F0DBFB8246624808F0D7FB4AEA0000F5
:101DB00002E0624808F0D1FB98B95C4B22689A4275
:101DC00003D05B4B22689A4201D15A4A00E05A4A3A
:101DD00010466168826822F47C120A43826000BF68
:101DE00000BF02F0DFF841F2030188420ED9A0687B
:101DF00010280BD1607D216B41EA4030A168084377
:101E000040F00C01207F41EA004508E0607D216B35
:101E100041EA4030A1680843217F40EA0145207F24
:101E2000012803D1208C401E45EA4045606A28B154
:101E3000A08C00F47870A16A084305432068C0684C
:101E40003F49084028432168C860206808F08FFB9C
:101E50008046206808F07CFB0746B8F1000F3BD1B4
:101E6000D7BB207DE16A00E050E041EA8035206880
:101E7000C06844F20301884328432168C86094F88D
:101E80003800012817D1606A08B1A06A00B900BF04
:101E9000A08F401E012141EA0041206C0843616C83
:101EA0000843A16C084321680969264A1140084388
:101EB0002168086105E02068006920F001002168C0
:101EC00008612068006920F07040616B0843216858
:101ED00008612046FEF7AAFDE068012809D12068C4
:101EE000006B20F00F00A169491E084321680863B8
:101EF00005E02068006B20F00F0021680863606D2A
:101F000020F0020040F00100606505E0606D40F0E7
:101F1000100060654FF001094846D8E6C0FFFF5F3A
:101F2000C0FFFF7F30000024400D0300002002406E
:101F30000021024000230240006302580060025862
:101F400003C0F0FF1EF800FC38B5044612492068B3
:101F500088421FD100BF1148006840F080700F49CF
:101F600008600846006800F08070009000BF00BF65
:101F700000BF0846006840F004000860084600689A
:101F800000F00400009000BF00BF4FF00061084661
:101F900006F098FC38BD000000600258E04402588A
:101FA0002DE9F04704460F46524A2168914203D07A
:101FB000514A2168914201D1504900E050490846F8
:101FC00008F0C1FA05462069082801D1082628E052
:101FD0001DB1052D01D0092D0DD12068C06800F07C
:101FE000010030B1606D40F0200060650120BDE867
:101FF000F087042615E03F4A2168914203D03E4A0B
:102000002168914201D13D4900E03D49084608F070
:1020100095FA28B1606D40F0200060650120E6E788
:10202000042601F0C5FF804617E0781CA8B101F036
:10203000BFFFA0EB0800B84200D877B9206800685D
:10204000304050B9606D40F00400606500BF002072
:1020500084F8500000BF0320C9E7206800683040C2
:102060000028E2D0606D40F400706065206808F0E0
:1020700083FA98B1607D88B92068006800F0080094
:1020800008280BD1606D20F480706065606D00F4ED
:10209000805018B9606D40F00100606516492068F5
:1020A000884201D1134800E020682168884204D0AA
:1020B0001DB1052D01D0092D03D12068D0F80C9059
:1020C00009E00D492068884201D10A4800E02068F3
:1020D0008246DAF80C90082E03D1082021680860A7
:1020E00005E009F4804010B90C2021680860002048
:1020F0007DE7000000200240002102400023024052
:10210000006302582DE9F0410446474A2168914294
:1021100003D0464A2168914201D1454900E0454932
:10212000084608F010FA0546206808F020FA002852
:1021300077D100BF94F85000012802D10220BDE8F9
:10214000F081012084F8500000BF2046FEF71EFDFC
:102150000646002E60D1606D40F60161884340F470
:102160008070606531492068884201D12E4800E0C6
:1021700020682168884200D01DB9606D20F480106D
:102180006065606D00F48050B0F5805F04D1A06D93
:1021900020F00600A06501E00020A0651C20216859
:1021A000086000BF002084F8500000BF1F4920686D
:1021B000884201D11C4800E020682168884204D090
:1021C0001DB1052D01D0092D0ED12068C06800F089
:1021D000007028B1606D20F4005040F480506065BC
:1021E000206808F0D3F91DE0606D40F48010606550
:1021F0000E492068884201D10B4800E0206807465C
:10220000F86800F0007068B1606D20F4005040F490
:102210008050606506E004E000BF002084F85000B4
:1022200000E0022630468AE70020024000210240FA
:1022300000230240006302582DE9F041044601F0FA
:10224000B7FE804614B90120BDE8F08194F835004E
:10225000022808D08020606500BF002084F8340088
:1022600000BF0120F0E7FE492068884249D0FC49C0
:1022700018312068884244D0F949303120688842BA
:102280003FD0F7494831206888423AD0F44960315C
:102290002068884235D0F24978312068884230D0B1
:1022A000EF499031206888422BD0ED49A831206851
:1022B000884226D0EB492068884222D0E94918316B
:1022C000206888421DD0E74930312068884218D004
:1022D000E44948312068884213D0E24960312068DF
:1022E00088420ED0DF4978312068884209D0DD4924
:1022F00090312068884204D0DA49A83120688842A9
:1023000001D1012000E0002068B12068006820F0C1
:102310001E00216808602068406920F08000216864
:102320004861256806E02068006820F00E002168FA
:1023300008602568CA492068884270D0C8491831A9
:10234000206888426BD0C64930312068884266D008
:10235000C34948312068884261D0C1496031206852
:1023600088425CD0BE4978312068884257D0BC4949
:1023700090312068884252D0B949A83120688842FB
:102380004DD0B8492068884249D0B64918312068F4
:10239000884244D0B3493031206888423FD0B149A7
:1023A0004831206888423AD0AE496031206888427E
:1023B00035D0AC4978312068884230D0A949903175
:1023C000206888422BD0A749A8312068884226D0AF
:1023D000A5492068884222D0A34914312068884248
:1023E0001DD0A14928312068884218D09E493C312F
:1023F0002068884213D09C495031206888420ED012
:10240000994964312068884209D097497831206819
:10241000884204D094498C312068884201D101203F
:1024200000E0002028B1206E006820F48070216E4A
:1024300008608B492068884249D089491831206852
:10244000884244D086493031206888423FD0844950
:102450004831206888423AD08149603120688842FA
:1024600035D07F4978312068884230D07C4990311E
:10247000206888422BD07A49A8312068884226D02B
:1024800078492068884222D07649183120688842ED
:102490001DD0744930312068884218D071494831C4
:1024A0002068884213D06F496031206888420ED07E
:1024B0006C4978312068884209D06A499031206897
:1024C000884204D06749A8312068884206D1206834
:1024D000006820F001002168086005E020680068BD
:1024E00020F001002168086011E001F061FDA0EB1F
:1024F000080005280BD920206065032084F83500EA
:1025000000BF002084F8340000BF01209CE628684A
:1025100000F001000028E8D151492068884249D0E4
:102520004F4918312068884244D04D4930312068E5
:1025300088423FD04A494831206888423AD04849C9
:1025400060312068884235D045497831206888421A
:1025500030D043499031206888422BD04049A8317F
:102560002068884226D03F492068884222D03D49D1
:102570001831206888421DD03A493031206888429D
:1025800018D0384948312068884213D03549603125
:10259000206888420ED0334978312068884209D0BB
:1025A000304990312068884204D02E49A8312068F3
:1025B000884201D1012000E0002040B1A66D94F8CE
:1025C0005C0000F01F013F208840B06007E0A76D6D
:1025D00094F85C0000F01F010120884078602049D9
:1025E0002068884276D01E4918312068884271D010
:1025F0001B493031206888426CD019494831206825
:10260000884267D0164960312068884262D01449F8
:102610007831206888425DD0114990312068884225
:1026200058D00F49A8312068884253D00D492068FE
:1026300088424FD00B491831206888424AD0094956
:1026400030312068884245D00649483120688842A8
:1026500040D004496031206888423BD0014905E000
:1026600010000240100402400854025878312068DB
:1026700088422FD02549206888422BD02349183121
:102680002068884226D022492068884222D02049EA
:102690001431206888421DD01D49283120688842A5
:1026A00018D01B493C312068884213D0184950315A
:1026B000206888420ED0164964312068884209D0CB
:1026C000134978312068884204D011498C31206840
:1026D000884201D1012000E0002068B1D4E919103E
:1026E0004860E06E40B1E06E006820F48070E16EFA
:1026F0000860D4E91C104860012084F8350000BF50
:10270000002084F8340000BF00BF9DE5A004024013
:102710000854025870B504460CB9012070BD94F8F5
:102720003500022803D0802060650120F6E7DC49EF
:102730002068884249D0DA4918312068884244D05C
:10274000D7493031206888423FD0D5494831206888
:1027500088423AD0D24960312068884235D0D04989
:1027600078312068884230D0CD4990312068884245
:102770002BD0CB49A8312068884226D0C94920688F
:10278000884222D0C7491831206888421DD0C549E7
:1027900030312068884218D0C249483120688842C8
:1027A00013D0C0496031206888420ED0BD497831CD
:1027B0002068884209D0BB4990312068884204D003
:1027C000B849A8312068884201D1012000E00020EA
:1027D000F0B3042084F83500B149206888424BD01A
:1027E000AF4918312068884246D0AD493031206861
:1027F000884241D0AA494831206888423CD0A84943
:1028000060312068884237D0A549783120688842F5
:1028100032D0A3499031206888422DD0A049A831F8
:102820002068884228D09F492068884224D09D494A
:102830001831206888421FD09A4930312068884278
:102840001AD0984948312068884215D0954900E04F
:1028500020E06031206888420ED0924978312068AB
:10286000884209D08F4990312068884204D08D4930
:10287000A8312068884206D12068006820F0010055
:102880002168086009E12068006820F001002168E3
:10289000086002E12068006820F00E0021680860EE
:1028A0007F492068884249D07D4918312068884294
:1028B00044D07B493031206888423FD07849483144
:1028C000206888423AD0764960312068884235D005
:1028D000734978312068884230D07149903120683E
:1028E00088422BD06E49A8312068884226D06D4995
:1028F0002068884222D06B491831206888421DD058
:10290000684930312068884218D0664948312068CB
:10291000884213D063496031206888420ED06149F3
:1029200078312068884209D05E4990312068884219
:1029300004D05C49A8312068884206D1206800682C
:1029400020F001002168086005E02068006820F0A0
:1029500001002168086052492068884270D05049BF
:102960001831206888426BD04D4930312068884248
:1029700066D04B4948312068884261D0484960316F
:10298000206888425CD0464978312068884257D018
:10299000434990312068884252D04149A83120688B
:1029A00088424DD03F492068884249D03D4918317E
:1029B0002068884244D03B493031206888423FD06B
:1029C00038494831206888423AD036496031206819
:1029D000884235D0334978312068884230D0314937
:1029E0009031206888422BD02E49A8312068884237
:1029F00026D02D492068884222D02B4914312068E6
:102A000088421DD0284928312068884218D026499C
:102A10003C312068884213D02349503120688842D5
:102A20000ED0214964312068884209D01E4978318E
:102A30002068884204D01C498C312068884201D12A
:102A4000012000E00020D8B1206E006820F48070E2
:102A5000216E0860A56D94F85C0000F01F01012054
:102A600088406860D4E919104860E06E40B1E06EBB
:102A7000006820F48070E16E0860D4E91C104860A2
:102A8000012084F8350000BF002084F8340000BF26
:102A9000206D10B12046216D884700203EE60000E1
:102AA0001000024010040240085402582DE9F84F6B
:102AB000044600200090FE4800684FF41651B0FB19
:102AC000F1FAA66DD4F858803768D8F80090F94923
:102AD0002068884249D0F74918312068884244D09C
:102AE000F4493031206888423FD0F24948312068AB
:102AF00088423AD0EF4960312068884235D0ED49AC
:102B000078312068884230D0EA4990312068884284
:102B10002BD0E849A8312068884226D0E6492068B1
:102B2000884222D0E4491831206888421DD0E24909
:102B300030312068884218D0DF4948312068884207
:102B400013D0DD496031206888420ED0DA497831EF
:102B50002068884209D0D84990312068884204D042
:102B6000D549A8312068884201D1012000E0002029
:102B700000287DD094F85C0000F01F0108208840F8
:102B80003840002868D0CB492068884249D0C949DC
:102B900018312068884244D0C649303120688842C4
:102BA0003FD0C4494831206888423AD0C149603199
:102BB0002068884235D0BF4978312068884230D0BB
:102BC000BC499031206888422BD0BA49A83120688E
:102BD000884226D0B8492068884222D0B6491831A8
:102BE000206888421DD0B44930312068884218D00E
:102BF000B14948312068884213D0AF49603120681C
:102C000088420ED0AC4978312068884209D0AA4960
:102C100090312068884204D0A749A83120688842B2
:102C200004D12068006800F0040003E02068006818
:102C300000F0080080B12068006820F004002168DE
:102C4000086094F85C0000F01F0108208840B06024
:102C5000606D40F00100606594F85C0000F01F01B9
:102C6000012088403840E8B392492068884200E05B
:102C7000B7E24BD08F4918312068884246D08D4941
:102C800030312068884241D08A49483120688842E2
:102C90003CD0884960312068884237D085497831F6
:102CA0002068884232D083499031206888422DD0F4
:102CB0008049A8312068884228D07F49206888420E
:102CC00024D07D491831206888421FD07A4930319C
:102CD000206888421AD0784948312068884215D047
:102CE000754900E026E06031206888420ED07249C4
:102CF00078312068884209D06F4990312068884235
:102D000004D06D49A8312068884204D12068406908
:102D100000F0800002E020680068002050B194F8C4
:102D20005C0000F01F0101208840B060606D40F041
:102D30000200606594F85C0000F01F0104208840E8
:102D40003840E8B35B49206888424BD05949183174
:102D50002068884246D0574930312068884241D0A7
:102D600054494831206888423CD05249603120683B
:102D7000884237D04F4978312068884232D04D4957
:102D80009031206888422DD04A49A8312068884275
:102D900028D049492068884224D047491831206802
:102DA00088421FD044493031206888421AD04249B5
:102DB00048312068884215D03F496031206800E0E2
:102DC00024E088420ED03C4978312068884209D0FE
:102DD000394990312068884204D03749A8312068A9
:102DE000884204D12068006800F0020002E02068F8
:102DF0000068002050B194F85C0000F01F0104202E
:102E00008840B060606D40F00400606594F85C003C
:102E100000F01F01102088403840E8B325492068A1
:102E2000884251D023491831206888424CD021492A
:102E300030312068884247D01E4948312068884296
:102E400042D01C496031206888423DD01949783110
:102E50002068884238D0174990312068884233D0A2
:102E60001449A831206888422ED01349206888422E
:102E70002AD0114918312068884225D00E493031B6
:102E80002068884220D00C494831206888421BD0F5
:102E900009496031206800E04DE0884214D00649BD
:102EA0007831206888420FD003499031206805E0CE
:102EB000300000241000024010040240884203D079
:102EC000FE492068884204D12068006800F00800AC
:102ED00003E02068006800F0040060B394F85C0030
:102EE00000F01F0110208840B0602068006800F4E6
:102EF000802080B12068006800F4002028B9206C90
:102F0000C8B12046216C884715E0A06C98B12046D6
:102F1000A16C88470FE02068006800F4807028B931
:102F20002068006820F0080021680860206C10B15B
:102F30002046216C884794F85C0000F01F01202097
:102F40008840384000287DD0DD492068884249D03B
:102F5000DB4918312068884244D0D9493031206893
:102F600088423FD0D6494831206888423AD0D44977
:102F700060312068884235D0D14978312068884254
:102F800030D0CF499031206888422BD0CC49A8312D
:102F90002068884226D0C949A8392068884221D0B3
:102FA000C6499039206888421CD0C44978392068C5
:102FB000884217D0C14960392068884212D0BF4981
:102FC0004839206888420DD0BC4930392068884291
:102FD00008D0BA4918392068884203D0B749206818
:102FE000884204D12068006800F0100003E02068E7
:102FF000006800F0020028B394F85C0000F01F01A4
:1030000020208840B06094F8350004282DD1206835
:10301000006820F01600216808602068406920F0F0
:10302000800021684861206C08B9A06C28B1206834
:10303000006820F008002168086094F85C0000F047
:103040001F0100E03FE03F208840B060012084F88D
:10305000350000BF002084F8340000BF206D10B19F
:103060002046216D8847BDE8F88F2068006800F48D
:10307000802080B12068006800F4002028B9606CCE
:1030800008B32046616C88471DE0E06BD8B120464C
:10309000E16B884717E02068006800F4807068B929
:1030A0002068006820F0100021680860012084F882
:1030B000350000BF002084F8340000BFE06B10B181
:1030C0002046E16B8847606D00287AD0606D00F083
:1030D0000100E8B3042084F835007949206888426B
:1030E0004BD0774918312068884246D07449303136
:1030F0002068884241D072494831206888423CD0DB
:103100006F4960312068884237D06D497831206836
:10311000884232D06A499031206888422DD068496F
:10312000A8312068884228D06449A839206888429C
:1031300023D062499039206888421ED05F4978398F
:103140002068884219D05D4960392068884200E0D3
:1031500040E012D059494839206888420DD057497B
:1031600030392068884208D054491839206888428C
:1031700003D052492068884206D12068006820F0B8
:1031800001002168086005E02068006820F0010067
:103190002168086000BF0098401C0090504500D98D
:1031A00005E02068006800F001000028F3D100BFAE
:1031B0002068006800F0010020B1032084F8350089
:1031C00003E00DE0012084F8350000BF002084F802
:1031D000340000BFE06C002802D02046E16C884734
:1031E000D9E138492068884222D036491431206814
:1031F00088421DD0334928312068884218D031498F
:103200003C312068884213D02E49503120688842D2
:103210000ED02C4964312068884209D02949783180
:103220002068884204D027498C312068884201D127
:10323000012000E000200028D2D02068056894F822
:103240005C0000F01F010420884000EA0900D8B3A8
:1032500005F00400C0B394F85C0000F01F010420E6
:103260008840C8F8040005F4004080B105F48030BF
:1032700030B9A06C0028B3D02046A16C88478AE101
:10328000206C0028ACD02046216C884783E105F0F3
:103290002000E8BB0A492068884253D00849183109
:1032A000206888424ED0064930312068884249D093
:1032B000034948312068884244D006E0B8040240FF
:1032C00010000240085402584FE0B44960312068B1
:1032D000884237D0B14978312068884232D0AF492E
:1032E0009031206888422DD0AC49A83120688842AE
:1032F00028D0AB492068884224D0A94918312068D9
:1033000088421FD0A6493031206888421AD000E098
:1033100025E0A34948312068884213D0A049603194
:10332000206888420ED09E4978312068884209D0B2
:103330009B4990312068884204D09949A83120687F
:10334000884206D12068006820F0080021680860E3
:1033500005E02068006820F0040021680860206C07
:1033600010B32046216C884715E194F85C0000F00A
:103370001F010220884000EA0900E8B305F00200BE
:10338000D0B394F85C0000F01F0102208840C8F818
:10339000040005F4004070B105F4803028B9606C79
:1033A00010B12046616C8847F5E0E06BF0B3204631
:1033B000E16B8847EFE005F02000C0BB774920684B
:1033C00088424ED0754918312068884249D07349E7
:1033D00030312068884244D07049483120688842A2
:1033E0003FD06E496031206888423AD06B497831CD
:1033F0002068884235D000E04EE06849903120686E
:1034000088422ED06549A8312068884229D0644975
:103410002068884225D0624918312068884220D02F
:103420005F493031206888421BD001E06EE02DE01A
:103430005B4948312068884213D05949603120687F
:1034400088420ED0564978312068884209D05449C4
:1034500090312068884204D05149A83120688842C0
:1034600006D12068006820F014002168086005E09B
:103470002068006820F00A0021680860012084F8B4
:10348000350000BF002084F8340000BFE06BE8B3D3
:103490002046E16B88477EE094F85C0000F01F0155
:1034A0000820884000EA090080B305F0080068B3EE
:1034B0003A49206888424BD0384918312068884200
:1034C00046D0364930312068884241D033494831AE
:1034D000206888423CD0314960312068884237D02A
:1034E0002E4978312068884232D02C4990312068AA
:1034F00088422DD02949A8312068884228D02849FF
:103500002068884224D02649183100E043E0206832
:1035100088421DD0224930312068884218D0204985
:1035200048312068884213D01D49603120688842A4
:103530000ED01B4978312068884209D01849903153
:103540002068884204D01649A8312068884206D1F4
:103550002068006820F01C002168086005E02068F1
:10356000006820F00E002168086094F85C0000F00C
:103570001F0101208840C8F804000120606584F81C
:10358000350000BF002084F8340000BFE06C10B1AB
:103590002046E16C884700BF65E50000100002404E
:1035A000100402402DE9F041044600F001FD804680
:1035B00014B90120BDE8F081FE492068884249D055
:1035C000FC4918312068884244D0FA4930312068DB
:1035D00088423FD0F7494831206888423AD0F549BF
:1035E00060312068884235D0F249783120688842BD
:1035F00030D0F0499031206888422BD0ED49A83175
:103600002068884226D0EC492068884222D0EA49C6
:103610001831206888421DD0E7493031206888423F
:1036200018D0E54948312068884213D0E24960311A
:10363000206888420ED0E04978312068884209D05D
:10364000DD4990312068884204D0DB49A8312068E8
:10365000884201D1012000E00020002873D0606A78
:1036600000B100BF022084F8350000BF002084F8BC
:10367000340000BFCF492068884249D0CD49183175
:103680002068884244D0CB493031206888423FD0FE
:10369000C8494831206888423AD0C649603120681C
:1036A000884235D0C34978312068884230D0C1493A
:1036B0009031206888422BD0BE49A83120688842CA
:1036C00026D0BD492068884222D0BB4918312068E5
:1036D00088421DD0B84930312068884218D0B64998
:1036E00048312068884213D0B3496031206888424D
:1036F0000ED0B14978312068884209D0AE49903166
:103700002068884204D0AC49A8312068884206D19C
:103710002068006820F001002168086005E020684A
:10372000006820F00100216808600DE000F040FC16
:10373000A0EB0800052807D920206065032084F845
:103740003500012036E76AE02068006800F00100DB
:103750000028EBD12068056898480540D4E90201AB
:1037600008432169084361690843A1690843E16985
:103770000843216A08430543606A042803D1D4E959
:103780000B01084305438E4800686FF30F00B0F14A
:10379000005F1DD36068292802D360682E2811D9E4
:1037A00060683F2802D3606842280BD960684728C8
:1037B00002D36068482805D960684F2804D3606840
:1037C000522801D8012000E0002008B145F48015FE
:1037D000206805602068456925F00705606A054393
:1037E000606A04280DD1A06A0543E06A48B120460A
:1037F000FDF790FD28B140206065012084F8350078
:10380000D8E6206845612046FDF760FC064694F83E
:103810005C0000F01F013F208840B0609EE06949D5
:103820002068884222D067491431206888421DD020
:10383000644928312068884218D062493C312068A8
:10384000884213D05F495031206888420ED05D49CC
:1038500064312068884209D05A497831206888420A
:1038600004D058498C312068884201D1012000E001
:103870000020E0B353492068884222D051491431D6
:10388000206888421DD04F4928312068884218D0CE
:103890004C493C312068884213D04A495031206855
:1038A00088420ED0474964312068884209D0454992
:1038B00078312068884204D042498C31206888429F
:1038C00001D1012000E0002000B100BF022084F8F7
:1038D000350000BF002084F8340000BF2068056870
:1038E00039480540A068402802D1102106E02EE0AA
:1038F000A068802801D1C10100E00021E06841EA10
:10390000D001206941EAD001606941EAD001A06993
:1039100041EAD001E06941EAD001206A41EA101091
:1039200005432068056027492068401A1421B0FB30
:10393000F1F08000E0652046FDF7C8FB074694F8EB
:103940005C0000F01F0101208840786006E0402004
:103950006065032084F8350001202BE615492068B6
:1039600088427FD013491831206888427AD01149A3
:1039700030312068884275D00E494831206888422D
:1039800070D00C496031206888426BD00949783189
:103990002068884266D0074990312068884261D00B
:1039A0000449A831206888425CD0034920688842D5
:1039B00058D00BE010000240100402403F8010FE7F
:1039C0000010005C085402580F00FEFF3B491831FC
:1039D0002068884246D0394930312068884241D039
:1039E00036494831206888423CD0344960312068EB
:1039F000884237D0314978312068884232D02F4907
:103A00009031206888422DD02C49A8312068884206
:103A100028D02B492068884224D0294914312068B5
:103A200088421FD026492831206888421AD024496C
:103A30003C312068884215D02149503120688842A5
:103A400010D01F496431206888420BD01C4978315E
:103A50002068884206D01A498C312068884200E0EC
:103A600000E001D1012000E0002000B32046FDF776
:103A7000A3FBA068802801D1002060602079216E1E
:103A80000860D4E919104860606860B1606808286F
:103A900009D82046FDF7F2FB0020E16E0860D4E96A
:103AA0001C10486003E00020E0662067606700208B
:103AB0006065012084F8350000207BE51004024099
:103AC0000854025870B5044600F072FA06462546BE
:103AD000681C10B104480078054400BF00F068FA83
:103AE000801BA842FAD370BD2C000024F0B50C4610
:103AF0000021504B98E001268E4006EA0402002A7D
:103B00007ED04D4E8F0856F827508E07370F0F2660
:103B1000BE403540494EB04201D100262DE0484E0E
:103B2000B04201D1012628E0464EB04201D1022622
:103B300023E0454EB04201D103261EE0434EB04281
:103B400001D1042619E0424EB04201D1052614E00D
:103B5000404EB04201D106260FE03F4EB04201D1A7
:103B600007260AE03D4EB04201D1082605E03C4E52
:103B7000B04201D1092600E00A268F073F0FBE4060
:103B8000AE421FD11E6896431E605E6896435E601B
:103B90004FF0B046766896434FF0B0477E603E46A1
:103BA000366896433E608E07370F0F2606FA07F5F4
:103BB000214E8F0856F82760AE431F4F4FEA910CF5
:103BC00047F82C6006684FEA410C032707FA0CF708
:103BD0003E430660CF0800F1200656F827604F07E5
:103BE0004FEAD76C0F2707FA0CF7BE434FEAD10C08
:103BF00000F1200747F82C60C6684FEA410C00E04E
:103C000011E0032707FA0CF7BE43C6604768012698
:103C10008E40B743476086684FEA410C032707FA96
:103C20000CF7BE438660491C24FA01F6002E7FF48F
:103C300062AFF0BD80000058080400580000025830
:103C40000004025800080258000C025800100258E4
:103C50000014025800180258001C02580020025894
:103C60000024025810B50446202C62D100BF00BFCA
:103C700000BF00BF00BF00BF00BF00BF00BF00BF4C
:103C800020212D4800F076F9012800D110BD012235
:103C900010212A4800F080F90320FDF7EFFB0022F5
:103CA0001021264800F078F90223032224492548F0
:103CB00004F0A0FA01221021204800F06DF92048FC
:103CC000007800041E49497840EA01201C4989789F
:103CD00008431D4908600846006820F07F400860DE
:103CE0000846006807F05AFD17490860084690ED3D
:103CF000000AB8EEC00ADFED150A80EE201AB1EE18
:103D0000040A21EE000A124880ED000A11480088DA
:103D1000401C104908800E4890ED000A0E480068CB
:103D200080ED000A0C480068001D0B4908600CF08B
:103D300039F800BFAAE70000000802580000025846
:103D4000B200002480030024AC0000240000004BDB
:103D5000A8000024B8000024A400002410B50446E4
:103D600004480068204020B1024804602046FFF764
:103D700079FF10BD88000058F8B502460B460021B7
:103D80006F4DD7E001278F401E6806EA0704002C1C
:103D900072D01E7906F00306012E04D01E7906F0BB
:103DA0000306022E13D190684F000326BE40B04395
:103DB0004F00DE68BE4030439060506801268E4060
:103DC000B0431E79C6F300168E40304350601E7912
:103DD00006F00306032E09D0D0684F000326BE402C
:103DE000B0434F009E68BE403043D0601E7906F05D
:103DF0000306022E13D1CF0802F1200656F8270041
:103E00004E07F70E0F26BE40B0434F07FF0E1E6948
:103E1000BE403043CF0802F1200646F82700106864
:103E20004F000326BE40B0431E7906F003064F0044
:103E3000BE40304310605E6806F44036002E78D0F5
:103E400000BF404E366846F002063E4F3E603E469A
:103E5000366806F00206009600BF00BF3A4E8F0893
:103E600056F827008E07370F0F26BE40B043374E57
:103E7000B24202D100262EE05BE0354EB24201D1C3
:103E8000012628E0334EB24201D1022623E0324E11
:103E9000B24201D103261EE0304EB24201D10426C7
:103EA00019E02F4EB24201D1052614E02D4EB24248
:103EB00001D106260FE02C4EB24201D107260AE0BE
:103EC0002A4EB24201D1082605E0294EB24201D164
:103ED000092600E00A268F073F0FBE4030431A4EE6
:103EE0008F0846F827004FF0B0463068A0435E6860
:103EF00006F4801606B120434FF0B046306070687B
:103F0000A0435E6806F4001606B120434FF0B046A9
:103F100070606868A0435E6806F4003606B120430E
:103F200068602868A0435E6806F4803606B12043C6
:103F30002860491C1E68CE40002E7FF423AFF8BDD8
:103F400080000058F4440258080400580000025849
:103F50000004025800080258000C025800100258D1
:103F60000014025800180258001C02580020025881
:103F700000240258024613690B400BB1012000E0F7
:103F80000020704710B5426921EA020302EA0104E9
:103F900043EA0443836110BD0AB1816101E00B046F
:103FA0008361704701480068000C70470010005C96
:103FB000014800687047000024000024024692F87F
:103FC000410020282DD100BF92F84000012801D1E6
:103FD00002207047012082F8400000BF242082F8B0
:103FE00041001068006820F0010013681860106834
:103FF000006820F480501368186010680068084357
:10400000136818601068006840F0010013681860B9
:10401000202082F8410000BF002082F8400000BF4D
:10402000D7E70220D5E710B502460B4692F84100CB
:1040300020282AD100BF92F84000012801D1022097
:1040400010BD012082F8400000BF242082F841000A
:104050001068006820F00100146820601068016892
:1040600021F4706141EA0321106801601068006862
:1040700040F0010014682060202082F8410000BF59
:10408000002082F8400000BFDAE70220D8E70000F5
:1040900010B504460CB9012010BD94F8410028B9B0
:1040A000002084F84000204600F0F0F9242084F835
:1040B00041002068006820F0010021680860606805
:1040C00020F07060216808612068806820F400405A
:1040D00021688860E068012805D1A06840F40040AC
:1040E0002168886004E0A06840F40440216888608A
:1040F000E068022802D18002216848602068406898
:1041000013490843216848602068C06820F40040D3
:104110002168C860D4E904010843A16940EA01208C
:104120002168C860D4E90701084321680860206855
:10413000006840F0010021680860002060642020D1
:1041400084F841000020206384F8420000BFA3E708
:10415000008000022DE9FC5F0446894692469B469A
:10416000DDE90C780E9E94F8410020287ED117B12D
:10417000B8F1000F05D14FF4007060640120BDE874
:10418000FC9F00BF94F84000012801D10220F6E70F
:10419000012084F8400000BFFFF70AFF05461923FD
:1041A0000122D1032046009506F038F908B101201C
:1041B000E5E7222084F84100402084F842000020F6
:1041C00060646762A4F82A8060635B465246494691
:1041D0002046CDE9006506F089F830B100BF002027
:1041E00084F8400000BF0120C9E7608DFF280CD98A
:1041F000FF2020853D48009094F828204FF08073E0
:104200004946204606F0EEF80BE0608D20853748E1
:10421000009094F828204FF000734946204606F09D
:10422000E1F800BF3346002204212046009506F045
:10423000F5F808B10120A2E72068406A616A0870B9
:10424000606A401C6062208D401E2085608D401E8B
:104250006085608D48B3208D38BB334600228021B5
:104260002046009506F0DAF818B100E03CE00120A5
:1042700085E7608DFF280CD9FF2020850020009065
:1042800094F828204FF080734946204606F0AAF89B
:104290000BE0608D20850020009094F828204FF0DE
:1042A00000734946204606F09DF8608D0028B9D17C
:1042B0002A463146204606F0E0F808B101205EE7C4
:1042C00020202168C86120684068094908402168A9
:1042D0004860202084F84100002084F8420000BF9C
:1042E00084F8400000BF4AE7022048E7002400802D
:1042F00000E800FE2DE9FC5F0446894692469B4695
:10430000DDE90C780E9E94F8410020287DD117B18C
:10431000B8F1000F05D14FF4007060640120BDE8D2
:10432000FC9F00BF94F84000012801D10220F6E76D
:10433000012084F8400000BFFFF73AFE054619232C
:104340000122D1032046009506F068F808B101204B
:10435000E5E7212084F84100402084F84200002055
:1043600060646762A4F82A8060635B4652464946EF
:104370002046CDE9006505F0F7FF30B100BF002011
:1043800084F8400000BF0120C9E7608DFF280CD9E8
:10439000FF2020850020009094F828204FF08073A3
:1043A0004946204606F01EF80BE0608D208500206F
:1043B000009094F828204FF000734946204606F0FC
:1043C00011F800BF2A463146204606F081F808B1B0
:1043D0000120A4E7606A007821688862606A401C56
:1043E0006062608D401E6085208D401E2085608D3E
:1043F00040B3208D30BB33460022802120460095FB
:1044000006F00CF810B1012089E73AE0608DFF2832
:104410000CD9FF2020850020009094F828204FF030
:1044200080734946204605F0DDFF0BE0608D208556
:104430000020009094F828204FF000734946204651
:1044400005F0D0FF608D0028BCD12A4631462046B9
:1044500006F013F808B1012061E720202168C86147
:10446000206840680849084021684860202084F896
:104470004100002084F8420000BF84F8400000BFE3
:104480004DE702204BE7000000E800FE10B5B6B093
:104490000446142131A8FBF786FFBC2102A8FBF7D4
:1044A00082FF33492068884260D1082002900F20A3
:1044B0000B9078210C9102210D910E9103210F9107
:1044C00000211091119112914FF48050229002A876
:1044D00001F092F908B1FDF729F800BF25480068FE
:1044E00040F00200234908600846006800F002001E
:1044F000019000BF00BFC0203190122032900020F8
:10450000339034900420359031A91B48FFF734FCD8
:1045100000BF18480830006840F400101549083101
:1045200008600846006800F40010019000BF00BF5A
:10453000C02031901220329001203390002034901E
:104540000420359031A90C48FFF716FC00BF09483C
:104550000830006840F40010064908310860084639
:10456000006800F40010019000BF00BF36B010BD1D
:1045700000540040E0440258000402580348006818
:104580000349097808440149086070472400002461
:104590002C00002410B5032000F0B0F902F0B8F8A8
:1045A00010490968C1F303210F4A515C01F01F0152
:1045B00020FA01F40B48006800F00F001146085C77
:1045C00000F01F0024FA00F0084908600848046061
:1045D0000F2000F00FF808B1012010BD00F008F91D
:1045E0000020FAE718440258E817010834000024B4
:1045F0003000002470B504461148007808B9012045
:1046000070BD0F4800784FF47A71B1FBF0F00D499E
:104610000968B1FBF0F5284604F05EF908B1012005
:10462000EEE7102C07D200222146501E00F028F998
:104630000548046001E00120E2E70020E0E7000017
:104640002C000024300000242800002430B503464C
:1046500000240BB9012030BD00BF93F83C000128B5
:1046600001D10220F7E7012083F83C0000BF93F856
:104670003D00012819D11868006900F0804090B908
:10468000186801631868426331B91868006920F03E
:1046900000401D68286109E01868006940F000408A
:1046A0001D68286102E0012400E0012400BF002011
:1046B00083F83C0000BF2046CDE770B50446FFF705
:1046C00077FC05460CB9012070BD00BF002084F8BE
:1046D0003C0000BF022084F83D002068C06820F044
:1046E00001002168C8600BE0FFF762FC401B052851
:1046F00006D94020A066032084F83D000120E3E7AE
:104700002068C06800F001000028EDD1204605F0C7
:104710005FFF0020E06520666066A066012084F8E7
:104720003D000020D0E700004178154A1160017873
:10473000F9B1121D41681160017B0907C27A41EA93
:104740000261827A41EAC241427B41EA8241827B34
:1047500041EA4241C27B41EA0241427A41EA0221F6
:10476000027A41EA420102781143054A0832116097
:1047700005E00021024A121D1160121D11607047F0
:1047800098ED00E000BF00BF00BFBFF35F8F00BF28
:1047900000BF00BF0548006820F48030034908606E
:1047A00000200249703108607047000024ED00E0ED
:1047B00040F001010D4A11600C497039096841F45B
:1047C00080310A4A703A116000BF00BF00BFBFF3DA
:1047D0004F8F00BF00BF00BF00BF00BF00BFBFF3CF
:1047E0006F8F00BF00BF00BF7047000094ED00E076
:1047F00008B500BF0648006840F0020004490860A0
:104800000846006800F00200009000BF00BF08BD2D
:10481000F444025810B501460846002817DB00F0A2
:104820001F0301229A400B4B440943F8242000BF88
:1048300000BF00BFBFF34F8F00BF00BF00BF00BF6E
:1048400000BF00BFBFF36F8F00BF00BF00BF00BF3E
:1048500010BD000080E100E00146084600280DDBA5
:1048600000BF00BF00F01F0301229A4043099B00D4
:1048700003F1E023C3F8002100BF00BF00BF704771
:104880002DE9F05F80460D46164609F04DFE0746BD
:1048900039462A46334601F00700C0F1070ABAF14B
:1048A000040F02D94FF0040A01E0C0F1070AD14613
:1048B00000F1040ABAF1070F02D24FF0000A01E03A
:1048C000A0F1030AD4464FF0010A0AFA09FAAAF144
:1048D000010A0AEA020A0AFA0CFA4FF0010B0BFA73
:1048E0000CFBABF1010B0BEA030B4AEA0B0421466C
:1048F000404609F021FEBDE8F09F000000BF00F037
:104900000702064B19684FF6FF031940044B0B438F
:1049100043EA0221014B196000BF70470CED00E033
:104920000000FA0570B5044615480068C0F3800021
:1049300048B91348006800F00700A04201D00120E8
:1049400070BD0020FCE70E48006820F007002043FF
:104950000B490860FFF72CFB054607E0FFF728FB33
:10496000401BB0F57A7F01D90120E9E704480838F7
:104970000068C0F340300028F0D00020E0E70000DD
:104980000C48025803490968034A11400143014A8F
:104990001160704728480258C0C000F012480068F3
:1049A00040F00500104908600846006840F0020029
:1049B00008600E48006840F004000C49086000BF21
:1049C00000BF00BFBFF34F8F00BF00BF00BF00BFDD
:1049D00000BF00BFBFF36F8F00BF00BF00BF00BFAD
:1049E00000BF30BF704700001048025810ED00E0D3
:1049F00010B501F043FE05490968C1F30211044AEC
:104A0000515C01F01F01C84010BD00002044025855
:104A1000E817010870B50146844D2D6805F00303C1
:104A2000824D2D68C5F30510804D2D1D2D6805F0B4
:104A300001047E4D0C352D68C5F3CC0515FB04F53E
:104A400001EE105AB8EE411AF0EE410A00286FD07C
:104A500023B1012B4ED0022B6BD16BE0734D283D5F
:104A60002D68C5F340153DB3704D283D2D68C5F345
:104A7000C1066F4D25FA06F201EE102AF8EE411A32
:104A800001EE100AB8EE411A81EE812A9FED691AF3
:104A9000C0EE811A654D08352D68C5F3080501EE95
:104AA000105AB8EE411A31EE811AF7EE001A31EEC3
:104AB000211A22EE010A1CE001EE100AB8EE411A9A
:104AC000DFED5D1A81EE812A9FED5A1AC0EE811A40
:104AD000564D08352D68C5F3080501EE105AB8EE9D
:104AE000411A31EE811AF7EE001A31EE211A22EE48
:104AF000010A5BE001EE100AB8EE411ADFED4F1A31
:104B000081EE812A9FED4B1AC0EE811A474D083580
:104B10002D68C5F3080501EE105AB8EE411A31EEC2
:104B2000811AF7EE001A31EE211A22EE010A3DE059
:104B300077E01DE001EE100AB8EE411A9FED402A21
:104B4000C2EE011A9FED3B1A80EE812A374D0835DF
:104B50002D68C5F3080501EE105AB8EE411A32EE81
:104B6000011AB7EE002A31EE021A21EE810A1DE089
:104B700001EE100AB8EE411ADFED2F1A81EE812AFC
:104B80009FED2C1AC0EE811A284D08352D68C5F30B
:104B9000080501EE105AB8EE411A31EE811AF7EE0F
:104BA000001A31EE211A22EE010A00BF00BF1F4D8C
:104BB00008352D68C5F3462501EE105AB8EE411AA6
:104BC000F7EE001A31EE211AC0EE011ABCEEE11A1E
:104BD00081ED001A154D08352D68C5F3064501EE27
:104BE000105AB8EE411AF7EE001A31EE211AC0EE53
:104BF000011ABCEEE11A81ED011A0C4D08352D6841
:104C0000C5F3066501EE105AB8EE411AF7EE001A28
:104C100031EE211AC0EE011ABCEEE11A81ED021A42
:104C200003E000250D604D608D6070BD2844025882
:104C30000090D003000000460024744C0024744A05
:104C4000001BB74B70B50146844D2D6805F003037A
:104C5000824D2D68C5F30530804D2D1D2D68C5F39F
:104C600000147E4D14352D68C5F3CC0515FB04F5F5
:104C700001EE105AB8EE411AF0EE410A00286FD04A
:104C800023B1012B4ED0022B6BD16BE0734D283D2D
:104C90002D68C5F340153DB3704D283D2D68C5F313
:104CA000C1066F4D25FA06F201EE102AF8EE411A00
:104CB00001EE100AB8EE411A81EE812A9FED691AC1
:104CC000C0EE811A654D10352D68C5F3080501EE5B
:104CD000105AB8EE411A31EE811AF7EE001A31EE91
:104CE000211A22EE010A1CE001EE100AB8EE411A68
:104CF000DFED5D1A81EE812A9FED5A1AC0EE811A0E
:104D0000564D10352D68C5F3080501EE105AB8EE62
:104D1000411A31EE811AF7EE001A31EE211A22EE15
:104D2000010A5BE001EE100AB8EE411ADFED4F1AFE
:104D300081EE812A9FED4B1AC0EE811A474D103546
:104D40002D68C5F3080501EE105AB8EE411A31EE90
:104D5000811AF7EE001A31EE211A22EE010A3DE027
:104D600077E01DE001EE100AB8EE411A9FED402AEF
:104D7000C2EE011A9FED3B1A80EE812A374D1035A5
:104D80002D68C5F3080501EE105AB8EE411A32EE4F
:104D9000011AB7EE002A31EE021A21EE810A1DE057
:104DA00001EE100AB8EE411ADFED301A81EE812AC9
:104DB0009FED2C1AC0EE811A284D10352D68C5F3D1
:104DC000080501EE105AB8EE411A31EE811AF7EEDD
:104DD000001A31EE211A22EE010A00BF00BF1F4D5A
:104DE00010352D68C5F3462501EE105AB8EE411A6C
:104DF000F7EE001A31EE211AC0EE011ABCEEE11AEC
:104E000081ED001A154D10352D68C5F3064501EEEC
:104E1000105AB8EE411AF7EE001A31EE211AC0EE20
:104E2000011ABCEEE11A81ED011A0C4D10352D6806
:104E3000C5F3066501EE105AB8EE411AF7EE001AF6
:104E400031EE211AC0EE011ABCEEE11A81ED021A10
:104E500003E000250D604D608D6070BD2844025850
:104E60000090D003000000460024744C0024744AD3
:104E7000001BB74B70B50146844D2D6805F0030348
:104E8000824D2D68C5F30550804D2D1D2D68C5F34D
:104E900000247E4D1C352D68C5F3CC0515FB04F5AB
:104EA00001EE105AB8EE411AF0EE410A00286FD018
:104EB00023B1012B4ED0022B6BD16BE0734D283DFB
:104EC0002D68C5F340153DB3704D283D2D68C5F3E1
:104ED000C1066F4D25FA06F201EE102AF8EE411ACE
:104EE00001EE100AB8EE411A81EE812A9FED691A8F
:104EF000C0EE811A654D18352D68C5F3080501EE21
:104F0000105AB8EE411A31EE811AF7EE001A31EE5E
:104F1000211A22EE010A1CE001EE100AB8EE411A35
:104F2000DFED5D1A81EE812A9FED5A1AC0EE811ADB
:104F3000564D18352D68C5F3080501EE105AB8EE28
:104F4000411A31EE811AF7EE001A31EE211A22EEE3
:104F5000010A5BE001EE100AB8EE411ADFED4F1ACC
:104F600081EE812A9FED4B1AC0EE811A474D18350C
:104F70002D68C5F3080501EE105AB8EE411A31EE5E
:104F8000811AF7EE001A31EE211A22EE010A3DE0F5
:104F900077E01DE001EE100AB8EE411A9FED402ABD
:104FA000C2EE011A9FED3B1A80EE812A374D18356B
:104FB0002D68C5F3080501EE105AB8EE411A32EE1D
:104FC000011AB7EE002A31EE021A21EE810A1DE025
:104FD00001EE100AB8EE411ADFED301A81EE812A97
:104FE0009FED2C1AC0EE811A284D18352D68C5F397
:104FF000080501EE105AB8EE411A31EE811AF7EEAB
:10500000001A31EE211A22EE010A00BF00BF1F4D27
:1050100018352D68C5F3462501EE105AB8EE411A31
:10502000F7EE001A31EE211AC0EE011ABCEEE11AB9
:1050300081ED001A154D18352D68C5F3064501EEB2
:10504000105AB8EE411AF7EE001A31EE211AC0EEEE
:10505000011ABCEEE11A81ED011A0C4D18352D68CC
:10506000C5F3066501EE105AB8EE411AF7EE001AC4
:1050700031EE211AC0EE011ABCEEE11A81ED021ADE
:1050800003E000250D604D608D6070BD284402581E
:105090000090D003000000460024744C0024744AA1
:1050A000001BB74B2DE9F0418AB00646B6F5807F6C
:1050B00070D1FE48006800F00708B8F1050F65D20E
:1050C000DFE808F0031221623000F8485038006829
:1050D00000F00070B0F1007F04D107A8FFF79AFC40
:1050E000089C00E0002453E0F0485038006800F0CD
:1050F0000060B0F1006F04D104A8FFF7A3FD049C89
:1051000000E0002444E0E9485038006800F0005016
:10511000B0F1005F04D101A8FFF7ACFE019C00E0F4
:10512000002435E0E148001F006800F04055DF48EA
:105130005038006800F00400042809D145B9DB4864
:1051400050380068C0F3C101D94820FA01F41AE0D0
:10515000D6485038006800F48070B0F5807F04D1E4
:10516000B5F1805F01D1D34C0DE0D04850380068D4
:1051700000F40030B0F5003F04D1B5F1005F01D17B
:10518000CD4C00E0002403E0CC4C01E0002400BF43
:1051900024E3FFE7B6F5007F7AD1C448006800F445
:1051A000E078B8F1800F2CD006DCB8F1000F0AD0FF
:1051B000B8F1400F69D115E0B8F1C00F63D0B8F570
:1051C000807F62D12CE0B9485038006800F0007050
:1051D000B0F1007F04D107A8FFF71CFC089C00E099
:1051E000002454E0B1485038006800F00060B0F18D
:1051F000006F04D104A8FFF725FD049C00E0002403
:1052000045E0AA485038006800F00050B0F1005F57
:1052100004D101A8FFF72EFE019C00E0002436E037
:10522000A248001F006800F04055A04850380068B0
:1052300000F00400042809D145B99C4850380068A2
:10524000C0F3C1019A4820FA01F41BE09748503896
:10525000006800F48070B0F5807F04D1B5F1805F04
:1052600001D1944C0EE091485038006800F40030B1
:10527000B0F5003F05D1B5F1005F02D18E4C01E0E1
:1052800006E0002403E08D4C01E0002400BFA5E20D
:10529000B6F5806F7BD185480830006800F460085F
:1052A000B8F5800F2CD006DCB8F1000F0AD0B8F5A5
:1052B000001F69D115E0B8F5C00F63D0B8F5000F35
:1052C00062D12CE079485038006800F00070B0F1ED
:1052D000007F04D107A8FFF79DFB089C00E0002495
:1052E00054E072485038006800F00060B0F1006F80
:1052F00004D104A8FFF7A6FC049C00E0002445E0CC
:105300006A485038006800F00050B0F1005F04D1E6
:1053100001A8FFF7AFFD019C00E0002436E06348E0
:10532000001F006800F0405560485038006800F0E9
:105330000400042809D145B95C4850380068C0F31E
:10534000C1015B4820FA01F41BE05848503800685E
:1053500000F48070B0F5807F04D1B5F1805F01D199
:10536000544C0EE051485038006800F40030B0F55D
:10537000003F05D1B5F1005F02D14F4C01E006E0DE
:10538000002403E04D4C01E0002400BF26E2B6F506
:10539000006F7BD145480830006800F0E068B8F144
:1053A000007F2CD006DCB8F1000F0AD0B8F1807F66
:1053B00069D115E0B8F1407F63D0B8F1806F62D158
:1053C0002CE03A485038006800F00070B0F1007FDF
:1053D00004D107A8FFF71EFB089C00E0002454E05E
:1053E00032485038006800F00060B0F1006F04D11E
:1053F00004A8FFF727FC049C00E0002445E02B48AC
:105400005038006800F00050B0F1005F04D101A8EE
:10541000FFF730FD019C00E0002436E02348001F28
:10542000006800F0405521485038006800F0040042
:10543000042809D145B91D4850380068C0F3C1019E
:105440001B4820FA01F41BE018485038006800F4AB
:105450008070B0F5807F04D1B5F1805F01D1154C2B
:105460000EE012485038006800F40030B0F5003FFC
:1054700005D1B5F1005F02D10F4C01E006E0002438
:1054800003E00E4C01E0002400BFA7E1B6F5805F09
:105490007CD10648006800F4E047B7F5005F32D0E1
:1054A0000EDCA7B1B7F5805F6DD11EE05044025805
:1054B0000090D00300093D0000366E010080BB0063
:1054C000B7F5405F5DD0B7F5804F5CD129E0C548A6
:1054D000006800F00070B0F1007F04D107A8FFF76A
:1054E00099FA089C00E000244FE0BE48006800F0F4
:1054F0000060B0F1006F04D104A8FFF7A3FB049C87
:1055000000E0002441E0B748006800F00050B0F12E
:10551000005F04D101A8FFF7ADFC019C00E000246E
:1055200033E0B0484C30006800F04055AD480068AA
:1055300000F00400042808D13DB9AA480068C0F36F
:10554000C101A94820FA01F41AE0A648006800F455
:105550008070B0F5807F04D1B5F1805F01D1A34C9C
:105560000EE0A048006800F40030B0F5003F06D11E
:10557000B5F1005F03D19E4C02E007E003E0002498
:1055800003E09C4C01E0002400BF27E1B6F5002FAA
:1055900059D194485830006800F4403737B1B7F516
:1055A000803F11D0B7F5003F4AD11BE08D4800681D
:1055B00000F00060B0F1006F04D104A8FFF742FBD7
:1055C000049C00E000243DE08648006800F00050A4
:1055D000B0F1005F04D101A8FFF74CFC039C00E090
:1055E00000242FE07F484C30006800F040557D4893
:1055F000006800F00400042808D13DB9794800682B
:10560000C0F3C101784820FA01F418E07548006839
:1056100000F48070B0F5807F04D1B5F1805F01D1D6
:10562000724C0CE06F48006800F40030B0F5003FA9
:1056300004D1B5F1005F01D16D4C00E0002401E020
:10564000002400BFCAE0B6F5803F28D165484C3041
:10565000006800F480371FB1B7F5803F1CD10DE022
:105660006048006800F00070B0F1007F04D107A826
:10567000FFF7D0F9089C00E000240FE059480068CB
:1056800000F00060B0F1006F04D104A8FFF7DAFA6F
:10569000069C00E0002401E0002400BF9EE0B6F577
:1056A000804F60D14F485830006800F0E047B7F1B4
:1056B000405F2FD007DC6FB1B7F1805F0ED0B7F13C
:1056C000005F4DD118E0B7F1804F33D0B7F1A04F54
:1056D00046D13AE0FFF78CF9044643E041480068C0
:1056E00000F00060B0F1006F04D104A8FFF7AAFA3F
:1056F000059C00E0002435E03A48006800F00050C6
:10570000B0F1005F04D101A8FFF7B4FB029C00E0F8
:10571000002427E03348006800F00400042807D183
:1057200030480068C0F3C1012F4820FA01F400E0BE
:10573000002417E02B48006800F48070B0F5807FEB
:1057400001D12A4C00E000240CE02648006800F457
:105750000030B0F5003F01D1254C00E0002401E00D
:10576000002400BF3AE0B6F5004F36D11D48503056
:10577000006800F0405737B1B7F1805F0ED0B7F145
:10578000005F27D118E01748006800F40030B0F53A
:10579000003F01D1164C00E000241DE011480068D4
:1057A00000F00070B0F1007F04D107A8FFF732F9D4
:1057B000089C00E000240FE00A48006800F0006048
:1057C000B0F1006F04D104A8FFF73CFA059C00E09B
:1057D000002401E0002400BF00E0002420460AB0BD
:1057E000BDE8F081004402580090D00300093D005C
:1057F00000366E010080BB002DE9F0410446002513
:10580000A846206800F00060B0F1006F30D1606EF3
:1058100048B1B0F5801F0DD0B0F5001F10D0B0F525
:10582000401F15D113E0F948006840F40030F749F3
:1058300008600FE00221201D05F0A4FC054609E0E8
:10584000022104F1240005F04FFD054602E001E0CD
:10585000012500BF00BF55B9EC482430006820F492
:105860004010616E0843E9492431086000E0A84611
:10587000208800F48070B0F5807F2DD1606D052800
:105880001AD2DFE800F0030A10171800DF4800689A
:1058900040F40030DD49086010E00021201D05F0D3
:1058A00071FC05460AE0002104F1240005F01CFD0E
:1058B000054603E002E001E0012500BF00BF55B945
:1058C000D2482430006820F00700616D0843CF49BA
:1058D0002431086000E0A846208800F40070B0F58C
:1058E000007F33D1A06D802817D003DC40B1402861
:1058F0001CD10CE0C02817D0B0F5807F16D114E081
:10590000C248006840F40030C049086010E000213F
:10591000201D05F037FC05460AE0002104F12400B3
:1059200005F0E2FC054603E002E001E0012500BFCE
:1059300000BF55B9B5482430006820F4E070A16D6F
:105940000843B2492431086000E0A846208800F4EA
:105950008060B0F5806F38D1D4F8A400B0F5800F26
:1059600019D004DC50B1B0F5001F1DD10DE0B0F529
:10597000C00F17D0B0F5000F16D114E0A34800688F
:1059800040F40030A149086010E00021201D05F01E
:10599000F9FB05460AE0002104F1240005F0A4FC0F
:1059A000054603E002E001E0012500BF00BF5DB94C
:1059B00096482C30006820F46000D4F8A410084306
:1059C00092492C31086000E0A846208800F400606D
:1059D000B0F5006F38D1D4F8A800B0F1007F19D02D
:1059E00004DC50B1B0F1807F1DD10DE0B0F1407FFB
:1059F00017D0B0F1806F16D114E08448006840F4ED
:105A000000308249086010E00021201D05F0BAFB3B
:105A100005460AE0002104F1240005F065FC054676
:105A200003E002E001E0012500BF00BF5DB9774857
:105A30002C30006820F0E060D4F8A81008437349C7
:105A40002C31086000E0A846206800F00070B0F13A
:105A5000007F27D1A06CA0B1102804D0202809D045
:105A600030280FD10CE06948006840F400306749E5
:105A7000086009E00221201D05F084FB054603E0D3
:105A800002E001E0012500BF00BF55B95F482030AA
:105A9000006820F03000A16C08435C4920310860A8
:105AA00000E0A846208800F48050B0F5805F36D131
:105AB000E06DB0F5005F19D004DC50B1B0F5805F47
:105AC0001DD10DE0B0F5405F17D0B0F5804F16D175
:105AD00014E04E48006840F400304C49086010E083
:105AE0000021201D05F04EFB05460AE0002104F1CF
:105AF000240005F0F9FB054603E002E001E0012582
:105B000000BF00BF55B941482430006820F4E04090
:105B1000E16D08433D492431086000E0A846208833
:105B200000F40050B0F5005F34D1206EB0F5403F76
:105B30001DD007DC68B1B0F5803F0BD0B0F5003F59
:105B400018D10DE0B0F5802F12D0B0F5A02F11D1F3
:105B50000FE011E00121201D05F014FB05460BE0CC
:105B6000012104F1240005F0BFFB054604E003E039
:105B700002E001E0012500BF00BF55B923482430F1
:105B8000006820F4E020216E084320492431086099
:105B900000E0A846208800F48040B0F5804F38D15E
:105BA000D4F8AC00B0F1405F1DD007DC68B1B0F1B3
:105BB000805F0BD0B0F1005F18D10DE0B0F1804FE5
:105BC00012D0B0F1A04F11D10FE011E00121201D42
:105BD00005F0D8FA05460BE0012104F1240005F098
:105BE00083FB054604E003E002E001E0012500BF7D
:105BF00000BF6DB905482C30006820F0E040D4F8B3
:105C0000AC10084301492C31086002E02C440258D2
:105C1000A846208800F40040B0F5004F26D1E06E81
:105C200098B1B0F1805F03D0B0F1005F0ED106E013
:105C3000F948006840F40030F749086008E00121A5
:105C4000201D05F09FFA054602E001E0012500BF96
:105C500000BF55B9F0482430006820F04050E16E94
:105C60000843ED492431086000E0A846206800F0B0
:105C70008070B0F1807F27D1606CA0B1012804D082
:105C8000022809D003280FD10CE0E348006840F453
:105C90000030E149086009E00221201D05F072FA98
:105CA000054603E002E001E0012500BF00BF55B951
:105CB000D9482030006820F00300616C0843D649C1
:105CC0002031086000E0A846206800F48000B0F5AC
:105CD000800F7DD1D148006840F48070CF490860C2
:105CE000FEF766F9064606E0FEF762F9801B6428B7
:105CF00001D9032505E0C948006800F48070002838
:105D0000F2D000BF85BBC4484430006800F4407046
:105D1000B4F8B01001F44071884213D0BE4844304A
:105D2000006820F44077BC484430006840F480307C
:105D3000B949443108600846006820F480300860A2
:105D400008460760D4F8B000B0F5807F15D1FEF7A3
:105D50002FF9064609E0FEF72BF9801B41F2883146
:105D6000884202D9032507E038E0AB484430006898
:105D7000C0F340000028EED000BF55BB00BFB4F810
:105D8000B00000F44070B0F5407F0ED1A2481C383E
:105D9000006820F47C51A24AD4F8B000104041EAD7
:105DA00010109D491C39086007E09B481C380068AA
:105DB00020F47C5098491C390860974844300068AA
:105DC000B4F8B010C1F30B0108439349443101E02A
:105DD00005E001E0086002E0A84600E0A84620785F
:105DE00000F0010068B3A06F182819D005DC48B195
:105DF000082808D0102816D10BE0202811D0282818
:105E000011D10FE011E00121201D05F0BBF905467D
:105E10000BE0012104F1240005F066FA054604E0D8
:105E200003E002E001E0012500BF00BF55B97A4858
:105E30002830006820F03800A16F084376492831E7
:105E4000086000E0A846207800F00200022828D16F
:105E5000606F062815D2DFE800F003040A11121360
:105E600011E00121201D05F08DF905460BE001210F
:105E700004F1240005F038FA054604E003E002E0EE
:105E800001E0012500BF00BF55B963482830006814
:105E900020F00700616F08435F492831086000E087
:105EA000A846207800F0040004282AD1D4F89000F5
:105EB000062815D2DFE800F003040A11121311E0DE
:105EC0000121201D05F05EF905460BE0012104F1DA
:105ED000240005F009FA054604E003E002E001E0D1
:105EE000012500BF00BF5DB94B482C30006820F091
:105EF0000700D4F89010084347492C31086000E0AF
:105F0000A846207800F02000202836D1D4F88C0054
:105F1000B0F1405F1DD007DC68B1B0F1805F0BD0FD
:105F2000B0F1005F18D10DE0B0F1804F12D0B0F1A8
:105F3000A04F11D10FE011E00021201D05F022F942
:105F400005460BE0022104F1240005F0CDF90546D9
:105F500004E003E002E001E0012500BF00BF5DB9FD
:105F60002D482830006820F0E040D4F88C10084319
:105F700029492831086000E0A846207800F0400058
:105F8000402836D1D4F89800B0F5406F1DD007DC1A
:105F900068B1B0F5806F0BD0B0F5006F18D10DE08F
:105FA000B0F5805F12D0B0F5A05F11D10FE011E025
:105FB0000021201D05F0E6F805460BE0022104F162
:105FC000240005F091F9054604E003E002E001E059
:105FD000012500BF00BF5DB90F482C30006820F4D8
:105FE000E050D4F8981008430B492C31086000E0C9
:105FF000A846207800F0800080283AD1D4F89C0090
:10600000B0F5C04F23D00DDC98B1B0F5005F11D0D2
:10601000B0F5804F1ED113E02C44025800480258BE
:10602000FFFCFF0FB0F5004F12D0B0F5204F11D19B
:106030000FE011E00021201D05F0A4F805460BE05B
:10604000022104F1240005F04FF9054604E003E0C5
:1060500002E001E0012500BF00BF4DB9BE48006865
:1060600020F46040D4F89C100843BB49086000E06D
:10607000A846207800F00800082817D1D4F880003E
:10608000B0F5805F07D1022104F1240005F02CF95E
:1060900008B14FF00108B048001F006820F44050DC
:1060A000D4F880100843AC49091F0860207800F03C
:1060B0001000102815D1D4F89400B0F5807F07D1D6
:1060C000022104F1240005F00FF908B14FF0010896
:1060D000A148006820F44070D4F8941008439E4909
:1060E0000860206800F40020B0F5002F26D1D4F815
:1060F000A00030B1B0F5803F09D0B0F5003F0ED11F
:106100000CE00021201D05F03DF8054609E00221C4
:1061100004F1240005F0E8F8054602E001E001255D
:1061200000BF00BF4DB98C48006820F44030D4F85F
:10613000A01008438849086000E0A846206800F4E1
:106140008020B0F5802F2DD1D4F88400B0F5801FC9
:1061500006D0B0F5001F0CD0B0F5401F11D10FE0F4
:106160007D482C38006840F400307B492C390860A9
:1061700009E0012104F1240005F0B6F8054602E02B
:1061800001E0012500BF00BF5DB97348001F006832
:1061900020F44010D4F8841008436F49091F0860A8
:1061A00000E0A846206800F48030B0F5803F24D19C
:1061B000E06C18B1B0F5803F0FD108E066482C388C
:1061C000006840F4003064492C39086007E002217F
:1061D000201D04F0D7FF054601E0012500BF00BFE8
:1061E00055B95D480C38006820F48030E16C0843F4
:1061F00059490C39086000E0A846206800F00050BA
:10620000B0F1005F07D1022104F1240005F06CF821
:1062100008B14FF00108206800F40030B0F5003FED
:1062200027D1E06FA0B1B0F5807F06D0B0F5007F38
:106230000CD0B0F5407F0CD109E047482C380068FD
:1062400040F4003044492C39086004E003E002E0E7
:1062500001E0012500BF00BF55B93F48001F00689D
:1062600020F44070E16F08433B49091F086000E0DB
:10627000A846206800F48010B0F5801F09D1364888
:106280000838006820F00040216F0843324908397F
:106290000860206800F08050B0F1805F0AD12E487D
:1062A0004838006820F48040D4F8B41008432A49E4
:1062B00048390860206800F40010B0F5001F09D1CB
:1062C00025480838006820F08070A16E08432249F4
:1062D00008390860206800F08040B0F1804F11D18B
:1062E00000BF1D484838006820F400401A4948396A
:1062F000086008460068D4F8B810084316494839C1
:10630000086000BF206800F00040B0F1004F09D1E4
:1063100011480C38006820F04050216D08430E49A8
:106320000C390860206800F40000B0F5000F0AD1B5
:106330000948001F006820F44000D4F88810084382
:106340000549091F0860B8F1000F02D10020BDE81F
:10635000F0810120FBE70000584402582DE9F0418C
:1063600004460D4614B90120BDE8F081BD4800681F
:1063700000F00F00A8420ED2BA48006820F00F00CB
:106380002843B84908600846006800F00F00A8429A
:1063900001D00120E8E7207800F0040004280ED1A5
:1063A000B1492069096801F07001884207D9AE48F7
:1063B000006820F0700021690843AB49086020782C
:1063C00000F00800082811D1A749091D6069096873
:1063D00001F07001884209D9A348001D006820F02F
:1063E000700061690843A049091D0860207800F029
:1063F0001000102811D19C49091DA069096801F4F9
:10640000E061884209D99848001D006820F4E060E6
:10641000A16908439449091D0860207800F0200014
:10642000202811D190490831E069096801F0700114
:10643000884209D98C480830006820F07000E16972
:106440000843894908310860207800F002000228DA
:106450000ED18549E068096801F00F01884207D92B
:106460008148006820F00F00E16808437E49086019
:10647000207800F00100002850D07B48006820F40C
:106480007060A1680843784908606068022807D1F5
:10649000754818380068C0F34040F8B9012063E738
:1064A0006068032807D1704818380068C0F340605E
:1064B000A0B9012058E76068012807D16A48183858
:1064C0000068C0F3002048B901204DE7664818383D
:1064D0000068C0F3800008B9012045E76248083829
:1064E000006820F00700616808435F4908390860C8
:1064F000FDF75EFD064608E0FDF75AFD801B41F200
:106500008831884201D903202EE7574808380068AF
:1065100000F038006168B0EBC10FEDD1207800F0D9
:10652000020002280ED15049E068096801F00F010D
:10653000884207D24C48006820F00F00E168084309
:10654000494908604748006800F00F00A8420ED98A
:106550004448006820F00F0028434249086008467C
:10656000006800F00F00A84201D00120FCE620786E
:1065700000F0040004280ED13B492069096801F0AD
:106580007001884207D23848006820F07000216905
:10659000084335490860207800F00800082811D128
:1065A0003149091D6069096801F07001884209D20A
:1065B0002D48001D006820F07000616908432A49D9
:1065C000091D0860207800F01000102811D126491C
:1065D000091DA069096801F4E061884209D22248D6
:1065E000001D006820F4E060A16908431E49091DF0
:1065F0000860207800F02000202811D11A490831C5
:10660000E069096801F07001884209D21648083033
:10661000006820F07000E169084313490831086000
:1066200000F076F810490968C1F303210F4A515C64
:1066300001F01F0120FA01F70B48006800F00F007D
:106640001146085C00F01F0027FA00F008490860B6
:106650000848076008480068FDF7CCFF80464046C0
:1066600082E600000020005218440258E817010892
:1066700034000024300000242800002410B500F06D
:1066800047F80D490968C1F303210C4A515C01F038
:106690001F0120FA01F40848006800F00F001146BD
:1066A000085C00F01F0024FA00F005490860054866
:1066B00004600846006810BD18440258E817010835
:1066C000340000243000002400B5FFF7D7FF05494F
:1066D0000968C1F30211044A515C01F01F01C8406E
:1066E00000BD00001C440258E817010800B5FFF780
:1066F000C5FF05490968C1F30221044A515C01F054
:106700001F01C84000BD00001C440258E8170108E2
:10671000F0B5824E366806F0380636B1082E15D030
:10672000102E15D0182E7DD114E07C4E103E366808
:10673000C6F3401646B1794E103E3668C6F3C1071F
:10674000774E26FA07F000E07548E5E07548E3E08B
:106750007548E1E0714E1836366806F003046F4E56
:1067600018363668C6F305116C4E1C36366806F0CE
:1067700001056A4E24363668C6F3CC0616FB05F6CC
:1067800001EE106AB8EE410A002971D024B1012C43
:1067900050D0022C6DD16DE0604E103E3668C6F3CD
:1067A00040163EB35D4E103E3668C6F3C1075C4EE0
:1067B00026FA07F301EE103AF8EE411A01EE101A2C
:1067C000B8EE411A81EE812A9FED581AC0EE011AE7
:1067D000524E20363668C6F3080601EE106AB8EE4F
:1067E000411A31EE811AF7EE001A31EE211A62EEEB
:1067F000010A1EE001EE101AB8EE411ADFED4C1A44
:1068000081EE812A9FED491AC0EE011A434E2036CF
:106810003668C6F3080601EE106AB8EE411A31EE8A
:10682000811A00E076E0F7EE001A31EE211A62EEEE
:10683000010A5BE001EE101AB8EE411A9FED3D2A05
:10684000C2EE011A9FED391A80EE012A334E20362E
:106850003668C6F3080601EE106AB8EE411A32EE49
:10686000011AB7EE002A31EE021A61EE810A3DE00C
:106870004EE01DE001EE101AB8EE411ADFED2E1ABF
:1068800081EE812A9FED291AC0EE011A234E20368F
:106890003668C6F3080601EE106AB8EE411A31EE0A
:1068A000811AF7EE001A31EE211A62EE010A1DE09C
:1068B00001EE101AB8EE411A9FED1E2AC2EE011A1F
:1068C0009FED1A1A80EE012A144E20363668C6F360
:1068D000080601EE106AB8EE411A32EE011AB7EE60
:1068E000002A31EE021A61EE810A00BF00BF0B4E92
:1068F00020363668C6F34626721C01EE102AB8EE22
:10690000411AC0EE811ABCEEE11A11EE100A00E045
:10691000002001E0034800BF00BFF0BD1044025852
:106920000090D00300093D0000366E0100000046D3
:106930000024744C0024744A001BB74B2DE9F04727
:10694000044614B90120BDE8F087207800F001006A
:10695000002870D0FA48006800F03808F84818306D
:10696000D0F80090B8F1100F06D0B8F1180F0FD181
:1069700009F0030002280BD1F14810380068C0F379
:10698000404000286AD06068002867D10120DAE71B
:1069900000BF6068B0F5803F08D1E9481038006852
:1069A00040F48030E649103908602EE0606868B92C
:1069B000E3481038006820F48030E149103908605D
:1069C0000846006820F4802008601EE06068B0F58A
:1069D000A02F0DD1DA481038006840F48020D84943
:1069E000103908600846006840F4803008600CE008
:1069F000D3481038006820F48030D149103908603D
:106A00000846006820F48020086000BF606898B1E4
:106A1000FDF7CEFA054606E0FDF7CAFA401B6428EA
:106A200001D903208FE7C64810380068C0F3404002
:106A30000028F1D012E012E0FDF7BAFA054606E0B0
:106A4000FDF7B6FA401B642801D903207BE7BC4858
:106A500010380068C0F340400028F1D100BF207812
:106A600000F00200022874D1B548006800F0380830
:106A7000B3481830D0F80090B8F1000F05D0B8F145
:106A8000180F56D109F00300D0BBAD48103800688C
:106A9000C0F3800018B1E06808B9012053E7A848A6
:106AA0001038006820F01900E1680843A449103943
:106AB0000860FDF77DFA054606E0FDF779FA401B10
:106AC000022801D903203EE79D4810380068C0F332
:106AD00080000028F1D000BFFDF764FA41F2030105
:106AE00088421AD8206940280BD195480C38006894
:106AF00020F47C3040F4003091490C39086017E0F4
:106B000017E08F480C38006820F47C30216940EA97
:106B100001308B490C3908600AE089480C3800685C
:106B200020F0FE40217C40EA016085490C39086074
:106B300066E0E06888B382481038006820F01900E9
:106B4000E16808437E4910390860FDF731FA0546CF
:106B500007E056E0FDF72CFA401B022801D903207C
:106B6000F1E6774810380068C0F380000028F1D0C3
:106B700000BFFDF717FA41F2030188421AD82069D5
:106B800040280BD16E480C38006820F47C3040F46B
:106B900000306B490C39086017E017E068480C3882
:106BA000006820F47C30216940EA013064490C39E6
:106BB00008600AE062480C38006820F0FE40217C42
:106BC00040EA01605E490C39086019E05C48103801
:106BD000006820F001005A4910390860FDF7E8F913
:106BE000054606E0FDF7E4F9401B022801D9032021
:106BF000A9E6534810380068C0F380000028F1D19E
:106C000000BF207800F0100010287CD14C480068AC
:106C100000F038084A481830D0F80090B8F1080F52
:106C200006D0B8F1180F3DD109F00300012839D181
:106C3000434810380068C0F3002020B1E069802884
:106C400001D001207FE600BFFDF7ACF941F203015E
:106C500088421AD8206A20280AD139480C3800689E
:106C600020F0F84040F0804035490C39086018E0C9
:106C700033480C38006820F0F84094F8201040EABF
:106C800081602F490C3908600BE02D48001F006817
:106C900020F07C5094F8201040EA01602849091F38
:106CA000086066E0E06978B325481038006840F075
:106CB0008000234910390860FDF77AF9054606E09F
:106CC000FDF776F9401B022801D903203BE61C485A
:106CD00010380068C0F300200028F1D000BFFDF795
:106CE00061F941F2030188421CD8206A20280CD1A6
:106CF00013480C38006820F0F84040F080401049FC
:106D00000C3908601AE035E01CE00D480C380068CA
:106D100020F0F84094F8201040EA816008490C39CE
:106D200008600BE00648001F006820F07C5094F8D3
:106D3000201040EA01600249091F086019E00000C4
:106D400010440258FA48006820F08000F8490860B2
:106D5000FDF72EF9054606E0FDF72AF9401B02284B
:106D600001D90320EFE5F2480068C0F300200028B5
:106D7000F2D100BF207800F00800082836D1606901
:106D8000D0B1EB487430006840F00100E84974313C
:106D90000860FDF70DF9054606E0FDF709F9401B0F
:106DA000022801D90320CEE5E14874300068C0F321
:106DB00040000028F1D019E0DD487430006820F070
:106DC0000100DB4974310860FDF7F2F8054606E082
:106DD000FDF7EEF8401B022801D90320B3E5D448A3
:106DE00074300068C0F340000028F1D1207800F032
:106DF0002000202830D1A069B8B1CD48006840F407
:106E00008050CB490860FDF7D3F8054606E0FDF752
:106E1000CFF8401B022801D9032094E5C44800683C
:106E2000C0F340300028F2D016E0C148006820F4DA
:106E30008050BF490860FDF7BBF8054606E0FDF746
:106E4000B7F8401B022801D903207CE5B848006848
:106E5000C0F340300028F2D1207800F0040004286C
:106E60007DD1B448006840F48070B2490860FDF7F5
:106E70009FF8054606E0FDF79BF8401B642801D902
:106E8000032060E5AB48006800F480700028F2D071
:106E900000BFA068012808D1A5487030006840F004
:106EA0000100A349703108602DE0A06868B9A048CE
:106EB0007030006820F001009D497031086008467C
:106EC000006820F0040008601DE0A06805280DD1CE
:106ED00097487030006840F00400954970310860B0
:106EE0000846006840F0010008600CE090487030EF
:106EF000006820F001008E49703108600846006883
:106F000020F00400086000BFA068A0B1FDF750F8B1
:106F1000054608E0FDF74CF8401B41F288318842F5
:106F200001D903200FE5824870300068C0F34000AB
:106F30000028EFD013E0FDF73BF8054608E0FDF729
:106F400037F8401B41F28831884201D90320FAE426
:106F5000774870300068C0F340000028EFD1606AC5
:106F600000287DD072481030006800F038001828E2
:106F700077D0606A022875D16D48006820F0807073
:106F80006B490860FDF714F8054606E0FDF710F8B8
:106F9000401B022801D90320D5E465480068C0F3EE
:106FA00040600028F2D100BFD4E90A1041EA001085
:106FB0005F492831096840F2F332914308435C4944
:106FC00028310860208E401EC0F30800616B491E06
:106FD0004FF47E4202EA41210843218F491ED2012B
:106FE00002EA014108433C21095D491E120202EAFE
:106FF000016108434E493031086000BF081F006836
:1070000020F00100091F08604948343000684FF63D
:10701000F8718843A16C40EAC100454934310860E9
:1070200043482C30006820F00C00216C0843404994
:107030002C3108600846006820F00200616C0843AB
:107040003B492C3108600846006840F480300860F5
:107050000846006840F4003008600846006802E016
:107060006AE038E01FE040F48020086008460068CD
:1070700040F0010008602E48006840F080702C4904
:107080000860FCF795FF054606E0FCF791FF401B02
:10709000022801D9032056E425480068C0F3406067
:1070A0000028F2D048E02248006820F08070204993
:1070B0000860FCF77DFF054606E0FCF779FF401B02
:1070C000022801D903203EE419480068C0F340605B
:1070D0000028F2D130E016482830076814483030D4
:1070E0000668606A012821D007F00301A06A814286
:1070F0001CD1C7F30511E06A884217D1C6F3080115
:10710000206B401E814211D1606B401EC6F34621A8
:1071100088420BD1A06B401EC6F30641884205D1C0
:10712000E06B401EC6F30661884205D001200AE4E8
:107130000044025800480258002004E47047704799
:10714000704770472DE9F04188B004460F4600258E
:10715000A846032084F83000A06B032820D0B7F5A0
:10716000004F04D1606B40F0805060631CE0B7F5C5
:10717000804F07D1204605F049FA0646606B304340
:10718000606311E03FB9204605F00CFA0646606BDB
:107190003043606308E0606B40F00060606303E0D0
:1071A000606B40F080506063606B28B1424821689A
:1071B00088634FF0010868E04FF48030FDF772FFFC
:1071C0000546002D5BD060680390A0680490059789
:1071D000206906903948B5FBF0F16069814202D818
:1071E0006069079041E0A06DB0F5007F02D1606951
:1071F00007903AE0A06DB0F5807F1BD1606950B96F
:107200002E48854204D94000B5FBF0F007902CE0F1
:107210006069079029E060694000B5FBF0F02749FC
:10722000884204D94800B5FBF0F007901DE0606982
:1072300007901AE0606950B92148854204D940009E
:10724000B5FBF0F0079010E0606907900DE0606911
:107250004000B5FBF0F01A49884204D94800B5FB5C
:10726000F0F0079001E060690790DDE90601CDE9E3
:107270000001206803A90EC904F0BEFE05E0606BA2
:1072800040F0006060634FF001084FF40071206827
:1072900004F0CBFA06463EB1074821688863606B6C
:1072A000304360634FF00108012084F8300040460D
:1072B00008B0BDE8F0810000FF0FE01F80F0FA0287
:1072C00040787D0110B504460CB9012010BD0320A3
:1072D00084F83000204605F024F8204600F080FBBA
:1072E0000020606384F8300000BFEFE770470000C3
:1072F00010B50246D06D800F0870D06DC0F383606A
:107300004870D06DC0F301608870D06D000CC870FB
:10731000B2F85C00000A087192F85C004871106EC7
:10732000000DC880106EC0F3034008726020805AC0
:10733000C0F3C03048726020805AC0F38030887239
:107340006020805AC0F34030C8726020805AC0F379
:107350000030087300204873906B002836D16020FD
:10736000805A8005030D506E43EA90700861506E9C
:10737000C0F3C2600875506EC0F302604875506E6D
:10738000C0F342508875506EC0F38240C875506E8D
:10739000C0F3C23008760869401C90640B7E906C84
:1073A00003F007039B1C01249C4060439064087A0F
:1073B00000F00F0301209840D064D2E912035B0A69
:1073C000584310654FF40073536521E0906B01281A
:1073D00013D16020805C8006830A506E43EA10401F
:1073E00008610869401C83029364936C13654FF431
:1073F0000073D364D36C53650AE02E481368986316
:10740000506B40F080505063012082F8300010BD76
:107410006420805AC0F3803001F8190F6420805A2C
:10742000C0F3C61048706420805C00F07F00887054
:10743000906EC00FC870906EC0F341700871906E6E
:10744000C0F382604871906EC0F383508871906E73
:10745000C0F34050C87100200872906EC0F3004025
:1074600048726820805AC0F3C03088726820805A01
:10747000C0F38030C8726820805AC0F3403008736F
:107480006820805AC0F3003048736820805AC0F3E7
:10749000812088736820805AC0F30120C873682057
:1074A000805CC0F34600087401204874193900203C
:1074B000ADE70000FF0FE01F0246906B0860D06B45
:1074C0004860106C8860506CC860906C0861D06C2B
:1074D0004861106D8861506DC86100207047F8B533
:1074E0000446002000906946204605F043F8054612
:1074F00015B1606B284360630098C0F343263046A3
:10750000F8BD0000F0B591B005460C46002795F88F
:107510003000032802D1012011B0F0BD01A9284696
:1075200004F08EFF064656B12F4829688863686BC1
:1075300030436863012085F83000012743E001985B
:10754000C0F3811020700198C0F340106070019862
:1075500000F47F00000A019940EA116060800298FF
:107560000006029901F47F4140EA0120029901F4EA
:107570007F0140EA1120029940EA1160606003989F
:1075800020720398000A60720398C0F30350A0723F
:107590000498C0B2039901F07F4140EA1140A081F4
:1075A0000498C0F38520A0730498C0F30120E07311
:1075B0000498C0F303102074049800F00F00607466
:1075C0000598000EA0744FF40071286804F02DF99E
:1075D00006463EB10448296888636E63012085F839
:1075E00030000127384697E7FF0FE01F70B50446CB
:1075F000E56A2068406BC0F3C03030B105F0080088
:1076000018B1204604F0FAFE26E12068406BC0F372
:107610000020002876D04FF48070216888632068AD
:10762000C06B4CF23A1188432168C8632068C06B74
:1076300020F080502168C8632068C06820F04000B6
:107640002168C86005F0080030B305F0020010B9E9
:1076500005F0200050B1206804F050FA06462EB123
:10766000606B304360632046FFF740FE7B48216833
:107670008863012084F830000020E06205F00100FA
:1076800010B905F0020018B1204600F0A7FAE3E0B7
:10769000204600F0A8FADFE005F080000028B3D013
:1076A0000020216888622168C8622168086505F0A9
:1076B000020010B905F0200050B1206804F01EFA55
:1076C00006462EB1606B304360632046FFF70EFE26
:1076D000012084F830000020E06205F0100010B9AD
:1076E00005F0200010B1204600F07DFA05F0010001
:1076F00018B905F00200002886D0204600F06EFA86
:10770000AAE0FFE72068406BC0F3803030B105F09D
:10771000080018B1204604F0ADFF9DE02068406BE2
:1077200000F03A0008B1012000E00020002870D0ED
:107730002068406BC0F3400018B1606B40F002005D
:1077400060632068406BC0F3C00018B1606B40F00C
:10775000080060632068406BC0F3401018B1606B94
:1077600040F0200060632068406BC0F3001018B147
:10777000606B40F0100060633848216888632068BF
:10778000C06B20F49D702168C8632068C06820F039
:1077900040002168C8602068C06A40F40050216839
:1077A000C8622068C06840F080002168C860206816
:1077B00004F0A4F9616B084360632068C06820F09E
:1077C00080002168C8604FF400602168886305F07C
:1077D000080040B1012084F830000020E06220461B
:1077E000FFF784FD38E005F0800030B3606B20B314
:1077F0002068C06B20F080502168C8630020216899
:107800000865012084F830002046FFF76FFD23E073
:10781000FFE72068406BC0F3007070B14FF08050FC
:10782000216888632068006D00F0040050B905F0FD
:10783000200018B12046FFF784FC0DE02046FFF73A
:107840007EFC09E005F0200018B12046FFF778FC27
:1078500002E02046FFF772FC70BD00003A0F0018EE
:10786000F0B585B0044614B9012005B0F0BD94F818
:10787000300020B900202076204600F0D3F8042004
:1078800084F83000204600F045F808B10120ECE70C
:1078900069462046FFF736FE08B10120E5E79DF86E
:1078A00010609DF81170A06B012805D106B91FB1B9
:1078B0004FF40071A16507E0A06B012802D101021D
:1078C000A16501E00021A1652046E168FFF73AFCCF
:1078D00008B10120C9E7FCF76BFB05460CE0FCF79B
:1078E00067FB401B401C38B94FF00040606301202B
:1078F00084F830000320B8E72046FFF7F0FD0428A5
:10790000EDD100206063E062012084F830000020A7
:10791000ABE70000F0B587B00446002600200290D7
:107920000390049005904FF48030FDF7BBFB0646B2
:107930003EB9012084F83000C0066063012007B022
:10794000F0BD2448B6FBF0F00690DDE90501CDE975
:107950000001206802A90EC904F04EFB206804F063
:107960006CFB06984000B6FBF0F61B48B0FBF6F047
:10797000471C3846FCF7A6F8204604F0D9FC05461B
:107980003DB1012084F83000606B28436063012022
:10799000D5E7204604F040FC05463DB1012084F8BF
:1079A0003000606B284360630120C8E74FF400712A
:1079B000206803F03AFF05464DB108482168886306
:1079C000606B28436063012084F83000B7E7002033
:1079D000B5E7000000350C0010210100FF0FE01F8B
:1079E00010B504460B492068884211D10A48006846
:1079F00020F48030084908604FF4F8510748FCF73C
:107A000075F804210648FCF771F83120FCF702FFF5
:107A100010BD000000700052D44402580008025803
:107A2000000C025810B586B00446142101A8F8F7DE
:107A3000BAFC2B49206888424FD100BF2948006812
:107A400040F48030274908600846006800F4803020
:107A5000009000BF00BF00BF22480C30006840F01B
:107A6000040020490C3108600846006800F004005A
:107A7000009000BF00BF00BF0846006840F008004B
:107A800008600846006800F00800009000BF00BFD2
:107A90004FF4F85001900220029000200390032040
:107AA00004900C20059001A90F48FCF765F904200B
:107AB00001900220029000200390032004900C20EB
:107AC000059001A90948FCF757F90022012131204E
:107AD000FCF7D6FE3120FCF7BFFE06B010BD00005B
:107AE00000700052D444025800080258000C02589A
:107AF0002DE9F04387B004460F4691461D46C8461F
:107B00003FB9606B40F000606063012007B0BDE8E2
:107B1000F08394F8300001285CD10020606308EB0A
:107B20000501206D814205D9606B40F000706063F3
:107B30000120EBE7032084F8300000202168C862B0
:107B400067626802A062A06B012801D04FEA482852
:107B50004FF0FF30019068020290902003900220C5
:107B6000049000200590069001A9206804F02EF8EA
:107B70002068C06840F040002168C86020688765C0
:107B8000012021680865012D07D98220E062414665
:107B9000206803F0B3FE064606E08120E06241461D
:107BA000206803F0C8FE064666B10B48216888636A
:107BB000606B30436063012084F830000020E06295
:107BC0000120A3E72068C06B40F495702168C8636A
:107BD00000209BE7022099E7FF0FE01F10B5044645
:107BE000F9F734F910BD10B50446F9F749F910BD9D
:107BF0002DE9F04387B004460F4691461D46C8461E
:107C00003FB9606B40F000606063012007B0BDE8E1
:107C1000F08394F8300001285BD10020606308EB0A
:107C20000501206D814205D9606B40F000706063F2
:107C30000120EBE7032084F8300000202168C862AF
:107C4000E76168022062A06B012801D04FEA482852
:107C50004FF0FF30019068020290902003900020C6
:107C600004900590069001A9206803F0AFFF2068FA
:107C7000C06840F040002168C86020688765012026
:107C800021680865012D07D9A020E06241462068DF
:107C900003F062FF064606E09020E062414620685D
:107CA00003F077FF064666B10B4821688863606B76
:107CB00030436063012084F830000020E06201203E
:107CC000A4E72068C06B40F48D702168C863002071
:107CD0009CE702209AE70000FF0FE01F70470000BA
:107CE0002DE9F05F0446206807692068D0F8148009
:107CF00007EA08052068D0F808904FF0000A94F8C9
:107D00008160206800F1300B05F0400070B905F08B
:107D1000200058B905F00400042807D12046616FFF
:107D200088472046216F88474FF0010A05F0400040
:107D300050B905F0010038B105F0040020B9204623
:107D4000216F88474FF0010A05F0200058B905F06F
:107D50000200022807D105F0040020B92046616F17
:107D600088474FF0010ABAF1000F01D0BDE8F09F3B
:107D700005F00800082872D12068806940F00800EA
:107D8000216888612068806940F01000216888615E
:107D90002068806940F4006021688861206800697B
:107DA00020F008002168086109F4404048B1042E21
:107DB00002D0A06FC06920B1032E3DD0E06FC06932
:107DC000C8BB2068806800F4404038BB22E0E0680F
:107DD0000F2807D92068006B616E0860606E001D77
:107DE000606612E0E068072807D9BBF80000616E02
:107DF0000880606E801C606607E0206890F83000A4
:107E0000616E0870606E401C6066B4F86A00401EC7
:107E1000A4F86A00B4F86A000028D8D1204604F01B
:107E20006FFE012084F88100D4F8840018B1204648
:107E3000FFF754FF9AE7FFE7052E03D1204600F035
:107E40003FFD0AE0042E03D1204600F034FB04E09D
:107E5000032E02D1204600F032FD87E7FFE708F449
:107E60000060B0F5006F0AD107F00800082806D1BD
:107E70002068806940F400602168886176E705F435
:107E8000587000287DD005F0400058B1D4F8840027
:107E900040F00400C4F884002068806940F040008D
:107EA0002168886105F4007058B1D4F8840040F06E
:107EB0000100C4F884002068806940F400702168E3
:107EC000886105F4807058B1D4F8840040F008004F
:107ED000C4F884002068806940F48070216888615B
:107EE00005F0200058B1D4F8840040F08000C4F8B8
:107EF00084002068806940F0200021688861D4F8FF
:107F00008400A8B32068006820F0010021680860A0
:107F10002068006940F26B3188432168086109F4E8
:107F20004040B0F5404F25D12068806820F44040A3
:107F300021688860E06F60B11348E16F0865E06F09
:107F4000FAF7E8FB28B1D4F8840040F04000C4F808
:107F50008400A06F60B10C48A16F0865A06FFAF7AC
:107F6000D9FB28B1D4F8840040F04000C4F8840064
:107F700006E006E0012084F881002046FFF7AEFE0F
:107F8000F4E600BFF2E60000D7CB000870B5044667
:107F90000CB9012070BD606A00B900BF0021A16268
:107FA0005749206888420CD056492068884208D03A
:107FB00055492068884204D0E0680F2801D9012083
:107FC000E8E7204604F015FE05464D492068884242
:107FD00009D04C492068884205D04B492068884226
:107FE00001D0082D0DD846492068884207D0454960
:107FF0002068884203D044492068884203D1102D6C
:1080000001D90120C6E794F8810028B9002084F83E
:108010008000204600F07AF8022084F88100206871
:10802000006820F00100216808602068806800F482
:10803000F816A069B0F1806F11D16068B0F5800FBB
:1080400001D1A06B28B1606848B9A06BB0F1805F26
:1080500005D12068006840F4805021680860A16A5A
:10806000E06908433043E16B0843E1680843216855
:108070008860616A606B0843A16B0843A16908438B
:108080002169084361690843216A0843616808431C
:10809000E16C0843A1680843A16C0843A16D084343
:1080A0002168C860606878B92068806820F4C05092
:1080B00040F40060216888602068806820F4C06017
:1080C00040F48060216888602068006D20F0010025
:1080D00021680865606800F48000B0F5800F07D162
:1080E0002068C06820F00040616D08432168C860C6
:1080F0000020C4F88400012084F88100002049E7B2
:108100000030014000380040003C004010B5B6B0DF
:108110000446142131A8F8F746F9BC2102A8F8F763
:1081200042F92F492068884258D1801402900020DB
:10813000199002A8FDF760FB08B1F9F7F7F900BF45
:108140002848006840F480502649086008460068C6
:1081500000F48050019000BF00BF00BF21481038DC
:10816000006840F001001F491039086008460068A7
:1081700000F00100019000BF00BFE020319002201C
:1081800032900020339034900520359031A9164864
:10819000FBF7F2FD154816490860252048600021CC
:1081A00013488160C1604FF4806101610021416129
:1081B0008161C16101624162FBF7F4F908B1F9F72D
:1081C000B5F900BF0A48E067846300BF00220621BA
:1081D0002320FCF755FB2320FCF73EFB36B010BDF7
:1081E00000300140F04402580000025810000240E4
:1081F000080400242DE9F84F0446884616461D461B
:108200004FF0000A206800F130096068B0F5800F77
:108210000DD1A06858B9042084F881003346424645
:1082200041462046009500F047F9BDE8F88F00BFB1
:1082300094F88000012801D10220F6E7012084F89B
:10824000800000BFFBF7B4FE074694F881000128C8
:1082500008D04FF0020A00BF002084F8800000BF61
:108260005046E2E7B8F1000F00D046B94FF0010ADE
:1082700000BF002084F8800000BF5046D5E70420EE
:108280005C3484F825000020A062C4F80880A68130
:10829000E6812060A080E0806061A0615C3CA06815
:1082A000B0F5C02F05D12068006820F40060216877
:1082B0000860206840686FF30F0030432168486011
:1082C0002068006840F00100216808606068B0F52F
:1082D000800F05D12068006840F4007021680860B4
:1082E000E0680F2833D92DE02068406948F2080182
:1082F000084060B12068006B616E0860606E001D10
:108300006066B4F86A00401EA4F86A001AE0FBF741
:108310004FFEC01BA84201D3681C00B995B9204686
:1083200004F0EEFB00BF002084F8800000BFD4F80A
:10833000840040F48070C4F88400012084F8810037
:10834000032072E7B4F86A000028CDD1A1E0E0680C
:10835000072844D93EE02068406900F46040F0B14D
:108360002068406900F4004060B12068006B616ED5
:108370000860606E001D6066B4F86A00801EA4F894
:108380006A0027E0B9F80000616E0880606E801C0A
:108390006066B4F86A00401EA4F86A001AE0FBF7B1
:1083A00007FEC01BA84201D3681C00B995B920463E
:1083B00004F0A6FB00BF002084F8800000BFD4F8C2
:1083C000840040F48070C4F88400012084F88100A7
:1083D00003202AE7B4F86A000028BCD159E054E031
:1083E0002068406900F4604098B32068406900F458
:1083F000004060B12068006B616E0860606E001D17
:108400006066B4F86A00001FA4F86A003DE02068C6
:10841000406900F4C040B0F5005F0CD9B9F8000025
:10842000616E0880606E801C6066B4F86A00801E11
:10843000A4F86A0029E0206890F83000616E0870A6
:10844000606E401C6066B4F86A00401EA4F86A00C2
:108450001BE0FFE7FBF7ACFDC01BA84201D3681C83
:1084600000B995B9204604F04BFB00BF002084F80A
:10847000800000BFD4F8840040F48070C4F8840009
:10848000012084F881000320CFE6B4F86A000028B8
:10849000A6D1204604F034FB00BF002084F8800001
:1084A00000BF012084F88100D4F8840008B10120C5
:1084B000BBE65046B9E670472DE9FF4F85B004464C
:1084C0008A461F46129E00200490206820300390A8
:1084D00020683030029000BF94F88000012803D15A
:1084E000022009B0BDE8F08F012084F8800000BFB1
:1084F000FBF75EFD81463D46A84694F881B0606872
:108500000190BBF1010F11D00198B0F5800F04D19B
:10851000A06810B9BBF1040F08D00220049000BF7E
:10852000002084F8800000BF0498DAE7BAF1000F59
:1085300002D0079800B147B90120049000BF002085
:1085400084F8800000BF0498CBE794F881000428E9
:1085500002D0052084F881000020C4F88400079828
:108560006066A4F86A70A4F86870C4F85CA0A4F807
:108570006270A4F86070002020676067206840681F
:108580006FF30F003843216848602068006840F0AE
:108590000100216808606068B0F5800F05D120688F
:1085A000006840F4007021680860E0680F284ED928
:1085B00047E02068406900F0020002280ED16DB14A
:1085C000E06D006821680862E06D001DE065B4F8A8
:1085D0006200401EA4F86200B4F86250206840694E
:1085E00048F20801084080B1B8F1000F0DD02068B2
:1085F000006B616E0860606E001D6066B4F86A0012
:10860000401EA4F86A00B4F86A80FBF7D1FCA0EB26
:108610000900B04201D3701C00B996B9204604F09D
:108620006FFA00BF002084F8800000BFD4F88400F7
:1086300040F48070C4F88400012084F88100032095
:108640004FE7002DB5D1B8F1000FB2D117E1E068C6
:10865000072874D96CE02068406900F00200022805
:1086600020D1FDB1012D10D9E06B70B1E06D006833
:1086700021680862E06D001DE065B4F86200801EAC
:10868000A4F86200B4F862500CE054F85C0F018862
:10869000039801802068801C2060E088401EE080F4
:1086A000E5885C3C2068406900F4604020B3B8F184
:1086B000000F21D02068406900F4004070B12068AC
:1086C000006B616E0860606E001D6066B4F86A0041
:1086D000801EA4F86A00B4F86A800DE00298008851
:1086E00054F8641F08802068801C2060E088401EC9
:1086F000E080B4F80680643CFBF75AFCA0EB09006C
:10870000B04201D3701C00B996B9204604F0F8F9C4
:1087100000BF002084F8800000BFD4F8840040F43B
:108720008070C4F88400012084F881000320D8E61A
:10873000002D90D1B8F1000F8DD1A0E0FFE798E0B7
:108740002068406900F00200022835D125B3032DCE
:1087500011D9E06B40280ED9E06D006821680862ED
:10876000E06D001DE065B4F86200001FA4F862002F
:10877000B4F8625020E0012D0FD9E06B68B154F8D5
:108780005C0F0188039801802068801C2060E088CD
:10879000801EE080E5885C3C0EE0E06D007821689A
:1087A00081F82000E06D401CE065B4F86200401ED6
:1087B000A4F86200B4F862502068406900F4604098
:1087C00058B3B8F1000F38D02068406900F4004079
:1087D00070B12068006B616E0860606E001D60669D
:1087E000B4F86A00001FA4F86A00B4F86A8024E0B4
:1087F0002068406900F4C040B0F5005F0ED90298CF
:10880000008854F8641F08802068801C2060E0887D
:10881000801EE080B4F80680643C0EE0206890F88A
:108820003000616E0870606E401C6066B4F86A00CB
:10883000401EA4F86A00B4F86A80FBF7B9FBA0EB0D
:108840000900B04201D3701C00B996B9204604F06B
:1088500057F900BF002084F8800000BFD4F88400DE
:1088600040F48070C4F88400012084F88100032063
:1088700037E6002D7FF464AFB8F1000FFAD14B4614
:10888000002208212046009604F0C0F928B1D4F84F
:10889000840040F02000C4F88400204604F030F941
:1088A00000BF002084F8800000BF012084F8810010
:1088B000D4F8840008B1012013E6049811E670474B
:1088C00070470000034A126882430A43014B1A6052
:1088D000704700000404005870B504462546681E21
:1088E000B0F1807F01D301200FE0681E4FF0E0213E
:1088F00048610F214FF0FF3005F01EFE00204FF0C1
:10890000E021886107200861002070BD7047704732
:108910007047000030B502460B4600BF92F83C009D
:10892000012801D1022030BD012082F83C0000BFA7
:10893000022082F83D001068416810688468214D6B
:108940001068A84203D0204D1068A84203D121F43A
:1089500070015868014321F07001186801431068E4
:108960004160184D1068A8421BD01068B0F1804FCC
:1089700017D0164D1068A84213D0154D1068A842A4
:108980000FD0144D1068A8420BD00F4D1068A842AC
:1089900007D0114D1068A84203D0104D1068A842AE
:1089A00005D124F080049868044310688460012095
:1089B00082F83D0000BF002082F83C0000BF00BFED
:1089C000B1E7000000000140000401400004004045
:1089D00000080040000C004000180040004001402A
:1089E00010B504460CB9012010BD94F83D0028B91B
:1089F000002084F83C00204600F02AF8022084F889
:108A00003D00211D206804F001FB012084F848008E
:108A100000BF84F83E0001213F2001554020015550
:108A200041200155422001554320015500BF00BFA0
:108A3000012084F844004520015546200155472077
:108A4000015500BF012084F83D000020CCE7000064
:108A500038B504462068B0F1804F16D100BF2F48CA
:108A6000006840F001002D4908600846006800F0E9
:108A70000100009000BF00BF00220F211C20FBF767
:108A8000FFFE1C20FBF7E8FE46E0254920688842EF
:108A90000DD100BF2148006840F010001F49086058
:108AA0000846006800F01000009000BF34E01D4947
:108AB0002068884216D100BF1848006840F02000A6
:108AC000164908600846006800F02000009000BFCA
:108AD00000BF00220E213720FBF7D2FE3720FBF724
:108AE000BBFE19E010492068884215D100BF0B4831
:108AF000006840F08000094908600846006800F0FE
:108B00008000009000BF00BF00220A212C20FBF74C
:108B1000B7FE2C20FBF7A0FE38BD0000E844025849
:108B20000010004000140040001C0040014691F875
:108B30003D00012801D001207047022081F83D004E
:108B40000868C06840F001000B68D8601C4B0868DA
:108B500098421BD00868B0F1804F17D0194B0868B5
:108B6000984213D0184B086898420FD0174B0868EA
:108B700098420BD0164B0868984207D0154B0868EE
:108B8000984203D0144B0868984210D10868806856
:108B9000124B00EA0302062A0FD0B2F5803F0CD038
:108BA0000868006840F001000B68186005E008687C
:108BB000006840F001000B6818600020BCE700006E
:108BC000000001400004004000080040000C00408C
:108BD000000401400018004000400140070001006F
:108BE00001460868C06820F001000A68D06000BF34
:108BF0000868006A41F21112104050B90868006A12
:108C00009210104028B90868006820F001000A6836
:108C1000106000BF012081F83D0000207047000077
:108C20002DE9F04104460D46002700BF94F83C00B2
:108C3000012802D10220BDE8F081012084F83C0027
:108C400000BF022084F83D00206886684048064046
:108C500026F47F46206886602868702826D00CDCC1
:108C600000F00F01002966D10011072863D2DFE868
:108C700000F0555657584B374100B0F1101F52D0F5
:108C800009DCB0F5805F10D0B0F5005F1BD0B0F507
:108C9000801F50D146E0A0F580102038002843D036
:108CA000102842D0202846D140E046E0D5E9021302
:108CB0006A68206804F021FA2068866846F0770622
:108CC0002068866039E0D5E902136A68206804F0FC
:108CD00014FA2068806840F48040216888602CE0A5
:108CE000EA686968206804F0D3FB5021206804F02A
:108CF0000FFA22E0EA686968206804F0DCFB602172
:108D0000206804F005FA18E0EA686968206804F051
:108D1000BFFB4021206804F0FBF90EE000BF00BF5C
:108D200000BF00BF00BF00BF00BF00BF29682068B0
:108D300004F0EEF901E0012700BF00BF012084F834
:108D40003D0000BF002084F83C0000BF384672E7B9
:108D500088FFCEFF704710B5044620680069C0F355
:108D60004000D8B12068C068C0F34000B0B16FF0D7
:108D7000020021680861012020772068806900F0E6
:108D8000030018B12046FFF7E5FF05E0204600F09C
:108D90005BF9204600F0D4FB0020207720680069B2
:108DA000C0F38000D8B12068C068C0F38000B0B1C3
:108DB0006FF0040021680861022020772068806934
:108DC00000F4407018B12046FFF7C4FF05E02046CC
:108DD00000F03AF9204600F0B3FB0020207720682D
:108DE0000069C0F3C000D8B12068C068C0F3C000FB
:108DF000B0B16FF008002168086104202077206876
:108E0000C06900F0030018B12046FFF7A3FF05E09A
:108E1000204600F019F9204600F092FB0020207750
:108E200020680069C0F30010D8B12068C068C0F3A2
:108E30000010B0B16FF010002168086108202077A1
:108E40002068C06900F4407018B12046FFF782FF27
:108E500005E0204600F0F8F8204600F071FB002005
:108E600020772068006900F0010058B12068C068D0
:108E700000F0010030B16FF0010021680861204668
:108E800000F012FC20680069C0F3C01058B12068DF
:108E9000C068C0F3C01030B16FF080002168086175
:108EA0002046FFF734FD20680069C0F3002058B168
:108EB0002068C068C0F3C01030B16FF480702168C2
:108EC00008612046FFF722FD20680069C0F380108A
:108ED00058B12068C068C0F3801030B16FF0400016
:108EE00021680861204600F071FC20680069C0F329
:108EF000401058B12068C068C0F3401030B16FF026
:108F00002000216808612046FFF702FD10BD000027
:108F100010B586B00446142101A8F7F744FA214998
:108F2000206888421CD100BF1F48006840F008003C
:108F30001D4908600846006800F00800009000BF66
:108F400000BF4FF4A0400190022002900020039047
:108F500004900220059001A91448FAF70DFF1FE0C4
:108F60001349206888421BD100BF0F48006840F0B9
:108F700002000D4908600846006800F002000090F9
:108F800000BF00BF4FF480400190022002900020FB
:108F9000039004900220059001A90648FAF7ECFE20
:108FA00006B010BD00080040E0440258000C025812
:108FB00000180040000402582DE9F04104460E4616
:108FC0001546002700BF94F83C00012802D102207A
:108FD000BDE8F081012084F83C0000BF0C2D1AD0C0
:108FE00005DC4DB1042D0CD0082D23D10EE0102D41
:108FF00016D0142D1ED118E03146206804F094F8E4
:109000001AE03146206804F0E5F815E031462068A2
:1090100004F03AF910E03146206804F08FF90BE0D3
:109020003146206804F0C4F906E03146206804F0B7
:10903000F7F901E0012700BF00BF00BF002084F85E
:109040003C0000BF3846C3E7704710B504460CB972
:10905000012010BD94F83D0028B9002084F83C00A0
:10906000204600F029F8022084F83D00211D2068E8
:1090700003F0CCFF012084F8480000BF84F83E00D4
:1090800001213F200155402001554120015542203A
:1090900001554320015500BF00BF012084F8440062
:1090A00045200155462001554720015500BF0120AC
:1090B00084F83D000020CCE708B5094A01689142D8
:1090C0000DD100BF0749096841F00401054A11604C
:1090D0001146096801F00401009100BF00BF08BDFE
:1090E00000080040E844025870B504460D4615B922
:1090F00094F83E0015E0042D02D13F20005D10E001
:10910000082D02D14020005D0BE00C2D02D1412042
:10911000005D06E0102D02D14220005D01E04320F9
:10912000005D012801D0012070BD1DB9022084F826
:109130003E001AE0042D03D102213F20015514E026
:10914000082D03D10221402001550EE00C2D03D142
:1091500002214120015508E0102D03D102214220B7
:10916000015502E0022143200155012229462068D1
:1091700003F0B2FF2B49206888420FD02A492068AB
:1091800088420BD029492068884207D028492068A6
:10919000884203D027492068884201D1012000E09D
:1091A000002028B12068406C40F4004021684864E9
:1091B0001C49206888421BD02068B0F1804F17D02E
:1091C0001D492068884213D01C49206888420FD06E
:1091D0001B49206888420BD013492068884207D079
:1091E00018492068884203D010492068884210D16D
:1091F00020688068144900EA0106062E0FD0B6F5F3
:10920000803F0CD02068006840F0010021680860B1
:1092100005E02068006840F0010021680860002037
:1092200082E70000000001400004014000400140CE
:109230000044014000480140000400400008004094
:10924000000C0040001800400700010030B5044643
:109250000D4600222946206803F03EFF2F49206872
:1092600088420FD02E49206888420BD02D492068B3
:10927000884207D02C492068884203D02B492068B7
:10928000884201D1012000E0002090B100BF206899
:10929000006A41F21111084050B92068006A891033
:1092A000084028B92068406C20F4004021684864D8
:1092B00000BF00BF2068006A41F21111084050B998
:1092C0002068006A8910084028B92068006820F0EA
:1092D00001002168086000BF1DB9012084F83E002C
:1092E0001AE0042D03D101213F20015514E0082D7F
:1092F00003D10121402001550EE00C2D03D10121A5
:109300004120015508E0102D03D1012142200155D3
:1093100002E0012143200155002030BD0000014042
:109320000004014000400140004401400048014069
:109330002DE9F04104460D461646002700BF94F87B
:109340003C00012802D10220BDE8F081012084F810
:109350003C0000BF0C2E51D005DC4EB1042E1ED0B7
:10936000082E7AD133E0102E60D0142EF9D175E09A
:109370002946206803F0D8FE2068806940F0080084
:10938000216888612068806920F004002168886174
:1093900020688069296908432168886178E0294646
:1093A000206803F017FF2068806940F4006021689E
:1093B00088612068806920F4806021688861206865
:1093C0008069296940EA01202168886160E02946B6
:1093D000206803F059FF2068C06940F00800216848
:1093E000C8612068C06920F004002168C861206855
:1093F000C069296908432168C86149E02946206895
:1094000003F09CFF2068C06940F400602168C861D7
:109410002068C06920F480602168C8612068C06944
:10942000296940EA01202168C86131E029462068A5
:1094300003F0BEFF2068406D40F0080021684865D9
:109440002068406D20F00400216848652068406D68
:1094500029690843216848651AE017E02946206811
:1094600003F0DEFF2068406D40F40060216848652D
:109470002068406D20F48060216848652068406D58
:10948000296940EA01202168486501E0012700BF01
:1094900000BF00BF002084F83C0000BF384653E7FF
:1094A00010B504460CB9012010BD94F83D0028B950
:1094B000002084F83C00204600F02AF8022084F8BE
:1094C0003D00211D206803F0A1FD012084F8480023
:1094D00000BF84F83E0001213F2001554020015586
:1094E00041200155422001554320015500BF00BFD6
:1094F000012084F8440045200155462001554720AD
:10950000015500BF012084F83D000020CCE7000099
:1095100008B5094A016891420DD100BF07490968A1
:1095200041F04001054A11601146096801F040010F
:10953000009100BF00BF08BD00180040E844025879
:109540007047000070B504460D4615B994F83E000A
:1095500015E0042D02D13F20005D10E0082D02D15E
:109560004020005D0BE00C2D02D14120005D06E0A3
:10957000102D02D14220005D01E04320005D012852
:1095800001D0012070BD1DB9022084F83E001AE010
:10959000042D03D102213F20015514E0082D03D1F1
:1095A0000221402001550EE00C2D03D10221412063
:1095B000015508E0102D03D102214220015502E09F
:1095C00002214320015501222946206803F084FD31
:1095D0002B49206888420FD02A49206888420BD046
:1095E00029492068884207D028492068884203D04A
:1095F00027492068884201D1012000E0002028B1DD
:109600002068406C40F40040216848641C49206890
:1096100088421BD02068B0F1804F17D01D492068C8
:10962000884213D01C49206888420FD01B4920680B
:1096300088420BD013492068884207D01849206817
:10964000884203D010492068884210D12068806881
:10965000144900EA0106062E0FD0B6F5803F0CD063
:109660002068006840F001002168086005E020687B
:10967000006840F0010021680860002082E70000D7
:10968000000001400004014000400140004401404E
:10969000004801400004004000080040000C004069
:1096A000001800400700010010B504462D4920684D
:1096B000884217D12C480088401C2B490880084656
:1096C0000088032806DB0020088001202749087055
:1096D00003F0BEFA26480078012803D10821254866
:1096E000FAF750FC2449206888421FD10120234901
:1096F000087023480088002818DD22480088401C94
:1097000020490880084600880F280FD100200880D3
:109710001B49088050211C48F6F745FE1B480021D4
:109720000160416001811AA004F0D6FE2068B0F10A
:10973000804F15D11D480078012811D11C480088A0
:10974000401C1B49088008460088782808DB002058
:1097500008801649087017A004F0BEFEF7F7C0FE97
:1097600010BD0000001C00408C0000244C000024B0
:1097700058000024000C0258001400405A00002435
:109780008A0100248C010024AA1E0024A01E0024AB
:109790000D0A20BCECB2E2B1E4C1BFBCB0CAFDD737
:1097A000E9C7E5BFD5B3C9B9A60D0A005900002421
:1097B0008E0000240D0A20CEDEB2D9D7F7CAB1BC84
:1097C000E42035B7D6D6D3200D0A200070470146D5
:1097D00000BF91F88000012801D1022070470120CC
:1097E00081F8800000BF2420C1F884000868026866
:1097F0000868006820F001000B68186022F0005231
:1098000000204866086802602020C1F8840000BF7C
:10981000002081F8800000BF00BFDFE7704770477D
:1098200070B504460D4600BF94F88000012801D1B0
:10983000022070BD012084F8800000BF2420C4F8FD
:109840008400206806682068006820F00100216814
:1098500008602068806820F0606028432168886084
:10986000204603F059FE206806602020C4F88400DA
:1098700000BF002084F8800000BF00BFD9E770B5AA
:1098800004460D4600BF94F88000012801D1022053
:1098900070BD012084F8800000BF2420C4F884003B
:1098A000206806682068006820F0010021680860D0
:1098B0002068806820F06040284321688860204646
:1098C00003F02AFE206806602020C4F8840000BF50
:1098D000002084F8800000BF00BFD9E770477047C0
:1098E000704700002DE9F04704462068C5692068EC
:1098F00006682068876840F60F0005EA0009B9F19C
:10990000000F0FD105F0200060B106F0200010B963
:1099100007F0805030B1206F10B12046216F88478A
:10992000BDE8F087B9F1000F7ED0F948384018B98A
:10993000F84830400028F7D005F0010058B106F48F
:10994000807040B1012021680862D4F88C0040F09A
:109950000100C4F88C0005F0020058B107F00100C6
:1099600040B1022021680862D4F88C0040F0040065
:10997000C4F88C0005F0040058B107F0010040B1B4
:10998000042021680862D4F88C0040F00200C4F87A
:109990008C0005F0080070B106F0200010B9DC481A
:1099A000384040B1082021680862D4F88C0040F0AB
:1099B0000800C4F88C0005F4006060B106F0806017
:1099C00048B14FF4006021680862D4F88C0040F080
:1099D0002000C4F88C00D4F88C0000284ED005F08C
:1099E000200050B106F0200010B907F0805020B1DF
:1099F000206F10B12046216F8847D4F88CA02068D2
:109A0000806800F04000402802D00AF0280070B3BF
:109A1000204603F071FE2068806800F04000402876
:109A200021D100BF00BF00E029E02168083151E8E2
:109A3000001F21F040002168083141E80002002A9F
:109A4000F1D100BFE06F50B1B348E16F0865E06F3E
:109A5000F8F760FE90B1E06F016D88470EE0204698
:109A6000FFF73EFF0AE02046FFF73AFF06E0FFE778
:109A70002046FFF735FF0020C4F88C0050E7E06E69
:109A8000012872D105F0100000286ED006F01000F9
:109A90000028FAD01020216808622068806800F051
:109AA000400040287ED1E06F00689C49884258D031
:109AB000E06F006899491831884252D0E06F006821
:109AC0009649303188424CD0E06F00689349483164
:109AD000884246D0E06F006890496031884240D0AB
:109AE000E06F00688D49783188423AD0E06F0068B5
:109AF0008A499031884234D0E06F00688749A831A4
:109B000088422ED0E06F00688549884229D0E06FF6
:109B1000006883491831884223D0E06F006880498B
:109B2000303188421DD0E06F00687D49483188425D
:109B300017D0E06F00687A496031884211D0E06F39
:109B400000687749783188420BD0E06F006874492B
:109B50009031884205D0E06F00687149A831884291
:109B600004D1E06F0068406803E0A0E0E06F0068A7
:109B700040681FFA80F8B8F1000F55D0B4F85C00C7
:109B8000404551DDA4F85E80E06FC069B0F5807F8C
:109B900041D000BF00BF216851E8001F21F4807050
:109BA000226800E041E042E800010029F3D100BF53
:109BB00000BF00BF2168083151E8001F21F00100FB
:109BC0002168083141E80002002AF3D100BF00BF3C
:109BD00000BF2168083151E8001F21F040002168D2
:109BE000083141E80002002AF3D100BF2020C4F868
:109BF00088000020E06600BF00BF216851E8001F18
:109C000021F01000226842E800010029F5D100BFD0
:109C1000E06FF8F711FBB4F85C00B4F85E20801A2E
:109C200081B22046FFF7FAFD7AE634F85C0F6188CE
:109C3000401A1FFA80F860885C3CB8B3B8F1000F96
:109C400034D000BF00BF216851E8001F21F490709C
:109C5000226842E800010029F5D100BF00BF00BF23
:109C60002168083151E8001F294AD24301EA020065
:109C70002168083141E80002002AF1D100BF20200C
:109C8000C4F888000020E066206700BF00BF21689C
:109C900051E8001F21F01000226842E8000100296D
:109CA000F5D100BF41462046FFF7B8FD38E605F480
:109CB000801050B107F4800038B14FF48010216853
:109CC00008622046FFF70BFE2AE605F0800058B137
:109CD00006F0800010B907F4000028B1606F10B1E1
:109CE0002046616F88471BE605F0400030B106F062
:109CF000400018B1204603F035FD11E605F40000E0
:109D000080B106F0804068B12046FFF7E7FD07E626
:109D10000100001020010004DFD6000810000240FE
:109D20001004024005F0807030B106F0004018B118
:109D30002046FFF774FDF3E500BFF1E510B50446DA
:109D40000CB9012010BDA06900B100E000BFD4F83B
:109D5000840028B9002084F88000204600F02AF80A
:109D60002420C4F884002068006820F001002168E5
:109D70000860204603F0A8FF012800D1E2E7A06AAE
:109D800010B1204603F0F4FB2068406820F49040B6
:109D9000216848602068806820F02A002168886077
:109DA0002068006840F0010021680860204603F048
:109DB0005BFCC7E710B5B6B00446142131A8F6F72E
:109DC000F2FABC2102A8F6F7EEFA40492068884270
:109DD0003ED1012002900020209002A8FBF70CFD4C
:109DE00008B1F7F7A3FB00BF3948006840F0100046
:109DF000374908600846006800F01000019000BF75
:109E000000BF00BF32481038006840F00100304900
:109E1000103908600846006800F00100019000BF9A
:109E200000BF4FF4C0603190022032900020339088
:109E300034900720359031A92648F9F79DFF252059
:109E4000FAF70AFD002211462520FAF719FD3BE03A
:109E500021492068884237D10220029000201F90BB
:109E600002A8FBF7C9FC08B1F7F760FB00BF184870
:109E70000838006840F48020154908390860084611
:109E8000006800F48020019000BF00BF00BF1048B0
:109E90001038006840F008000D4910390860084685
:109EA000006800F00800019000BF00BF4FF4407050
:109EB000319002203290002033903490072035906A
:109EC00031A90648F9F758FF36B010BD001001401F
:109ED000F04402580000025800480040000C0258AC
:109EE00070B504460D461646D4F8880020282CD1BB
:109EF00005B10EB9012070BD00BF94F880000128A3
:109F000001D10220F7E7012084F8800000BF002083
:109F1000E0660F492068884211D02068406800F44C
:109F2000000060B100BF00BF216851E8001F41F090
:109F30008060226842E800010029F5D100BF324666
:109F40002946204604F086F9D5E70220D3E7000031
:109F5000000C005810B586B0044621A207CA03AB16
:109F600007C322492068884238D121480068C06967
:109F700000F0080008280DD01D480068C06900F0F6
:109F80000400042806D01A480068C06900F00200E6
:109F900002280BD1082016490968086204201449D8
:109FA00009680862022012490968086211480078AD
:109FB00031280ED110A207CA8DE807004FF0FF33F9
:109FC0000A2269460A4800F01FF801200D4908706E
:109FD00000BF012207490648FFF782FF06B010BD07
:109FE0001B1B1B1B1B1B1B1B1B1B00000010014012
:109FF0005406002448060024CED2CAC7CBA7B8E72F
:10A000000D0A00000D0000242DE9F84F04460E460D
:10A0100017469946D4F8840020285ED106B117B9B6
:10A020000120BDE8F88F00BF94F88000012801D11D
:10A030000220F6E7012084F8800000BF002054349D
:10A04000A06321202063F9F7B3FF82462780678051
:10A05000543CA068B0F5805F04D1206910B9002598
:10A06000B04602E035464FF0000800BF002084F8FB
:10A07000800000BF1DE05346002280212046CDF81D
:10A08000009004F09FF908B10320CAE745B9B8F879
:10A090000000C0F308002168886208F1020803E0AC
:10A0A0002878216888626D1CB4F85600401EA4F818
:10A0B0005600B4F856000028DDD153460022402156
:10A0C0002046CDF8009004F07DF908B10320A8E700
:10A0D0002020C4F884000020A3E70220A1E77047F5
:10A0E00002A004F0F9F900BFFEE700000D0A2048C5
:10A0F0006172644661756C745F48616E646C657210
:10A10000200D0A002DE9FE4306460F469046002426
:10A110000FE04FF47A7101223019CDE9012100904E
:10A12000381982B20123D0210648FAF713F8054600
:10A13000641C4445EDDB15B90120BDE8FE83002019
:10A14000FBE700004C02002433B583B00C464FF40B
:10A150007A70012103AA0B46CDE900210290224624
:10A16000D0210548FAF7C6F8054615B9012005B013
:10A1700030BD0020FBE700004C0200240168896923
:10A18000C1F3400111B1002102689162016889693F
:10A1900001F0010129B90168896941F001010268F2
:10A1A000916170472DE9F74F04460E46002720685D
:10A1B000D0F818800025DDF8089008F0100010286D
:10A1C00050D12168C8613FE0701C00283CD0F9F7ED
:10A1D000EFFEA0EB0900B04200D8AEBB206840689B
:10A1E00000F4804A94F842B020688069C0F3C0301F
:10A1F00070B1BAF5804F0BD0BBF1200F08D02068AA
:10A20000406840F4804021684860F9F7D1FE8146FB
:10A2100014E0F9F7CDFEA0EB090019280ED9606C07
:10A2200040F020006064202084F84100002084F881
:10A23000420000BF84F8400000BF01272068806909
:10A24000C0F340100028E4D020688069C0F34010BB
:10A2500008B9002FB8D017B920202168C86145F08F
:10A26000040501272068D0F8188008F48070B0F544
:10A27000807F06D145F001054FF480702168C861E8
:10A28000012708F48060B0F5806F06D145F008051D
:10A290004FF480602168C861012708F40070B0F5B0
:10A2A000007F06D145F002054FF400702168C861B7
:10A2B0000127AFB12046FFF761FF206840680A49D7
:10A2C000084021684860606C28436064202084F85E
:10A2D0004100002084F8420000BF84F8400000BF25
:10A2E0003846BDE8FE8F000000E800FE2DE9F84387
:10A2F0000446894615461E46DDE908781948F2B23B
:10A30000002349460090204600F06CF8424639464A
:10A31000204600F0DDF810B10120BDE8F883012EE1
:10A3200003D1E8B2216888620EE0C5F307202168F6
:10A33000886242463946204600F0CAF808B101203A
:10A34000EBE7E8B2216888623B46002240212046C4
:10A35000CDF8008000F062F808B10120DDE70020B0
:10A36000DBE70000002000802DE9F8430446894621
:10A3700015461E46DDE908781948F2B2C30249467F
:10A380000090204600F02EF842463946204600F064
:10A390009FF810B10120BDE8F883012E03D1E8B287
:10A3A000216888620EE0C5F3072021688862424672
:10A3B0003946204600F08CF808B10120EBE7E8B2FE
:10A3C000216888623B46002280212046CDF800802B
:10A3D00000F024F808B10120DDE70020DBE70000F1
:10A3E00000200080F0B5059CC1F309064FF47F07FB
:10A3F00007EA02473E431E43264326F0004506680F
:10A4000076684FF4806707EA545767F0FC2747F4F3
:10A41000C047BE432E4307687E60F0BD2DE9F04182
:10A4200004460E4617461D46DDF8188019E0681CE4
:10A43000B8B1F9F7BDFDA0EB0800A84200D885B976
:10A44000606C40F020006064202084F8410000200F
:10A4500084F8420000BF84F8400000BF0120BDE83E
:10A46000F081206880693040B04201D1012000E0D5
:10A470000020B842DBD00020F1E770B504460D465D
:10A4800016461DE0324629462046FFF78BFE08B1EE
:10A49000012070BDF9F78CFD801BA84200D87DB962
:10A4A000606C40F020006064202084F841000020AF
:10A4B00084F8420000BF84F8400000BF0120E8E7B4
:10A4C00020688069C0F340100028DBD00020E0E75E
:10A4D00070B504460D4616461FE032462946204612
:10A4E000FFF760FE08B1012070BD681CA8B1F9F744
:10A4F0005FFD801BA84200D87DB9606C40F0200051
:10A500006064202084F84100002084F8420000BFED
:10A5100084F8400000BF0120E6E720688069C0F3AE
:10A5200040000028D9D00020DEE700008168024A00
:10A530001140491C81607047C0FFFF7F0146886859
:10A5400000F4404070470146886800F01F007047E3
:10A5500001468868C0F3C00070470146886800F073
:10A560000100704701468868C0F3007070470146DB
:10A570008868C0F3800070470146C86800F44060F6
:10A5800008B9012070470020FCE700008168024AFA
:10A590001140091D81607047C0FFFF7F70B500F159
:10A5A0001404C1F3406504EB85031C68C1F3045631
:10A5B0000725B540AC43C1F3045502FA05F52C4319
:10A5C0001C6070BD826822F0E0720A4382607047AE
:10A5D000D0E903231A430368DA60D0E905231A435C
:10A5E000C3691A43036A1A43436A1A43C36A1A4384
:10A5F000036B1A43038D5B1E42EA834283681A434E
:10A6000003681A614268B2F1804F05D1026812698D
:10A6100042F0404203681A61002203685A61426BAB
:10A62000002A0BDA0268526942F4802203685A61F8
:10A63000426B51428AB203681A6203E0828E92B280
:10A6400003681A62826B002A0EDA0268526942F4C9
:10A65000002203685A61826B51420268126A42EA20
:10A66000014203681A6206E00268136A028F43EA35
:10A67000024203681A624268B2F1804F03D0027945
:10A6800003689A6202E0002203689A62002203686B
:10A690005A6270471CB50446062269463B2000F00A
:10A6A00093F89DF801009DF8001040EA012000B2E7
:10A6B00020809DF803009DF8021040EA012000B2BE
:10A6C00060809DF805009DF8041040EA012000B26A
:10A6D000A0801CBD1CB5044606226946432000F03C
:10A6E00073F89DF801009DF8001040EA012000B2C7
:10A6F00020809DF803009DF8021040EA012000B27E
:10A7000060809DF805009DF8041040EA012000B229
:10A71000A0801CBD08B5002000900122694675206C
:10A7200000F052F89DF80000682801D0002008BD14
:10A7300004A003F0D1FE9DF8001007A003F0CCFEAA
:10A740000120F4E74D505536303530D5FDB3A3B96F
:10A75000A4D7F72000000000204944203D202578A0
:10A760000D0A000010B5C820F9F7ACF900216B20E4
:10A7700000F06AF80721192000F066F806211A2077
:10A7800000F062F801211C2000F05EF818211B2067
:10A7900000F05AF8C820F9F795F9FFF7BBFF10B998
:10A7A00001A003F099FE10BD0D0AC3BBD3D0BCECD1
:10A7B000B2E2B5BD4D505536303530B4ABB8D0C629
:10A7C000F7A3A10D0A00000070B504460D46164619
:10A7D000324621462846FFF795FC70BD30B52DED79
:10A7E000068B81B00446022269464120FFF7ECFF48
:10A7F0009DF801009DF8001040EA012005B22846AE
:10A80000F5F780FF41EC1A0B9FED0B0B53EC102B6F
:10A81000F5F709FF41EC190B9FED090B53EC102BD9
:10A82000F5F7E8FD41EC180BF5F7B6FF206001B035
:10A83000BDEC068B30BD00000000000000407540FC
:10A84000A4703D0AD743424070B504460D462146E8
:10A850002846FFF779FC70BD1FB5002000900190DD
:10A8600002900390F9F78EFF01208DF80000002080
:10A870008DF801004FF01050019012208DF8080063
:10A8800000208DF8090001208DF80A0003208DF8C2
:10A890000B0000208DF80C008DF80D0001208DF8C4
:10A8A0000E008DF80F006846F9F73EFF0420F9F717
:10A8B0007FFF1FBD00B587B01C216846F5F773FD0B
:10A8C0001A481B4908600020486000211848816030
:10A8D000C16004210161002101754175012181617F
:10A8E0000021017741628162C1620163416380F8A6
:10A8F0003810F7F7E3F908B1F6F718FE0D480090A5
:10A90000062001900020029040F2FF700390042086
:10A910000490002005908DF8190069460448F6F768
:10A9200027FF08B1F6F702FE07B000BD006002582D
:10A93000E80100240200300408B500BF0A4800689E
:10A9400040F00100084908600846006800F0010076
:10A95000009000BF00BF002207210B20F9F790FFF5
:10A960000B20F9F779FF08BDD844025810B5034908
:10A970000348F6F7DEFD0349087010BD1D000024F2
:10A98000A41701081C00002400B587B0142102A8F8
:10A99000F5F709FD00BF6648006840F08000644993
:10A9A00008600846006800F08000019000BF00BF0A
:10A9B00000BF0846006840F00400086008460068D0
:10A9C00000F00400019000BF00BF00BF084600680F
:10A9D00040F0010008600846006800F001000190A6
:10A9E00000BF00BF00BF0846006840F002000860DA
:10A9F0000846006800F00200019000BF00BF00BFE1
:10AA00000846006840F0100008600846006800F042
:10AA10001000019000BF00BF00BF0846006840F072
:10AA2000080008600846006800F00800019000BFB8
:10AA300000BF002212213F48F9F7AEFA0022502150
:10AA40003D48F9F7A9FA002240F227313B48F9F7CF
:10AA5000A3FA002240F201713948F9F79DFA002269
:10AA60004AF218013748F9F797FA122002900120AC
:10AA7000039000200490059002A92E48F9F77CF974
:10AA8000502002900120039000200490059002A91C
:10AA90002948F9F771F9202002904FF4041003902F
:10AAA0000020049002A92448F9F766F940F2273003
:10AAB00002900120039000200490059002A91F48F5
:10AAC000F9F75AF940F2017002900120039000203A
:10AAD0000490059002A91A48F9F74EF94AF21800B5
:10AAE00002900120039000200490059002A91548CF
:10AAF000F9F742F90320029000200390049002A984
:10AB00001048F9F739F980200290002003900220C4
:10AB1000049002A90B48F9F72FF90022052117200C
:10AB2000F9F7AEFE1720F9F797FE07B000BD000059
:10AB3000E04402580000025800080258000402587D
:10AB400000100258000C025810B512481249086053
:10AB5000124848600021104881600121C160002135
:10AB6000016141618161C1610162F9F791FA08B146
:10AB7000F6F7DCFC00210848F9F720FA08B1F6F7EF
:10AB8000D5FC00210448F9F74EFA08B1F6F7CEFCDF
:10AB900010BD0000005400404C020024BC7D701029
:10ABA00008B500BF1A48006840F001001849086065
:10ABB0000846006800F00100009000BF00BF154883
:10ABC000154908601E204860002113488160C1605B
:10ABD000016102214161082181610021C16101629D
:10ABE0004FF000714162012181620021C162016365
:10ABF00041638163F9F761FD08B1F6F797FC002224
:10AC000011460548F9F722FD08B1F6F78FFC08BD9B
:10AC1000D4440258400000529802002407480849D2
:10AC20000860002048600021054881604FF48041A1
:10AC3000C160002101610121416170470070005233
:10AC40000403002410B51548154908604FF480002E
:10AC500048600021124881600721C1600021016124
:10AC600041614FF0806181610021C16101624162F7
:10AC70008162C1624FF08041416300218163C16301
:10AC8000016441648164C164016541658165FDF7CA
:10AC90007DF908B1F6F74AFC10BD00000030014014
:10ACA0008003002400B587B01C216846F5F77BFBC4
:10ACB0001248134908600020486000211048816054
:10ACC000EF21C160002101618161FEF7E9FB08B15C
:10ACD000F6F72CFC60200090772001900020029075
:10ACE0000490002269460648FEF722FB08B1F6F7F9
:10ACF0001DFC0348FEF70CF907B000BD001800402A
:10AD0000B005002410B50A480A49086017204860B9
:10AD10000021084881604FF4A671C16000210161E3
:10AD20008161FDF75DFE08B1F6F700FC10BD000083
:10AD3000001C0040FC05002400B587B000200390F3
:10AD40000490059006900090019002904FF0804092
:10AD50001449086047F22F50486000211148816073
:10AD600044F61F61C160002101618161FDF738FE79
:10AD700008B1F6F7DBFB4FF48050039003A90948B4
:10AD8000FDF74EFF08B1F6F7D1FB002000900290CE
:10AD900069460448FDF7BEFD08B1F6F7C7FB07B0EA
:10ADA00000BD00008004002400B58BB00020089096
:10ADB00009900A901C2101A8F5F7F5FA3D483E4993
:10ADC00008600020486020213B48816042F20F71FA
:10ADD000C160002101618161FEF737F908B1F6F722
:10ADE000A5FB002008900A9008A93348FDF792FDC2
:10ADF00008B1F6F79BFB4FF48030019040F6AB5062
:10AE00000290002003900590002201A92A48FEF735
:10AE1000D3F808B1F6F78AFB2848019041F6631091
:10AE20000290082201A92448FEF7C6F808B1F6F7F7
:10AE30007DFB204820490860214800884860202187
:10AE40001D4881601F4801881B48C16000210161C5
:10AE50008161FEF7FAF808B1F6F768FB0020089068
:10AE60000A9008A91448FDF755FD08B1F6F75EFBF6
:10AE70006020019014480088029000200390059003
:10AE8000002201A90C48FEF797F808B1F6F74EFB2F
:10AE9000702001900D4800880290082201A9064800
:10AEA000FEF78AF808B1F6F741FB0348FEF730F8E1
:10AEB0000BB000BD00080040CC04002410000100CD
:10AEC000780000247A0000247C0000247E00002406
:10AED0000EB500200090019002900E480E490860C7
:10AEE000EF20486000210C4881604FF6FF71C1607F
:10AEF00000218161FDF774FD08B1F6F717FB002012
:10AF00000090029069460448FDF704FD08B1F6F789
:10AF10000DFB0EBD00100040180500240EB50020EA
:10AF20000090019002900F480F49086045F6BF500D
:10AF3000486000210C48816042F20F71C16000211D
:10AF40008161FDF74DFD08B1F6F7F0FA00200090A1
:10AF5000029069460448FDF7DDFC08B1F6F7E6FA11
:10AF60000EBD0000001400406405002410B51A480E
:10AF70001A4908604FF4E1304860002117488160A9
:10AF8000C16001610C21416100218161C1610162E7
:10AF900041620020114988620846FEF7CFFE08B1E1
:10AFA000F6F7C4FA00210D48FEF769FC08B1F6F780
:10AFB000BDFA00210948FEF733FC08B1F6F7B6FAEE
:10AFC0000648FEF704FC08B1F6F7B0FA0A22044975
:10AFD0000248FEF785FF10BD001001405406002412
:10AFE0004806002410B51848184908604FF4E130AD
:10AFF0004860002115488160C16001610C214161F8
:10B0000000218161C1610162416200200F498862B3
:10B010000846FEF793FE08B1F6F788FA00210B48C0
:10B02000FEF72DFC08B1F6F781FA00210748FEF77C
:10B03000F7FB08B1F6F77AFA0448FEF7C8FB08B147
:10B04000F6F774FA10BD000000480040E406002442
:10B0500000BFFEE710B5044624B1012C09D0022C34
:10B060001FD112E000201049087010A003F034FA3C
:10B0700018E001200C490870002210210E48F8F752
:10B080008BFF0EA003F028FA0CE00120064908709F
:10B09000012210210848F8F77FFF0BA003F01CFAEB
:10B0A00000E000BF00BF10BD58000024B5E7BBFAA8
:10B0B00073746F700D0A0000000C0258B5E7BBFAFC
:10B0C000D5FDD7AA0D0A0000B5E7BBFAB7B4D7AAD9
:10B0D0000D0A000000BFFEE7704700B5AFB0BC210D
:10B0E0006846F5F760F94FF41020009004200190B5
:10B0F000322102910521039102210491062105913B
:10B10000802106910021079108918003139000206F
:10B1100028906846FAF770FB08B1F6F707FA2FB0E7
:10B1200000BD000010B5002240210748F8F734FFA9
:10B13000002220210548F8F72FFF00224FF400419C
:10B140000348F8F729FF10BD000802580004025810
:10B15000000C025810B5012240210748F8F71CFFE7
:10B16000012220210548F8F717FF0122D1030448E6
:10B17000F8F712FF10BD0000000802580004025842
:10B18000000C02582DE9F04104460E4600275548B0
:10B19000006800F00300032802D10120BDE8F0811F
:10B1A00050482838006820F080604E4928390860EF
:10B1B000F8F7FEFE054606E0F8F7FAFE401B022807
:10B1C00001D90320EAE7474828380068C0F3C06087
:10B1D0000028F1D100BF4348006820F47C3021688A
:10B1E00040EA01303F490860A088401EC0F30800D3
:10B1F000A168491E4FF47E4202EA41210843A18919
:10B20000491ED20102EA01410843217C491E120273
:10B2100002EA0161084333491031086000BF314838
:10B22000001D006820F0C000616908432D49091D18
:10B2300008600846006820F02000A16908432949F9
:10B24000091D08600846006820F0100008602548C5
:10B25000143000684FF6F8718843E16940EAC10094
:10B260002049143108601F48001D006840F010009C
:10B270001C49091D08602EB90846006840F40020EA
:10B28000086012E0012E08D11648001D006840F445
:10B2900080101449091D086007E01248001D00686D
:10B2A00040F400100F49091D08600E482838006856
:10B2B00040F080600B4928390860F8F779FE0546B0
:10B2C00006E0F8F775FE401B022801D9032065E768
:10B2D000044828380068C0F3C0600028F1D0384620
:10B2E0005CE70000284402582DE9F04104460E4670
:10B2F00000275548006800F00300032802D1012010
:10B30000BDE8F08150482838006820F080504E4950
:10B3100028390860F8F74CFE054606E0F8F748FEC5
:10B32000401B022801D90320EAE747482838006873
:10B33000C0F340700028F1D100BF4348006820F0FE
:10B340007C70218840EA01503F490860A088401E77
:10B35000C0F30800A168491E4FF47E4202EA412171
:10B360000843A189491ED20102EA01410843217C18
:10B37000491E120202EA016108433349183108608C
:10B3800000BF3148001D006820F440606169084337
:10B390002D49091D08600846006820F40070A16965
:10B3A00008432949091D08600846006820F4807098
:10B3B000086025481C3000684FF6F8718843E16941
:10B3C00040EAC10020491C3108601F48001D006888
:10B3D00040F480701C49091D08602EB908460068B9
:10B3E00040F48000086012E0012E08D11648001DCC
:10B3F000006840F400001449091D086007E0124885
:10B40000001D006840F080700F49091D08600E485B
:10B410002838006840F080500B4928390860F8F758
:10B42000C7FD054606E0F8F7C3FD401B022801D919
:10B43000032065E7044828380068C0F340700028FE
:10B44000F1D038465CE700002844025810B5FFF7F9
:10B45000C9FD00224FF480610A48F8F79DFD0122E2
:10B4600051020848F8F798FD00224FF48071054812
:10B47000F8F792FD4FF6FF73142203490348FEF7D5
:10B48000C3FD10BD001002585C010024E406002436
:10B4900010B5002400224FF480710948F8F77CFDB4
:10B4A000002201210748F8F777FD0120F8F70AFB91
:10B4B00000F014F80446214603A003F00DF810BD77
:10B4C00000040258001002580D0A525443CAB1BC7D
:10B4D000E4203D2025730D0A0000000070B592B0F5
:10B4E00000240025002634222B4902A8F4F742FF4D
:10B4F0002AA00068019002AE28A58D20F5F762FF12
:10B50000274908608920F5F75DFF254948608720B5
:10B51000F5F758FF224988608520F5F753FF204949
:10B52000C8608320F5F74EFF1D4908618120F5F7BB
:10B5300049FF1B49486100BF21E00FAA02EB44010B
:10B54000174A52F82400102205F036FC0FA901EB2F
:10B550004400F4F73FFF01280FD10FA800EB44018E
:10B560002846F4F72BFF0FA901EB44002946F4F716
:10B5700038FF01A92846F4F734FF601CC4B2062C3A
:10B58000DBDB0FA902A8F4F719FF02A905A002F05E
:10B59000A3FF304612B070BD1C1901083000000036
:10B5A000881E00240D0A2573200D0A0010B52DED0C
:10B5B000068B04461748F6F77DFB174908600846D6
:10B5C0000068F5F7B0F841EC1A0B9FED140B53EC43
:10B5D000102BF4F7B6FF41EC190B9FED120B53EC57
:10B5E000102BF5F720F841EC180BF5F7D5F80F49BB
:10B5F0000860092C08D1084690ED000ADFED0C0A1E
:10B6000020EE200A80ED000A084890ED000ABDEC0B
:10B61000068B10BDE801002484000024666666667F
:10B6200066660A4000000000E0FFEF40880000244A
:10B630007B142E4070B52DED108B4D48FFF72AF886
:10B640004C48FFF747F84C48FFF7C8F84848B0F9AE
:10B65000000000EE100AB8EEC00AB0EE409A44486E
:10B66000B0F9020000EE100AB8EEC00A10EE104A5F
:10B670003F48B0F9040000EE100AB8EEC00AB0EE80
:10B68000408A3C48B0F9000000EE100AB8EEC00A4B
:10B69000F0EE409A3748B0F9020000EE100AB8EE1A
:10B6A000C00AB0EE40EA3348B0F9040000EE100AD8
:10B6B000B8EEC00AF0EE40EA89EE080A10EE105A21
:10B6C0002846F5F73DF841EC1D0BB0EE4D0AF0EEC3
:10B6D0006D0A02F045FFB0EE40CAF0EE60CA51ECD0
:10B6E0001C0B81F0004141EC1B0B9FED240B53EC34
:10B6F000102BF4F726FF41EC1A0BF5F74DF808EE86
:10B70000900A18EE100AF5F71BF841EC1C0B2046C6
:10B71000F5F716F841EC1D0BB0EE4C1AF0EE6C1A72
:10B72000B0EE4D0AF0EE6D0A03F086F8B0EE40BAC6
:10B73000F0EE60BA9FED110B53EC102B51EC1B0B8C
:10B74000F4F7FFFE41EC1A0BF5F726F80FEE100A9E
:10B7500018EE900AF4F7F4FF41EC1A0B53EC1A2B95
:10B7600008A002F0B9FEB0EE680ABDEC108B70BD07
:10B770004C010024520100245801002400000080E4
:10B78000D9A54C400909B8A9D1F670697463683A23
:10B7900020252E3266200D0A0000000000F4000172
:10B7A000B1F5000F01D140F07F40704710B502485D
:10B7B000FBF71CFF10BD00000403002470B585B02A
:10B7C00005460C460094372001904FF4807002909B
:10B7D000002003904FF4805004906946284600F002
:10B7E00037FC41F288323721284600F027FA064616
:10B7F000304605B070BD70B585B005460C46009466
:10B80000292001904FF480700290002003904FF4A3
:10B81000805004906946284600F01AFC284600F043
:10B8200019FB0646304605B070BD70B585B00546BB
:10B830000C4600941020019000010290002003901B
:10B840004FF4805004906946284600F001FC41F214
:10B8500088321021284600F0F1F90646304605B03E
:10B8600070BD70B585B005460C4600940620019069
:10B870004FF480700290002003904FF480500490A9
:10B880006946284600F0E4FB41F28832062128464A
:10B8900000F0D4F90646304605B070BD30B585B02D
:10B8A0000446002000900190029003904FF48050D5
:10B8B00004906946204600F0CBFB204600F09CF93E
:10B8C0000546284605B030BD30B585B004464FF476
:10B8D000D570009008200190400102900020039054
:10B8E0004FF4805004906946204600F0B1FB20469A
:10B8F00000F03CFB0546284605B030BD70B585B06C
:10B9000005460C460094122001904FF4807002907E
:10B91000002003904FF4805004906946284600F0C0
:10B9200097FB41F288321221284600F087F906463B
:10B93000304605B070BD70B585B005460C46009424
:10B94000112001904FF480700290002003904FF47A
:10B95000805004906946284600F07AFB41F2883214
:10B960001121284600F06AF90646304605B070BD40
:10B9700070B585B005460C460094072001904FF441
:10B9800080700290002003904FF48050049069462C
:10B99000284600F05DFB41F288320721284600F07E
:10B9A0004DF90646304605B070BD30B585B0044649
:10B9B00000200090022001904FF44070029000207F
:10B9C00003904FF4805004906946204600F040FBFD
:10B9D000204600F00BFA0546284605B030BD70B58C
:10B9E00085B005460C460094092001904FF4407044
:10B9F0000290002003904FF480500490694628463E
:10BA000000F026FB284600F0F1F90646304605B066
:10BA100070BD30B585B00446002000903320019001
:10BA20004FF480700290002003904FF480500490F7
:10BA30006946204600F00CFB41F288323321204653
:10BA400000F0FCF80546284605B030BD70B585B05D
:10BA500005460C4600940D2001904FF48070029032
:10BA6000002003904FF4805004906946284600F06F
:10BA7000EFFA41F288320D21284600F0DFF8064641
:10BA8000304605B070BD70B585B005460C46002047
:10BA90000090032001904FF48070029000200390EA
:10BAA0004FF4805004906946284600F0D1FA2246AF
:10BAB0000321284600F0FCF90646304605B070BD6B
:10BAC00030B585B00446002000900D2001904FF461
:10BAD00080700290002003904FF4805004906946DB
:10BAE000204600F0B5FA41F288320D21204600F0E0
:10BAF000A5F80546284605B030BD000030B585B034
:10BB00000446002000900C2001904FF480700290B9
:10BB1000002003904FF480500490E06840F08000D3
:10BB2000E060E06820F04000E0606946204600F0F8
:10BB30008FFA084A0C21204600F080F80546E0689C
:10BB400020F08000E060B5F1007F00D1002528469C
:10BB500005B030BD00E1F50570B585B005460C4671
:10BB60000094192001904FF48070029000200390FF
:10BB70004FF4805004906946284600F069FA41F27B
:10BB800088321921284600F059F80646304605B09B
:10BB900070BD70B585B005460C4600941820019024
:10BBA0004FF480700290002003904FF48050049076
:10BBB0006946284600F04CFA41F28832182128469E
:10BBC00000F03CF80646304605B070BD10B50246A0
:10BBD00000230868506248689062D1E9020420435B
:10BBE0000C6920434C6920430343D06A20F0FF00D6
:10BBF0001843D062002010BD01460E480068C008FE
:10BC00004FF47A73B0FBF3F041F2883300FB03F298
:10BC100000BF101EA2F1010202D14FF00040704798
:10BC2000486B00F080000028F3D0034888630020B0
:10BC3000F5E7000030000024C50020002DE9F043A6
:10BC400005460F46904666480068C0084FF47A7172
:10BC5000B0FBF1F000FB08F900BFB9F10000A9F159
:10BC6000010903D14FF00040BDE8F0836E6B5D48E1
:10BC700030400028F1D006F400500028EDD1686B68
:10BC800000F0040010B10420A863EDE7686B00F039
:10BC9000010010B10120A863E6E752488030A86394
:10BCA000284600F099F9B84201D00120DCE70021D4
:10BCB000284600F09AF904464B48204008B9002075
:10BCC000D2E704F00040B0F1004F02D14FF0007015
:10BCD000CAE704F08040B0F1804F01D14020C3E7B3
:10BCE00004F00050B0F1005F01D18020BCE704F007
:10BCF0008050B0F1805F02D14FF48070B4E704F05F
:10BD00000060B0F1006F02D14FF40070ACE704F0B6
:10BD10008060B0F1806F02D14FF48060A4E704F03E
:10BD20008070B0F1807F02D14FF400609CE704F492
:10BD30000000B0F5000F02D14FF4805094E704F4F6
:10BD40008000B0F5800F02D14FF400508CE704F46E
:10BD50000010B0F5001F02D14FF4804084E704F4D6
:10BD60008010B0F5801F02D14FF400407CE704F44E
:10BD70008020B0F5802F02D14FF4003074E704F436
:10BD80000030B0F5003F02D14FF480206CE704F49E
:10BD90008030B0F5803F02D14FF4002064E704F416
:10BDA0000040B0F5004F02D14FF480105CE704F47E
:10BDB0008040B0F5804F02D14FF4001054E704F4F6
:10BDC0000050B0F5005F02D14FF480004CE704F062
:10BDD0000800082801D1000546E74FF4803043E70A
:10BDE000300000244500200008E0FFFD10B50146AA
:10BDF00016480068C0084FF47A74B0FBF4F041F2C2
:10BE0000883400FB04F300BF181EA3F1010302D124
:10BE10004FF0004010BD4A6B02F045000028F3D0FF
:10BE200002F400500028EFD1486B00F0040010B17C
:10BE300004208863EEE7486B00F0010010B1012098
:10BE40008863E7E7024888630020E3E730000024C6
:10BE5000C500200010B5014613480068C0084FF423
:10BE60007A74B0FBF4F041F2883400FB04F300BFB5
:10BE7000181EA3F1010302D14FF0004010BD4A6B20
:10BE800002F045000028F3D002F400500028EFD162
:10BE9000486B00F0040010B104208863EEE703480B
:10BEA00088630020EAE7000030000024C50020007D
:10BEB0002DE9F04304460F4690462A480068C00822
:10BEC0004FF47A71B0FBF1F041F2883100FB01F9D7
:10BED00000BFB9F10000A9F1010903D14FF0004002
:10BEE000BDE8F083666B06F045000028F1D006F44B
:10BEF00000500028EDD1606B00F0040010B1042068
:10BF0000A063EDE7606B00F0010010B10120A063B9
:10BF1000E6E7204600F060F8B84201D00120DFE7F4
:10BF20001148A0630021204600F05FF8054605F4A3
:10BF3000604020B9280CA8F800000020D0E705F4E4
:10BF40008040B0F5804F02D14FF40050C8E705F4AF
:10BF50000040B0F5004F02D14FF48050C0E74FF4DD
:10BF60008030BDE730000024C500200010B5014638
:10BF700018480068C0084FF47A74B0FBF4F041F23E
:10BF8000883400FB04F300BF181EA3F1010302D1A3
:10BF90004FF0004010BD4A6B02F045000028F3D07E
:10BFA00002F400500028EFD1486B00F0040010B1FB
:10BFB00004208863EEE7486B00F0010010B1012017
:10BFC0008863E7E7486B00F0400008B140208863D1
:10BFD0000020DFE73000002401460869C0B2704746
:10BFE0000146086800F003007047024602F11400A1
:10BFF00043181868704700000FB410B504460021BC
:10C00000DDE903021043059A1043069A1043079A8C
:10C01000104301436068044A1040084360600020F8
:10C0200010BC5DF814FB0000002CC0FF014608683E
:10C0300020F003000860002070470146086840F0C7
:10C0400003000860002070470146D1F88000704767
:10C0500010B50246002308689060D1E9010420432E
:10C06000CC6820430C6920430343D068024C204035
:10C070001843D060002010BDC0E0FEFF02460868F3
:10C08000C2F880000020704710B50446012007491F
:10C090000870F4F797FE28B90448007820F00100F2
:10C0A000024908700148007810BD0000100000240B
:10C0B00070B50446F7F77CFF054604E0F4F782FE0E
:10C0C00008B9002070BDF7F773FF401BA042F5D3FD
:10C0D0004FF0FF30F6E700002DE9F04389B0044649
:10C0E0000F46F7F765FF81464FF0000800200190EA
:10C0F00002903E4608212068FFF797FB05461DB1D8
:10C10000284609B0BDE8F0834422125B1104206880
:10C11000FFF754FB05460DB12846F2E74FF0FF301C
:10C120000390082004903020059002200690002003
:10C1300007900120089003A92068FFF747FD2068B9
:10C14000FFF767FC05460DB12846DAE71AE02068DC
:10C15000406B00F4002060B9B8F1000F09D12068ED
:10C16000FFF772FF01902068FFF76EFF029008F161
:10C170000108F7F71DFFA0EB0900401C10B94FF0B4
:10C180000040BEE72068406B40F22A51084000287A
:10C19000DDD02068406B00F0080018B1082021684D
:10C1A0008863AEE72068406B00F0020018B10220FF
:10C1B00021688863A5E72068406B00F0200018B173
:10C1C0002020216888639CE71248216888630298D0
:10C1D0000006029901F47F4140EA0120029901F42E
:10C1E0007F0140EA1120029940EA11603060361D5B
:10C1F00001980006019901F47F4140EA012001996C
:10C2000001F47F0140EA1120019940EA1160306099
:10C21000002076E73A0F001870B58CB00446002075
:10C220000090F7F7C5FE06462068FFF7D9FE18B95B
:10C230004FF080600CB070BDA06B03281AD020684E
:10C24000FFF7B3FB05460DB12846F3E70021206850
:10C25000FFF7CBFEE06604212068FFF7C6FE2067EB
:10C2600008212068FFF7C1FE60670C212068FFF7F6
:10C27000BCFEA067A06B032815D010E069462068BB
:10C28000FFF701FC05460DB12846D3E7F7F790FE0E
:10C29000801B41F28831884201D30807CAE7BDF804
:10C2A00000000028EAD0A06B032820D0BDF80010C1
:10C2B00061644422125B11042068FFF790FB05467D
:10C2C0000DB12846B6E700212068FFF78EFEE06535
:10C2D00004212068FFF789FE206608212068FFF707
:10C2E00084FE60660C212068FFF77FFEA0660421B3
:10C2F0002068FFF77AFE010D216401A92046FAF7B4
:10C30000F7FF10B14FF0805094E74422125B110404
:10C310002068FFF72DFB05460DB128468AE700206F
:10C3200088E710B504462068FFF780FE10BD0000C6
:10C33000F8B5044600200090002600272068FFF78B
:10C34000ADFA05460DB12846F8BD2068FFF7BCFAE6
:10C350000546B5F1004F08D10021E1632068FFF7E1
:10C360009DFA05461DB12846EEE70121E163E06B29
:10C37000012808D100212068FFF720FA054615B1F1
:10C380004FF08050E0E71DE000212068FFF716FA2B
:10C3900005460DB12846D7E717492068FFF72BFA65
:10C3A000054615B14FF08050CEE700212068FFF719
:10C3B0001CFE0646012080EAD67080F00107009836
:10C3C000401C00904FF6FF710098884201D2002F68
:10C3D000DAD04FF6FF710098884202D34FF0807098
:10C3E000B2E70020A06306F08040B0F1804F01D199
:10C3F0000120A0630020A7E7000010C12DE9F04153
:10C4000005466C6AA86A202817D300270FE0286821
:10C41000FFF71AFE06462670641C300A2070641C62
:10C42000300C2070641C300E2070641C7F1C082FA0
:10C43000EDD36C62A86A2038A862BDE8F0810000E4
:10C440002DE9F04387B004460F46F7F7B1FD80466B
:10C450003E4600212068FFF7C8FD00F00070B0F1F3
:10C46000007F04D14FF4006007B0BDE8F0834021A5
:10C470002068FFF7DAF905461DB1606B6063284656
:10C48000F2E74422125B11042068FFF797F9054692
:10C490001DB1606B60632846E6E74FF0FF30019006
:10C4A000402002906020039002200490002005901C
:10C4B0000120069001A92068FFF788FB2068FFF79C
:10C4C000FFFA05461DB1606B60632846CCE71AE0B1
:10C4D0002068406B00F4004060B14FF0000906E0B6
:10C4E0002068FFF7B1FD3060361D09F10109B9F18F
:10C4F000080FF5D3F7F75CFDA0EB0800401C10B95E
:10C500004FF00040B0E72068406B00F495700028C1
:10C51000DED02068406B00F0080008B10820A3E7D7
:10C520002068406B00F0020008B102209CE7206800
:10C53000406B00F0200008B1202095E70DE0206856
:10C54000FFF782FD3060361DF7F732FDA0EB0800E3
:10C55000401C10B94FF0004086E72068406B00F4A3
:10C5600080500028EBD102482168886300207BE7D7
:10C570003A0F001870B504460D4615B94FF000602B
:10C5800070BD4422125B11042068FFF75FFA064673
:10C590000EB13046F4E700212068FFF726FD286041
:10C5A0000020EDE77CB504460020009001900021BA
:10C5B0002068FFF71AFD00F00070B0F1007F02D193
:10C5C0004FF400607CBD69462046FFF785FD0546B7
:10C5D0000DB12846F6E7019800F4803098B1442266
:10C5E000125B11042068FFF7E9F805460DB12846F3
:10C5F000E8E700212068FFF734F905460DB1284629
:10C60000E0E70020DEE74FF08060DBE77CB5044622
:10C6100000200090019000212068FFF7E6FC00F068
:10C620000070B0F1007F02D14FF400607CBD69461C
:10C630002046FFF751FD05460DB12846F6E7019863
:10C6400000F4802098B14422125B11042068FFF7A7
:10C65000B5F805460DB12846E8E702212068FFF746
:10C6600000F905460DB12846E0E70020DEE74FF06F
:10C670008060DBE7F8B50546EC69286A202821D3FD
:10C68000002619E020780090641C2078009941EA87
:10C6900000200090641C2078009941EA004000903E
:10C6A000641C2078009941EA00600090641C69468F
:10C6B0002868FFF7E3FC761C082EE3D3EC61286AB8
:10C6C00020382862F8BD000010B50446F4F786FB58
:10C6D00020B92046FFF7D8FC0249087001480078CD
:10C6E00010BD000010000024F0B589B007460D46CB
:10C6F000144601261648007800F0010010B103200E
:10C7000009B0F0BD35B1012D06D0022D0BD0032D9F
:10C7100018D10FE0002617E06846F4F749FB0698A9
:10C720002060002610E06846F4F742FB079820805E
:10C73000002609E06846F4F73BFB0798400A2060B2
:10C74000002601E0042600BF00BF3046D8E7000005
:10C75000100000242DE9F05F0C4690461D464FF076
:10C76000010A47F23050FFF7A3FC002802DA5046D6
:10C77000BDE8F09F04F00300002862D12A4641463C
:10C780002046F4F74FFB002814D162490860F7F700
:10C790000FFC064600BF5F48006830B9F7F708FC99
:10C7A000801B47F230518842F5D35A48006810B9CF
:10C7B0004FF0010AABE0002056490860F7F7F8FB9C
:10C7C000064636E0F4F7FEFA90BB4FF0000A24F07C
:10C7D0001F094846221A02EB4521002926DD00F0F8
:10C7E0001F0C0CEB0102034600BF00BF00BFBFF3EC
:10C7F0004F8F00BF00BF00BF00BFDFF81CC1CCF8E7
:10C8000000302033203A002AF7DC00BF00BF00BF11
:10C81000BFF34F8F00BF00BF00BF00BF00BF00BF0E
:10C82000BFF36F8F00BF00BF00BF00BF00BF07E0B6
:10C83000FFE7F7F7BDFB801B47F230518842C1D3B9
:10C8400065E04FF0000B59E0414608F10108012274
:10C850003248F4F7E7FA0746002F4CD1F7F7A8FB68
:10C86000064600BF2B48006830B9F7F7A1FB801BD4
:10C8700047F230518842F5D32648006810B94FF08E
:10C88000010A3DE000202349086024484FF400716C
:10C89000002926DD00F01F0C0CEB0102034600BF4F
:10C8A00000BF00BFBFF34F8F00BF00BF00BF00BF7E
:10C8B000DFF864C0CCF800302033203A002AF7DCDF
:10C8C00000BF00BF00BFBFF34F8F00BF00BF00BF5E
:10C8D00000BF00BF00BFBFF36F8F00BF00BF00BF2E
:10C8E00000BF00BF4FF400720C492046F3F742FD31
:10C8F00004F5007400E003E00BF1010BAB45A3D39A
:10C9000000BFAB4502D10FB94FF0000A00BF50463F
:10C910002EE70000180000245CEF00E080070024F0
:10C9200010B504462046FFF7AFFB10BD2DE9F05FC0
:10C930000C4691461D464FF0010B002069490860E6
:10C9400047F23050FFF7B4FB002802DA5846BDE842
:10C95000F09F04F0030000285FD124F01F0A504626
:10C96000221A02EB4521002926DD00F01F0C0CEBFA
:10C970000102034600BF00BF00BFBFF34F8F00BFDF
:10C9800000BF00BF00BFDFF860C1CCF8003020332B
:10C99000203A002AF7DC00BF00BF00BFBFF34F8F73
:10C9A00000BF00BF00BF00BF00BF00BFBFF36F8F5D
:10C9B00000BF00BF00BF00BF00BF2A464946204657
:10C9C000F4F74AFA002812D1F7F7F2FA064600BF48
:10C9D0004448006830B9F7F7EBFA801B47F2305152
:10C9E0008842F5D33F48006810B94FF0010B77E05B
:10C9F00000203C490860F7F7DBFA064605E0F4F74B
:10CA0000E1F910B94FF0000B06E0F7F7D1FA801BFF
:10CA100047F230518842F2D362E034484FF400715B
:10CA2000002928DD00F01F0C0CEB0102034600BFBB
:10CA300000BF00BFBFF34F8F00BF00BF00BF00BFEC
:10CA4000DFF8A4C0ACF10C0CCCF800302033203A55
:10CA5000002AF5DC00BF00BF00BFBFF34F8F00BF4F
:10CA600000BF00BF00BF00BF00BFBFF36F8F00BF9C
:10CA700000BF00BF00BF00BF4FF0000828E000204B
:10CA8000184908604FF4007221461848F3F772FC09
:10CA900004F50074494609F1010901221348F4F72D
:10CAA000DBF907468FB9F7F783FA064600BF0D4852
:10CAB000006830B9F7F77CFA801B47F230518842A2
:10CAC000F5D30848006808B904E003E008F101085C
:10CAD000A845D4D300BFA84502D10FB94FF0000B31
:10CAE000584634E71400002468EF00E08007002473
:10CAF00010B50248FBF7F4F810BD000080030024D5
:10CB0000026851690268926942F0080203689A61FA
:10CB10000268926942F0100203689A610268126822
:10CB200022F0010203681A600268126940F26F3352
:10CB30009A4303681A610268926822F440420368CB
:10CB40009A6090F88120042A0ED001F020025AB198
:10CB5000D0F8842042F08002C0F8842002689269F4
:10CB600042F0200203689A6190F88120032A0ED0D7
:10CB700001F040025AB1D0F8842042F00402C0F81B
:10CB800084200268926942F0400203689A6101F4CD
:10CB900000725AB1D0F8842042F00102C0F884201B
:10CBA0000268926942F4007203689A6101F480722B
:10CBB0005AB1D0F8842042F00802C0F884200268FC
:10CBC000926942F4807203689A610022A0F86220A0
:10CBD000A0F86A20704770B50546AC6B002062343F
:10CBE000208120800120E077623C2046FBF776F828
:10CBF00070BD10B501460124C86B04EB5013C86822
:10CC0000421CD01DC20802FB03F010BD2DE9F0410B
:10CC100006460C4617469846069D0BE0F7F7C8F9FE
:10CC2000A0EB0800A84201D3681C00B915B9032085
:10CC3000BDE8F081306840692040A04201D1012068
:10CC400000E00020B842E9D00020F1E77047000082
:10CC500010B51548007801281CD100201249087031
:10CC6000124800784006000E104908700221104852
:10CC7000F7F780F90D49097808430C490870084610
:10CC80000078F02803D101200A49087002E0002052
:10CC90000849087007480078012804D1064908703F
:10CCA00006A001F019FC10BD4C00002480000024F7
:10CCB000000C0258810000244D000024CFDECEBBC2
:10CCC000B5BDB4EF200D0A00F0B5ADF5217D0546E8
:10CCD0000026002129E06B5C002023E00624A4EB61
:10CCE000400443FA04F404F003023446761C01AF16
:10CCF00007EBC404284F07EBC207D7F800C0C4F8FD
:10CD000000C07F6867603446761C01AF07EBC4043F
:10CD1000214F07EBC207D7F800C0C4F800C07F68F6
:10CD20006760401C0428D9DB491C0A29D3DB002298
:10CD30004FF400511948F7F72FF900204FF0E02188
:10CD4000886100241DE001A800EBC402D2E90001C3
:10CD500000F0C6FB08211248FCF7C6F90021104874
:10CD6000FCF7C2F91420F6F7ADFE08210C48FCF7D9
:10CD70006DFA00210A48FCF769FA1E20F6F7A2FEB8
:10CD8000641C502CDFDB012251030448F7F704F93F
:10CD90000DF5217DF0BD0000F2180108000C0258CD
:10CDA000CC04002400B585B014216846F3F7FBFAE3
:10CDB0004FF4007000900020019069460248F6F799
:10CDC000DBFF05B000BD00000004025800B585B0CF
:10CDD00014216846F3F7E7FA4FF400700090012041
:10CDE000019069460248F6F7C7FF05B000BD000094
:10CDF0000004025810B5F7F7C1FB10BD00B59DB097
:10CE00004C210AA8F3F7CFFA202102A8F3F7CBFAB6
:10CE10000220F7F787FD00BF002001902D48006831
:10CE200040F440402B4908600846006800F4404048
:10CE300001902948006840F0010027490860084631
:10CE4000006800F00100019000BF00BF00BF214852
:10CE5000006800F40050B0F5005FF8D11F4800688A
:10CE600020F00300801C1D49086001200A90000486
:10CE70000B900220139002211491159150211691CC
:10CE80000221179114211891022119910C211A9154
:10CE900000211B911C910AA8F9F750FD08B1F4F785
:10CEA00045FB3F20029003200390002004900820BF
:10CEB00005904020069007900001089040200990BE
:10CEC000042102A8F9F74AFA08B1F4F72FFB1DB0C4
:10CED00000BD0000184802582C040058284402588D
:10CEE0003448006840F470003249086032480068F5
:10CEF00000F00F00072806D22F48006820F00F002E
:10CF0000C01D2D4908602D48006840F001002B49E4
:10CF10000860002029491031086028480068284925
:10CF20000840264908602448006800F00F000728E0
:10CF300006D92148006820F00F00C01D1E49086076
:10CF400000201E4918310860091D0860091D08608D
:10CF50001C481A49283108601B48091D08601B48F5
:10CF6000091D08600020091D08601848091D086097
:10CF70000020091D08601548091D08600020091DD2
:10CF800008600E48006820F480200C4908600020EA
:10CF90000A49603108600E4800686FF30F00B0F175
:10CFA000005F02D201200B49086043F2D2000A4917
:10CFB0000860704788ED00E00020005200440258ED
:10CFC0007FEDF6EA000202020000FF01800201018B
:10CFD0000010005C088100510040005210B502486A
:10CFE000FBF7B9FE10BD00008004002410B5024814
:10CFF000FBF7B1FE10BD00006405002410B5024827
:10D00000FBF7A9FE10BD0000FC05002410B5026866
:10D01000294B98420ED0B0F1804F0BD0274B98424D
:10D0200008D0274B984205D0264B984202D0264B79
:10D03000984203D122F070024B681A431E4B98426B
:10D0400017D0B0F1804F14D01C4B984211D01C4B1C
:10D0500098420ED01B4B98420BD01B4B984208D0E5
:10D060001A4B984205D01A4B984202D0194B98425D
:10D0700003D122F44072CB681A4322F080034C693A
:10D0800043EA040202608B68C3620B6883620A4B46
:10D0900098420BD00C4B984208D00C4B984205D0CC
:10D0A0000B4B984202D00B4B984201D10B690363A2
:10D0B0000123436110BD0000000001400004004056
:10D0C00000080040000C0040000401400040014006
:10D0D000004401400048014030B501F01F05012423
:10D0E00004FA05F3046A9C430462046A01F01F0514
:10D0F00002FA05F52C43046230BD30B50C46816858
:10D1000021F47F4142EA032525432943816030BD54
:10D110000A468168034B194042F0070319438160B6
:10D12000704700008FFFCFFF30B5056A25F001057D
:10D130000562026A43688469204D2C4024F0030490
:10D140000D682C4322F002028D682A431C4DA84230
:10D1500000D10FE01B4DA84200D10BE01A4DA842B0
:10D1600000D107E0194DA84200D103E0184DA842B4
:10D1700006D100BF22F00802CD682A4322F0040243
:10D180000F4DA8420BD00F4DA84208D00E4DA8421B
:10D1900005D00E4DA84202D00D4DA84207D123F470
:10D1A000807323F400734D692B438D692B434360D7
:10D1B00084614D684563026230BD00008FFFFEFF51
:10D1C00000000140000401400040014000440140D3
:10D1D0000048014030B5056A25F010050562026A75
:10D1E00043688469224D2C4024F440740D6844EA5D
:10D1F000052422F020028D6842EA05121D4DA84246
:10D2000000D10FE01C4DA84200D10BE01B4DA842FD
:10D2100000D100BF1A4DA84200D100BF194DA8424D
:10D2200007D106E022F08002CD6842EA051222F022
:10D230004002104DA8420BD00F4DA84208D00F4D10
:10D24000A84205D00E4DA84202D00E4DA84209D1E9
:10D2500023F4806323F400634D6943EA85038D69F9
:10D2600043EA8503436084614D688563026230BD93
:10D27000FF8FFFFE0000014000040140004001401C
:10D28000004401400048014030B5056A25F480752E
:10D290000562026A4368C469224D2C4024F00304ED
:10D2A0000D682C4322F400728D6842EA05221E4D5F
:10D2B000A84200D10FE01D4DA84200D10BE01C4D4B
:10D2C000A84200D100BF1B4DA84200D100BF1A4D9B
:10D2D000A84207D106E022F40062CD6842EA0522A6
:10D2E00022F48062104DA8420BD0104DA84208D005
:10D2F0000F4DA84205D00F4DA84202D00E4DA842B6
:10D3000009D123F4805323F400534D6943EA0513F4
:10D310008D6943EA05134360C4614D68C5630262C9
:10D3200030BD00008FFFFEFF0000014000040140FF
:10D3300000400140004401400048014030B5056A0A
:10D3400025F480550562036A4468C269124D2A407B
:10D3500022F440720D6842EA052223F400538D68DE
:10D3600043EA05330D4DA8420BD00D4DA84208D01D
:10D370000C4DA84205D00C4DA84202D00B4DA8423E
:10D3800004D124F480444D6944EA85144460C261A8
:10D390004D680564036230BDFF8FFFFE0000014051
:10D3A00000040140004001400044014000480140A9
:10D3B00030B5056A25F480350562026A4368446D1C
:10D3C000114D2C400D682C4322F400320D8942EAA5
:10D3D00005420E4DA8420BD00D4DA84208D00D4D70
:10D3E000A84205D00C4DA84202D00C4DA84204D151
:10D3F00023F480334D6943EA0523436044654D6857
:10D400008565026230BD00008FFFFEFF0000014015
:10D410000004014000400140004401400048014038
:10D4200030B5056A25F480150562026A4368446DCB
:10D43000114D2C400D6844EA052422F400120D8998
:10D4400042EA05520D4DA8420BD00D4DA84208D01E
:10D450000C4DA84205D00C4DA84202D00B4DA8425D
:10D4600004D123F480234D6943EA85234360446556
:10D470004D68C565026230BDFF8FFFFE00000140B0
:10D4800000040140004001400044014000480140C8
:10D4900030B50B461446026A056A25F0010505629F
:10D4A000816921F0F00141EA041122F00A021A43D5
:10D4B0008161026230BD30B50B461446056A25F025
:10D4C000100505628169026A21F4704141EA043164
:10D4D00022F0A00242EA03128161026230BD000024
:10D4E00013B5BDF8000008490880BDF802000749DF
:10D4F0000880BDF8040006490880BDF8060005490B
:10D500000880FDF751FC1CBD780000247A0000243F
:10D510007C0000247E00002470B5456E2DB90125E5
:10D52000A0F86A50A0F868501CE010231024056889
:10D53000AD68C5F342610568AD686A0F0A4DAD5C20
:10D5400015FB04F5094EB65C95FBF6F5A0F86A509C
:10D55000054D6D5C15FB03F5044E765C95FBF6F509
:10D56000A0F8685070BD0000D8170108E017010846
:10D5700090F8281001F0010139B10168496821F4DF
:10D580000031C26A11430268516090F8281001F01E
:10D590000201022907D10168496821F48031026B38
:10D5A00011430268516090F8281001F00401042929
:10D5B00007D10168496821F48021426B1143026858
:10D5C000516090F8281001F00801082907D101687E
:10D5D000496821F40041826B11430268516090F860
:10D5E000281001F01001102907D10168896821F481
:10D5F0008051C26B11430268916090F8281001F0CD
:10D600002001202907D10168896821F40051026CAA
:10D6100011430268916090F8281001F04001402900
:10D6200013D10168496821F48011426C11430268EA
:10D630005160416CB1F5801F07D10168496821F440
:10D64000C001826C11430268516090F8281001F00B
:10D650008001802907D10168496821F40021C26C4A
:10D66000114302685160704738B504460020C4F881
:10D670008C00F6F79DFC05462068006800F0080065
:10D6800008280CD16FF07E402B4600224FF4001189
:10D690000090204600F096FE08B1032038BD2068B7
:10D6A000006800F0040004280CD16FF07E402B4687
:10D6B00000224FF480010090204600F083FE08B164
:10D6C0000320EBE72020C4F88400C4F88800002081
:10D6D000E06600BF84F8800000BF00BFDEE770B5E1
:10D6E0000546AC6B0020A4F85E00A4F85600204666
:10D6F000FCF7F6F870BD000000BF00BF026852E8FA
:10D70000002F22F49071036843E80012002AF5D13B
:10D7100000BF00BF00BF0268083252E8002F104B64
:10D7200002EA03010268083242E80013002BF2D13A
:10D7300000BFC16E01290CD100BF00BF026852E8D2
:10D74000002F22F01001036843E80012002AF5D1EF
:10D7500000BF2021C0F888100021C1660167704712
:10D76000FEFFFFEF10B5044600BF00BF216851E87F
:10D77000001F21F04000226842E800010029F5D195
:10D7800000BF2020C4F88400002060672046FCF71A
:10D79000A6FC10BD2DE9F0410446B4F86070D4F841
:10D7A0008800222857D12068406A86B2A56D06EA13
:10D7B00007002880A06D801CA065B4F85E00401EA4
:10D7C000A4F85E00B4F85E0000284AD100BF00BF94
:10D7D000216851E8001F21F49070226842E800019E
:10D7E0000029F5D100BF00BF00BF2168083151E812
:10D7F000001F21F001002168083141E80002002AE1
:10D80000F3D100BF2020C4F8880000202067E06E1C
:10D8100001281CD10020E06600BF00BF216851E84C
:10D82000001F21F01000226842E800010029F5D114
:10D8300000BF2068C069C0F3001010B1102021683B
:10D840000862B4F85C102046FBF7E8FF09E02046C8
:10D85000FCF780FB05E02068806940F00800216843
:10D860008861BDE8F08100002DE9F84F0446B4F866
:10D8700060B02068C5692068006800902068D0F812
:10D8800008A0D4F8880022287ED1B4F8689096E0E9
:10D890002068406A1FFA80F8A76D08EA0B003880FC
:10D8A000A06D801CA065B4F85E00401EA4F85E0068
:10D8B0002068C56905F00700B0B305F0010060B14C
:10D8C000009800F4807040B1012021680862D4F80B
:10D8D0008C0040F00100C4F88C0005F0020058B143
:10D8E0000AF0010040B1022021680862D4F88C00DF
:10D8F00040F00400C4F88C0005F0040058B10AF0B0
:10D90000010040B1042021680862D4F88C0040F086
:10D910000200C4F88C00D4F88C0028B12046FBF734
:10D92000DFFF0020C4F88C00B4F85E0068BB00BFC5
:10D9300000BF216851E8001F21F48070226842E88E
:10D9400000010029F5D100BF00BF00BF21680831E8
:10D9500051E8001F344A01EA02002168083141E819
:10D960000002002AF2D100BF2020C4F88800002065
:10D970002067E06E01281FD10020E06600BF00BFD5
:10D98000216851E8001F01E046E018E021F0100096
:10D99000226842E800010029F2D100BF2068C06976
:10D9A000C0F3001010B1102021680862B4F85C10B8
:10D9B0002046FBF733FF02E02046FCF7CBFAB9F133
:10D9C000000F04D005F0200000287FF461AFB4F808
:10D9D0005E6006B3B4F86800B04223DD00BF00BF4C
:10D9E0002168083151E8001F21F08050216808317A
:10D9F00041E80002002AF3D100BF0C48206700BFB5
:10DA000000BF216851E8001F41F02000226842E871
:10DA100000010029F5D105E02068806940F0080088
:10DA200021688861BDE8F88FFEFFFFEF95D70008F9
:10DA300070B50446B4F86060D4F88800222857D145
:10DA40002068406A85B2F0B22840A16D0870A06DD0
:10DA5000401CA065B4F85E00401EA4F85E00B4F857
:10DA60005E0000284AD100BF00BF216851E8001FB6
:10DA700021F49070226842E800010029F5D100BF2E
:10DA800000BF00BF2168083151E8001F21F00100EC
:10DA90002168083141E80002002AF3D100BF2020AC
:10DAA000C4F8880000202067E06E01281CD1002007
:10DAB000E06600BF00BF216851E8001F21F01000A0
:10DAC000226842E800010029F5D100BF2068C06942
:10DAD000C0F3001010B1102021680862B4F85C1087
:10DAE0002046FBF79BFE09E02046FCF733FA05E0F1
:10DAF0002068806940F008002168886170BD0000DE
:10DB00002DE9F05F0446B4F860A02068C56920687C
:10DB1000D0F800B02068D0F80890D4F88800222807
:10DB20007DD1B4F8688095E02068406A87B20AF039
:10DB3000FF003840A16D0870A06D401CA065B4F8CE
:10DB40005E00401EA4F85E002068C56905F007006D
:10DB5000A8B305F0010058B10BF4807040B101206A
:10DB600021680862D4F88C0040F00100C4F88C00F1
:10DB700005F0020058B109F0010040B1022021680F
:10DB80000862D4F88C0040F00400C4F88C0005F062
:10DB9000040058B109F0010040B104202168086276
:10DBA000D4F88C0040F00200C4F88C00D4F88C004B
:10DBB00028B12046FBF794FE0020C4F88C00B4F88E
:10DBC0005E0068BB00BF00BF216851E8001F21F460
:10DBD0008070226842E800010029F5D100BF00BF33
:10DBE00000BF2168083151E8001F354A01EA0200F0
:10DBF0002168083141E80002002AF2D100BF20204C
:10DC0000C4F8880000202067E06E01281FD10020A2
:10DC1000E06600BF00BF216851E8001F01E046E058
:10DC200018E021F01000226842E800010029F2D13A
:10DC300000BF2068C069C0F3001010B11020216837
:10DC40000862B4F85C102046FBF7E8FD02E02046CD
:10DC5000FCF780F9B8F1000F04D005F0200000288F
:10DC60007FF462AFB4F85E6006B3B4F86800B04207
:10DC700023DD00BF00BF2168083151E8001F21F0FB
:10DC800080502168083141E80002002AF3D100BF2A
:10DC90000C48206700BF00BF216851E8001F41F019
:10DCA0002000226842E800010029F5D105E0206843
:10DCB000806940F0080021688861BDE8F09F00009D
:10DCC000FEFFFFEF31DA00082DE9F04F89B005467D
:10DCD00000200890F8492868884200D100E000BF81
:10DCE0002969A868084369690843E96940EA0108A5
:10DCF00028680068F149084040EA0800296808607F
:10DD00002868406820F44050E96808432968486062
:10DD1000D5F81880E8492868884202D0286A40EA85
:10DD2000080828688068E649084040EA0800296831
:10DD300088602868C06A20F00F00696A0843296873
:10DD4000C86200BFDF492868884220D1DE480068E9
:10DD500000F03800182811D005DC48B1082809D097
:10DD6000102811D108E020280AD028280CD109E079
:10DD700001240BE0042409E0082407E0102405E056
:10DD8000202403E0402401E0802400BFF8E0CF49D4
:10DD90002868884219D1CC48006800F0070006289E
:10DDA00010D2DFE800F0030507090B0D00240BE09B
:10DDB000042409E0082407E0102405E0202403E0FF
:10DDC000402401E0802400BFDAE0C149286888428D
:10DDD00019D1BD48006800F00700062810D2DFE81E
:10DDE00000F0030507090B0D00240BE0042409E0F3
:10DDF000082407E0102405E0202403E0402401E08B
:10DE0000802400BFBCE0B3492868884219D1AE48DD
:10DE1000006800F00700062810D2DFE800F00305D4
:10DE200007090B0D00240BE0042409E0082407E097
:10DE3000102405E0202403E0402401E0802400BFFA
:10DE40009EE0A5492868884219D19F48006800F0E3
:10DE50000700062810D2DFE800F0030507090B0DC4
:10DE600000240BE0042409E0082407E0102405E066
:10DE7000202403E0402401E0802400BF80E0974993
:10DE80002868884220D19048006800F0380018289F
:10DE900011D005DC48B1082809D0102811D108E0BC
:10DEA00020280AD028280CD109E001240BE0042402
:10DEB00009E0082407E0102405E0202403E04024C2
:10DEC00001E0802400BF5BE085492868884219D1C1
:10DED0007D48006800F00700062810D2DFE800F057
:10DEE000030507090B0D00240BE0042409E00824B6
:10DEF00007E0102405E0202403E0402401E0802412
:10DF000000BF3DE077492868884219D16E48006813
:10DF100000F00700062810D2DFE800F0030507092B
:10DF20000B0D00240BE0042409E0082407E0102472
:10DF300005E0202403E0402401E0802400BF1FE02E
:10DF40005D49286888421AD15F48001D006800F0CA
:10DF50000700062810D2DFE800F0030507090B0DC3
:10DF600002240BE0042409E0082407E0102405E063
:10DF7000202403E0402401E0802400BF00E080244E
:10DF800000BF4D49286888427DD1102C1AD006DC8C
:10DF9000022C09D0042C0BD0082C29D10DE0202C08
:10DFA00021D0402C24D120E0F6F722FD064623E0C4
:10DFB00005A8F6F747FE069E1EE002A8F6F75AFFF0
:10DFC000039E19E0404854380068C0F3401040B147
:10DFD0003D4854380068C0F3C101434820FA01F6B7
:10DFE00000E0414E08E0414E06E04FF4004603E0F9
:10DFF00000260120089000BF00BF002E10D03C4931
:10E00000686A31F81000B6FBF0F9686800EB400070
:10E01000484503D868680003484502D201200890AB
:10E0200003E13349686A31F810C062460023304684
:10E030001946F2F74DF94FF4807300228446ACFB89
:10E04000030B01FB03B10CFB021C69684908034682
:10E0500059184CEB0200CDE90010D5F804C0624617
:10E06000002308460199F2F733F90746B7F5407FD8
:10E0700006D3B7F5801F03D22868C760D5E002E059
:10E0800001200890D1E0E869B0F5004F7BD1082C61
:10E0900039D005DC5CB1012C2CD0042C4CD12DE006
:10E0A000102C35D0202C42D0402C45D141E0F8F73F
:10E0B0000BFB064644E00000000C0058F369FFCF5C
:10E0C000FFF4FF1100100140544402580044004086
:10E0D00000480040004C0040005000400014014047
:10E0E00000780040007C00400090D00300093D0013
:10E0F000C0170108F8F7FAFA064621E005A8F6F776
:10E10000A1FD069E1CE002A8F6F7B4FE039E17E0F0
:10E110004C480068C0F3401038B14A480068C0F36A
:10E12000C101494820FA01F600E0474E08E0474E99
:10E1300006E04FF4004603E000260120089000BFEF
:10E1400000BFFEB14249686A31F81000B6FBF0F03A
:10E150004000696800EB5100B0FBF1F7102F0FD3BE
:10E16000B7F5803F0CD24FF6F07007EA000AC7F30C
:10E1700042004AEA000A2868C0F80CA055E002E014
:10E180000120089051E0082C1AD005DC5CB1012C6C
:10E190000DD0042C2DD10EE0102C16D0202C23D025
:10E1A000402C26D122E0F8F78FFA064625E0F8F752
:10E1B0009DFA064621E005A8F6F744FD069E1CE000
:10E1C00002A8F6F757FE039E17E01E480068C0F34A
:10E1D000401038B11B480068C0F3C1011A4820FA4A
:10E1E00001F600E0184E08E0184E06E04FF4004635
:10E1F00003E000260120089000BF00BFAEB1144923
:10E20000686A31F81000B6FBF0F0696800EB510065
:10E21000B0FBF1F7102F06D3B7F5803F03D2B8B2A9
:10E220002968C86001E0012008900120A5F86A0073
:10E23000A5F86800002028676867089809B0BDE85D
:10E24000F08F0000004402580090D00300093D0008
:10E25000C017010830B503469965A3F85C20A3F800
:10E260005E200020186700BF9868B0F5805F0AD173
:10E27000186920B940F2FF10A3F8600020E0FF20E9
:10E28000A3F860001CE0986848B9186918B9FF2025
:10E29000A3F8600014E07F20A3F8600010E0986805
:10E2A000B0F1805F09D1186918B97F20A3F8600028
:10E2B00006E03F20A3F8600002E00020A3F8600021
:10E2C00000BF0020C3F88C002220C3F8880000BFE4
:10E2D00000BF1C68083454E8004F44F001001C687B
:10E2E000083444E80005002DF3D100BF586EB0F1AA
:10E2F000005F31D1B3F8680090422DDC9868B0F52A
:10E30000805F04D1186910B92A48186701E02A48CB
:10E31000186700BF002083F8800000BF186960B153
:10E3200000BF00BF1C6854E8004F44F480701D68B3
:10E3300045E80004002CF5D100BF00BF00BF1C68F9
:10E34000083454E8004F44F080501C68083444E816
:10E350000005002DF3D12BE09868B0F5805F04D163
:10E36000186910B91548186701E01548186700BF0B
:10E37000002083F8800000BF186960B100BF00BFB3
:10E380001C6854E8004F44F490701D6845E8000490
:10E39000002CF5D10CE000BF00BF1C6854E8004F12
:10E3A00044F020001D6845E80004002CF5D100BFB2
:10E3B000002030BD69D8000801DB000895D70008AF
:10E3C00031DA00082DE9F04104460D46174698461B
:10E3D000069E6AE0701C002867D0F5F7E9FDA0EB07
:10E3E0000800B04200D846BB00BF00BF216851E81A
:10E3F000001F21F4D070226842E800010029F5D105
:10E4000000BF00BF00BF2168083151E8001F21F0A4
:10E4100001002168083141E80002002AF3D100BF61
:10E420002020C4F88400C4F8880000BF002084F8CD
:10E43000800000BF0320BDE8F0812068006800F084
:10E44000040088B32068C069C0F3C02060B34FF4F3
:10E4500000602168086200BF00BF216851E8001F0A
:10E4600021F4D070226842E800010029F5D100BFF4
:10E4700000BF00BF2168083151E8001F21F00100F2
:10E480002168083141E80002002AF3D100BF2020B2
:10E4900044F8840F6060A060843C00BF002084F8D2
:10E4A000800000BF0320C6E7FFE72068C06928405E
:10E4B000A84201D1012000E00020B8428AD000200B
:10E4C000B9E7000010B50248FBF70CFA10BD0000D8
:10E4D0005406002400BFFEE70FB4054B10B503A996
:10E4E000044A029801F068F810BC5DF814FB0000C3
:10E4F000510D0108E001002403B401984100009887
:10E5000050EAC12018BF04204A0D18BF40F0010096
:10E5100040F2FF72B2EB515F08BF40F002000128E9
:10E5200008BF052002B0704702480068C0F302200F
:10E53000704700000CED00E010B5002804DB0A076E
:10E54000130E054A135406E00A07140E034A00F09E
:10E550000F031B1FD45410BD00E400E018ED00E0D1
:10E5600070B59B482DED020B2DED068B079D25F018
:10E570000044A04218DC9748844202DC0AD1069885
:10E5800040B19DED060BBDEC068B02B0BDE87040BE
:10E5900000F006BF002DCCBF9FED8F0B9FED900BC1
:10E5A000BDEC068B02B070BD8F48A04215DD8F48D0
:10E5B000A042D8BF4FF0FF3458DD9DED060B51EC63
:10E5C000100BFFF799FF042808BF00F00DFF9DED29
:10E5D000060BBDEC068B02B070BD9DED060B51EC39
:10E5E000100B02F01DFACDE9060181489FED828BE8
:10E5F000A0423CDD8248A0421FDD00249FED82AB9B
:10E600009DED060B53EC1A2B51EC100BF1F7F2FEBB
:10E610009DED060B41EC190B53EC1A2B51EC100B32
:10E62000F1F78FFF53EC182BF1F785FF53EC192B03
:10E63000F1F7F9FFCDE9060149E09DED060B012454
:10E6400053EC182B51EC100BF1F7D4FE9DED060B9B
:10E6500041EC190B53EC182B51EC100BF1F76BFF3D
:10E6600053EC192BF1F7DFFFCDE906012FE06848E5
:10E67000A0421FDD02249FED689B9DED060B53EC2D
:10E68000192B51EC100BF1F75CFF53EC182BF1F741
:10E69000B1FE9DED060B41EC180B53EC192B51EC20
:10E6A000100BF1F748FF53EC182BF1F7BCFFCDE945
:10E6B00006010CE09DED060B032453EC102B9FED9F
:10E6C000580B51EC100BF1F7AEFFCDE906019DEDB3
:10E6D000060B53EC102B51EC100BF1F732FF41EC11
:10E6E000180B53EC182BF1F72CFF41EC190B4E488B
:10E6F0000621B0EE490AF0EE690A784400F03CFDCC
:10E7000053EC182B51EC100BF1F71BFF41EC180BDD
:10E710004648B0EE490AF0EE690A0521784400F057
:10E720002BFD53EC192B51EC100BF1F70AFF41ECC8
:10E73000100B51EC180B53EC102B002C0EDAF1F7E8
:10E7400059FE9DED061B53EC112BF1F7FAFE9DEDE2
:10E75000061B53EC112BF1F7F1FE35E0F1F74AFE01
:10E760009DED061B53EC112BF1F7EBFE41EC100B6A
:10E770002F48784400EBC40090ED001B51EC100BC7
:10E7800053EC112BF1F7D7FE9DED061B53EC112B2B
:10E79000F1F7D1FE41EC100B2648784400EBC400A1
:10E7A00090ED001B51EC100B53EC112BF1F7C6FE52
:10E7B00041EC100B002DA2BFBDEC068B02B070BD6A
:10E7C00051EC100B81F0004141EC100B01E700000F
:10E7D000000010440000F07F182D4454FB21F93F45
:10E7E000182D4454FB21F9BF0000DC3F0000203EFF
:10E7F0000000F33F00000000000000000000F03FB8
:10E800000000E63F000000000000000000000040A3
:10E810000080034000000000000000000000F83FFE
:10E82000000000000000F0BFBA32000070320000AB
:10E83000FA310000B231000070B56B4E2DED040BC3
:10E840002DED028B82B0DDF81CC0DDE905235C42B2
:10E850002CF000411C4341EAD474049D22F0004096
:10E86000B44205D86C422C4340EAD474B4420BD96C
:10E870009DED061B9DED040B02B0BDEC028B04B0B8
:10E88000BDE8704000F096BDACF14054A4F17F6447
:10E890001C430BD0022404EAAC7444EAD27405434E
:10E8A0009FED538B9FED542B07D015E09DED040B8E
:10E8B00051EC100B01F050FA42E0002C11BF012C7A
:10E8C0009DED040B02B0BDEC028B04BF04B070BD23
:10E8D000022C38D0032C3BD00B439FED491B9FEDFE
:10E8E0004A0B0AD0B14218D1B04209D121F080417F
:10E8F00020F08040079105900FE0002A15DA10E023
:10E90000434B7B44002C08BF93ED000B0DD0012C32
:10E9100010D0022C17D0032C1AD0B0421DD1002ADF
:10E9200003DAB0EE410AF0EE610A02B0BDEC028BF0
:10E9300004B070BD93ED000B51EC100B81F0004161
:10E9400041EC100BF1E7B0EE480AF0EE680AECE794
:10E95000B0EE420AF0EE620AE7E7401A00153C28E2
:10E96000C8BF8DED000B19DCBCF1000FBEBF10F16C
:10E970003C0F9FED290B8DED000B0FDB9DED060B82
:10E9800053EC102B9DED040B51EC100BF1F74BFEEB
:10E9900002F046F801F0E0F9CDE90001002C08BFD3
:10E9A0009DED000BC1D0012C10D0022C9FED1C0B53
:10E9B00053EC102B9DED000B51EC100B0DD0F1F72B
:10E9C000BAFD53EC182BF1F7B6FDB9E7019880F0CA
:10E9D000004001909DED000BA7E7F1F7ACFD53EC73
:10E9E000182BF1F7ABFDABE70000F07F0000000053
:10E9F000182D4454FB210940182D4454FB2109C013
:10EA0000182D4454FB21F9BF182D4454FB21F93F24
:10EA100012310000000000000000000000000000B3
:10EA2000075C143326A6A13C10B52F499FED2C1B83
:10EA30002DED020B84B0059820F000408842D8BF2D
:10EA40009DED040B2DDD2949884209D1049840B978
:10EA50004FF0010000F0E8FC00F0B6FC06B010BD7D
:10EA600005DB9DED040B00F09BFC06B010BD684675
:10EA70009DED040B00F0ACF810F0030004BF9DED19
:10EA8000021B9DED000B0CD001280ED09DED021B4A
:10EA90009DED000B022817D0012000F0E9FB06B025
:10EAA00010BD00F0B1FA06B010BD9DED021B9DED4A
:10EAB000000B012000F0DCFB51EC100B81F0004159
:10EAC00006B041EC100B10BD00F09EFA51EC100B9B
:10EAD00081F0004106B041EC100B10BD00000000B9
:10EAE0000000000000000000FB21E93F0000F07F73
:10EAF0002DED020B019820F0004001909DED000BE0
:10EB000002B070470000000010B52F499FED2C1B8C
:10EB10002DED020B84B0059820F000408842DCBF48
:10EB200000209DED040B32DD2849884209D104986C
:10EB300040B94FF0010000F077FC00F045FC06B052
:10EB400010BD05DB9DED040B00F02AFC06B010BDE6
:10EB500068469DED040B00F03BF810F0030011D067
:10EB6000012818D09DED021B9DED000B02281AD044
:10EB700000F04AFA51EC100B81F0004106B041EC74
:10EB8000100B10BD9DED021B9DED000B012000F050
:10EB90006FFB06B010BD9DED021B9DED000B00F05C
:10EBA00033FA06B010BD012000F062FB51EC100BEF
:10EBB00081F0004106B041EC100B10BD00000000D8
:10EBC0000000000000000000FB21E93F0000F07F92
:10EBD0002DE9F14F04462DED020B2DED088B8AB087
:10EBE0009FEDE70B80ED020B139EE74826F00045F2
:10EBF00085420ADC9DED120B002084ED000B0AB06B
:10EC0000BDEC088B03B0BDE8F08FE0489FEDE0ABB2
:10EC10009FEDE1BBA84247DDE14F9FEDE39B9FEDF8
:10EC2000E48B9DED120B53EC1A2B51EC100B002EC4
:10EC30001CDDF1F780FC41EC100BBD4208D053EC19
:10EC40001B2B51EC100BF1F776FCC4E900010BE033
:10EC500053EC192B51EC100BF1F76DFC53EC182B06
:10EC6000F1F769FCC4E900010120C8E7F1F7C2FB34
:10EC700041EC100BBD4208D053EC1B2B51EC100B98
:10EC8000F1F7B8FBC4E900010BE053EC192B51EC90
:10EC9000100BF1F7AFFB53EC182BF1F7ABFBC4E90A
:10ECA00000014FF0FF30AAE7C348A84279DB9DED91
:10ECB000120B51EC100B01F0B3FE41EC180B9FED61
:10ECC000C00B53EC102BF1F73CFC9FEDBF1B53EC3A
:10ECD000112BF1F78FFBF1F75FFE0746F1F712FDFD
:10ECE00041EC190B53EC1A2BF1F72BFC53EC182BBE
:10ECF000F1F724FC41EC180B53EC1B2B51EC190BD6
:10ED0000F1F71FFCDFF8C8A241EC100B4FEA1558D1
:10ED10000125FA4453EC102B51EC180BF1F70BFCC6
:10ED2000032DC4E900013DD0C1F30A5005EB4511A4
:10ED3000A8EB00001139814234DA0AEB051BB0EE72
:10ED400048AA9BED000BF0EE68AA53EC102B51EC97
:10ED5000190BF1F7F6FB41EC1B0B51EC1A0B53ECC2
:10ED60001B2BF1F7E8FB41EC180B51EC1A0B53ECA1
:10ED7000182BF1F7E0FB53EC1B2BF1F7DCFB9BEDC1
:10ED8000020B41EC1A0B53EC102B51EC190BF1F761
:10ED9000D8FB53EC1A2BF1F7CEFB41EC100B6D1C9A
:10EDA000B8E70EE0002EA8BF3846BFF628AF94EDB6
:10EDB000000B51EC100B81F00041C4E900017842D6
:10EDC0001DE7C6F3130040F4801EC6F30A50A0F2FC
:10EDD000F530471100F01F05C5F12000DDF848B0FF
:10EDE00008900020069007900520EC467949002DF8
:10EDF00007EB0002794408BF51F8221009D051F8FE
:10EE0000223001EB8201AB404A68089922FA01F1F5
:10EE10001943A1FB0E26A1FB0B131A449A4234BFDF
:10EE20000123002303EB06080CEB8003D3E901A6C2
:10EE30000E448E4234BF0121002192448A4411B114
:10EE4000924502D903E0924501D2012100E0002160
:10EE5000C3E901A641444CF82010011EA0F10100B5
:10EE6000C4DC029800F10050850F0298DDE90367C9
:10EE70008000DDF81480F1F745FC41EC1A0B3046B8
:10EE8000F1F751FC9FED541B53EC112BF1F759FB9B
:10EE900041EC1B0B3846F1F746FC9FED511B53EC40
:10EEA000112BF1F74EFB41EC180B4046F1F73BFC00
:10EEB0009FED4D1B53EC112BF1F743FB41EC190B6C
:10EEC00051EC180B53EC192BF1F794FA53EC1B2B64
:10EED000F1F790FA53EC1A2BF1F78CFACDE908010F
:10EEE000002008909DED080B53EC1A2B51EC100BF1
:10EEF000F1F721FB53EC1B2BF1F71DFB53EC182B07
:10EF0000F1F719FB53EC192BF1F718FB9FED381BA8
:10EF100053EC112BF1F715FB9FED370B41EC180B60
:10EF200053EC102B9DED080B51EC100BF1F709FB86
:10EF300053EC182BF1F75EFA9FED310B41EC180BF7
:10EF400053EC102B9DED080B51EC100BF1F7F9FA77
:10EF500053EC182BF1F74EFA41EC100B139810F00C
:10EF6000004F06D06D4251EC100B81F0004141EC96
:10EF7000100B284684ED000B41E600000000000065
:10EF80000000000000000000FB21E93F7CD90240A6
:10EF900000004054FB21F93F3163621A61B4D03D57
:10EFA000FB21F93F000000000000601A61B4D03D71
:10EFB0007370032E8A19A33BFB2139410000000026
:10EFC00083C8C96D305FE43F000000000000E03FEF
:10EFD0000A2D0000582C0000000000000000103E28
:10EFE000000000000000103C000000000000103A8B
:10EFF000182D4454FB21F93D3326A611460B113C34
:10F0000000000054FB21F93D10B52DED040B2DED52
:10F01000088B82B0B0EE419AF0EE619A0B9820F026
:10F0200000449FED4BABB4F1795F11DA9DED0A0B13
:10F0300051EC100BF1F7B0FC002801BFB0EE4A0A0A
:10F04000F0EE6A0A02B0BDEC088B04BF04B010BD3C
:10F050009DED0A0B53EC102B51EC100BF1F771FAEC
:10F0600041EC180B3C480621B0EE480AF0EE680A65
:10F07000784400F081F853EC182B51EC100BF1F7A9
:10F0800060FA9DED0A0B41EC1B0B53EC192B51EC74
:10F09000100BF1F756FA41EC190B53EC1B2B51EC0A
:10F0A000180BF1F74EFA53EC192BF1F744FA9FEDD8
:10F0B0002C0B41EC190B53EC102B51EC180BF1F706
:10F0C00040FA41EC100B2848844210DA53EC192B1B
:10F0D00051EC100BF1F72FFA53EC1A2BF1F72EFA33
:10F0E00041EC100B02B0BDEC088B04B010BD1F4802
:10F0F000A042BCBF9FED1E1B8DED001B06DBA4F5DF
:10F1000000100190002000909DED001B51EC100BB1
:10F1100053EC112BF1F70FFA9DED000B41EC180B9E
:10F1200053EC102B51EC1A0BF1F705FA41EC1A0BCA
:10F1300053EC192B51EC180BF1F7FDF953EC1A2B8A
:10F14000F1F7FCF941EC100BCCE7000000000000E7
:10F15000000000000000F03F7429000000000000E3
:10F16000000000000000E03F3333D33F0000E93FE0
:10F17000000000000000D23F70B504462DED028B68
:10F180004D1E00EBC500B0EE408AF0EE608A90EDB7
:10F19000000B35F0060017D053EC182B51EC100B78
:10F1A000F1F7CFF941EC100B6D1E04EBC50090EDAB
:10F1B000001B51EC100B53EC112BF1F71BF941EC38
:10F1C000100B35F00600E7D1022D36D0042D1CD0EF
:10F1D000062D1CBFBDEC028B70BD53EC182B51ECFF
:10F1E000100BF1F7AEF994ED0A1B53EC112BF1F76C
:10F1F00001F953EC182BF1F7A4F994ED081B53EC2B
:10F20000112BF1F7F7F841EC100B53EC182B51ECE4
:10F21000100BF1F796F994ED061B53EC112BF1F757
:10F22000E9F853EC182BF1F78CF994ED040B53EC3F
:10F23000102BF1F7DFF841EC100B53EC182B51ECCD
:10F24000100BF1F77EF994ED021B53EC112BF1F743
:10F25000D1F853EC182BF1F774F994ED001B53EC33
:10F26000112BF1F7C7F8BDEC028B41EC100B70BD10
:10F2700031B504462DED040B2DED0A8BB0EE41BAED
:10F28000F0EE61BA0B989DED0A0B20F00040B0F152
:10F29000795F0DDA51EC100BFFF72EF9042808BF47
:10F2A00000F0A2F89DED0A0BBDEC0A8B05B030BD55
:10F2B00053EC102B51EC100BF1F743F941EC180B08
:10F2C0009DED0A0B53EC182B51EC100BF1F739F9AB
:10F2D00041EC190B2C48B0EE480AF0EE680A052103
:10F2E0007844FFF749FF9FED2ACBB0EE40AAF0EE3D
:10F2F00060AA9CB353EC1C2B51EC190BF1F721F9CC
:10F3000041EC1C0B53EC1A2B51EC190BF1F719F9CA
:10F310009FED210B41EC190B53EC102B51EC1B0B07
:10F32000F1F70FF953EC192BF1F705F953EC182B02
:10F33000F1F707F953EC1B2BF1F7FDF853EC1C2BFD
:10F34000F1F7F9F89DED0A1B53EC112BF1F7F6F8E4
:10F35000BDEC0A8B05B041EC100B30BDFFE753EC60
:10F360001A2B51EC180BF1F7ECF853EC1C2BF1F7BE
:10F3700041F853EC192BF1F7E4F89DED0A1B53EC1F
:10F38000112BF1F737F8E3E7042800000000000034
:10F39000495555555555C5BF000000000000E03FD8
:10F3A00010B553EC102B51EC100BF1F723F841EC96
:10F3B000100B10BD10B553EC112B51EC100BF1F7E5
:10F3C00019F841EC100B10BD9FED050B10B553EC77
:10F3D000102B51EC100BF1F726F941EC100B10BD7E
:10F3E00000000000000000009FED050B10B553EC7D
:10F3F000102B51EC100BF1F7A4F841EC100B10BDE1
:10F40000000000000000001002E008C8121F08C140
:10F41000002AFAD170477047002001E001C1121F95
:10F42000002AFBD1704700000149086070470000C6
:10F43000E40100242DE9FF5F82B00021DDE9043002
:10F44000020DDDF840B0034318D044F61050A2F28C
:10F45000FF3242431514119801281FD0A5EB0B0071
:10F46000401C5FEA000A4FF000064E4FDFF838916B
:10F47000B046504615D5CAF1000413E01198012496
:10F480004AA3012801D16FEA0B010298119AC0E941
:10F490000031C0E9024206B0BDE8F09FCBF10000A8
:10F4A000DFE704460021404A491842EB0450CDE909
:10F4B000001012E0E00707D032463B46404649467E
:10F4C000F1F73FF88046894632463B4610461946DA
:10F4D000F1F737F806460F466410002CEAD1DDE953
:10F4E0000401DDE90023BAF1000F06DAF1F729F88B
:10F4F00042464B46F1F725F805E0F1F794F842460D
:10F500004B46F1F790F804460E460022284BF1F7DF
:10F510002BF903D84FF0FF30014607E00022254BBE
:10F5200020463146F0F766FFF1F70CFA102409E0A7
:10F53000002C0ADB0A220023F0F7CAFE039B3032BC
:10F540001A55641E50EA0102F2D1641C039AC4F1F8
:10F5500011031444119A012A03D0012208430DD14A
:10F560000AE0084304D000204FF0110B119072E71D
:10F57000A3EB0B056D1E0DE05B4504DD4FF00002B3
:10F5800005F1010504E003DA4FF00002A5F10105E1
:10F59000002AECD002981199C0E90231C0E9004577
:10F5A00079E70000000014400000F03F3000000048
:10F5B0000000F0430000E03F2DE9FF4F95B09B466F
:10F5C0008946064600250FE2252877D100242746E4
:10F5D000F84A0121059400E0044316F8013F203B5E
:10F5E00001FA03F01042F7D130782A2811D06FF0D9
:10F5F0002F033078A0F13002092A16D8059A44F07A
:10F60000020402EB820203EB42021044761C0590D6
:10F61000EFE759F8042B0592002A03DA504244F42C
:10F620000054059044F00204761C30782E2816D140
:10F6300016F8010F44F004042A280DD06FF02F02B1
:10F640003078A0F13003092B09D807EB870302EBD0
:10F650004303C718761CF3E759F8047B761C30780F
:10F660006C280FD006DC4C2817D068280DD06A28EB
:10F6700014D104E0742810D07A280FD10DE044F49E
:10F6800000140AE044F4801401E044F44014727859
:10F69000824202D104F58014761C761C30786628EC
:10F6A0000BD013DC582877D009DC002875D045280A
:10F6B000F6D04628F4D047281AD19DE118E06328F7
:10F6C00035D0642879D0652812D195E1702873D09F
:10F6D00008DC6728F1D069286FD06E280DD06F281C
:10F6E00006D1B5E073282CD0752875D0782874D051
:10F6F0005A46179990476D1C75E1C4F302500228D1
:10F7000009D003280DD0D9F8001004280DD00D60C1
:10F7100009F1040967E1D9F80010EA17C1E90052BC
:10F72000F6E7D9F800100D80F2E70D70F0E719F850
:10F73000041B8DF8001000208DF80100EA4601201E
:10F7400003E059F804AB4FF0FF3061074FF00001C0
:10F7500002D40DE008F101018846B9420FDA804574
:10F76000F8DB1AF808100029F4D108E008F10101CB
:10F7700088468142FADB1AF808100029F6D105986C
:10F780005B46A0EB080721463846179A00F094FA2A
:10F79000284400EB080507E04DE029E10DE01AF8E8
:10F7A000010B5A4617999047B8F10108F7D25B460A
:10F7B00021463846179A13E142E00A220092C4F328
:10F7C00002524FF0000A022A08D059F804CB032A4B
:10F7D0004FEAEC710AD00DE029E02AE009F10701B7
:10F7E00021F00702F2E802C1914609E00FFA8CFC11
:10F7F0004FEAEC71042A03D14FFA8CFC4FEAEC710A
:10F80000002907DA0A460021DCF1000C61EB020155
:10F810002D2202E0220504D52B228DF8042001229E
:10F8200003E0E20701D02022F7E7904659E00A21E1
:10F8300002E010220DE010214FF0000A00910BE0D1
:10F8400010224FF0000A44F004040827009203E05D
:10F8500008224FF0000A0092C4F30252022A05D097
:10F8600059F804CB0021032A08D009E009F1070167
:10F8700021F00702F2E802C1914605E01FFA8CFC74
:10F88000042A01D10CF0FF0C4FF00008220728D504
:10F89000702806D0009B83F0100353EA0A0305D0BA
:10F8A0000EE040228DF80420012208E05CEA01020B
:10F8B00006D030228DF804208DF8050002229046F3
:10F8C000009B83F0080353EA0A030AD15CEA0102B1
:10F8D00001D1620705D530228DF804204FF00108D0
:10F8E0007F1E582804D034A003900EA802900DE08B
:10F8F00036A0F9E753466046009AF0F7E9FC8446E3
:10F900000398825C0298401E029002705CEA01003B
:10F91000F0D1029806A9081A00F1200A600702D562
:10F9200024F4803400E00127574502DDA7EB0A00EC
:10F9300000E0002000EB0A01009005984144401AC5
:10F940000590E00306D45B462146179A059800F01F
:10F95000B3F90544002706E001A85A46C05D17998F
:10F9600090476D1C7F1C4745F6DBE0030CD55B46DA
:10F970002146179A059800F09FF9054404E03020CD
:10F980005A46179990476D1C0099481E009000290F
:10F99000F5DC08E0029802995A460078491C029169
:10F9A000179990476D1CBAF10001AAF1010AF1DC28
:10F9B00065E1000009280100303132333435363733
:10F9C00038396162636465660000000030313233AB
:10F9D000343536373839414243444546000000004B
:10F9E00000F058F90544761C307800287FF4ECAD1F
:10F9F00019B02846BDE8F08F620700D4062709F148
:10FA0000070222F0070CFCE80223E14603F000485D
:10FA10005FEA080C02D00FF2702C0DE05FEA045C84
:10FA200002D50FF2682C07E05FEAC47C02D00FF227
:10FA3000602C01E0AFF2700C4FF0FF3823F0004370
:10FA4000CDF850C065280CD006DC452809D04628E2
:10FA50001DD047283DD13DE0662818D067287ED1CB
:10FA600038E00021112F01DB112000E0781CCDE9E6
:10FA7000000106A90EA8FFF7DDFCDDE90F010E9AD3
:10FA800003910021009207F1010A04914DE04FF02B
:10FA900000400097CDE9011006A90EA8FFF7CAFCA7
:10FAA000DDE90F0203920E9B11990022DDF80CA0F4
:10FAB0000093049211B9791C00EB010AB7EB0A001C
:10FAC00004D4C0F1FF3007F1010A0490AAEB07004B
:10FAD000019044E0012F00DA01270021112F01DD00
:10FAE000112000E03846CDE9000106A90EA8FFF775
:10FAF000A1FCDDE90F010E9A03910021049100920F
:10FB0000BA4621070CD40399514500DA8A46BAF166
:10FB1000010F05DD009AAAF10101515C302908D0DE
:10FB2000B84202DA10F1040F06DA0121CDE9011022
:10FB300015E0AAF10101E9E7002805DC0499014478
:10FB40000491AAEB000102E0411C514500DD8A4608
:10FB50000499401A401C01904FF000400290200789
:10FB600004D40198504501DBCDF8048000208DF8C5
:10FB70004F0002980DF14F07B0F1004F25D02B2018
:10FB80000E9002984FF0020800280CDA40420290D2
:10FB90002D200E9007E00A210298F0F719FE30316F
:10FBA000029007F8011DB8F10001A8F10108F2DC8C
:10FBB00002980028EFD1791E0E980870307800F076
:10FBC000200040F0450007F8020D12A8C01B00F10C
:10FBD00007081498007800B1012000EB0A01019891
:10FBE00001EBE07105984144401A401E0590E00386
:10FBF00006D45B462146179A059800F05DF8054447
:10FC00001498007818B15A46179990476D1CE00374
:10FC100024D55B462146179A059800F04DF8054417
:10FC20001CE00498002807DBDDE90301884203DDBE
:10FC30000098405C179901E0179930205A46904788
:10FC4000049805F10105401C04900198401E0190A4
:10FC500004D12E205A46179990476D1CBAF1000125
:10FC6000AAF1010ADDDC05E017F8010B5A461799E5
:10FC700090476D1CB8F10001A8F10108F4DC5B4667
:10FC80002146179A0598ABE62D0000002B000000D6
:10FC9000200000002DE9F041044600251E461746CD
:10FCA000880404D405E039462020B0476D1C641E4A
:10FCB000F9D52846BDE8F0812DE9F041044600253C
:10FCC0001E469046C80301D5302700E0202788044F
:10FCD00004D505E041463846B0476D1C641EF9D591
:10FCE0002846BDE8F081000010B500211048F9F762
:10FCF00029FC012210210F48F4F74EF900221021AF
:10FD00000C48F4F749F90320F1F7B8FB0122102160
:10FD10000848F4F741F90220F3F7D4FE06480749F2
:10FD20000860074908601720F4F796FD10BD000031
:10FD3000B005002400080258AC090024A0000024EB
:10FD4000A40000240278012102E0435C5A40491CCF
:10FD50000929FADB4272704710B541EC100BFEF72F
:10FD6000FFFB51EC100B10BD70B5002200258D5427
:10FD700000238E5C03EBC204045D44EA46048C5409
:10FD80005B1C082BF5DB521C0A2AF0DB70BD034616
:10FD900010B51878012202E09C5C6040521C8A4237
:10FDA000FADB10BD10B515480088642825DB00205B
:10FDB0001249088012480068124988420CD101207B
:10FDC000114908701148124908600D490860642102
:10FDD0000C4801F055FB10E0094800680B498842C7
:10FDE0000BD101200B4908700648094908600449F5
:10FDF00008606421054801F043FB10BDB8000024F1
:10FE0000A0000024AC090024B0000024CC0C002485
:10FE1000A4000024B100002470B504460D46002063
:10FE2000E070401E20632946204601F07BFA08B1AD
:10FE3000042070BD04F2322001F02AF84AF6552160
:10FE4000884201D00320F4E794F83400E92807D071
:10FE500094F83400EB2817D13620005D902813D198
:10FE600004F16A0001F008F820F07F400749884259
:10FE700001D10020DDE704F1860000F0FDFF044918
:10FE8000884201D10020D4E70220D2E74641540045
:10FE900046415433014600200BE0074A02EB0012B2
:10FEA00012688A4204D10022034B03EB00131A604C
:10FEB000401C0228F1D370478009002410B52DEDB5
:10FEC000048B9FED5B0AF0EE408A5A4800785A286E
:10FED00002D0BDEC048B10BD0122D1035648F4F7CB
:10FEE0005BF81720F4F796FC52484078472870D00A
:10FEF000482833D0492821D0552869D14F48FCF7EC
:10FF0000E3FE4FA0FEF7E8FA0120FBF7A3F800BFDD
:10FF1000524800780128FBD1002050490870FBF7B7
:10FF200099F84FA0FEF7D8FA1720F4F795FC0022B5
:10FF30004FF400414048F4F72FF876E03F48FCF7D3
:10FF4000C3FE4CA0FEF7C8FA1720F4F785FC002288
:10FF50004FF400413848F4F71FF866E04CA0FEF774
:10FF6000BBFA0920FBF722FBF7EE000A20EE200A7D
:10FF7000F0EE408A0920FBF719FB4D4880ED000A9E
:10FF80000068F0F7DDFB41EC190B53EC192B49A08D
:10FF9000FEF7A2FA4C48464991ED000A00F0CCFE6B
:10FFA0004948FFF7CFFE4848FCF78EFEB0EE680ADE
:10FFB000F1F720F845A0FEF78FFA1720F4F74CFC74
:10FFC00000224FF400411C48F3F7E6FF2DE000E06B
:10FFD0002AE043A0FEF780FAFBF72CFBDFED470A8F
:10FFE00020EE200AF0EE408AFBF724FBB0EE408AB8
:10FFF0004348B0EE480A00F09FFE4148FFF7A2FEDA
:020000040801F1
:100000003F48FCF761FEB0EE680AF0F7F3FF3DA051
:10001000FEF762FA1720F4F71FFC00224FF40041AC
:100020000548F3F7B9FF00E000BF00BF00BF50E78D
:10003000000000008E010024000C0258A01E0024C5
:100040000D0A20CACDB7C5D6B8C1EED3A6B4F020EC
:1000500030783535200D0A20000000004D000024C6
:10006000CACDB7C5B9A6C4DCD3A6B4F0200D0A200A
:10007000000000000D0A20B2E2BEE0D6B8C1EED307
:10008000A6B4F02030783439200D0A20000000009A
:100090000D0A20B5E7B3D8B5E7D1B9D6B8C1EED3CC
:1000A000A6B4F020307834380D0A2020000000007B
:1000B00060000024B5E7B3D8B5E7D1B9203D2025CD
:1000C000302E3366560D0A006400002420B5E7B3D5
:1000D000D8B9A6C4DCD3A6B4F0200D0A20000000D5
:1000E0000D0A20D7CBCCACD6B8C1EED3A6B4F02045
:1000F00030783437200D0A2000000000CDCC4C3D74
:100100006E000024D7CBCCACB9A6C4DCD3A6B4F027
:10011000200D0A200000000070B5044600250848A4
:10012000005D58B901200649085501F10802105D2B
:100130000A1D52F82420116888470546284670BDDC
:10014000A00900242DE9F04104460D461646064953
:10015000085D091F51F8241032460B69294698475B
:1001600007463846BDE8F081A80900242DE9F04192
:1001700004460D4616461F460749085D091F51F8FB
:1001800024103B463246D1F808C02946E047804655
:100190004046BDE8F0810000A809002470B504467F
:1001A000044A105D121F52F8242051688847054602
:1001B000284670BDA80900242DE9F04104460D46EB
:1001C00016461F460749085D091F51F824103B4693
:1001D0003246D1F80CC02946E04780464046BDE88B
:1001E000F0810000A809002410B5012211021B486B
:1001F000F3F7D2FE00201A49087027E000224FF4DE
:1002000080711648F3F7C8FE0120F1F737F9154859
:1002100000784010134908704FF400710F48F3F74D
:10022000A9FE012805D10F48007840F080000D4953
:100230000870012211020948F3F7AEFE0120F1F720
:100240001DF907480078401C0549087004480078EB
:100250000828D3DB0348007810BD000000040258D2
:10026000810100248201002410B5044600201749B2
:10027000087025E000224FF480711548F3F78CFEDA
:1002800004F0010028B1012251021148F3F784FE65
:1002900005E000224FF400710D48F3F77DFE0120C8
:1002A000F1F7ECF8012211020948F3F775FE01207D
:1002B000F1F7E4F8641005480078401C0349087021
:1002C000024800780828D5DB10BD0000800100241A
:1002D0000004025870B504460D46164610EE100A8A
:1002E000F0F72EFA41EC100BFEF702FC51EC100B6C
:1002F000F0F752FA014620780F4A40B1012810D099
:10030000022803D1002121702960316070BD914223
:10031000FCDB2968491C29600A29F7DB01212170CF
:1003200070BD9142FCDA3168491C3160C829F7DBA5
:100330000220207070BD00009A99993F2DE9FF4F6F
:1003400095B01746012014904002139015A800F0B4
:100350000FFD02900298002803DA0B2019B0BDE8C7
:10036000F08FFE49029851F8200028B10021FB4A85
:10037000029852F8200001700298C0B2119000203B
:1003800010901198FFF7C8FE0190019800F001004D
:1003900008B10320E2E7019800F0040008B10A2048
:1003A000DCE70DAA03211198FFF7CCFE50B90D9898
:1003B00040B10D98B0F5004F04D80D98401E0D992E
:1003C000084008B101200D904FF4007A0FB1574555
:1003D00005D3B7F1807F02D8781E384008B11320CA
:1003E000BCE7B7FBFAF7189C2298B0FBFAF00E9026
:1003F0000E9800FB0AF00F900F9808B90E20ADE799
:1004000000BF07AA01211198FFF79CFE08B1012047
:10041000A4E7169800F0080008B1002000E03F2093
:100420000A9007990A98814201D20E2096E707990F
:100430000A98081A07900798802801D20E208DE7A5
:1004400000BF00BF802F01D9132087E7169800F066
:10045000020050B1169800F00700022803D0169849
:1004600000F0010008B9032607E0169800F001002B
:1004700008B9132072E7022600BF00BF00BF3D4647
:10048000032E2DD1A5B907984FEA504900200390BB
:10049000012503E00398401C03906D00B0490398C8
:1004A00031F8100020B1039831F810004845F1D917
:1004B0000798B0FBF5F8082000EB88005044401E78
:1004C000B0FBFAF0059020200690002004904FF633
:1004D000F570804502D9A348804535D90E203DE707
:1004E000A5B907984FEA103900200390012503E0D1
:1004F0000398401C03906D009B49039831F810004D
:1005000020B1039831F810004845F1D90798B0FBA5
:10051000F5F840F6F570804503D9042000EB480952
:1005200006E0012608EB4800401C032101EB5009BE
:1005300009EB0A00401EB0FBFAF00590012006907E
:100540008003B0FBFAF0049006990A9808440990D9
:100550000999059801440498084408900D99089851
:100560000844401E491E20EA01010898A1EB000939
:10057000032E06D1069848440690099848440990ED
:1005800002E0059848440590089800EB05110A9888
:10059000081A0799884201D90E20DFE6DDE9060135
:1005A000091A0598091A0498081AB0FBF5F8032EE1
:1005B0000AD14FF6F570804506D81FB96808071EA6
:1005C00000D031E00E20C9E6022E24D14FF6F5709E
:1005D000804514D92FB94020B0EB450F01D36F00EF
:1005E00022E0169800F0020008B103261CE027B9AB
:1005F00068000746802800D816E00E20AEE640F6D8
:10060000F570804507D827B968000746802800D8CC
:100610000AE00E20A2E6012E05D140F6F5708045D5
:1006200001D90E209AE600E029E700BF52460021DA
:10063000204600F06EFE0B224CA1204600F05CFE2E
:10064000514604F10B0001F07DF86573069881B204
:1006500004F10E0001F076F801202074032E01D180
:10066000002001E04FF40070014604F1110001F098
:1006700069F80798B0F5803F06D2079881B204F177
:10068000130001F05FF804E004F12000079901F085
:100690004DF8F82060753F2104F1180001F052F880
:1006A000FF2104F11A0001F04DF804F11C000A9931
:1006B00001F03CF8032E28D100F058FB01460090D1
:1006C00004F1430001F032F804F12400059901F02F
:1006D0002DF8022104F12C0001F028F8012104F189
:1006E000300001F02FF8062104F1320001F02AF861
:1006F000802084F84000292084F8420013221EA1A3
:1007000004F1470000F0F8FD19E000F02FFB01466E
:10071000009004F1270001F009F8059881B204F176
:10072000160001F00FF8802084F82400292084F8B6
:100730002600132215A104F12B0000F0DDFD4AF67E
:10074000552104F5FF7000F0FDFF012321460A9AB0
:100750001198FFF731FD18B30120FFE538000024A0
:1007600094180108F5FFFF0F86180108EBFE904D65
:1007700053444F53352E30004E4F204E414D4520AF
:100780002020204641543332202020004E4F204E5E
:10079000414D45202020204641542020202020008B
:1007A000032E33D101230A9A921D21461198FFF797
:1007B00003FD52460021204600F0ABFD7D49204656
:1007C00000F0B4FF7C4904F5F27000F0AFFFA8F12F
:1007D000010104F5F47000F0A9FF022104F5F670A0
:1007E00000F0A4FF4AF6552104F5FF7000F0AAFFBF
:1007F00001230A9AD21D21461198FFF7DDFC01233F
:100800000A9A521C21461198FFF7D6FC0021204677
:100810000F9A00F07EFD09980C900020039041E0B3
:10082000032E0FD16FF00701204600F07FFF311F2C
:10083000201D00F07BFF6FF0704104F1080000F014
:1008400075FF09E0012E01D15C4801E06FF007005F
:100850000146204600F06AFF05980B9000BF0E99F4
:100860000B98884201D90E9800E00B9881464B46C0
:1008700021460C9A1198FFF79FFC08B101206DE505
:1008800052460021204600F044FD0C9848440C904C
:100890000B98A0EB09000B900B980028DFD1039870
:1008A000401C039003980028BAD0032E01D128469B
:1008B00000E004980B9000BF0E990B98884201D974
:1008C0000E9800E00B9881464B4621460C9A1198F1
:1008D000FFF772FC08B1012040E50C9848440C90E9
:1008E0000B98A0EB09000B900B980028E4D100BFF7
:1008F000032E02D10C2012900CE00798B0F5803F37
:1009000002D30620129005E0022E01D1042000E05F
:100910000120129000BF169800F00800F0BB52466C
:100920000021204600F0F5FC4AF6552104F5FF7041
:1009300000F008FF04F5DF7B00208BF800000120A9
:100940008BF801008BF8020000208BF8030012984E
:100950008BF8040007990A98084443F6C161B0FB7C
:10096000F1F9FE208BF805003F2040EA99008BF852
:1009700006008BF807900BF108000A9900F0D6FEEC
:100980000BF10C00079900F0D1FE01230022214653
:100990001198FFF711FC08B10120DFE4FFE7002206
:1009A00011461198FFF7CEFB08B10120D6E40020D4
:1009B000D4E400005252614172724161F8FFFF00BD
:1009C000F7B582B016460398019001A800F0D0F95F
:1009D0000546002D02DA0B2005B0F0BD0F4850F897
:1009E000254024B12046FFF755FA002020700298D8
:1009F00010B10020029908700849029841F82500BA
:100A0000029808B1012E01D00020E5E7002202A9DA
:100A100003A800F011F807463846DDE73800002447
:100A200082B0CDE9000121F0004001909DED000B66
:100A300002B051EC100B70472DE9F74F8AB000213E
:100A40000B9801600A9800F093F908900898002824
:100A500003DA0B200DB0BDE8F08FB349089851F8C8
:100A600020400CB90C20F5E70B9804600C9800F0BE
:100A7000FE000C90207878B16078FFF78FFB8146FC
:100A800009F0010040B90C9820B109F0040008B148
:100A90000A20DFE70020DDE7002020700898607062
:100AA0006078FFF739FB814609F0010008B10320A7
:100AB000D0E70C9820B109F0040008B10A20C9E77A
:100AC000002739462046FFF7A7F90546022D01D039
:100AD0002EDA2DE0002614E04FF4DF7000EB061153
:100AE00004F13400084409900998007920B109986C
:100AF000083000F0C1F900E0002002A941F826000A
:100B0000761C042EE8D3002606B1761E00BF02A88C
:100B100050F8267027B139462046FFF77DF900E0EE
:100B200003200546022D03DB701C06460428EED385
:100B3000042D01D101208DE7022D01DB0D2089E775
:100B400004F13F0000F0A4F9B0F5007F01D00D20C2
:100B500080E704F14A0000F09BF98046B8F1000FED
:100B600004D104F1580000F087F98046C4F81C80D5
:100B70004420005DA070A078012804D0A07802284D
:100B800001D00D2066E7A07808FB00F84120005D49
:100B90006081608918B16089411E084008B10D204C
:100BA00058E704F1450000F073F92081207A00F045
:100BB0000F0008B10D204DE704F1470000F068F97F
:100BC0008246BAF1000F04D104F1540000F054F948
:100BD000824604F1420000F05BF90190019808B9E7
:100BE0000D2037E701984044218900EB1110079050
:100BF0000798824501D20D202CE70798AAEB000048
:100C00006189B0FBF1FBBBF1000F01D10D2021E7A1
:100C100003254FF6F570834500D8022540F6F570A0
:100C2000834500D801250BF10200A06127620198DD
:100C30003844606207983844E062032D13D104F110
:100C40005E0000F025F908B10D2003E7208908B106
:100C50000D20FFE604F1600000F00EF9A062A0692B
:100C60008000069014E0208908B90D20F2E6606A41
:100C70004044A062022D02D1A069400007E0207E1E
:100C800000F00100A16901EB410100EB5100069069
:100C9000E169069800F2FF10B1EB502F01D20D2050
:100CA000D8E64FF0FF306061206180202071032D75
:100CB0002CD104F1640000F0EBF8012826D1791C56
:100CC000204600F02FFB08BB0020207104F23220E8
:100CD00000F0DEF84AF65521884217D104F13400BD
:100CE00000F0CAF81149884210D104F5067000F0EE
:100CF000C3F80F49884209D104F5077000F0BCF829
:100D0000606104F5087000F0B7F8206125700948AB
:100D10000088401C80B207490880E0802046FFF729
:100D2000B9F8002096E600003800002452526141D4
:100D3000727241613C00002401B52DED020B009957
:100D40000A0E02700A0C42700A0A8270C1700EBD4F
:100D500000BF054AD26902F04002002AF9D0C2B2AF
:100D6000014B9A627047000000100140002070475C
:100D700070B502464FF0FF301568DDB1116800E034
:100D8000491C0D78202D02D30D783A2DF8D10D781D
:100D90003A2D0ED1146814F8015BA5F130030A2B2B
:100DA00006D28C4204D11BB918464D1C2946156049
:100DB00070BD002000BFFBE72DE9F04F8BB08146EE
:100DC0000C469246282222A101A8EFF7D3FA00266A
:100DD000BAF10A0F09D1B9F1000F06DAC9F100071B
:100DE0002D223046761C225400E04F4600BFB7FB50
:100DF000FAF00AFB107001A90A5C3046761C2254F6
:100E0000B7FBFAF7002FF2D10020A05520782D284B
:100E100002D14FF0010801E04FF0000845460CE018
:100E200014F805B0701E4044401B205C6055701ED5
:100E30004044401B04F800B06D1C701E00EBD071E4
:100E4000B5EB610FECDD20460BB0BDE8F08F000084
:100E500030313233343536373839414243444546F0
:100E60004748494A4B4C4D4E4F505152535455569A
:100E70005758595A000000000146C8788A7842EA5B
:100E800000204A7842EA00200A7842EA00207047AF
:100E9000014648780A7842EA00207047F9F7DCFCFE
:100EA00000BFC148006800F4003000B139E000BF65
:100EB00000BF00BFBFF34F8F00BF00BF00BF00BF28
:100EC00000BF00BFBFF36F8F00BF00BF00BF002097
:100ED000B649086000BF00BF00BFBFF34F8F00BF1F
:100EE00000BF00BF00BF00BF00BFBFF36F8F00BFD8
:100EF00000BF00BFAC48006840F40030AA49086059
:100F000000BF00BF00BFBFF34F8F00BF00BF00BFD7
:100F100000BF00BF00BFBFF36F8F00BF00BF00BFA7
:100F200000BF00BFA04B1B6803F4803303B148E04F
:100F300000239D4C7034236000BF00BF00BFBFF38F
:100F40004F8F00BF00BF00BF231F1868C0F34E3192
:100F500000BFC0F3C90200BF43F6E07303EA4113C8
:100F60004FF0404404EA82742343904C10342360D1
:100F700000BF00BF131EA2F10102EDD10B1EA1F1B3
:100F80000101E6D100BF00BF00BFBFF34F8F00BF1C
:100F900000BF00BF844B1B6843F48033824C236046
:100FA00000BF00BF00BFBFF34F8F00BF00BF00BF37
:100FB00000BF00BF00BFBFF36F8F00BF00BF00BF07
:100FC00000BFF3F7E7FAFBF719FFFAF786F8F9F72E
:100FD000DBFC1720F3F71EFCF9F7C8FF7448006824
:100FE00000F0010010B10120724908707248714A86
:100FF000127850F8221071A0FDF76EFA6D48007853
:10100000012871D1F9F78AFF72480068006840F042
:1010100001007049096808606FA0FDF75DFA73E090
:101020007148006842F20F7188425ED100BF694882
:101030000068006A41F21111084068B9654800680B
:10104000006A8910084038B962480068006820F0DA
:10105000010060490968086000BF0020624908601B
:1010600062A0FDF739FA6948006869490968B0EB80
:10107000510F10D367A0FDF72FFA64480268644847
:10108000016868A0FDF728FA02204A49087074A098
:10109000FDF722FA39E076A0FDF71EFA002052494A
:1010A00008604C480068006840F001004949096840
:1010B000086076480078401C74490870084601783A
:1010C0000078401C714A1070062907DD0020114687
:1010D00008706FA0FDF700FAF0F702FA00204C4903
:1010E00008604A4908600FE010E049480068401C69
:1010F000474908606D48006900F0010020B9434885
:101100000068401C414908608AE700BF68A0FDF7FD
:10111000E3F92948274A127850F8221027A0FDF752
:10112000DBF9FAF717F86420F2F7CCFCF9F704FCC6
:10113000F9F736FDF9F772FDF9F7CAFEF9F7BAFBD0
:10114000F9F702FDF9F77EFDF9F74CFFF9F70EFC10
:10115000F9F7A8FDF9F7F0FDF9F7D4FDF9F7DEFE90
:101160006FF001001B4909680861002019490968EE
:1011700048621848F7F7DAFCF9F716FE01205149E2
:101180000870C01E5049096808614F48F7F7CEFC47
:101190004EA0FDF7A1F951A0FDF79EF9EFF75CFD18
:1011A00001E0EFF7C3FDFCE714ED00E050EF00E0D5
:1011B000244802584F000024000000242053797373
:1011C00074656D5F5374617465203D202573200D37
:1011D0000A0000006405002420BFAACABCBCC6CA1D
:1011E000B13153200D0A00002414004020BCC6CAAF
:1011F000B13153BDE1CAF8A3ACBFAACABCC5D0B6D1
:10120000CFD0C5BAC5200D0A00000000540000244C
:101210005000002420D0C5BAC5D3D0D0A7200D0AD5
:10122000000000002057616B6575705F7369676E21
:10123000616C5F636E74203D202025640D0A205789
:10124000616B6575705F7369676E616C5F4C6F771A
:101250005F636E74203D202564200D0A00000000AD
:1012600020BBBDD0D1B3C9B9A6200D0A0000000033
:1012700020D0C5BAC5CEDED0A7A3ACD6D8D0C2BFC9
:10128000AACABCBCC6CAFD200D0A00000C0000247E
:1012900020BBBDD0D1CAA7B0DCB6E0B4CEA3ACBCF5
:1012A000CCD0F8D0DDC3DF200D0A000000000258CA
:1012B00020C6E4D3E0CDE2C9E8BFAAC6F4200D0AF7
:1012C0000000000059000024800400240D0A20B30F
:1012D000F5CABCBBAFCDEAB3C90D0A002A2A2A2A37
:1012E000BDF8C8EBD3C3BBA7B3CCD0F22A2A2A2AB5
:1012F0000D0A0D0A0000000030B503460C463AB155
:1013000000BF14F8015B03F8015B551E2A1EF8D1DB
:1013100030BD10B5034600BF03F8011B541E221E4A
:10132000FAD110BD70B504460D460026206BA842C8
:1013300010D0204600F00CFA06465EB96078012312
:101340002A4604F13401FEF711FF10B14FF0FF35CA
:1013500001262563304670BD70B505460C462DED5F
:101360000A8BB0EE408A00EE105AB8EEC00AD4EDF7
:10137000020A20EE800A10EE100AEFF7E1F941ECC4
:10138000100BFDF751FB51EC100BEFF705FA08EECF
:10139000900A00EE105AD4ED020AB8EEC00A20EE10
:1013A000800A10EE100AEFF7CBF941EC100BFDF7B5
:1013B000ABFB51EC100BEFF7EFF90BEE900A94ED4D
:1013C00000CAD4ED01AA2CEE28AA0AEEABAA38EE88
:1013D0004ABA18EE900AEFF7B3F941EC180B1BEE7E
:1013E000100AEFF7ADF99FED1D9B53EC192BEFF7AA
:1013F000A8F853EC182BEFF7A4F841EC180B1CEEEF
:10140000100AEFF79DF953EC182BEEF7F3FFEFF707
:10141000C3F920601BEE900AEFF792F941EC180B2C
:101420001BEE100AEFF78CF953EC192BEFF789F844
:1014300053EC182BEFF785F841EC180B1AEE900AD5
:10144000EFF77EF953EC182BEEF7D4FFEFF7A4F982
:101450006060B0EE4A0ABDEC0A8B70BD7B14AE47EB
:10146000E17A943F10B5044609212046FEF78FFC2F
:10147000617A884201D0002010BD012010BD00001B
:101480002DE9F34F2DED048B83B0A2A0D0E900121B
:1014900080680290CDE900120025DFF88482DFF831
:1014A00084920027A8F10A064FF0010AA9F10A0B5D
:1014B00027E107989B4900EB85042846223194EDEB
:1014C000000AFFF749FFF0EE408A9649284694ED5E
:1014D000000A2E31FFF740FFB0EE409A91492846AE
:1014E00094ED000A3A31FFF737FFB0EE408A8D499C
:1014F000284694ED000A4631FFF72EFFF0EE409AA1
:10150000884AB0EE680A921D111FA1F10B00FEF788
:10151000E1FE844AB0EE490A0E32111FA1F1120019
:10152000FEF7D8FE7F4AB0EE480A1632111FA1F12D
:101530001900FEF7CFFE7B4AB0EE690A1E32111F7A
:10154000A1F12000FEF7C6FE9BF80100022832D16F
:10155000BBF80610481C80B208F80170421C91B21A
:10156000ABF8061008F80070502924D36C496C4879
:101570000A39FEF7F9FB00246BA0315DFCF7ACFFE4
:10158000641C0A2CF8DB66480A38FFF76BFF38B199
:10159000307889F80000707889F801008BF800A095
:1015A000ABF80870ABF8067050215D48EEF7FBFE13
:1015B0003760776037819BF80200022832D1BBF890
:1015C0000600411C89B208F80070481C80B2ABF8D4
:1015D000060008F801A0502824D3514950480A3980
:1015E000FEF7C2FB002450A0315DFCF775FF641CC0
:1015F0000A2CF8DB4A480A38FFF734FF38B1307854
:1016000089F80000707889F801008BF800A0ABF829
:101610000870ABF8067050214148EEF7C4FE376001
:10162000776037819BF80300022832D1BBF80600AF
:10163000411C89B208F800A0481C80B2ABF8060033
:1016400008F80170502824D3354935480A39FEF787
:101650008BFB002434A0315DFCF73EFF641C0A2C98
:10166000F8DB2F480A38FFF7FDFE38B1307889F8EB
:101670000000707889F801008BF800A0ABF80870C2
:10168000ABF8067050212648EEF78DFE3760776084
:1016900037819BF80400022832D1BBF80610481CA1
:1016A00080B208F801A0411C89B2ABF8061008F816
:1016B00000A0502924D31A4919480A39FEF754FBCF
:1016C000002419A0315DFCF707FF641C0A2CF8DB2D
:1016D00013480A38FFF7C6FE38B1307889F80000A1
:1016E000707889F801008BF800A0ABF80870ABF8AF
:1016F000067050210A48EEF756FE37607760378152
:101700006D1C08988542FFF6D4AE03B0BDEC048B87
:10171000BDE8FC8F1B1B1B1B1B1B1B1B1B1B00008B
:10172000AA1E00248E0100242558000000F8011B89
:10173000090A00F8011B090A00F8011B090A00F850
:10174000011B704700F8011B091200F8011B7047CC
:101750002DE9F04104460027E078F8B1256B607868
:1017600001232A4604F13401FEF726FD08B10127C2
:1017700014E00020E070606A281AE16988420DD206
:10178000A67809E0E0690544607801232A4604F15F
:101790003401FEF711FD761E022EF3D23846BDE865
:1017A000F0810000C9C6000821C9000855C700081B
:1017B0002DC90008E9C6000800061016000610161C
:1017C000010002000400060008000A000C001000DE
:1017D000200040008000000101010103070100001A
:1017E00008040204080101010000000001020304D2
:1017F0000102030406070809809A45418E418F8043
:101800004545454949498E8F9092924F994F55557C
:1018100059999A9B9C9D9E9F41494F55A5A5A6A766
:10182000A8A9AAABACADAEAFB0B1B2B3B4B5B6B7C0
:10183000B8B9BABBBCBDBEBFC0C1C2C3C4C5C6C7B0
:10184000C8C9CACBCCCDCECFD0D1D2D3D4D5D6D7A0
:10185000D8D9DADBDCDDDEDFE0E1E2E3E4E5E6E790
:10186000E8E9EAEBECEDEEEFF0F1F2F3F4F5F6F780
:10187000F8F9FAFBFCFDFEFF01030507090E101243
:101880001416181C1E000100040010004000000186
:101890000002000001000200040008001000200007
:1018A0000000000014343A12D9210000DF2E671026
:1018B000771E00009C2AE90EB21B00000F27AB0D1B
:1018C000631900000D249D0C6F17000014343405BB
:1018D000D9210000DF2EAF042F2A00009C2A4104EA
:1018E0005A2600000F27E703272300000D249A0340
:1018F00072200000143499027A310000DF2E570262
:10190000872C00009C2A20027B2800000F27F3016F
:101910001B2500000D249A037220000032300000C5
:1019200000000000000000000000000000000000B7
:1019300000000000000000000000000000000000A7
:101940000000000000000000000000000000000097
:101950004FBB610567ACDD3F182D4454FB21E93FC7
:101960009BF681D20B73EF3F182D4454FB21F93FB6
:10197000E2652F227F2B7A3C075C143326A6813C3C
:10198000BDCBF07A8807703C075C143326A6913CE7
:10199000C4EB98999999C9BF711623FEC671BCBF53
:1019A0006D9A74AFF2B0B3BF9AFDDE522DDEADBFBB
:1019B0002F6C6A2C44B4A2BF0D5555555555D53FD3
:1019C000FF8300922449C23F6E204CC5CD45B73FEE
:1019D000513DD0A0660DB13FEB0D76244B7BA93F66
:1019E00011DA22E33AAD903F4C5555555555A53F78
:1019F0007751C1166CC156BF9015CB19A001FA3EA4
:101A0000AD529C804F7E92BEC4B1B4BD9EEE213ECD
:101A1000D43888BEE9FAA8BD00000000000000002C
:101A200000004054FB21F93F3163621A61B4D03D9C
:101A30000000601A61B4D03D7370032E8A19A33B75
:101A40000000002E8A19A33BC14920259A837B39C7
:101A500000000000000000006E83F9A22915444E2A
:101A6000D15727FCC0DD34F5999562DB4190433CAA
:101A7000AB6351FE61C5BBDE3A6E24B7E0D24D4286
:101A8000EA2E49061C92D1091CEB1DFE3EA729B186
:101A9000F53582E88444BB2E26709CE9417E5FB414
:101AA00039D69139F43953838B5F849C3B28F9BD37
:101AB000FF97F81F0F9805DE8B112FEF1F6D0A5A45
:101AC000CF7E366DB709CB27663F464F2DEA5F9E26
:101AD000C7BA27757BF1E5EBF739073DEA92528AE1
:101AE000B15FFB6B085D8D1FA6F810111111813FCE
:101AF000D561C119A0012ABF7DFEB157E31DC73EC4
:101B0000EB9C2B8AE6E55ABE7CD5CF5A3AD9E53D07
:101B100057616B655F576F726B0000004E6F726D9F
:101B2000616C000057616B655F55700046525F54F1
:101B30004F4F5F4D414E595F4F50454E5F46494CA8
:101B40004553A3BAB5B1C7B0B4F2BFAAB5C4CEC4A9
:101B5000BCFECAFDB4F3D3DA5F46535F534841522B
:101B60004500000046525F57524954455F50524F5E
:101B7000544543544544A3BACEEFC0EDC7FDB6AFBC
:101B8000B1BBD0B4B1A3BBA40000000046525F4F6C
:101B90004BA3BAB3C9B9A60046525F494E56414C51
:101BA00049445F4452495645A3BAC2DFBCADC7FDA4
:101BB000B6AFBAC5CEDED0A70000000046525F49DE
:101BC0004E56414C49445F4F424A454354A3BACE16
:101BD000C4BCFEBBF2D5DFC4BFC2BCB6D4CFF3CE0B
:101BE000DED0A70046525F494E56414C49445F50F3
:101BF0004152414D45544552A3BAB2CECAFDCEDE44
:101C0000D0A7000046525F4D4B46535F41424F52B2
:101C1000544544A3BAD3C9D3DAB2CECAFDB4EDCE8B
:101C2000F3665F6D6B66732829B1BBD6D5D6B90054
:101C300046525F54494D454F5554A3BAD4DAB9E6DC
:101C4000B6A8B5C4CAB1BCE4C4DACEDEB7A8BBF14D
:101C5000B5C3B7C3CECABEEDB5C4D0EDBFC9000091
:101C600046525F4558495354A3BACEC4BCFED2D1A4
:101C7000BEADB4E6D4DA000046525F4E4F5F50412D
:101C80005448A3BAC2B7BEB6B2BBB4E6D4DA0000B9
:101C900046525F4E4F5F46494C45A3BACEC4BCFE88
:101CA000B2BBB4E6D4DA000046525F494E545F45F9
:101CB0005252A3BAB6CFD1D4CAA7B0DC00000000FC
:101CC00046525F4E4F5F46494C4553595354454D1C
:101CD000A3BAC3BBD3D0D3D0D0A7B5C4464154BE5A
:101CE000ED00000046525F4449534B5F455252A3FA
:101CF000BAB5D7B2E3D3B2BCFEB4EDCEF300000068
:101D000046525F4E4F545F5245414459A3BACEEFFD
:101D1000C0EDC7FDB6AFC3BBD3D0B9A4D7F70000A1
:101D200046525F44454E494544A3BAD3C9D3DABDB0
:101D3000FBD6B9B7C3CECABBF2D5DFC4BFC2BCD2D3
:101D4000D1C2FAB7C3CECAB1BBBEDCBEF800000038
:101D500046525F4C4F434B4544A3BAD3C9D3DACE66
:101D6000C4BCFEB9B2CFEDB2DFC2D4B2D9D7F7B19D
:101D7000BBBEDCBEF800000046525F4E4F545F45CC
:101D80004E41424C4544A3BABEEDD6D0CEDEB9A4F6
:101D9000D7F7C7F80000000046525F4E4F545F452A
:101DA0004E4F5547485F434F5245A3BACEDEB7A8C2
:101DB000B7D6C5E4B3A4CEC4BCFEC3FBB9A4D7F761
:101DC000C7F8000046525F494E56414C49445F4EA9
:101DD000414D45A3BACEDED0A7CEC4BCFEC3FB00A6
:101DE000001E010800000024E8010000D6090008D8
:101DF000B41E0108E8010024183D000018F4000892
:101E00001E1C1B010824041A1004410217016A1049
:101E10001C3C90D0030471E94001140A1111010126
:101E20001C091F540C1AA0A0A0281A8C101EE41C18
:101E30000108A804111D1D010890081A78041AC48D
:101E40000C1A20041A600C1ABC241A64041A980490
:101E50001A78141AC0141A04041A30041A50101AEA
:101E600098042A2C4819041E54686973200310171B
:101E70006E65772068617665205344202B2066616B
:101E80007466732E0D0A05152E646174D80A5253B8
:101E9000323332207465731F091FE0012385939F3D
:101EA000673F7CFDAD800C7C2F8C8D0C7C626A9A28
:041EB0000C00000022
:040000050800029954
:00000001FF
