:020000040800F2
:10000000283E0024AD020008777C000875700008C7
:10001000757C0008710D0008CF9F000800000000EB
:100020000000000000000000000000000593000830
:100030005911000800000000797C0008AD93000809
:10004000C7020008C7020008C7020008C70200086C
:10005000C7020008C7020008C7020008C70200085C
:10006000C7020008C7020008C7020008C50E000842
:10007000C7020008C7020008C7020008C70200083C
:10008000C7020008C7020008C7020008C70200082C
:10009000C7020008C7020008C7020008991100083B
:1000A000C7020008C7020008C7020008C70200080C
:1000B00045950008C7020008C7020008C7020008EB
:1000C000C7020008C7020008C7020008E191000843
:1000D000C7020008C7020008C7020008C7020008DC
:1000E000C7020008C702000800000000C70200089D
:1000F0005D950008C7020008C7020008C702000893
:10010000C702000825810008C7020008C7020008CE
:10011000C7020008C7020008C7020008519500087E
:10012000C7020008C7020008C7020008C70200088B
:10013000C7020008C7020008C7020008C70200087B
:1001400000000000000000000000000000000000AF
:10015000C7020008C7020008C7020008C70200085B
:10016000C7020008C7020008C7020008C70200084B
:10017000C7020008C7020008C7020008C70200083B
:10018000C7020008C7020008C7020008C70200082B
:10019000C7020008C7020008C7020008C70200081B
:1001A000C7020008C7020008C7020008C70200080B
:1001B000C7020008C7020008C7020008C7020008FB
:1001C000C7020008C7020008C7020008C7020008EB
:1001D000C7020008C7020008C7020008C7020008DB
:1001E000C7020008C7020008C7020008C7020008CB
:1001F000C7020008C7020008C7020008C7020008BB
:10020000C7020008C7020008C7020008C7020008AA
:10021000C7020008C7020008C7020008C70200089A
:10022000C7020008C7020008C7020008000000005B
:10023000C7020008C702000800000000C70200084B
:10024000C7020008C7020008C7020008C70200086A
:10025000C7020008C7020008C7020008C70200085A
:10026000C7020008C7020008C7020008C70200084A
:10027000C7020008C7020008C7020008000000000B
:10028000C7020008C7020008C702000800000000FB
:1002900000000000C7020008DFF80CD000F06AFB85
:1002A00000480047D9D10008283E0024064880476E
:1002B00006480047FEE7FEE7FEE7FEE7FEE7FEE74B
:1002C000FEE7FEE7FEE7FEE76994000899020008F2
:1002D0002DE9F05F0546002092469B46884606467B
:1002E000814640241BE0284641464746224600F00E
:1002F00085FA53465A46C01A914110D31146184602
:10030000224600F016F82D1A67EB01084F462246E8
:100310000120002100F00DF817EB00094E41201ECE
:10032000A4F10104DFDC484631462A464346BDE8D5
:10033000F09F202A04DB203A00FA02F100207047E7
:100340009140C2F1200320FA03F319439040704713
:10035000202A06DBCB17203A41FA02F043EAE07389
:1003600006E041FA02F3D040C2F120029140084376
:100370001946704740EA01039B0703D009E008C90A
:10038000121F08C0042AFAD203E011F8013B00F85A
:10039000013B521EF9D27047D2B201E000F8012BA6
:1003A000491EFBD270470022F6E710B513460A46F5
:1003B00004461946FFF7F0FF204610BD421E12F812
:1003C000013F002BFBD111F8013B02F8013B002B50
:1003D000F9D17047421C10F8011B0029FBD1801A8B
:1003E0007047034611F8012B00F8012B002AF9D1C0
:1003F000184670472DE9FE4F804681EA0300C00F82
:100400000C46009021F0004123F00045B8EB0200BB
:10041000A94105D24046214690461C460B4602465D
:1004200023F00040104347D0270DC7F30A00C3F361
:100430000A510290401A019040286BDAC3F313006E
:1004400040F4801B0098924620B10023D2EB030AAF
:1004500063EB0B0B01985946C0F140025046FFF781
:1004600068FF06460D4650465946019AFFF770FF51
:1004700010EB08006141002487EA115284EAE77317
:100480001A4340D0009A62B3019A012A4FEA0752F8
:1004900015DC001B61EB02014FF0004202EA07523B
:1004A000CDE90042001C41F5801132462B4600F098
:1004B000FBF903B0BDE8F08F40462146F9E7001B89
:1004C00061EB0201001C41F5801300185B4120180C
:1004D000A2F5001747EB030140EAD570B6196D414C
:1004E00011E06D084FEA360645EAC0754FEA07523B
:1004F000001B61EB0201001C41F5801149084FEA25
:1005000030000019514132462B4603B0BDE8F04F90
:1005100000F0BBB90098012240000023D0EB02029A
:1005200063EBE073009821464FEAE074B8EB0000FB
:1005300061EB0401E9E783F000435BE781F00041F0
:1005400058E72DE9FE4F81EA030404F0004421F04E
:10055000004100944FF0000B23F0004350EA0104E7
:100560005ED052EA03045BD0C3F30A54C1F30A55C8
:100570002C44A4F2F3340194A0FB0254C1F3130100
:1005800041F48011C3F3130343F4801301FB0244CD
:1005900000FB034E840A970A44EA815447EA8357D2
:1005A000A4FB076802958D0A05FB07854FEA932C8B
:1005B00004FB0C542705029D4FEA065847EA1637FC
:1005C000B5EB08056EEB070C870E920E47EA811714
:1005D00042EA8312A7FB0201B6EB0B0164EB0004B5
:1005E0002B0D43EA0C335E1844EB1C50DA4651469F
:1005F000E7FB0201C5F313044FEA0B3343EA14533C
:100600004FEA0432019C43EA0603A4F10C0402946D
:10061000009CCDE900B400F047F903B0BDE8F08FCD
:1006200000200146F9E72DE9F04D81EA030404F0CA
:10063000004B21F0004514464FF0000A23F0004122
:1006400050EA050220D054EA01021DD0C5F30A5732
:100650000246C5F31303C1F31300C1F30A5640F475
:10066000801543F48013A7EB0608101BD64608F24A
:10067000FD3873EB050002D308F1010801E0921880
:100680005B41B8F1000F03DA00200146BDE8F08DB0
:1006900000204FF48011064684460EE0171B73EBD2
:1006A000050705D3121B63EB050306434CEA010C57
:1006B00049084FEA300092185B4150EA0107EDD13A
:1006C00052EA030012D082EA040083EA05010843DB
:1006D00005D0101BAB4106D20122002306E0002208
:1006E0004FF0004302E06FF0010253101AEB0600D6
:1006F0004CEB085110EB0A0041EB0B01BDE8F04D4B
:1007000000F0C3B80EB5C10F80EAE0700844CA0714
:10071000002140F233438DE80E000A460B4600F0FC
:10072000C3F803B000BD0EB540F233410291002181
:10073000CDE900110A460B4600F0B6F803B000BD43
:1007400000F0004230F000400AD0C10D01F56071A8
:10075000C0F3160042EA0151C20840071143704736
:10076000002001467047000030B5041E71F10004FE
:1007700004DB4FF00044404264EB0101141E73F1AE
:10078000000405DB1C464FF00043524263EB0403B8
:10079000994208BF904230BD01F0004330B421F0CF
:1007A000004150EA010206D00A0DA2F56072C1F3C1
:1007B0001301002A02DC30BC00207047440F44EAD9
:1007C000C104C100E01830BC00EBC25000F026B8F4
:1007D00030B50B46014600202022012409E021FA11
:1007E00002F59D4205D303FA02F5491B04FA02F50E
:1007F0002844151EA2F10102F1DC30BD202A04DBE1
:10080000203A21FA02F00021704721FA02F3D04089
:10081000C2F1200291400843194670470029A8BF41
:100820007047401C490008BF20F00100704710B419
:10083000B0FA80FC00FA0CF050EA010404BF10BCCE
:10084000704749B1CCF1200421FA04F411FA0CF1FB
:1008500018BF012121430843A3EB0C01CB1D4FEA34
:1008600000614FEA102042BF002010BC704700EB2F
:10087000C35010440029A4BF10BC7047401C49005D
:1008800008BF20F0010010BC704710B5141E73F1B2
:10089000000408DA401C41F1000192185B411A4340
:1008A00001D120F0010010BD2DE9F04D92469B468C
:1008B00011B1B1FA81F202E0B0FA80F22032904632
:1008C000FFF737FD04460F4640EA0A0041EA0B01F4
:1008D00053465A46084313D0114653EA010019D033
:1008E000C8F140025046FFF789FF05460E465046C4
:1008F00059464246FFF71DFD084305D0012004E09C
:1009000020463946BDE8F08D0020054346EAE076F2
:100910002C4337430A986305E40AA0EB0800002241
:10092000FD0A44EA47540A3002D500200146E9E7AF
:10093000010510196941DDE9084500196941BDE863
:10094000F04DA2E7C1F30A52C1F3130140F2FF33A5
:1009500041F480119A4202DA00200146704740F2C9
:1009600033439A42A2F2334202DC5242FFF746BFBF
:10097000FFF7DFBC064C074D06E0E06840F00103DE
:1009800094E8070098471034AC42F6D3FFF788FC90
:10099000C8E60008E8E6000870B5C1F30A5201F0A5
:1009A00000450024C1F3130140F2FF3341F48011EC
:1009B0009A4201DA002070BD40F233439A42A2F21B
:1009C000334203DC5242FFF719FF00E090402C4312
:1009D000F1D0404270BD70B58C1810F8015B15F075
:1009E000070301D110F8013B2A1106D110F8012BA1
:1009F00003E010F8016B01F8016B5B1EF9D12B07C6
:100A000005D40023521E0DD401F8013BFAE710F87B
:100A1000013BCB1A921C03E013F8015B01F8015B68
:100A2000521EF9D5A142D8D3002070BD70B53A4905
:100A300005460068884202D0384A904202D1D1F877
:100A4000080302E03648D0F8080310F4403F11D004
:100A500003F002FF04466868B0F5803F06D0B0F5A9
:100A6000003F03D0B0F5403F26D101E0000C17E075
:100A7000A40821E04FF4002003F020F80446686841
:100A80008103890B18D181140C2915D2DFE801F0FC
:100A9000140606060606060B0D0F1113800C400007
:100AA000B4FBF0F408E0240906E0640904E0A409BA
:100AB00002E0E40900E0240A02F0DAF941F203015D
:100AC000884208D8174884422868816813D821F4DE
:100AD0008071816070BD14496008884204D828681C
:100AE000816821F44071F4E71049884206D82868EB
:100AF000816821F4407141F48071EAE70C49884231
:100B00002868816804D821F4407141F40071E0E75D
:100B100041F44071DDE70000002002400021024066
:100B200000600258002D3101105E5F0020BCBE0045
:100B300040787D0170B504460068816811F0010FAE
:100B400040D18168204A11422DD18168D543294086
:100B5000491C816002F092F91C49064620681C4B32
:100B6000884201D0984201D11A4A00E01A4A92689C
:100B7000984202F01F0200D0014681421DD0E2B12E
:100B800020E0816811F0010F03D181682940491CE0
:100B9000816002F073F9801B02280ED9206800687A
:100BA000C043C00709D0606D40F010006065A06DC3
:100BB00040F00100A065012070BD20680168C943B4
:100BC000C907DED1002070BD3F0000800020024038
:100BD00000210240002302400063025810B5234860
:100BE00000224FF4004102F03EF907F0BBF9204823
:100BF00000F0C4FF1E48FF2100F02EFF092007F07F
:100C000059FA10EE100AFFF79BFD41EC100B19A0EA
:100C100053EC102B09F0DCF906F0B0FC1A4801681F
:100C20006FF001000861184805F0C6FC07F0BEF936
:100C300000F042FB1548807808B900F09BF800F0FE
:100C4000FBFA134C00220421204602F00CF900228A
:100C50002046022102F007F900222046012102F07D
:100C600002F9BDE810400AF03BBB0000000C02583E
:100C70005C010024B5E7B3D8B5E7D1B9203D202504
:100C8000302E3366560D0A00700500244000002403
:100C90000004025808F086B810B5044801248021E9
:100CA00002F0D4F800B10024204610BD000C025818
:100CB0000146014804F004BB78020024044810B542
:100CC00004F010FB042801D0012010BD002010BD4D
:100CD0007802002410B500F015F8012801D0022098
:100CE00010BD074804F09AFC040006D104484FF4F4
:100CF000804104F02FF900B10124204610BD00000E
:100D00007802002408B501208DF80000FFF7C4FF29
:100D100010B900208DF800009DF8000008BD00000B
:100D200013460A4610B500240146034804F084FD2A
:100D300000B10124204610BD7802002401490120A1
:100D4000886070471000002413460A4610B500243E
:100D50000146034804F0E4FD00B10124204610BD23
:100D600078020024014901204860704710000024E7
:100D7000FEE7000038B51D4901221D480BF0D8FBE5
:100D80001C4C0D280146607008D0002928D01AA0FC
:100D900009F01EF921A009F01BF9FEE728A009F0CF
:100DA00017F94FF400700090304B00220F480221D9
:100DB0000BF012F9607018B12DA009F009F9FEE7E7
:100DC00031A009F005F90122002037A10BF0B0FB9A
:100DD00060700122064834A10BF0AAFB607038BD98
:100DE000BDE8384031A009F0F3B800001D00002430
:100DF0002C12002480000024A3A1A3A15344BFA867
:100E0000B9D2D4D8CEC4BCFECFB5CDB3CAA7B0DC5E
:100E1000A1A3282564290D0A00000000A3A1A3A115
:100E2000BFC9C4DCD4ADD2F2A3BA5344BFA8B3F552
:100E3000CABCBBAFB2BBB3C9B9A6A1A30D0A00001F
:100E4000A1B75344BFA8BBB9C3BBD3D0CEC4BCFE6B
:100E5000CFB5CDB3A3ACBCB4BDABBDF8D0D0B8F169
:100E6000CABDBBAF2E2E2E0D0A0000002C10002490
:100E7000A1B6A1B6B8F1CABDBBAFCAA7B0DCA1A3E9
:100E8000A1B7A1B70D0A0000A1B75344BFA8D2D1A2
:100E9000B3C9B9A6B8F1CABDBBAFCEC4BCFECFB50D
:100EA000CDB3A1A30D0A0000303A0000466174667C
:100EB00073206D6F756E74207375636365737365EE
:100EC000640D0A00014801F01FB800007C030024F3
:100ED000294A016891423AD0274A1832914236D0C5
:100EE000254A3032914232D0234A483291422ED0A4
:100EF000214A603291422AD01F4A7832914226D04C
:100F00001D4A9032914222D01B4AA83291421ED0F3
:100F10001A4A91421BD0194A1832914217D0174AE7
:100F20003032914213D0154A483291420FD0134AC1
:100F3000603291420BD0114A7832914207D00F4A69
:100F40009032914203D00D4AA832914211D1CAB2D7
:100F50001823103AB2FBF3F26FF30901032A02F0EF
:100F60000703074AD25CC26500D9091D816508469E
:100F7000704721F0FF01F9E7100002401004024021
:100F8000F0DD000830B5224A012301689142CAB25F
:100F90001BD01F4C1434A14217D01D4C2834A14241
:100FA00013D01B4C3C34A1420FD0194C5034A142F9
:100FB0000BD0174C6434A14207D0154C7834A142B1
:100FC00003D0134C8C34A1420CD11421114C083A9B
:100FD000B2FBF1F10F4A803201F01F0504EB8101F1
:100FE000AB4010E00C4D1824103A0D44B2FBF4F164
:100FF000A82D00D80831094A01F01F0402EB810135
:10100000064AA3408032603080E80E0030BD000008
:101010000854025800580258F0FBFDBF0008024077
:1010200010B50279531E072B2DD8174C0168A14229
:101030001BD0154C1434A14217D0134C2834A142B4
:1010400013D0114C3C34A1420FD00F4C5034A1426C
:101050000BD00D4C6434A14207D00B4C7834A14224
:1010600003D0094C8C34A14203D10849074C4431C8
:1010700002E00749064C443104EB8202C0E91B211F
:1010800001219940416710BD08540258FC5802588C
:10109000FC08024010B583694FF0C074826A0146B3
:1010A000002053B1B3F5005F15D072B1012A0CD006
:1010B000022A0AD0032A09D104E01AB1012A06D073
:1010C000022A03D1C96AC90100D5012010BDC96A2D
:1010D000A142FAD010BD002AF7D0012AF2D0022A8C
:1010E000F3D0032AF3D010BD2DE9F041174D0022B3
:1010F00001210446284601F0B6FE154F4FF48076D4
:1011000000223146384601F0AEFE012001F052FCCB
:1011100001222846114601F0A6FE00BF08F032F970
:1011200020460AF019FE08F019F90AF0DDFD094C15
:1011300000220121E070284601F095FE0022314690
:10114000384601F090FEE078BDE8F08100100258CA
:101150000004025818010024704700000D490022C5
:101160000B685A620A68136843F001031360096848
:101170004A6A8242FCD3086A41F21112104207D136
:10118000086A9210104203D1086820F0010008603C
:10119000704700008C040024202001F035BD0000C1
:1011A00010B506F08DFD08A008F012FF0E4801688A
:1011B00041F00101016040F2011002F061FABDE866
:1011C000104002F069BA00000D0A202A2A2A2A20BB
:1011D000BDF8C8EBB4FDBBFAC4A3CABD202A2A2AB5
:1011E0002A200D0A000000002048025872B6FEE7CF
:1011F000002200F001B800000E4B70B505465C7A85
:101200000120002C14D15E7A03F108009C555E7A0F
:1012100003EB860675605D7A2A54587A421C5A722E
:101220003A232F22303008704B7020468A70CC70E1
:1012300070BD00000009002410B50EA008F0C8FE23
:101240001149012211480BF073F9114C04F11401FA
:10125000607051F820100FA008F0BAFE60780028E6
:1012600006D010A008F0B4FEBDE81040FFF7BEBFE6
:1012700010BD00000D0ACEC4BCFECFB5CDB3B3F592
:10128000CABCBBAF0D0A00001D0000242C120024B4
:1012900080000024B9D2D4D8CFB5CDB32025732097
:1012A0000D0A0000665F6D6F756E74206572726F57
:1012B00072200D0A0000000070B58AB02421684633
:1012C000FFF771F81D4803F009FF1C4804F0A6F968
:1012D00020B11BA008F07CFEFFF788FF1DA008F0DE
:1012E00077FE21A008F074FE1448694603F0E8FF79
:1012F00008B1FFF77BFFDDE906460099A00A450229
:101300001EA008F065FE019920A008F061FE029978
:1013100024A008F05DFE039926A008F059FE2AA03B
:10132000214608F055FE2EA0314608F051FE290D49
:1013300031A008F04DFE0AB070BD00007802002414
:10134000205344BFA8B3F5CABCBBAFCAA7B0DC0DDD
:101350000A0000000D0A5344BFA8B3F5CABCBBAFD6
:10136000B3C9B9A60D0A0000D0C5CFA2B4F2D3A16B
:10137000C8E7CFC2A3BA0D0A000000002043617283
:101380006420547970653A25640D0A002043617227
:1013900064204361726456657273696F6E3A2564A6
:1013A0000D0A000020436C617373203A25640D0A16
:1013B000000000002052656C436172644164642047
:1013C0003A25640D0A000000204C6F67426C6F6381
:1013D0006B4E756D626572203A25640D0A0000003F
:1013E000204C6F67426C6F636B53697A65203A25B6
:1013F00064427974650D0A00204361706163697409
:1014000079203A256447420D0A0000002DE9F84F83
:101410004FF0000B0446E54E0D46CDF800B05F4698
:1014200090F85000DFF888A3012808D04FF0010998
:1014300084F85090206806F004F818B169E10220A1
:10144000BDE8F88F21682868CA69030328D090FA9C
:10145000A0F0B0FA80F000BF00F01F0309FA03F01B
:101460000243CA61D5E900124FF00C0C20681F231B
:10147000C1F384610CEA921C02F01F0260449340A5
:101480009140026B9A430A430263206805F0D9FF3A
:101490008046206805F0D1FF58EA000003D07FE0C5
:1014A000C0F38460D8E72068AA68296805F0D5FFF2
:1014B000C0490968B9EB117F06D121686869C9681C
:1014C000C1F38201490008E02068C168C906C1680B
:1014D0006869F5D501F01001490888402969042997
:1014E0002ED022682B6802EB810103F0F8420B6ECC
:1014F000024303F0004010430866697E22682869B1
:10150000012917D05FF0000102EB8000026E22F08B
:1015100000420A430266287E21682A6901280CD00D
:1015200000200B6902F01F02904023F4F0420243B6
:101530000A6135E04FF00041E6E74FF40060F0E764
:1015400020682978026E02F0F842B2EB816F03D175
:10155000016E21F00041016620682978426E02F098
:10156000F842B2EB816F03D1416E21F00041416638
:1015700020682978826E02F0F842B2EB816F03D1C5
:10158000816E21F00041816620682978C26E02F0E8
:10159000F842B2EB816F03D1C16E21F00041C16608
:1015A0002068816811F0010F76D150F8C02F95F8AE
:1015B0000CC0814B29680CF0180C23FA0CF3C1F312
:1015C00013080B4022EA08021A4302607B48E968CC
:1015D000814277D1286801031BD090FAA0F1B1FABB
:1015E00081F1491C01F01F0109294FEA003131D86E
:1015F000002911D090FAA0F1B1FA81F101F10101B5
:1016000001F01F0109FA01F209D100BFC0F38461A2
:1016100009E0C0F38461E4E7C0F38461EEE790FA87
:10162000A0F1B1FA81F101F1010101F01F0142EADB
:10163000816102D1C0F3846003E090FAA0F0B0FAB7
:1016400080F000F1010000F01F0000EB400041EAD3
:10165000005133E000290ED090FAA0F1B1FA81F1E7
:1016600001F1010101F01F0109FA01F206D100BFE9
:10167000C0F3846106E0C0F38461F1E790FAA0F161
:10168000B1FA81F101F1010101F01F0142EA81612A
:1016900003D1C0F3846004E040E090FAA0F0B0FA17
:1016A00080F0474A00F1010000F01F0000EB40000D
:1016B00002EB005041EA000141F00071AA68206885
:1016C00005F0CBFED5F800C0BCF1000F26DA3D4B8B
:1016D00020683D49DFF8F490984201D0B04201D132
:1016E0000A4600E04A469268984202F0E07201D051
:1016F000B04209D19D68D6F8088005F0010508F0D0
:10170000010845EA080503E0DAF8085005F001058C
:1017100045B1606D012740F020006065384684F8CF
:1017200050B08DE62A4DAC451CD115021AD4504557
:10173000F4D1984202D0B04200D049468B6842F4BE
:10174000000023F0E07202438A60234921480968BF
:10175000B1FBF0F04000801C00E0401E009000282B
:10176000FBD1DBE71D4DAC450CD1D5010AD450456A
:10177000D4D1984202D0B04200D049468B6842F0A2
:1017800080700EE0164DAC45C8D15502C6D4504508
:10179000C4D1984202D0B04200D049468B6842F48E
:1017A000800023F0E07202438A60B7E70021024024
:1017B000006002580010005CFFFF0F000000FF47B0
:1017C000000020FE00200240002302400063025877
:1017D000000084CB400D030030000024000052C7FD
:1017E0000000B8CF0068006C70470000F8B54FF0FB
:1017F000000604003546009602D0606D10B107E087
:101800000120F8BD204600F005F9A66584F8506077
:1018100020688168C1F3407119B18168704A114034
:10182000816020688168C1F3007181B981686D4A67
:10183000114041F0805181606C496B480968B1FBEF
:10184000F0F0401C00E0401E00900028FBD1206812
:101850008168C1F3007141B9616D012541F010014A
:101860006165A16D41F00101A16505F0EAFD616DC1
:10187000C90600D420B1606D012540F0100093E04E
:10188000606D20F4807040F002006065206881681F
:1018900011F0010F1FD1564A564B904201D0984289
:1018A00007D191689E6801F0010106F001063143FD
:1018B00003E05149896801F0010161B9904201D00A
:1018C000984201D14D4800E04D488268616822F499
:1018D0007C120A43826001F0CBFA41F20301884294
:1018E00002D9A06810280CD0617D227FA368206BEC
:1018F000490341EA024118430843217F01290CD0E2
:1019000010E0607D227F216B400340EA024241F0FB
:101910001000104340F00C00EFE7218C394A02EB35
:1019200041410843616A29B1A26A01F47871014317
:1019300042EA01002168344BCA681A400243CA6077
:10194000206805F07EFD0646206805F076FD3043F0
:101950001DD1216844F20303267DE26AC86842EA89
:10196000863298431043C86094F8380001281ED08E
:101970002068016921F0010101612068626B016941
:1019800021F07041114301612046FFF74FF8E068F4
:10199000012820681CD0016B21F00F010163606DEC
:1019A00020F0020040F0010060652846F8BD206884
:1019B000A28F164FD4E9101C154E07EB0247A36CFB
:1019C000026941EA0C013B43324019431143D3E71A
:1019D000A269016B521E21F00F011143DEE70000E6
:1019E000C0FFFF5FC0FFFF7F400D030030000024F9
:1019F0000020024000210240006002580023024003
:101A0000006302580000FEFF03C0F0FF0100FFFF6B
:101A10001EF800FC006882B00D49884216D10D48BE
:101A2000016841F080710160016801F080710091EE
:101A3000016841F004010160006800F004000090BA
:101A40004FF0006002B0014604F0C4BC02B0704721
:101A500000600258E04402582DE9F047434D044627
:101A6000006888464249434BA842DFF80C9101D0F8
:101A7000484501D10A4600E01A46926802F01F0666
:101A80002269082A14D0AEB1052E13D0092E11D028
:101A9000A84202D0484500D01946886800F440406A
:101AA00058B1606D40F0200060650120BDE8F0870E
:101AB000082703E0C068C007F2E7042701F0DEF959
:101AC000824618E0B8F1FF3F15D001F0D7F9A0EB3E
:101AD0000A01414502D8B8F1000F0CD12068006816
:101AE000384208D1606D002184F8501040F00400A5
:101AF00060650320DAE7206800683842E2D0606D54
:101B000040F400706065206805F09FFC80B1607D46
:101B100070B92068006800070AD5606D20F48070F5
:101B20006065606DC00403D4606D40F001006065C5
:101B30002068484501D12A4600E00246824210D082
:101B40007EB1052E0DD0092E0BD0484500D005469C
:101B5000E968082F07D0490401D40C210160002056
:101B6000A4E7C168F5E70821F8E70000002002407B
:101B70000023024000630258002102402DE9F04199
:101B80003B4D044600683B4FA84201D0B84201D10A
:101B9000394900E03949896801F01F0605F051FC18
:101BA00018B102210846BDE8F08194F850000128E0
:101BB0000CD0012084F850002046FEF7BBFF010046
:101BC0004FF0000204D084F85020EBE70220EAE74F
:101BD000636D40F6016C206823EA0C03B84243F4BD
:101BE0008073636501D12B4600E00346834200D039
:101BF0001EB9636D23F480136365636DDB0404D544
:101C0000A36D23F00603A36500E0A2651C23036017
:101C100084F850202068B84201D12A4600E00246EC
:101C2000824215D0A6B1052E12D0092E10D0626DB9
:101C3000B84242F48012626500D00546E86880012F
:101C4000B0D5606D20F4005040F480506065A9E785
:101C5000C268920105D5626D22F4005242F48052AE
:101C600062658268064B1A40121D82609AE7000086
:101C7000002002400021024000230240006302587D
:101C8000C0FFFF7F2DE9F05F28B190F835100229E1
:101C900004D0802141650120BDE8F09F904C904B1D
:101CA0000168183C18338E4ADFF83C92A1428D4CF3
:101CB000DFF838E28E4FDFF83CB2DFF83CA28F4D00
:101CC0008F4E31D091422FD099422DD0A1422BD0AE
:101CD000494529D0714527D0B94225D0DFF810C237
:101CE0000CF1180C61451FD0DFF808C2ACF1600C94
:101CF000614519D0DFF8FCC1ACF1480C614513D047
:101D0000DFF8F0C1ACF1300C61450DD0DFF8E4C173
:101D1000ACF1180C614507D0594505D0514503D0A9
:101D2000A94201D0B1422CD1DFF8B4C14FF0040870
:101D300080F83580ACF1180C61451DD091421BD064
:101D4000994219D0A14217D0494515D0714513D0F9
:101D5000B94211D06648183081420DD065486038CC
:101D6000814209D063484838814205D06148303803
:101D7000814201D05F481838086820F001000860EF
:101D8000ABE0D1F800C02CF00E08DFF854C1C1F868
:101D90000080ACF1180C0168614527D0914225D034
:101DA000994223D0A14221D049451FD071451DD071
:101DB000B9421BD0DFF838C10CF1180C614515D0C1
:101DC000DFF830C1ACF1600C61450FD0DFF824C101
:101DD000ACF1480C614509D0DFF818C1ACF1300C0A
:101DE000614503D0DFF80CC1ACF1180CD1F800C08C
:101DF0002CF0010CC1F800C0DFF8E4804FF0010CBA
:101E00000168A8F11808414546D0914244D0994252
:101E100042D0A14240D049453ED071453CD0B94264
:101E20003AD0334A1832914236D0324A603A91421F
:101E300032D0304A483A91422ED02E4A303A91421E
:101E40002AD02C4A183A914226D0594524D05145DF
:101E500022D0A94220D0B1421ED02A4A91421BD0A2
:101E6000284A1432914217D0264A2832914213D080
:101E7000244A3C3291420FD0224A503291420BD038
:101E8000204A6432914207D01E4A7832914203D0F0
:101E90001C4A8C32914218D1016E0A6822F4807279
:101EA0000A6090F85C20816D02F01F020CFA02F2C9
:101EB0004A60D0E919124A60C16E31B10A6822F451
:101EC00080720A60D0E91C124A600022016D80F81D
:101ED00035C080F8342001B188470020DCE60000DE
:101EE0002800024058000240700002408800024072
:101EF000A00002407004024088040240A004024096
:101F0000B8040240085402582DE9FC5F0446F74E1D
:101F10000020DFF8D88300904FF41652F44808F1FF
:101F20001808A56DDFF8C493DFF8C0A3016809F1B4
:101F3000300920680AF1480AB1FBF2F1B042019180
:101F40002F68D5F800C0DFF8ACB335D041468842E1
:101F500032D0484530D050452ED058452CD0E54998
:101F60001831884228D0E3493031884224D0E149F1
:101F70004831884220D0E04988421DD0DE491831DE
:101F8000884219D0DC493031884215D0DA494831CD
:101F9000884211D0DFF860E30EF1600E70450BD07F
:101FA000D54A7832904207D0D34B9033984203D031
:101FB000D149A83188427DD194F85C20082102F0F3
:101FC0001F0201FA02F23A424AD0B04232D04045F2
:101FD00030D048452ED050452CD058452AD0C54A3F
:101FE0001832904226D0C34A3032904222D0C14AA1
:101FF000483290421ED0C04A90421BD0BE4A18328E
:10200000904217D0BC4A3032904213D0BA4A48327C
:1020100090420FD0B84A603290420BD0B64A783224
:10202000904207D0B44A9032904203D0B24AA832CC
:10203000904203D1026802F0040202E0026802F05A
:1020400008026AB1026822F00402026094F85C009F
:1020500000F01F008140A960606D40F001006065E4
:1020600094F85C00012100F01F008140394240D00B
:102070002068B04234D0404532D0484530D0504539
:102080002ED058452CD09B4A1832904228D0994ADD
:102090003032904224D0974A4832904220D0964A1B
:1020A00090421DD0944A1832904219D0924A303250
:1020B000904200E0AFE113D08F4A483290420FD0F7
:1020C0008D4A603290420BD08B4A7832904207D0D2
:1020D000894A9032904203D0874AA83290427DD1FB
:1020E000406910F0800F04D0A960606D40F00200DC
:1020F000606594F85C00042100F01F0081403942C3
:102100003ED02068B04232D0404530D048452ED035
:1021100050452CD058452AD0764A1832904226D0C5
:10212000744A3032904222D0724A483290421ED0D5
:10213000714A90421BD0704A1832904217D06E4AB2
:102140003032904213D06C4A483290420FD06A4AE3
:10215000603290420BD0684A7832904207D0664A8B
:102160009032904203D0644AA83290424ED1006827
:1021700010F0020F04D0A960606D40F004006065AB
:1021800094F85C00102100F01F008140394258D0C3
:102190002068B04234D0404532D0484530D0504518
:1021A0002ED058452CD0534A1832904228D0514A4C
:1021B0003032904224D04F4A4832904220D04E4A8A
:1021C00090421DD04C4A1832904219D04A4A3032BF
:1021D000904215D0484A4832904200E014E00FD0B7
:1021E000454A603290420BD0434A7832904207D041
:1021F000414A9032904203D03F4AA832904207D1E0
:10220000006800F0080006E0006872E70068B7E7C1
:10221000006800F00400A0B1A960206801684903CB
:1022200004D50068000308D5A16C07E00168C90562
:1022300003D4016821F008010160216C09B1204636
:10224000884794F85C00202100F01F00814039424B
:1022500079D02068B04232D0404530D048452ED0A9
:1022600050452CD058452AD0224A1832904226D0C8
:10227000204A3032904222D01E4A483290421ED02C
:102280001D4A90421BD01C4A1832904217D01A4A5D
:102290003032904213D0184A483290420FD0164A3A
:1022A000603290420BD0144A7832904207D0124AE2
:1022B0009032904203D0104AA832904203D1006875
:1022C00000F0100002E0006800F00200B0B3A96066
:1022D00094F835000428206801680FD049037ED5A2
:1022E000006800032BD4616C2AE00000100002405B
:1022F00030000024700002401004024021F016015A
:1023000001602068416921F080014161206C08B9B9
:10231000A06C20B12068016821F00801016094F8E8
:102320005C303F21012003F01F0300229940A96087
:1023300084F8350084F83420216D65E003E0E16B1A
:1023400009B120468847606D00287DD0606DC007C8
:1023500059D02068042184F83510B0422BD0404574
:1023600029D0484527D0504525D0584523D09D49F0
:10237000884220D09B49183188421CD0994930317D
:10238000884218D09849884215D097491831884218
:1023900011D09549303188420DD093494831884257
:1023A00009D091496031884205D08F4978318842FF
:1023B00001D08D499031016821F001010160206850
:1023C0000099019A491C0091914202D80168C907FD
:1023D000F6D10068C00710D003200FE0FFE70168C6
:1023E000C905ACD403680121002223F01003036067
:1023F00084F8351084F83420A1E7012084F83500F2
:10240000002084F83400E16C00291DD002B0204681
:10241000BDE8F05F0847754988421DD07349143103
:10242000884219D071492831884215D06F493C3112
:10243000884211D06D49503188420DD06B496431CA
:10244000884209D0694900E084E07831884203D0AD
:1024500066498C3188427DD194F85C8004270168FC
:1024600008F01F0807FA08F717EA0C0F009746D084
:102470004F0744D500980F04686003D5C8033CD4C7
:10248000A16CC1E7880638D42068B0422DD05549E8
:102490006039884229D0484527D0504525D0584535
:1024A00023D05049884220D04E49183188421CD050
:1024B0004C493031884218D04B49884215D04A499E
:1024C0001831884211D04849303188420DD04649F0
:1024D0004831884209D0704507D0904205D09842D3
:1024E00003D04149A831884203D1016821F0080195
:1024F00002E0016821F004010160216C84E70227F9
:1025000007FA08F717EA0C0F00974ED08F074CD543
:1025100000980F04686003D5C80344D4616C73E766
:10252000880640D42068B0422FD02E4960398842B6
:102530002BD0484529D0504527D0584525D029498A
:10254000884222D02749183188421ED0254930318F
:10255000884200E044E018D02349884215D022493F
:102560001831884211D02049303188420DD01E499F
:102570004831884209D0704507D0904205D0984232
:1025800003D01949A831884203D1016821F0140110
:1025900002E0016821F00A010160012184F8351090
:1025A000002084F83400E16B2EE7082202FA08F2DA
:1025B00012EA0C0F14D0090712D5016821F00E01A0
:1025C000016094F85C100120002201F01F0100FA64
:1025D00001F16960606584F8350084F8342012E701
:1025E000BDE8FC9F880002401004024008540258D5
:1025F0002DE9F05F044600F041FC002C07467DD039
:10260000E34E022120684FF00308DFF888934FF073
:102610000005DFF884A3B042DFF880B334D0DC4A91
:102620001832904230D048452ED050452CD05845D5
:102630002AD0DA4A1832904226D0D84A3032904214
:1026400022D0D64A483290421ED0D54A90421BD062
:10265000D34A1832904217D0D14A3032904213D028
:10266000CF4A483290420FD0CD4A603290420BD0D0
:10267000CB4A7832904207D0C94A9032904203D078
:10268000C74AA83290427DD184F83510B04284F810
:1026900034502ED0BE49183188422AD0484528D01F
:1026A000504526D0584524D0BC491831884220D006
:1026B000BA49303188421CD0B8494831884218D0D4
:1026C000B749884215D0B6491831884211D0B4496B
:1026D000303188420DD0B2494831884209D0B049E2
:1026E0006031884205D0AE497831884201D0AC498A
:1026F0009031016821F00101016008E027E100BF8D
:1027000000F0BCFBC01B052801D920211CE120687A
:102710000068C007F4D104F108002168D4E9053C41
:102720008E4685C809681043D4E907281F43636AA9
:1027300038439C4F40EA0C001043394040EA0800FF
:10274000042B40EA010003D1D4E90B1211430843E2
:10275000954909686FF30F01B1F1005F0FD361680C
:10276000A1F12902052A08D9163A032A05D9083AFF
:10277000012A02D94F39032901D840F48010CEF83C
:10278000000000E023E02068676A4069042F20F021
:10279000070047EA00070DD1D4E90A01074349B110
:1027A0002046FEF777FC28B140206065012184F8BF
:1027B0003510CCE0206847612046FEF789FB94F88D
:1027C0005C203F2102F01F029140816054E0774A73
:1027D00090421BD0754B1433984217D0734B28335B
:1027E000984213D0714B3C3398420FD06F4B50330B
:1027F00098420BD06D4B6433984207D06B4B7833C3
:10280000984203D0694B8C3398427DD184F83510BF
:1028100084F83450664B0168A26801EA030E402A2E
:1028200073D0802A72D00022D4E90378D4E905312C
:1028300042EAD70242EAD8085C4AD4E9077C48EA6F
:10284000D30848EAD10141EAD701524241EA1C11BA
:10285000142341EA0E01016020681044B0FBF3F03C
:102860008000E0652046FEF733FB94F85C200121F0
:1028700002F01F02914041602068B04257D04449A5
:102880001831884253D0484551D050454FD0584513
:102890004DD042491831884249D0404930318842B0
:1028A00045D03E494831884241D03D4988423ED0DA
:1028B0003B49183188423AD039493031884236D0C4
:1028C00037494831884232D03549603188422ED06C
:1028D0003349783188422AD031499031884226D014
:1028E0002F49A831884222D0304988421FD02F4931
:1028F000143188421BD02D492831884217D02B49EA
:102900003C31884213D002E01DE017E018E027496F
:10291000503188420BD025496431884207D0234981
:102920007831884203D021498C31884229D1204610
:10293000FEF728FBA06880280CD00CE0102273E77B
:102940004FF4804270E74021616584F835800120B2
:10295000BDE8F09F6560216E20790860D4E9190117
:1029600041606068401E072808D82046FEF758FBE3
:10297000E06E0560D4E91C01416002E0E566256770
:1029800065670120656584F835000020E0E70000F8
:102990001000024040000240580002407000024017
:1029A000100402403F8010FE0010005C08540258E2
:1029B0000F00FEFF70B5044600F060FA0546601C8B
:1029C00002D004480078044400F058FA401BA042AA
:1029D000FAD370BD240000242DE9F04F4F4D0022A2
:1029E0004FF0010A4FF00F0B92E000BF0AFA02F914
:1029F00019EA01037ED022F0030606F1B0469407DF
:102A0000D6F808C4270FDFF818810BFA07FE4045F7
:102A10000EEA0C0402D14FF0000C40E0DFF804C1D4
:102A2000604502D14FF0010C39E0DFF8FCC0604591
:102A300002D14FF0020C32E0DFF8F0C0604502D165
:102A40004FF0030C2BE0DFF8E8C0604502D14FF0F7
:102A5000040C24E0DFF8DCC0604502D14FF0050C27
:102A60001DE0DFF8D4C0604502D14FF0060C16E03F
:102A7000DFF8C8C0604502D14FF0070C0FE0DFF867
:102A8000C0C0604502D14FF0080C08E0DFF8B4C0C8
:102A9000604502D14FF0090C01E04FF00A0C0CFA2E
:102AA00007FCA44513D12C689C432C606F684FF041
:102AB000B0449F436F6067689F43676027689F4388
:102AC0002760D6F8084424EA0E04C6F808440768CC
:102AD0000323D4084FEA42084FEA427C03FA08F382
:102AE0004FEADC6C1F4307600BFA0CF600EB840422
:102AF000276A00E00BE0B7432762C4689C43C460C8
:102B0000446824EA0904446084689C438460521C3D
:102B100031FA02F37FF46AAFBDE8F08F800000580D
:102B2000000002580004025800080258000C025825
:102B3000001002580014025800180258001C0258D5
:102B40000020025800240258202810B551D100BF9F
:102B500000BF00BF00BF00BF00BF00BF00BF00BF7D
:102B600000BF2021234800F071F9012841D0224CF8
:102B700001221021204600F076F90320FEF7EEFA3C
:102B800000222046102100F06EF91C4902231C4847
:102B9000032203F061F901222046102100F063F9BD
:102BA0001648021F017843788478080440EA03201D
:102BB0002043506105F0B0FA00EE100A9FED111AA3
:102BC000F1EE040AB8EEC00A506120EE010A20EED0
:102BD000200A82ED040A5088401C5080D06892ED93
:102BE000040A011D80ED000AD160BDE8104008F024
:102BF000BDBB10BD00080258000002586C00002444
:102C0000F4020024000000344FF0B04110B5D1F8B8
:102C10008820024203D0C1F88800FFF795FF10BD5D
:102C20002DE9F84F03247D4D00234FF001094FF0AB
:102C3000B04B4FF00F0AE9E009FA03F73A4076D0BB
:102C40000E7906F00306012E01D0022E18D1D0F81D
:102C500008C04FEA430ECE6804FA0EF82CEA080CBE
:102C600006FA0EF646EA0C068660D0F804C00E7925
:102C70002CEA070CC6F300169E4046EA0C06466096
:102C80000E79F643B6070BD0C6684FEA43088F6843
:102C900004FA08FC26EA0C0607FA08F73743C7606F
:102CA0000E7906F00306022E12D1DE080F694FEAF4
:102CB000437C00EB8606B646366A4FEADC6C0AFABD
:102CC0000CF807FA0CF726EA08063743CEF820700E
:102CD0000F7906684FEA430807F0030704FA08FC77
:102CE00007FA08F726EA0C06374307604E6816F421
:102CF000403F1CD04A4E376847F0020737603668BD
:102D00009F0706F00206009623F0030606F1B04680
:102D1000B6463F0FD6F80864DFF808810AFA07FCC8
:102D2000404526EA0C0603D14FF0000C41E06CE070
:102D3000DFF8F4C0604502D14FF0010C39E0DFF854
:102D4000ECC0604502D14FF0020C32E0DFF8E0C089
:102D5000604502D14FF0030C2BE0DFF8D8C060458E
:102D600002D14FF0040C24E0DFF8CCC0604502D162
:102D70004FF0050C1DE0DFF8C4C0604502D14FF0F4
:102D8000060C16E0DFF8B8C0604502D14FF0070C22
:102D90000FE0DFF8B0C0604502D14FF0080C08E04A
:102DA000DFF8A4C0604502D14FF0090C01E04FF0FC
:102DB0000A0C0CFA07FC4CEA060CCEF808C44F6863
:102DC000DBF80060FF0226EA020600D516435F46E4
:102DD000CBF80060D1F804C0DBF804605FEA8C2C0B
:102DE00026EA020600D516437E606E684F6826EA22
:102DF0000206BF0300D516436E602E684F6826EAB0
:102E00000206FF0300D516432E605B1C0A6832FAE7
:102E100003F67FF411AFBDE8F88F00008000005882
:102E2000F4440258000002580004025800080258F6
:102E3000000C0258001002580014025800180258E2
:102E4000001C025800200258002402580069084063
:102E500000D001207047426921EA02030A4043EA98
:102E60000241816170470AB1816170470904FBE743
:102E700001480068000C70470010005C0148806841
:102E8000704700002400002430B590F84120202A2B
:102E900024D190F84020012A20D0012380F840302E
:102EA000242280F84120202300240268156825F0A0
:102EB000010515600268156825F4805515600268E3
:102EC00015680D43156001680A6842F001020A6046
:102ED00080F8413080F84040002030BD022030BDF5
:102EE00030B590F84120202A22D190F84020012AC4
:102EF0001ED0012380F84030242280F84120202475
:102F000000250268136823F0010313600268136848
:102F100023F4706343EA0121116001680A6842F0FA
:102F200001020A6080F8414080F84050002030BD26
:102F3000022030BD70B5040004D094F84100002593
:102F400010B106E0012070BD204684F8405000F02A
:102F5000ABF9242084F841002068016821F00101C8
:102F60000160D4E9001020F0706008612068816879
:102F700021F400418160E06821680128A06806D042
:102F800040F404408860E068022803D006E040F482
:102F90000040F7E721684FF4006048602021206876
:102FA000114A4368134343602068C26822F4004218
:102FB000C26054F8106B0DCC104340EA0320F0605F
:102FC00054F81C3CD4E900021043186054F81C0D5E
:102FD000026842F001020260656484F841102563D2
:102FE00084F84250002070BD008000022DE9FF4FA0
:102FF00083B0044690F841009A469346DDE9108775
:10300000DDF84890202874D15FEA080014D09FB101
:1030100094F8400001286CD0012084F84000FFF7AC
:103020002DFF0122064619230090D103204604F00B
:1030300087F9002871D103E04FF4007060646CE000
:103040000025C4F82480222184F84110402084F80F
:10305000420065646785534665635A460499204675
:10306000CDE9009604F0F0F810B184F8405054E037
:10307000618DFF2734484FF08078FF294FF0007AA8
:1030800004D927853A464346009005E0618D5346B2
:103090002185009094F828202046049904F038F9FE
:1030A00000224B4604212046009604F049F9A0BBBB
:1030B0002068616A406A0870606A401C6062208D06
:1030C000401E81B22185608D401E6085608DD8B123
:1030D000D1B900224B4680212046009604F030F9F9
:1030E000D8B9608DFF2805D927853A464346009513
:1030F00006E026E0608D53462085009594F8282050
:103100002046049904F004F9608D0028C8D13246A5
:103110004946204604F041F918B1012007B0BDE846
:10312000F08F21682020094AC86121684B6813404C
:103130004B6084F8410084F84250002084F84050ED
:10314000ECE70220EAE700000024008000E800FE2F
:103150002DE9FF4F83B0044690F841009A4693460C
:10316000DDE91087DDF84890202871D15FEA08007A
:1031700014D09FB194F84000012869D0012084F850
:103180004000FFF77BFE0122064619230090D10381
:10319000204604F0D5F800286ED103E04FF400700B
:1031A000606469E00025C4F82480212184F841107E
:1031B000402084F8420065646785534665635A463B
:1031C00004992046CDE9009604F070F810B184F817
:1031D000405051E0608DFF274FF08078FF284FF07E
:1031E000007A04D927853A464346009505E0608D6C
:1031F00053462085009594F828202046049904F031
:1032000087F832464946204604F0EEF8A0BB606AD3
:10321000216800788862606A401C6062608D401E90
:103220006085208D401E80B22085618DD9B1D0B9D6
:1032300000224B4680212046009604F081F8D8B940
:10324000608DFF2805D927853A464346009506E05C
:1032500026E0608D53462085009594F8282020466E
:10326000049904F055F8608D0028CAD132464946C9
:10327000204604F092F818B1012007B0BDE8F08FA5
:1032800020682021074AC1612068436813404360D9
:1032900084F8411084F84250002084F84050ECE754
:1032A0000220EAE700E800FE2DE9F043B5B004464D
:1032B00014212FA8FDF777F8BC216846FDF773F8B5
:1032C0002849206888424AD10220082300937826A2
:1032D000CDE90A600CAE0F2509950322002486E88B
:1032E0001500C10268460F941094209100F01CFD57
:1032F00008B1FDF77BFF1C48016841F00201016045
:1033000000681227DFF86490C02600F002004FF03A
:103310000408CDE930742F962FA93294CDE933807B
:103320004846FFF77DFC104D0835286840F4001032
:103330002860286831AA012100F40010349082E846
:103340001201CDE92F672FA94846FFF769FC2868CD
:1033500040F400102860286800F40010349035B064
:10336000BDE8F08300540040E044025800040258D5
:10337000024881680278114481607047240000246B
:10338000032010B500F040F901F0ACFA0F4A1049E3
:1033900014681368C4F3032203F00F038A5CC95C4A
:1033A00002F01F0201F01F01D0400A4A20FA01F189
:1033B0001160094908600F2000F010F808B10120E1
:1033C00010BD00F0D5F8002010BD000018440258D0
:1033D00020DE0008340000243000002470B50D4DBC
:1033E00004462878A0B14FF47A71B1FBF0F00A4995
:1033F0000968B1FBF0F002F0F5FF48B9102C07D2D4
:1034000000222146501E00F0DFF800206C6070BDE5
:10341000012070BD240000243000002430B54FF09E
:10342000000358B190F83C40012C09D090F83D5071
:10343000012480F83C40012D04D015E0012030BD6E
:10344000022030BD046825696D000DD42163002978
:1034500001684A6301680A6903D042F000420A61C8
:1034600003E022F00042FAE70123002180F83C103B
:10347000184630BD70B50446FFF700FD06465CB146
:10348000002584F83C50022084F83D002068C16883
:1034900021F00101C1600CE0012070BDFFF7EEFCDE
:1034A000801B052805D94021A166032084F83D0032
:1034B000F2E72068C068C007F0D1204603F0DCFFC7
:1034C000E565012025666566A56684F83D00002057
:1034D00070BD0000F0B5154C4378211D0A1D236016
:1034E0000378F3B143680B60057BC67A817A437B2E
:1034F0002D07847B45EA0665C77B90F809C0067AEC
:1035000090F800E045EAC14040EA834040EA444088
:1035100040EA074040EA0C2040EA460040EA0E003C
:1035200001E0002008601060F0BD000098ED00E0B0
:10353000BFF35F8F044800210368034A23F48033FC
:10354000036070321160704724ED00E0074A40F0DC
:103550000100064970321060086840F4803008604D
:10356000BFF34F8FBFF36F8F7047000024ED00E073
:10357000054808B5016841F002010160006800F0EB
:103580000200009008BD0000F444025800280DDB42
:10359000410900F01F028900012001F1E021904063
:1035A000C1F88001BFF34F8FBFF36F8F70470028C2
:1035B00009DB410900F01F028900012001F1E0212F
:1035C0009040C1F8000170470E4BF0B41B680D46E7
:1035D000C3F30223C3F10706042E00D90426191DE4
:1035E000072901D2002300E0DB1E012404FA06F1C2
:1035F0009C40491E2940641E994014402143F0BC60
:1036000006F00EBD0CED00E0064900F0070210B513
:103610004FF6FF040868044B204040EA022018439C
:10362000086010BD0CED00E00000FA05134970B50C
:103630000A68D243520705D5096801F007018142A3
:1036400013D118E00A6822F0070202430A60FFF76C
:1036500015FC0A4D4FF47A760446083D07E000BF9A
:10366000FFF70CFC001BB04201D9012070BD286897
:10367000C0438004F4D4002070BD00000C48025800
:10368000034A044B11681940014311607047000060
:1036900028480258C0C000F009480A49026842F0B0
:1036A00005020260026842F002020260086840F00F
:1036B00004000860BFF34F8FBFF36F8F30BF7047B8
:1036C0001048025810ED00E010B501F0C5F80549AA
:1036D0000968054AC1F30211515C01F01F01C8409D
:1036E00010BD00002044025820DE00084A4930B5D1
:1036F000494C0B1D0A680C3409681D68246802F0E7
:10370000030305F00102C1F30511C4F3CC04002941
:1037100014FB02F200EE102AF8EE400A76D0414A7D
:103720009FED3E1ADFED3E1AB7EE000A23B1012BE2
:103730005AD0022B18D15CE0374C283C23689B06FA
:1037400012D5394B246801EE901A1168C4F3C104F4
:10375000F8EE612AE34001EE903AC1F30801F8EE79
:10376000611A81EEA22A07E002EE101A1168F8EE43
:10377000422A81EEA22A45E001EE901A1168F8EE85
:10378000611A40EE811A71EE800A62EE200AC1F3DE
:10379000462101EE101AB8EE411A31EE001AC0EEC1
:1037A000811ABCEEE11A80ED001A1168C1F30641DE
:1037B00001EE101AB8EE411A31EE001AC0EE811A6D
:1037C000BCEEE11A80ED011A1168C1F3066101EE49
:1037D000101AB8EE411A31EE000A80EE801ABCEEE3
:1037E000C10A80ED020A30BD01EE901ADFED0F2A0A
:1037F00003E001EE901ADFED0E2A1168F8EE611A6F
:1038000082EEA12AC1F30801B6E7FFE700210160BB
:103810004160816030BD000028440258000000393A
:103820000024744C304402580090D0030024744AA1
:10383000001BB74B494930B5484C0B1D0A6814347E
:1038400009681D68246802F00303C5F30012C1F380
:103850000531C4F3CC04002914FB02F200EE102A57
:10386000F8EE400A75D03F4A9FED3D1AB7EE000AC8
:103870006BB1DFED3D1A012B01D0022B64D002EEBB
:10388000101A1168F8EE422A81EEA22A21E0334C88
:10389000283C23689B0612D5344B246801EE901A0D
:1038A0001168C4F3C104F8EE612AE34001EE903AD6
:1038B000C1F30801F8EE611A81EEA22A0BE001EED5
:1038C000901ADFED2B2A00BFF8EE611A116882EE24
:1038D000A12AC1F3080101EE901A1168F8EE611AED
:1038E00040EE811A71EE800A62EE200AC1F3462191
:1038F00001EE101AB8EE411A31EE001AC0EE811A2C
:10390000BCEEE11A80ED001A1168C1F3064101EE28
:10391000101AB8EE411A31EE001AC0EE811ABCEE50
:10392000E11A80ED011A1168C1F3066101EE101A67
:10393000B8EE411A31EE000A80EE801ABCEEC10AE0
:1039400080ED020A30BD04E001EE901ADFED092A95
:10395000BAE70021016041608160F3E72844025822
:1039600000000039384402580024744A0090D00303
:103970000024744C001BB74B494930B5484C0B1D13
:103980000A681C3409681D68246802F00303C5F343
:103990000022C1F30551C4F3CC04002914FB02F248
:1039A00000EE102AF8EE400A75D03F4A9FED3D1A0E
:1039B000B7EE000A6BB1DFED3D1A012B01D0022BEF
:1039C00064D002EE101A1168F8EE422A81EEA22AA3
:1039D00021E0334C283C23689B0612D5344B2468E5
:1039E00001EE901A1168C4F3C104F8EE612AE340B5
:1039F00001EE903AC1F30801F8EE611A81EEA22AB5
:103A00000BE001EE901ADFED2B2A00BFF8EE611AF1
:103A1000116882EEA12AC1F3080101EE901A116823
:103A2000F8EE611A40EE811A71EE800A62EE200A09
:103A3000C1F3462101EE101AB8EE411A31EE001A18
:103A4000C0EE811ABCEEE11A80ED001A1168C1F3D4
:103A5000064101EE101AB8EE411A31EE001AC0EE1E
:103A6000811ABCEEE11A80ED011A1168C1F30661FA
:103A700001EE101AB8EE411A31EE000A80EE801AFB
:103A8000BCEEC10A80ED020A30BD04E001EE901ADE
:103A9000DFED092ABAE70021016041608160F3E7A8
:103AA0002844025800000039404402580024744A57
:103AB0000090D0030024744C001BB74B2DE9F04F4D
:103AC000944A4FF48079DFF848824845924B89B098
:103AD000924EA8F1040592494FF080574FEA221404
:103AE0004FF0005C2ED1D8F8000000F00700052848
:103AF00024D2DFE800F09BB58425AA0003A8FFF7D5
:103B0000F5FD049809B0BDE8F08F6846FFF792FE16
:103B10000098F7E706A8FFF72FFF0698F2E7086876
:103B2000C0F3C10022FA00F0ECE70A68D2057CD5A8
:103B3000B8427AD12046E5E71846E3E70020E1E7FE
:103B40003046DFE7B0F5007F1AD0DFF8D891B0F546
:103B5000806F26D0B0F5006F37D04FF4805A5045B3
:103B60004FF4804B4FD1D8F8000000F4E040B0F59E
:103B7000005F44D03DDC002858D05045DED16FE0D6
:103B8000D8F8000000F4E070802838D004DC002869
:103B90004CD04028D2D163E0C028D1D04845CDD107
:103BA00053E0D9F8000000F46000B0F5800F26D093
:103BB00004DCD8B3B0F5001FC0D151E0B0F5C00FA0
:103BC000BED0B0F5000FB9D13FE0D9F8000000F049
:103BD000E060B0F1007F12D004DC38B3B0F1807F38
:103BE000ACD13DE0B0F1407FAAD0B0F1806FA5D15B
:103BF0002BE0B0F5405FA3D058459FD125E0086881
:103C000080009BD586E7B0F5002F4FF4803612D0A8
:103C1000B04237D1286810F4803075D0B0428DD1D1
:103C2000086800018AD5684601E025E06CE0FFF7EE
:103C300001FE029866E7D9F8000010F440300FD07A
:103C4000B04211D0B0F5003F98D128680D6800F05F
:103C500040506D077FF569AF00287FF466AF5EE7DF
:103C600008680001CDD550E708688000C9D506A8CE
:103C7000FFF782FE089845E709688903C1D56045CA
:103C800088D159E758452BD1D9F8000000F0E04021
:103C9000B0F1405F1CD00CDC90B1B8422CD0604534
:103CA0008AD108688000ACD506A8FFF765FE0798A2
:103CB00028E7B0F1804F0FD0B0F1A04F90D11FE0B6
:103CC000FFF702FD1EE76846FFF7B4FD019819E70C
:103CD0000868400795D522E70868C00591D529E70F
:103CE000B0F5004F89D1D8F8000010F0405007D04F
:103CF000B84209D0604592D108680001E3D41DE7BD
:103D000008688003FBD517E708688001F7D5F5E65A
:103D1000504402580090D00300366E010080BB0072
:103D200000440258584402582DE9FC5F044650F8FC
:103D3000241B002500902E460801FE4FDFF8F88373
:103D40001DD5606E50B1B0F5801F0CD0B0F5001FCE
:103D50000ED0B0F5401F1DD001250FE0386840F4AB
:103D60000030386016E00221201D03F0DBFF03E085
:103D70000098022104F066F805000BD02E4620883A
:103D8000C00523D5606D05281ED2DFE800F00C11B8
:103D9000161B1B00626ED8F8001021F4401111436D
:103DA000C8F80010EBE7386840F40030386009E0EC
:103DB0000021201D03F0B6FF03E00098002104F06D
:103DC00041F805466DB100E001252E4620888005AA
:103DD00028D5A06D80281ED00CDC90B140280ED1D3
:103DE00014E0626DD8F8001021F007011143C8F803
:103DF0000010EBE7C02813D0B0F5807F10D001256C
:103E00000FE0386840F40030386009E00021201DE0
:103E100003F088FF03E00098002104F013F8054642
:103E200095B12E462088DFF81093400509F1080966
:103E30002CD5D4F8A400B0F5800F20D00DDCA0B1B3
:103E4000B0F5001F0FD115E0A26DD8F8001021F4D5
:103E5000E0711143C8F80010E4E7B0F5C00F13D0CB
:103E6000B0F5000F10D001250FE0386840F40030A5
:103E7000386009E00021201D03F054FF03E00098A2
:103E8000002103F0DFFF054675B12E4620880005AE
:103E90002DD5D4F8A800B0F1007F21D00EDCA8B158
:103EA000B0F1807F10D116E0D4F8A420D9F800102A
:103EB00021F460011143C9F80010E7E7B0F1407F39
:103EC00013D0B0F1806F10D001250FE0386840F4B6
:103ED0000030386009E00021201D03F023FF03E0DB
:103EE0000098002103F0AEFF05466DB12E46206814
:103EF00080011FD5A06CD8B110280FD0202812D077
:103F0000302815D0012514E0D4F8A820D9F80010E5
:103F100021F0E0611143C9F80010E8E7386840F487
:103F20000030386004E00221201D03F0FBFE05464E
:103F30006DB12E462088C0042BD5E06DB0F5005F32
:103F400020D00DDCA0B1B0F5805F0FD115E07A482C
:103F5000A26C001F016821F0300111430160E9E704
:103F6000B0F5405F13D0B0F5804F10D001250FE0C1
:103F7000386840F40030386009E00021201D03F06B
:103F8000D1FE03E00098002103F05CFF054685B1F7
:103F90002E462088800429D5206EB0F5403F23D0DE
:103FA00010DC08B3B0F5803F14D0B0F5003F0FD15E
:103FB00015E0E26DD8F8001021F4E0411143C8F893
:103FC0000010E6E7B0F5802F0ED0B0F5A02F0BD093
:103FD00001250AE00121201D03F0A4FE03E0009862
:103FE000012103F02FFF05468DB12E4620884004A5
:103FF0002AD5D4F8AC00B0F1405F23D010DC08B370
:10400000B0F1805F14D0B0F1005F0FD115E0226EE7
:10401000D8F8001021F4E0211143C8F80010E5E7BA
:10402000B0F1804F0ED0B0F1A04F0BD001250AE0C7
:104030000121201D03F076FE03E00098012103F02A
:1040400001FF05466DB12E46208800041FD5E06EA5
:10405000D8B1B0F1805F0ED0B0F1005F10D0012573
:1040600014E0D4F8AC20D9F8001021F0E04111435D
:10407000C9F80010E8E7386840F40030386004E020
:104080000121201D03F04EFE05466DB12E4620682D
:10409000C0011ED5606CD0B101280ED0022811D00D
:1040A000032814D0012513E0E26ED8F8001021F0A7
:1040B00040511143C8F80010E9E7386840F4003077
:1040C000386004E00221201D03F02CFE054685B176
:1040D0002E462068DFF85CB04002ABF11C0B57D5D0
:1040E0001648016841F480710160FEF7C7FE824600
:1040F0000EE01148626C001F016821F003011143BA
:104100000160E6E7FEF7BAFEA0EB0A0064283DD89E
:104110000A480068C005F5D57DBBDFF81CA0B4F8DF
:10412000B0200AF1200ADAF8001002F4407001F41D
:10413000407105E02C44025850440258004802588F
:10414000814211D0DAF80010DAF8002021F4407131
:1041500042F48032CAF80020DAF8002022F48032DB
:10416000CAF80020CAF80010D4F8B000B0F5807F7B
:1041700021D1FEF783FE019019E008E0FEF77EFEF4
:104180000199411A41F28830814210D903252E4607
:104190002078DFF844A4C0073DD0A06F182838D09D
:1041A00026DC80B3082829D0102825D12CE0DAF8A5
:1041B00000008007E2D5D4F8B010C1F30120032835
:1041C00058460DD0016821F47C510160B4F8B0204C
:1041D000DAF80010C2F30B021143CAF80010D7E757
:1041E000FE4A036802EA111223F47C511143ECE702
:1041F00020280ED028280CD001250BE00121201DFD
:1042000003F090FD04E004E00098012103F01AFEA1
:1042100005465DB12E46207880071ED5606F0628C2
:1042200019D2DFE800F0160C11161616A26FDAF894
:10423000001021F038011143CAF80010EBE701210A
:10424000201D03F06FFD03E00098012103F0FAFD4B
:10425000054675B100E001252E46207840071FD5A0
:10426000D4F89000062819D2DFE800F0160C1116D9
:104270001616626FDAF8001021F007011143CAF830
:104280000010EAE70121201D03F04CFD03E0009837
:10429000012103F0D7FD05469DB100E001252E4622
:1042A000207880062BD5D4F88C00B0F1405F24D064
:1042B00011DC10B3B0F1805F15D0B0F1005F10D108
:1042C00016E0D4F89020D9F8001021F0070111432E
:1042D000C9F80010E4E7B0F1804F0ED0B0F1A04F64
:1042E0000BD001250AE00021201D03F01BFD03E097
:1042F0000098022103F0A6FD05468DB12E462078D8
:1043000040062BD5D4F89800B0F5406F24D011DCCE
:1043100010B3B0F5806F15D0B0F5006F10D116E076
:10432000D4F88C20DAF8001021F0E0411143CAF8EB
:104330000010E4E7B0F5805F0ED0B0F5A05F0BD0C1
:1043400001250AE00021201D03F0ECFC03E00098A9
:10435000022103F077FD05468DB12E462078000638
:104360002BD5D4F89C00B0F5C04F24D011DC10B38D
:10437000B0F5005F15D0B0F5804F10D116E0D4F83D
:104380009820D9F8001021F4E0511143C9F8001029
:10439000E4E7B0F5004F0ED0B0F5204F0BD001256B
:1043A0000AE00021201D03F0BDFC03E0009802217B
:1043B00003F048FD05464DB12E46207800071ED576
:1043C000D4F88000B0F5805F0AD00FE0D4F89C20CC
:1043D000D9F8001021F460411143C9F80010ECE74E
:1043E0000098022103F02EFD00B10126D4F88020B0
:1043F000DAF8001021F440511143CAF80010207877
:10440000C00613D5D4F89400B0F5807F05D100988C
:10441000022103F017FD00B10126D4F89420D9F849
:10442000001021F440711143C9F800102068000306
:1044300016D5D4F8A00038B1B0F5803F09D0B0F55A
:10444000003F0BD001250AE00021201D03F06AFC8B
:1044500003E00098022103F0F5FC054685B12E46E5
:104460002068400322D5D4F88400B0F5801F11D015
:10447000B0F5001F13D0B0F5401F15D0012514E092
:10448000D4F8A020D9F8001021F440311143C9F824
:104490000010E5E7386840F40030386004E0009828
:1044A000012103F0CFFC054655B12E462068C0031C
:1044B0001CD5E06C70B1B0F5803F10D0012514E040
:1044C000D4F88420DAF8001021F440111143CAF81E
:1044D0000010EBE7386840F40030386004E0022157
:1044E000201D03F01FFC0546CDB12E46206880003C
:1044F00005D50098022103F0A5FC00B10126206833
:1045000080031BD5E06FB8B1B0F5807F10D0B0F557
:10451000007F11D0B0F5407F0ED001250DE02E4870
:10452000E26C0838016821F4803111430160DDE755
:10453000386840F400303860F5B32E462068C00279
:1045400007D5226FD8F8001021F000411143C8F8B8
:1045500000102068C00008D5D4F8B420DBF80010A3
:1045600021F480411143CBF800102068800207D568
:10457000A26ED8F8001021F080711143C8F8001025
:10458000206840000CD5DBF8001021F40041CBF886
:104590000010DBF80010D4F8B8201143CBF800105D
:1045A0002068002807DA0C48226D0838016821F0DD
:1045B00040511143016000E014E02068000208D57A
:1045C000D4F88820DAF8001021F440011143CAF829
:1045D000001086B1012003E054440258CFFFFF00D1
:1045E000BDE8FC9FE26FDAF8001021F4407111433E
:1045F000CAF80010A2E70020EDE700002DE9F05F07
:1046000004000F467ED0DFF83882D8F8000000F0B2
:104610000F00B8420CD2D8F8001021F00F01394336
:10462000C8F80010D8F8000000F00F00B84269D1B7
:104630002078844D40070AD52069296801F070016F
:10464000884204D9296821F070010143296020784B
:104650007C4E361D00070AD56069316801F0700193
:10466000884204D9316821F070010143316020781B
:10467000C0060AD5A069316801F4E061884204D916
:10468000316821F4E061014331602078DFF8B4B192
:1046900080060BF1080B0CD5E1695846DBF80020C9
:1046A00002F07002914204D9026822F070020A43BB
:1046B0000260207880070AD5E068296801F00F01C0
:1046C000884204D9296821F00F010143296020782C
:1046D000C0073ED05B49A2682868183920F4706092
:1046E000104328606068022818D0032819D0096890
:1046F000012819D0490700294ADADFF848A1AAF1B0
:10470000080A00E044E0DAF8002022F00702024341
:10471000CAF80020FEF7B2FB814612E0096889035F
:10472000E9E709688901E6E7C905E4E7FEF7A6FBC2
:10473000A0EB090141F28830814202D90320BDE893
:10474000F09F6168DAF8000000F03800B0EBC10FAC
:10475000ECD1207880070AD5E068296801F00F01C4
:10476000884204D2296821F00F0101432960D8F85A
:104770000010404601F00F01B9420BD9016821F049
:104780000F0139430160006800F00F00B84201D00A
:104790000120D4E7207840070AD52069296801F074
:1047A0007001884204D2296821F070010143296018
:1047B000207800070AD56069316801F070018842ED
:1047C00004D2316821F07001014331602078C006C5
:1047D0000AD5A069316801F4E061884204D23168E9
:1047E00021F4E06101433160207880060CD5E16955
:1047F0005846DBF8002002F07002914204D20268B1
:1048000022F070020A43026000F06CF80E492A6838
:104810002B68C2F3032203F00F038A5CC95C02F029
:104820001F0201F01F01D040084A20FA01F1116077
:104830000749086007480068BDE8F05FFEF7CEBD95
:10484000002000521844025820DE000834000024E2
:10485000300000242800002430B500F043F80B4A53
:104860000B490C4B15681468C5F3032204F00F04C0
:104870008A5C095D02F01F0201F01F01D040064A68
:1048800020FA01F119601060084630BD1844025842
:1048900020DE0008340000243000002400B5FFF7BB
:1048A000DBFF05490968054AC1F30211515C01F0BB
:1048B0001F01C84000BD00001C44025820DE000853
:1048C00000B5FFF7C9FF05490968054AC1F3022190
:1048D000515C01F01F01C84000BD00001C4402589B
:1048E00020DE0008454970B545480968434B103B38
:1048F00011F0380208D00111082A03D0102A0BD079
:10490000182A0BD0084670BD19688906FBD51968AE
:10491000C1F3C101C84070BD3A4870BD3749374D39
:1049200018310C1D24350A68096826682D6802F0C4
:10493000030406F00102C1F30511C5F3CC0515FB14
:1049400002F200EE102AB8EE400AE9B32F4ADFED7A
:104950002E0AB7EE001A6CB1DFED2D1A012C01D032
:10496000022C43D002EE101A1068F8EE422A81EEB3
:10497000A22A1EE01C68A40611D51B6801EE901A3D
:104980001168C3F3C103F8EE612AD84001EE900A22
:10499000C1F30800F8EE611A81EEA22A0BE001EEE5
:1049A000901ADFED1C2A00BFF8EE611A106882EE43
:1049B000A12AC0F3080001EE900AF8EE611A40EE59
:1049C000201A31EE810A00E015E022EE000A10689C
:1049D000C0F34620401C00EE900AF8EE600A80EE1C
:1049E000201ABCEEC10A10EE100A70BD01EE901A3A
:1049F000DFED092AD8E7002070BD000010440258FE
:104A00000090D00300366E01000000393044025897
:104A10000024744A0024744C001BB74B2DE9F05F4E
:104A200004007DD0FF4F2078FE4D1837DFF8F49357
:104A3000103DC00748D0D9F80000396800F03800B0
:104A4000102815D0182803D101F0030002280FD038
:104A50006068B0F5803F12D010B1B0F5A02F18D02B
:104A6000286820F480302860286820F4802009E03D
:104A70002868800328D560680028D2D024E0286800
:104A800040F480302860606888B1FEF7F7F9064688
:104A900009E0286840F480202860F0E7FEF7EEF98E
:104AA000801B64286FD828688003F7D50CE0FEF7D8
:104AB000E5F9064605E000BFFEF7E0F9801B642833
:104AC000F0D828688003F7D4207841F20308D54E47
:104AD0000C3E800769D5D9F80000396810F038001D
:104AE0000ED0182801D188070AD0E06890B3296851
:104AF00021F0190101432960FEF7C0F9824631E037
:104B00002868400702D5E06800288AD0E168286854
:104B100020F0190008432860FEF7B0F9824607E04C
:104B2000DFE000BFFEF7AAF9A0EB0A000228B9D81F
:104B300028684007F6D500BFFEF79AF940451BD814
:104B40002069402812D0316821F47C3141EA0030DC
:104B500030602AE018E000BFFEF790F9A0EB0A00F1
:104B600002289FD828684007F6D5E5E7306820F48A
:104B70007C3040F40030EBE7207C316821F0FE41CE
:104B800041EA0060E4E70DE1286820F001002860B8
:104B9000FEF774F9824605E0FEF770F9A0EB0A0013
:104BA00002288DD828684007F6D42078C0065DD545
:104BB000D9F80000DFF86CB2396800F03800ABF1CA
:104BC000040B082810D0182803D101F00300012895
:104BD0000AD0E0690028286838D040F080002860BA
:104BE000FEF74CF9824623E02868C00523D5E0692A
:104BF000802876D11FE0206A202821D0316821F05A
:104C0000F84141EA8060306030E000BF94F8201045
:104C1000DBF8002022F07C5242EA0161CBF8001060
:104C200024E000BFFEF72AF9A0EB0A00022898D87A
:104C30002868C005F6D5FEF71BF94045E6D8DAE747
:104C4000306820F0F84040F08040DCE720F0800041
:104C50002860FEF713F9064605E000BFFEF70EF9DF
:104C6000801B02289DD82868C005F7D4207800074B
:104C700029D56C486169643000298046016811D0EB
:104C800041F001010160FEF7F9F8064605E000BFBA
:104C9000FEF7F4F8801B0228C9D8D8F80000800776
:104CA000F6D510E021F001010160FEF7E7F80646B5
:104CB00005E000BFFEF7E2F8801B022872D8D8F8A2
:104CC00000008007F6D42078800623D5A06900284C
:104CD000286810D040F480502860FEF7CFF80646D0
:104CE00005E02CE1FEF7CAF8801B02285AD8286894
:104CF0008004F7D50EE020F480502860FEF7BEF85F
:104D0000064604E0FEF7BAF8801B02284AD8286855
:104D10008004F7D4207840074FD5DFF80C81D8F80D
:104D2000001041F48071C8F80010FEF7A7F806469D
:104D300005E000BFFEF7A2F8801B642832D8D8F83F
:104D40000000C005F6D5374EA068603601280AD0AD
:104D500008B1052813D0306820F0010030603068B9
:104D600020F0040002E0306840F001003060A068EC
:104D700041F2883A90B1FEF781F880460AE0306847
:104D800040F004003060EEE7FEF778F8A0EB080191
:104D9000514507D830688007F6D50EE0FEF76EF86B
:104DA000804607E084E000BFFEF768F8A0EB08014A
:104DB00051457DD830688007F6D4606AB0B3DFF81B
:104DC0006480D9F8001008F12008C1F3C20103295A
:104DD0006FD00228286820F08070286003D0FEF78A
:104DE0004DF8044680E0FEF749F8064605E000BFAE
:104DF000FEF744F8801B022873D828688001F7D496
:104E0000E26A40F2F331386854F8283F884340EAB8
:104E1000021018433860217B4FF4FE0C22894FF0BA
:104E2000FE4704E0104402580048025889E0208AF6
:104E30004902521E267DA1F5007189B2401EC2F3BF
:104E400008021143761E0CEA004001433E4807EA7F
:104E5000066211433C4AC8F800100832016821F08C
:104E60000101016011684FF6F876236AB14341EA07
:104E7000C30111600168A26921F00C0111430160B6
:104E80000168E26921F0020111430160016841F407
:104E900080310160016841F400310160016841F432
:104EA00080210160016841F001010160286801E092
:104EB00017E01DE040F080702860FDF7DFFF04463A
:104EC00005E000BFFDF7DAFF001B022809D82868BB
:104ED0008001F7D535E000BFFDF7D0FF001B0228A9
:104EE00002D90320BDE8F09F28688001F4D428E0AF
:104EF00039680128D8F8000021D0A26A01F0030324
:104F000093421CD1E26AC1F305118A4217D1216B89
:104F1000C0F30802491E8A4211D1616BC0F34622D8
:104F2000491E91420BD1A16BC0F30642491E91422A
:104F300005D1E16BC0F30660491E814201D001201A
:104F4000D0E70020CEE700002C440258704770479D
:104F5000704770472DE9FC5F0446806B0E460321C5
:104F600084F83010002703285CD0B6F5004F59D0E4
:104F7000B6F5804F4FF000054FF400684FF08069A0
:104F800004D006B3606B40F000603FE00095002164
:104F90000195206803F018FC80011CD46946204666
:104FA00003F072FC70BB019840032DD5B4F8441097
:104FB0002068090403F0BCF820BB206802211DE032
:104FC000606B284322E0009500210195206803F0E2
:104FD000FBFB800101D54546F2E76946204603F018
:104FE00053FC78B90198C0030ED5B4F8441020687A
:104FF000090403F09DF828B92068002103F0E2F8C5
:105000000028DDD00546DBE74D46D9E76063606BDD
:105010004FF4007BDFF8B8A040B121680127C1F848
:1050200038A042E0606B40F08050EFE74FF48030F2
:10503000FEF744FD010033D0264D3346D4E904C0C9
:10504000B1FBF5F8D4E90192804511D9A66D5E4512
:105050000ED0B6F5807F12D04FEA6506E8B14FEA70
:105060004008B1FBF8F8B04502D900BFB1FBF5F03C
:105070004946CDE900C0206803F0AAFB15E0164EB2
:1050800030B14FEA4008B1FBF8F8A84502D8EFE785
:10509000A942EDD9B1FBF6F0EAE7B142E6D8E7E77D
:1050A000606B012740F0006060632068594603F0A0
:1050B00070F830B122680127C2F838A0616B014353
:1050C0006163012084F830003846BDE8FC9F000091
:1050D000FF0FE01F80F0FA0200E1F50510B50400B3
:1050E0000DD0032084F83000206803F081FB2046B7
:1050F00000F034FB0020606384F8300010BD012014
:1051000010BD7047F0B5C26D920F0A70C26DC2F348
:1051100083624A70C26DC2F301628A70C26D120C62
:10512000CA70B0F85C20120A0A7190F85C204A71CB
:10513000026E120DCA80026EC2F303420A72B0F808
:105140006020C2F3C0324A72B0F86020C2F38032ED
:105150008A72B0F86020C2F34032CA72B0F86020A0
:105160000026C2F300320A734E730122836B4FF4A0
:10517000007463B1012B3AD0036850499963416BC5
:1051800041F08051416380F830200120F0BDB0F83B
:105190006030456E9B051B0D43EA95730B61436EB2
:1051A000C3F3C2630B75436EC3F302634B75436E67
:1051B000C3F342538B75436EC3F38243CB75436E87
:1051C000C3F3C2330B760D696D1C85640B7E03F04F
:1051D00007039B1C9D4085640B7A446503F00F0315
:1051E00002FA03F35F0A7D43C0E913350EE090F83D
:1051F0006050436EAD06AD0A45EA13430B610B697F
:105200005B1C9B028364C0E913434465B0F86430BF
:10521000C3F380334B76B0F86430C3F3C6138B7698
:1052200090F8643003F07F03CB76836EDB0F0B774F
:10523000836EC3F341734B77836EC3F382638B77C3
:10524000836EC3F38353CB77836EC3F3405381F8EC
:10525000203081F82160836EC3F3004381F822304F
:10526000B0F86830C3F3C03381F82330B0F8683049
:10527000C3F3803381F82430B0F86830C3F340338F
:1052800081F82530B0F86830C3F3003381F8263058
:10529000B0F86830C3F3812381F82730B0F8683064
:1052A000C3F3012381F8283090F86800C0F346006A
:1052B00081F8290081F82A200020F0BDFF0FE01FAF
:1052C000826B0A60C26B4A60026C8A60426CCA6080
:1052D000826C0A61C26C4A61026D8A61406DC8616C
:1052E0000020704770B5B0F84410002504460068EF
:1052F000090403F054F818B1616B0143616304E0E1
:105300002068002103F060FA0546C5F3432070BD14
:105310002DE9F041054690F8300090B00C4600268B
:10532000032810D06946284603F002FC2A4F4FF0AC
:10533000010860B12A68012697636A6B02436A63B9
:1053400085F830803AE0012010B0BDE8F081009986
:105350004FF47F40C1F3811121700099C1F34011D6
:10536000617000990A4600EA112141EA12616180E8
:10537000019909BA6160029921720299090A617260
:105380000299C1F30351A172DDE9022100EA124042
:10539000C9B20843A0810398C0F38520A073039885
:1053A000C0F30120E0730398C0F303102074039846
:1053B00000F00F0060740498000EA07428684FF489
:1053C000007102F0E6FE28B12A680126976368633F
:1053D00085F830803046B7E7FF0FE01F2DE9F8432E
:1053E00004460068E56A416B09041BD5290719D5F5
:1053F000D4E90950202813D30026206803F004FACA
:10540000020A2870010C6A70030EA970761CEB70FA
:10541000082E05F10405F0D3A06A2038C4E909502C
:10542000BDE8F883416B0127DFF8EC810026C90550
:1054300051D539024CF23A12816329072068C16BB9
:1054400021EA0201C1632068C16B21F08051C16370
:105450002068C16821F04001C16018D515F0220F05
:1054600009D0206802F0E8FF28B1616B0143616355
:105470002046FFF746FE2168AA07C1F8388084F865
:105480003070E66223D1204600F046FAC8E72806CD
:10549000C6D5206815F0220F86622068C662206893
:1054A000066509D0206802F0C7FF28B1616B01438F
:1054B00061632046FFF725FE15F0300F84F8307049
:1054C000E66202D0204600F027FAA807A8D02046BE
:1054D00000F01EFAA4E7416B490421D529071FD526
:1054E000D4E9075020289BD30026287800906978BB
:1054F00040EA01200090A97840EA01400090E97854
:105500002D1D40EA016000902068694603F094F97F
:10551000761C082EE9D3206A2038C4E907507FE7BB
:10552000416B11F03A0F416B58D0890703D5616B7D
:1055300041F002016163416B090703D5616B41F0E2
:1055400008016163416B890603D5616B41F020015D
:105550006163416BC90603D5616B41F01001616362
:10556000C0F838802068C16B21F49D71C163206848
:10557000C16821F04001C1602068C16A41F4005156
:10558000C1622068C16841F08001C160206802F0FA
:1055900053FF626B2B074FF4006140EA0200606327
:1055A0002068C26822F08002C2602068816303D54F
:1055B00084F83070E6620DE028068BD5606B002819
:1055C00088D02068C16B21F08051C16320680665D6
:1055D00084F830702046FFF794FD21E7C9009ED57E
:1055E0004FF0805181632068006D40074FEA85606D
:1055F00008D40028204602DAFFF7ABFC10E7FFF7DB
:10560000A6FC0DE70028204602DAFFF7A1FC07E719
:10561000FFF79CFC04E700003A0F0018F0B5040007
:1056200085B020D094F83000002518B920462576A2
:1056300000F0B6F8042084F83000204600F03CF872
:1056400088B969462046FFF763FE60B99DF81010DF
:10565000A26B9DF81100012A08D0A5652046E168DB
:10566000FFF778FC58B1012005B0F0BD014302D02E
:105670004FF4007001E04FF48070A065EEE7FDF795
:10568000FDFB0127064604E0FDF7F8FB801B401CEC
:105690000AD02046FFF726FE0428F5D16563E562AF
:1056A00084F830700020DFE74FF00040606384F83A
:1056B00030700320D8E700002DE9FC4104464FF08C
:1056C00000084FF48030FEF7F9F905004FF00106AD
:1056D00020D01F48434642464146B5FBF0F7CDE98E
:1056E0000087206803F074F8206803F087F87800DA
:1056F0001849B5FBF0F0B1FBF0F0401CFDF75AF98A
:10570000204603F0BBF958B184F83060616B014367
:10571000616319E04FF0006084F83060606313E06B
:10572000204603F02FF90028EED120684FF40071D5
:1057300002F02FFD002808D0226807499163616BB1
:105740000143616384F830600120BDE8FC81000002
:1057500000350C0010210100FF0FE01F10B500689C
:105760000B49884212D10B48016821F48031016055
:1057700009484FF4F851FDF72FF908480421FDF7C7
:105780002BF9BDE810403120FDF700BF10BD00002F
:1057900000700052D444025800080258000C02580D
:1057A000F0B587B0044614216846FAF7FCFD1E499F
:1057B0002068884235D11D48016841F4803101607C
:1057C000006800F48030059018480C30016841F002
:1057D00004010160016801F004010591016841F0D4
:1057E00008010160006802240025694600F00800F5
:1057F000059003260C274FF4F8508DE8F1000C4873
:10580000FDF70EFA042069468DE8F1000948FDF71E
:1058100007FA002201213120FDF7D6FE3120FDF7E5
:10582000C6FE07B0F0BD000000700052D44402581C
:1058300000080258000C02582DE9F0430F001E46E4
:1058400087B00446154607D094F83000012807D0E9
:10585000022007B0BDE8F083606B40F0006008E014
:10586000216D0020AA1960638A4204D9606B40F060
:105870000070606341E0032184F8301022687102F7
:10588000D062C4E90971A26B012A00D06D024FF009
:10589000020C90230293CDE903C04FF0FF32059034
:1058A000CDE9002180462068694602F023FE206889
:1058B000012E4FF00109C26842F04002C260206828
:1058C00087652068C0F8509006D98220E062206881
:1058D000294602F0CFFC05E08120E06220682946DD
:1058E00002F0E2FC58B125680849A963616B0143E5
:1058F000616384F83090C4F82C800120A9E7206807
:10590000C16B41F49571C1630020A2E7FF0FE01F56
:1059100010B5FBF713FA10BD10B5FBF723FA10BD55
:105920002DE9F0470F001E4686B00446154607D005
:1059300094F83000012807D0022006B0BDE8F087B7
:10594000606B40F0006008E0216D0020AA196063E0
:105950008A4204D9606B40F00070606340E003212C
:1059600084F8301022687102D062C4E90771A26B1A
:10597000012A00D06D024FF0FF324FF0900A0590DF
:10598000CDE902A0CDE90021049080462068694657
:1059900002F0B0FD2068C16841F04001C16020689C
:1059A0004FF001098765012E2168C1F8509006D992
:1059B000A020E0622068294602F068FD05E0C4F8F6
:1059C0002CA02946206802F07BFD58B12568094AC1
:1059D000AA63626B0243626384F83090C4F82C803F
:1059E0000120AAE72068C16B41F48D71C1630020DA
:1059F000A3E70000FF0FE01F704700002DE9F05FF4
:105A0000016804460020D1F810804F69D1F8089051
:105A100094F8816008EA070515F0600F01F1300B7A
:105A200008D1690706D5616F20468847216F204657
:105A30008847012005F04101012905D1690703D4F8
:105A4000216F20468847012005F02201022906D156
:105A5000690704D4616F2046BDE8F05F084700285D
:105A600059D128074FF0010A6AD5206819F4404F30
:105A7000826942F0080181612068816941F010016A
:105A800081612068816941F4006181612068016958
:105A900021F00801016109D0042E04D0A06FC06973
:105AA00020B1032E40D0E06FC069B0BB2068806891
:105AB00010F4404F20D023E0E0680F2806D920687A
:105AC000616E006B0860606E001D0FE0072806D94C
:105AD000BBF80000616E0880606E801C06E02068E4
:105AE000616E90F830000870606E401C6066B4F81B
:105AF0006A00401EA4F86A00B4F86A000028DBD1EE
:105B0000204603F073FB84F881A0D4F8840020B110
:105B10002046FFF771FFBDE8F09FFFE7052E07D095
:105B2000042E09D0032EF6D1204600F050FCF2E7F7
:105B3000204600F04DFCEEE7204600F0B5FAEAE71B
:105B4000380508D55FEA087005D52068816941F4F9
:105B500000618161DFE715F4587FDCD068060AD563
:105B6000D4F8840040F00400C4F8840020688169FF
:105B700041F040018161A8050AD5D4F8840040F0C5
:105B80000100C4F884002068816941F400718161DA
:105B9000E8050AD5D4F8840040F00800C4F8840071
:105BA0002068816941F480718161A8060AD5D4F822
:105BB000840040F08000C4F884002068816941F0CE
:105BC00020018161D4F884000028A4D0206840F22C
:105BD0006B32C9F381310368032923F001010160AD
:105BE0002068016921EA0201016102D084F881A0E4
:105BF0008EE72068104D816821F440418160E06F9C
:105C000050B10565E06FFCF73DF828B1D4F8840089
:105C100040F04000C4F88400A06F002887D00565DC
:105C2000A06FFCF72FF8002885D0D4F8840040F04E
:105C30004000C4F884006EE7A99200082DE9F047FF
:105C4000040029D0504A4FF0000920684F4B504DB6
:105C50009042C4F8289006D0984204D0A84202D0BE
:105C6000E1680F2918D8E1684FF0010AE76B0831A5
:105C7000C9080AEB57167143904205D0984203D0E9
:105C8000A84201D0082907D8904203D0984201D0F9
:105C9000A84204D1102902D90120BDE8F08794F868
:105CA000810020B9204684F8809000F073F802202B
:105CB00084F881002068016821F0010101602168F9
:105CC000A0698A68B0F1806F02F4F81010D16268A0
:105CD000B2F5800F01D01AB10AE0A26B22B107E041
:105CE000A26BB2F1805F03D10A6842F480520A606D
:105CF000A66AE169E26B25683143E3680243114318
:105D00001943A960D4E90D02D4E90571636A2569D4
:105D10001843D4F820C00A43266810432843A56DD1
:105D20003843D4E90182D4E9123140EA0C0040EA58
:105D300008000843104318432843F060606868B9BE
:105D40002068816821F4C05141F4006181602068BD
:105D5000816821F4C06141F4806181602068016D37
:105D600021F0010101656068400206D52068626D7E
:105D7000C16821F000411143C160C4F8849084F8E7
:105D800081A0002089E70000003001400038004079
:105D9000003C004070B5B6B0064614212FA8FAF7B3
:105DA00002FBBC216846FAF7FEFA264930688842B1
:105DB00045D180140090002568461795FDF7B4FF83
:105DC00008B1FBF713FA2048016841F480510160E3
:105DD000006800F4805034901B481038016841F08E
:105DE0000101016000682FAB022100F00100349036
:105DF000E020052283E8230014482FA9CDE9325280
:105E0000FCF70EFF124C25211248021584E82300EE
:105E1000C4E9035265612046A561E56125626562BA
:105E2000FCF7E6FB08B1FBF7E1F9F4670022062175
:105E3000A6632320FDF7C8FB2320FDF7B8FB36B08F
:105E400070BD000000300140F044025800000258CC
:105E50007C030024100002402DE9FF5F0446164633
:105E60000F461D4600214FF0040BD4E900020091BB
:105E700030300290B2F5800F01D1A06888B194F85B
:105E80008000012819D04FF0010984F88090FCF7B8
:105E9000F5FF94F881108246002001290FD00221DD
:105EA00026E084F881B03A461146204600933346F6
:105EB00000F0FBF804B0BDE8F09F0220FAE7B7B1AC
:105EC000AEB1A26880466766A4F8686084F881B0C5
:105ED000C4F88400A4F86A60E065A4F86000A4F83F
:105EE0006200B2F5C02F2067606705D009E001218C
:105EF00084F880000846DDE72068016821F400612D
:105F00000160206841686FF30F01314341602068F0
:105F1000016841F0010101606068B0F5800F04D1B3
:105F20002068016841F400710160E0680F282ED9F3
:105F300048F20806B4F86A00002859D02068416980
:105F400031420BD0006B616E0860606E001D6066B0
:105F5000B4F86A00401EA4F86A00EBE7FCF78EFF75
:105F6000A0EB0A00A84202D3681CE3D001E0002D98
:105F7000E0D1204603F03AF9D4F8842084F88080F8
:105F800042F48071C4F8841084F8819088E0072876
:105F90002AD868E02068416911F4604F19D041693E
:105FA000090409D5006B616E0860606E001D6066B3
:105FB000B4F86A00801E09E002980088616E0880CB
:105FC000606E801C6066B4F86A00401EA4F86A0027
:105FD0000AE0FCF753FFA0EB0A00A84202D3681CBA
:105FE00002D0C6E7002DC4D0B4F86A000028D1D191
:105FF0003DE02068416911F4604F2AD041690904ED
:1060000009D5006B616E0860606E001D6066B4F8B3
:106010006A00001F1AE0416901F4C041B1F5005F58
:106020000AD902980088616E0880606E801C6066E4
:10603000B4F86A00801E09E090F83000616E0870C4
:10604000606E401C6066B4F86A00401EA4F86A00E6
:1060500009E0FCF713FFA0EB0A00A84202D3681C7A
:1060600001D010E07DB1B4F86A000028C1D120460B
:1060700003F0BCF884F88190D4F8841084F8808010
:1060800081B1012016E7204603F0B0F8D4F884204F
:1060900084F8808042F48070C4F8840084F8819091
:1060A000032007E7009805E770472DE9FF4F83B00D
:1060B00090F880100446006801294FF00001109FFD
:1060C0001D46019100F1200100F13000934602913C
:1060D000009014D04FF0010A84F880A0FCF7CEFEA7
:1060E000804694F881006368002101282E464FF411
:1060F00080020CD0934208D1A36833B903E0022098
:1061000007B0BDE8F08F042801D0022037E00498E2
:1061100098B3BBF1000F31D07DB394F8810004280F
:1061200002D0052084F8810089460846C4F884100E
:10613000C4F864B0A4F86A50A4F868500499E16502
:10614000A4F86250A4F86050206760672068416836
:106150006FF30F01294341602068016841F001019C
:1061600001606068904204D12068016841F40071C8
:106170000160E0680F2836D839E0FFE7012084F895
:106180008010BDE72068416989070DD565B1E16DD3
:1061900009680162E06D001DE065B4F86200401E10
:1061A000A4F86200B4F8625048F20802206841691D
:1061B00011420DD066B1006B616E0860606E001D0B
:1061C0006066B4F86A00401EA4F86A00B4F86A6019
:1061D000FCF754FEA0EB0800B84202D3781C02D0B2
:1061E000E4E0002FFCD055EA0600CBD1C4E007283C
:1061F0004CD8BEE02068416989071CD5DDB1012D6E
:106200000BD9E16B49B1E16D09680162E06D001DD8
:10621000E065B4F86200801E09E0E06D0188029834
:106220000180E06D801CE065B4F86200401EA4F8B7
:106230006200B4F862502068416911F4604F1BD0CD
:10624000D6B14169090409D5006B616E0860606EC2
:10625000001D6066B4F86A00801E09E0009800889E
:10626000616E0880606E801C6066B4F86A00401E33
:10627000A4F86A00B4F86A60FCF700FEA0EB08001E
:10628000B84202D3781C01D090E0F7B355EA06007B
:10629000B0D171E02068416989072CD55DB3032D29
:1062A0000CD9E16B40290BD9E16D09680162E06D01
:1062B000001DE065B4F86200001F18E0012D0CD944
:1062C000E16B51B1E06D018802980180E06D801CA6
:1062D000E065B4F86200801E09E0E16D097880F89D
:1062E0002010E06D401CE065B4F86200401EA4F888
:1062F0006200B4F862502068416911F4604F2ED0FA
:106300006EB3416909040BD500E04FE0006B616E8C
:106310000860606E001D6066B4F86A00001F1AE035
:10632000416901F4C041B1F5005F0AD900980088C5
:10633000616E0880606E801C6066B4F86A00801E22
:1063400009E090F83000616E0870606E401C606675
:10635000B4F86A00401EA4F86A00B4F86A60FCF75A
:106360008DFDA0EB0800B84202D3781C01D01DE0DF
:10637000E7B155EA06008DD10022434608212046A8
:10638000009702F09EFF28B1D4F8840040F020006E
:10639000C4F88400204602F029FF84F881A0D4F8D4
:1063A000841084F8809081B10120A9E6204602F093
:1063B0001DFFD4F8842084F8809042F48071C4F8E2
:1063C000841084F881A003209AE6019898E670472B
:1063D00070470000024A136883430B431360704701
:1063E00004040058401EB0F1807F10B501D3012095
:1063F00010BD4FF0E02460610F21601703F010FE24
:106400000020A0610721216110BD704770477047CF
:10641000F0B590F83C20012A3BD01F4E012480F8B3
:106420003C40022280F83D2002681C4D5368B24275
:10643000D2F808C001D0AA4203D14F6823F47003F8
:106440003B430F6823F070031F4357600268B2425A
:1064500013D0B2F1804F10D0114B9A420DD0114B96
:106460009A420AD0104B9A4207D0AA4205D00F4B4D
:106470009A4202D00E4B9A4204D189682CF08003D4
:1064800019439160002180F83D4080F83C10084697
:10649000F0BD0220F0BD00000000014000040140FA
:1064A0000004004000080040000C004000180040BC
:1064B0000040014010B5040003D094F83D0010B135
:1064C00007E0012010BD002084F83C00204600F0C9
:1064D00023F8022084F83D002068211D03F044F8D1
:1064E000012084F8480084F83E0084F83F0084F8D6
:1064F000400084F8410084F8420084F8430084F8A6
:10650000440084F8450084F8460084F8470084F885
:106510003D00002010BD000008B501682248B1F11F
:10652000804F0BD0214A914217D1016841F01001F0
:106530000160006800F01000009008BD016841F0A3
:1065400001010160006800220F2100F001000090AD
:106550001C20FDF739F81C2022E0154A91420ED18B
:10656000016841F020010160006800220E2100F066
:10657000200000903720FDF727F8372010E00D4A63
:106580009142DAD1016841F0800101600068002287
:106590000A2100F0800000902C20FDF715F82C2037
:1065A000BDE80840FDF703B8E84402580010004079
:1065B00000140040001C004090F83D10012901D05B
:1065C00001207047174A022180F83D100168CB680E
:1065D00043F00103CB600068904214D0B0F1804FCB
:1065E00011D0114988420ED0104988420BD0104971
:1065F000884208D00F49884205D00F49884202D00E
:106600000E49884207D181680D4A1140062906D0FB
:10661000B1F5803F03D0016841F001010160002025
:1066200070470000000001400004004000080040E6
:10663000000C0040000401400018004000400140F0
:106640000700010070B5044690F83C0000250128C1
:1066500014D03A4B012684F83C60022084F83D00B7
:1066600022689068184020F47F4090600868702885
:106670002FD010DC10F00F0F03D022E04FF00200FB
:1066800070BD4FEA2012072A1BD2DFE802F05353F5
:1066900053534B394100B0F1101F4BD009DCB0F51A
:1066A000805F0FD0B0F5005F1ED0B0F5801F08D11D
:1066B00040E0A0F5801120393CD010293AD02029A3
:1066C00038D0012584F83D60002084F83C0028463D
:1066D00070BD4A682068D1E9021302F0B4FF206857
:1066E000816841F0770109E04A682068D1E9021326
:1066F00002F0A9FF2068816841F480418160E1E7F0
:10670000CA684968206803F04DF92068502106E006
:10671000CA684968206803F056F92068602102F0D1
:106720009BFFCFE7CA684968206803F03BF92068FF
:106730004021F4E7226801461046F0E788FFCEFFCB
:10674000704770B50446006800250169C943890790
:1067500015D4C168C943890711D4EA1E0261012119
:106760002177206880698007204602D0FFF7E8FF84
:1067700004E000F020F9204600F03CFA257720687C
:106780000169C943490717D4C168C943490713D4EC
:1067900002216FF00402026121772068806910F401
:1067A000407F204602D0FFF7CBFF04E000F003F962
:1067B000204600F01FFA257720680169C9430907C0
:1067C00016D4C168C943090712D404216FF0080226
:1067D000026121772068C0698007204602D0FFF758
:1067E000AFFF04E000F0E7F8204600F003FA257759
:1067F00020680169C943C90617D4C168C943C906DD
:1068000013D408216FF01002026121772068C0695B
:1068100010F4407F204602D0FFF792FF04E000F022
:10682000CAF8204600F0E6F9257720680169C943D7
:10683000C90708D1C168C943C90704D1891E0161CC
:10684000204600F061FA20680169C943090609D4AD
:10685000C168C943090605D46FF080010161204673
:10686000FFF7D4FD20680169C943C90509D4C1688F
:10687000C943090605D46FF4807101612046FFF712
:10688000C4FD20680169C943490609D4C168C943E8
:10689000490605D46FF040010161204600F07EFA00
:1068A00020680169C94389060BD4C168C9438906B8
:1068B00007D46FF0200101612046BDE87040FFF76A
:1068C000A6BD70BD10B586B0044614216846F9F720
:1068D0006AFD184A00202368174993424FF00202CC
:1068E00011D10B6843F008030B60096801F008013F
:1068F00005914FF4A0410091CDE90120CDE90302BB
:106900000E48694612E00E4CA34211D10B6843F0C9
:1069100002030B60096801F0020105912114009146
:10692000CDE90120CDE9030206486946FCF778F974
:1069300006B010BD00080040E0440258000C0258A8
:10694000001800400004025870B5044690F83C005E
:10695000002501280BD0012084F83C000C2A1ED011
:1069600007DC82B1042A12D0082A06D113E00220E3
:1069700070BD102A17D0142A19D00125002084F8E0
:106980003C00284670BD206802F070FEF6E72068E3
:1069900002F0C0FEF2E7206802F008FFEEE7206890
:1069A00002F050FFEAE7206802F088FFE6E720687F
:1069B00002F0BEFFE2E7704710B5040003D094F880
:1069C0003D0010B107E0012010BD002084F83C001C
:1069D000204600F023F8022084F83D002068211DA5
:1069E00002F0C2FD012084F8480084F83E0084F8DB
:1069F0003F0084F8400084F8410084F8420084F8A5
:106A0000430084F8440084F8450084F8460084F884
:106A1000470084F83D00002010BD000008B5006864
:106A20000649884208D10648016841F00401016026
:106A3000006800F00400009008BD0000000800405D
:106A4000E844025870B5044690F83C0000260D4614
:106A500001280BD0012084F83C000C2A4AD007DC26
:106A600082B1042A20D0082A06D131E0022070BD6C
:106A7000102A53D0142A63D00126002084F83C0049
:106A8000304670BD206802F0F1FD2068816941F058
:106A9000080181612068816921F004018161206819
:106AA0002A698169114311E0206802F033FE2068F1
:106AB000816941F4006181612068816921F480610C
:106AC000816120682969826942EA01218161D4E7F4
:106AD000206802F06BFE2068C16941F00801C161C5
:106AE0002068C16921F00401C16120682A69C16977
:106AF000114311E0206802F0A5FE2068C16941F44D
:106B00000061C1612068C16921F48061C1612068B0
:106B10002969C26942EA0121C161AEE7206802F039
:106B2000CDFE2068416D41F0080141652068416D4E
:106B300021F00401416520682A69416D114311E08B
:106B4000206802F0F5FE2068416D41F40061416566
:106B50002068416D21F48061416520682969426D9A
:106B600042EA0121416588E710B5040003D094F89A
:106B70003D0010B107E0012010BD002084F83C006A
:106B8000204600F023F8022084F83D002068211DF3
:106B900002F0EAFC012084F8480084F83E0084F802
:106BA0003F0084F8400084F8410084F8420084F8F3
:106BB000430084F8440084F8450084F8460084F8D3
:106BC000470084F83D00002010BD000008B50068B3
:106BD0000649884208D10648016841F04001016039
:106BE000006800F04000009008BD00000018004060
:106BF000E84402587047000030B504464FF00202E6
:106C000069B1042912D0082917D00C291CD01029E9
:106C100021D094F84300012824D0012030BD94F8FD
:106C20003E000128F9D184F83E201DE094F83F0091
:106C30000128F2D184F83F2016E094F840000128A2
:106C4000EBD184F840200FE094F841000128E4D112
:106C500084F8412008E094F842000128DDD184F84E
:106C6000422001E084F843200122206802F0DEFC8B
:106C70001B4B20681B491C4A984209D0884207D008
:106C8000904205D0194DA84202D0194DA84203D117
:106C9000456C45F4004545642068984212D0B0F137
:106CA000804F0FD0134B98420CD0134B984209D011
:106CB000124B984206D0884204D01149884201D034
:106CC000904207D181680F4A1140062906D0B1F5DC
:106CD000803F03D0016841F001010160002030BD18
:106CE0000000014000040140004001400044014018
:106CF000004801400004004000080040000C004033
:106D000000180040070001002DE9F041194906462E
:106D100000680025184C012788420FD1208A401CAA
:106D200080B22082032803D32582277002F0ECFA78
:106D3000E07818B111480821FCF78DF81049306847
:106D4000884200D16771B0F1804F11D120790028BD
:106D50000ED0608A401C80B26082782808D3658299
:106D600008A0257103F034F9BDE8F041FAF718BA2C
:106D7000BDE8F081001C004040000024000C0258D7
:106D8000001400400D0A20CEDEB2D9D7F7CAB1BC3C
:106D9000E42035B7D6D6D3200D0A2000704730B591
:106DA00090F88010012918D0012280F88020242139
:106DB000C0F884100022202450F8641B0B680D6872
:106DC00023F0005325F001050D60026050F8641CAB
:106DD0000B6004620277104630BD022030BD70B5F2
:106DE000044690F8800001281DD0012284F88020FC
:106DF0002420C4F8840020680568026822F001029B
:106E000002602068826822F060620A438260204645
:106E100002F0ECFD2268202100201560C4F88410E7
:106E200084F8800070BD022070BD70B5044690F8F3
:106E3000800001281DD0012284F880202420C4F87D
:106E4000840020680568026822F001020260206860
:106E5000826822F060420A438260204602F0C6FD4A
:106E60002268202100201560C4F8841084F8800076
:106E700070BD022070BD10B5040003D0D4F88400AA
:106E800010B107E0012010BD002084F880002046EA
:106E900000F026F82420C4F884002068016821F05E
:106EA00001010160204602F057FE0128EBD0A06AE4
:106EB00010B1204602F0BCFD2068416821F49041E9
:106EC00041602068816821F02A01816020680168A2
:106ED00041F0010101602046BDE8104002F00CBE07
:106EE000F0B5B5B0044614212FA8F9F75CFABC211F
:106EF0006846F9F758FA206807272A490024284DE0
:106F00000226884222D101201E9400906846FCF798
:106F10000BFF08B1FAF76AF921481030016841F017
:106F200010010160006800F010003490286840F003
:106F30000100286028682FA9CDE9306400F0010025
:106F400034904FF4C0602F90174823E017498842CF
:106F500024D1684600961D94FCF7E6FE08B1FAF7C6
:106F600045F90F480830016841F48021016000684C
:106F700000F480203490286840F0080028602868D9
:106F80002FA9CDE9306400F0080034904FF4407030
:106F90002F900748CDE93247FBF742FE35B0F0BDF0
:106FA000E044025800100140000002580048004030
:106FB000000C02582DE9F8430446D0F884001F461F
:106FC00016460D46202852D1DDB1D6B194F8800086
:106FD00001284CD0012084F8800021224FF00008C5
:106FE000C4F88C80C4F884201834FBF747FF81462E
:106FF00054F8100CA687E687183CB0F5805F03D0E4
:1070000004E00120BDE8F883206920B12E46002568
:1070100084F8808010E00026FAE78021204602F004
:1070200071FFB8B9C6B116F8010B21688862B4F8CF
:107030005600401EA4F85600B4F856004B464FF0D8
:10704000000200970028E8D14FF04001204602F0EE
:1070500059FF38B10320D5E735F8020B2168C0F39A
:107060000800E3E72020C4F884000020CAE70220DB
:10707000C8E7000001A002F0ABFFFEE70D0A2048C0
:107080006172644661756C745F48616E646C6572B0
:10709000200D0A002DE9FE430127154600248846ED
:1070A0004FF47A7681460DE009EB04000296CDE9B3
:1070B000000708EB040082B206480123D021FBF749
:1070C00095FF641CAC42EFDB10B10020BDE8FE83ED
:1070D0000120FBE7C001002403B583B001224FF477
:1070E0007A7303A88DE80D00134605480A46D0219F
:1070F000FCF72EF810B1002005B000BD0120FBE721
:10710000C001002401688A69D243920701D4002299
:107110008A6200688169C943C90703D0816941F067
:1071200001018161704700002DE9F04704460068C5
:107130008A464FF0000917464FF020084D464E464C
:107140008169C90648D51021C16136E0BAF1FF3F17
:1071500033D0FBF793FEC01B504502D8BAF1000FA5
:107160002BD12068426894F84210836902F480426F
:10717000DB431B041CD4B2F5804F19D0202917D053
:10718000416841F480414160FBF778FE07460FE01B
:10719000FBF774FEC01B19280AD9626C012542F066
:1071A0002002626484F8418084F8429084F8409020
:1071B00020688069C0438006EAD420688069C043A3
:1071C000800602D5002DC1D003E015B92168C1F8B1
:1071D0001C80012546F0040621688869C20505D592
:1071E0004FF48072CA6146F00106012541050AD5B7
:1071F000216880054FF4806246F00806CA614FF0AE
:10720000010502D40AE0800507D5216801254FF465
:10721000007046F00206C86100E085B12046FFF725
:1072200071FF2168074F4A683A404A60616C3143F8
:10723000616484F8418084F8429084F84090284644
:10724000BDE8F08700E800FE2DE9F8431746044644
:107250001548DAB2DDE908981E4600900023204662
:1072600000F056F842464946204600F0BDF8B8B94D
:10727000012EFDB208D02068390A81624246494693
:10728000204600F0B1F858B92068856200224021FC
:107290004B462046CDF8008000F052F8002800D080
:1072A0000120BDE8F8830000002000802DE9F843AC
:1072B0000446164817461E46DAB20090C30220461E
:1072C000DDE9089800F024F842464946204600F0DF
:1072D0008BF8B8B9012EFDB208D02068390A816256
:1072E00042464946204600F07FF858B9206885623A
:1072F000002280214B462046CDF8008000F020F887
:10730000002800D00120BDE8F883000000200080A4
:1073100070B50068C1F3090141EA0241074D049CC0
:1073200019434FF480664268214306EA54532B43C5
:107330009A4321F000410A43426070BDFF63FF039E
:107340002DE9F0411D4617460E460446DDF818802B
:1073500008E0681C06D0FBF791FDA0EB0800A842EE
:107360000BD855B12068806936EA000013D00020A0
:10737000B842EED00020BDE8F081626C002084F8B5
:107380004000202142F02002626484F8411084F819
:1073900042000120EFE70120EAE770B516460D46EE
:1073A00004460DE0324629462046FFF7BDFE08B1EF
:1073B000012070BDFBF762FD801BA84207D835B1E4
:1073C00020688069C0438006ECD4002070BD626CE8
:1073D000002084F84000202142F02002626484F8FA
:1073E000411084F84200E3E770B516460D460446A6
:1073F0000FE0324629462046FFF796FE08B10120ED
:1074000070BD681C05D0FBF739FD801BA84207D86A
:1074100035B120688069C0438007EAD4002070BD80
:10742000626C002084F84000202142F02002626457
:1074300084F8411084F84200E1E78068C0F3C0009E
:1074400070478068C0F380007047C06810F4406FD8
:1074500001D0002070470120704710B5042404EAD1
:10746000D1540723C1F3045120448B408A40416921
:1074700099431143416110BD70B50368D0E903120F
:107480001143D960D0E90514D0E90725436A2143A7
:107490002A43058D1143234AD0E90B4619438368DB
:1074A00021430468314302EB8542114319432161B2
:1074B00041684FF08044A14204D101680A6942F05A
:1074C00040420A61026800215161426B002A08DAD9
:1074D0000268536943F480235361828E03685242E9
:1074E00000E0036892B21A62836B0268002B08DA2C
:1074F000536943F4002353610268038F156A5B42AA
:1075000000E0156A45EA034313624268A24203D0D1
:107510000368D2B29A6201E0026891620068416237
:1075200070BD00000000FCFF08B500206946012284
:107530008DF80000752000F057F89DF800006828CD
:1075400001D0002008BD05A002F042FD9DF800100A
:1075500007A002F03DFD012008BD00004D5055364A
:10756000303530D5FDB3A3B9A4D7F7200000000013
:10757000204944203D2025780D0A0000C82010B580
:10758000FBF718FA00216B2000F033F807211920CF
:1075900000F02FF806211A2000F02BF801211C2002
:1075A00000F027F818211B2000F023F8C820FBF773
:1075B00001FAFFF7B9FF002804D1BDE8104002A08E
:1075C00002F006BD10BD00000D0AC3BBD3D0BCEC59
:1075D000B2E2B5BD4D505536303530B4ABB8D0C63B
:1075E000F7A3A10D0A0000000B4601461846FFF75D
:1075F00051BD0A4601461046FFF76EBD30B587B053
:107600001C216846F8F7CFFE18480024164A0425C6
:107610000121C0E900248460C0E903450475447574
:107620008161047744628462C4620463446380F8C5
:107630003840FAF7DBF808B1F9F7D8FD0C48062115
:1076400040F2FF7203928DE8130008486946CDE9C5
:1076500004548DF81940F9F7D9FE002801D0F9F744
:10766000C5FD07B030BD0000006002585C01002479
:1076700002003004094808B5016841F001010160C9
:1076800000680022072100F0010000900B20FBF7AA
:107690009BFFBDE808400B20FBF789BFD844025888
:1076A0000449054810B5F9F7A3FD0249491E0870C1
:1076B00010BD00001D000024DCDD00082DE9F04FA6
:1076C00087B014216846F8F76EFE5448016841F00F
:1076D00080010160016801F080010591016841F0BD
:1076E00004010160016801F004010591016841F0A5
:1076F00001010160016801F001010591016841F09B
:1077000002010160016801F002010591016841F088
:1077100010010160016801F010010591016841F05C
:107720000801016000680022DFF8F490122100F0E7
:10773000080005904846FBF796FBDFF8E8A000221A
:1077400050215046FBF78FFBDFF8DCB040F22736C4
:10775000002231465846FBF786FB40F2017733485A
:1077600000223946FBF77FFB4AF218083048002216
:107770004146FBF778FB0024694601251220009062
:10778000CDE9015448460394FBF74AFA5020009093
:10779000CDE90154694650460394FBF741FA202095
:1077A00000904FF404106946CDE901045046FBF700
:1077B00037FA00966946CDE9015458460394FBF721
:1077C0002FFA00976946CDE9015418480394FBF756
:1077D00027FACDF800806946CDE901541448039496
:1077E000FBF71EFA03206946CDE900041048029415
:1077F000FBF716FA0221802000900D48CDE90141E7
:107800006946FBF70DFA002217201146FBF7DCFE54
:107810001720FBF7CCFE07B0BDE8F08FE04402581C
:1078200000000258000802580004025800100258D4
:10783000000C02581348002110B5114C0123124AC4
:107840000460C0E90121C0E9033141618161C16186
:107850000162FBF76FFB08B1F9F7C8FC094800218A
:10786000FBF712FB08B1F9F7C1FC06480021FBF752
:1078700037FB002803D0BDE81040F9F7B7BC10BDB6
:1078800000540040C0010024BC7D7010194838B578
:10789000016841F00101016000681E25164C0021BD
:1078A00000F00100009015480222082300F1100C9E
:1078B000C0E9004581601406C16001258CE80E0016
:1078C00000F12002C16182E83200C16201634163BC
:1078D0008163FBF7CFFD08B1F9F788FC0022074868
:1078E0001146FBF79BFD002803D0BDE83840F9F7AF
:1078F0007DBC38BDD4440258400000520C02002424
:10790000074800214FF4804310B5044C0122C0E920
:107910000041C0E90213C0E9041210BD007000521A
:107920007802002470B5144807224FF48004114DEA
:1079300000212301C0E9021201611A01C0E9051307
:10794000C161016241628162C162C0E90D21C1630E
:10795000016441648164C164016541658165C0E978
:107960000054FEF76BF9002803D0BDE87040F9F72A
:107970003DBC70BD00300140F402002410B588B059
:107980001C216846F8F70FFD11480024EF210F4A2B
:10799000C0E90024C0E9024104618461FFF7E4F812
:1079A00008B1F9F723FC602077218DE8130008481F
:1079B000002269460494FFF745F808B1F9F716FC70
:1079C0000348FEF77FFF08B010BD0000001800401C
:1079D000240500240B484FF4A67210B50021084C72
:1079E0001723C0E9021201618161C0E90043FEF77B
:1079F00061FD002803D0BDE81040F9F7F7BB10BDCA
:107A0000001C00407005002410B588B01748002401
:107A100047F22F524FF0804144F61F6300940194C7
:107A20000294039404940594069480E81600C0E937
:107A300003348461FEF73EFD08B1F9F7D7FB4FF43C
:107A40008050009009486946FEF7FCFD08B1F9F73F
:107A5000CDFB064804A904940694FEF7D9FC00283F
:107A600001D0F9F7C3FB08B010BD0000F4030024F7
:107A700010B58AB0002468461C2107940894099424
:107A8000F8F791FC1E4820211C4A02601D4A12880A
:107A9000C0E901211C490988C0E903148461FEF78B
:107AA0008BFF08B1F9F7A2FB154807A907940994C1
:107AB000FEF7AEFC08B1F9F799FB6020009013487F
:107AC000002269460088CDE901040D480494FEF7C0
:107AD0003BFF08B1F9F78AFB702000900C480822A0
:107AE0006946008801900648FEF72EFF08B1F9F7B5
:107AF0007DFB0348FEF7E6FE0AB010BD000800401B
:107B000040040024480000244A0000244C000024C3
:107B10004E0000243EB5104800244FF6FF710D4B77
:107B2000EF22009401940294C0E902418461C0E90B
:107B30000032FEF7BFFC08B1F9F758FB064869466A
:107B400000940294FEF764FC002801D0F9F74EFB84
:107B50003EBD0000001000408C0400243EB51048DB
:107B6000002442F20F7145F6BF5200940194029432
:107B7000C0E90241094B8461C0E90032FEF79AFC7A
:107B800008B1F9F733FB0648694600940294FEF702
:107B90003FFC002801D0F9F729FB3EBD001400404E
:107BA000D80400241848002110B5164C0C224FF4BC
:107BB000E1330460C0E90131C160C0E904128161B0
:107BC000C161016241628162FFF755F908B1F9F7BD
:107BD0000DFB0D480021FFF728F908B1F9F706FB66
:107BE00009480021FFF7FBF808B1F9F7FFFA06484A
:107BF000FFF7D5F8002803D0BDE81040F9F7F6BA32
:107C000010BD000000100140BC05002418480021F0
:107C100010B5164C0C224FF4E1330460C0E9013179
:107C2000C160C0E904128161C16101624162816287
:107C3000FFF721F908B1F9F7D9FA0D480021FFF74C
:107C4000F4F808B1F9F7D2FA09480021FFF7C7F8AC
:107C500008B1F9F7CBFA0648FFF7A1F8002803D0DE
:107C6000BDE81040F9F7C2BA10BD0000004800405E
:107C70004C060024FEE7FEE77047F0B5AFB0BC212C
:107C80006846F8F790FB0020089080264FF41027F4
:107C90000097CDE906600421289001AE68463222A3
:107CA0000523022406258F03139786E83E00FCF780
:107CB0003BF8002801D072B6FEE72FB0F0BD0000FF
:107CC00009480022402110B5FBF7CDF807480022F3
:107CD0002021FBF7C8F8BDE81040054800224FF40A
:107CE0000041FBF7C0B80000000802580004025829
:107CF000000C025808480122402110B5FBF7B3F8E8
:107D0000064801222021FBF7AEF801220448BDE815
:107D10001040D103FBF7A7B800080258000402582E
:107D2000000C02582DE9F047454D044689464FF0B6
:107D3000000A2868C04380070AD0414E283E3068B8
:107D400020F080603060FBF799F80746B04608E005
:107D50000120BDE8F08700BFFBF790F8C01B0228A8
:107D600067D8D8F800000001F6D4206829684FF4DD
:107D7000FE0721F47C313E0241EA00302860207A7F
:107D8000A389B4F804C040022D4D2D495B1E227C0E
:107D9000ACF1010C1035091DA0F5007080B2521E27
:107DA000CCF3080C07EA034340EA0C00184306EA48
:107DB0000262104328600868626920F0C000104326
:107DC00008600A68A06922F0200202430A60281DA8
:107DD0000A6822F010020A6002684FF6F873E4693C
:107DE0009A4342EAC40202600868B9F1000F40F009
:107DF00010020A6011D00868B9F1010F11D040F4E7
:107E000000100860D8F80000444640F08060C8F8D0
:107E10000000FBF733F805460DE0086840F4002049
:107E2000EFE740F48010ECE7FBF728F8401B02284E
:107E300001D903208DE720680001F5D5504688E779
:107E4000284402582DE9F047454D044689464FF035
:107E5000000A2868C04380070AD0414E283E306897
:107E600020F080503060FBF709F80746B04608E084
:107E70000120BDE8F08700BFFBF700F8C01B022817
:107E800067D8D8F800008000F6D4208829684FF41D
:107E9000FE0721F07C713E0241EA00502860207A02
:107EA000A389B4F804C040022D4D2D495B1E227CED
:107EB000ACF1010C1835091DA0F5007080B2521EFE
:107EC000CCF3080C07EA034340EA0C00184306EA27
:107ED0000262104328600868626920F44060104321
:107EE00008600A68A06922F4007202430A60281D33
:107EF0000A6822F480720A6002684FF6F873E46937
:107F00009A4342EAC40202600868B9F1000F40F4E3
:107F100080720A6011D00868B9F1010F11D040F0E9
:107F200080700860D8F80000444640F08050C8F8DF
:107F30000000FAF7A3FF05460DE0086840F4800052
:107F4000EFE740F40000ECE7FAF798FF401B022847
:107F500001D903208DE720688000F5D5504688E7D9
:107F60002844025810B5FFF71DFE0D4C00224FF4B7
:107F700080612046FAF777FF012220465102FAF786
:107F800072FF002220464FF48071FAF76CFFBDE8C3
:107F900010400449142204484FF6FF73FFF70AB853
:107FA0000010025804010024BC05002410B50B4841
:107FB00000224FF48071FAF756FF09480022012190
:107FC000FAF751FF0120FAF7F5FC00F015F8BDE8CB
:107FD0001040014603A001F0FBBF0000000402585E
:107FE000001002580D0A525443CAB1BCE4203D208F
:107FF00025730D0A000000002DE9F04397B02849D1
:10800000002668463422F8F7B5F926A20FF2940844
:1080100011688D20E9460F91F9F766F8224D286026
:108020008920F9F761F868608720F9F75DF8A860A2
:108030008520F9F759F8E8608320F9F755F82861A9
:108040008120F9F751F813AFC5F8140007EB460487
:1080500055F826001022214605F048F82046F8F78A
:10806000B9F901280BD121464046F8F7A7F9204677
:108070004146F8F7B6F90FA94046F8F7B2F9761C71
:10808000F6B2062EE2D313A96846F8F797F907A0CF
:10809000694601F09DFF17B04846BDE8F083000037
:1080A00088E2000830000000A81700240D0A25739C
:1080B000200D0A0070B505461048F9F793FB104CE7
:1080C000A061F8F730FB9FED0F1B53EC112BF8F775
:1080D00038FA9FED0E1B53EC112BF8F7A4FAF8F7C2
:1080E0005BFB00EE100A092D84ED070A05D1DFEDD8
:1080F000090A20EE200A84ED070A70BD5C01002405
:10810000400000246666666666660A40000000005D
:10811000E0FFEF407B142E40010201D540F07F408C
:10812000704700000148FDF759B9000078020024AB
:1081300030B585B0044637204FF480720DF1080C3D
:10814000CDE9001000236946150120468CE82C007B
:1081500000F05EFB372141F28832204600F0DEF964
:1081600005B030BD30B585B0044629204FF480728B
:108170000DF1080CCDE900100023694615012046D9
:108180008CE82C0000F044FB204600F083FA05B098
:1081900030BD30B50446102085B00DF1080C020149
:1081A0000502CDE90010002369468CE82C0020462A
:1081B00000F02EFB102141F28832204600F0AEF98B
:1081C00005B030BD30B585B0044606204FF480724E
:1081D0000DF1080CCDE90010002369461501204679
:1081E0008CE82C0000F014FB062141F28832204676
:1081F00000F094F905B030BD30B585B005460024D7
:1082000069464FF48050009401940294CDE90340F4
:10821000284600F0FDFA0B4A4FF4FA5041F288313B
:108220001268B2FBF0F04843401E03D24FF000400A
:1082300005B030BD696B0906F6D503492046A96330
:10824000F6E7000030000024C500200030B508210A
:10825000044685B04FF4D5704A0100234D028DE8E5
:108260002F006946204600F0D3FA204600F07CFA41
:1082700005B030BD30B585B0044612204FF4807291
:108280000DF1080CCDE900100023694615012046C8
:108290008CE82C0000F0BCFA122141F28832204612
:1082A00000F03CF905B030BD30B585B00446112072
:1082B0004FF480720DF1080CCDE9001000236946DF
:1082C000150120468CE82C0000F0A2FA112141F2A1
:1082D0008832204600F022F905B030BD30B585B0B7
:1082E000044607204FF480720DF1080CCDE9001010
:1082F00000236946150120468CE82C0000F088FA1E
:10830000072141F28832204600F008F905B030BD5F
:1083100010B585B00446002102204FF44072C3021C
:108320000493CDE90010CDE902216946204600F012
:108330006FFA204600F084F905B010BD30B585B065
:10834000044609200DF1080C0023CDE900104FF47C
:10835000407269464FF4805520468CE82C0000F0AE
:1083600057FA204600F06CF905B030BD10B585B065
:108370000446002133204FF48072CDE90221CDE97B
:108380000010130169462046049300F041FA33219E
:1083900041F28832204600F0C1F805B010BD30B57A
:1083A00085B004460D204FF480720DF1080CCDE924
:1083B000001000236946150120468CE82C0000F0CF
:1083C00027FA0D2141F28832204600F0A7F805B0C7
:1083D00030BD30B585B00C460021054603204FF472
:1083E0008072CDE90221CDE90010130169462846CB
:1083F000049300F00DFA03212246284600F06EF99E
:1084000005B030BD10B585B0044600210D204FF4F5
:108410008072CDE90221CDE90010130169462046A2
:10842000049300F0F5F90D2141F28832204600F066
:1084300075F805B010BD000010B585B004464FF4C6
:10844000807200200C2113018DE80700CDE90303A1
:10845000E06840F08000E060E06820F04000E0600C
:108460006946204600F0D4F9074A0C21204600F066
:1084700055F8E168B0F1007F21F08001E16000D1A2
:10848000002005B010BD000000E1F50530B585B055
:10849000044619204FF480720DF1080CCDE900104C
:1084A00000236946150120468CE82C0000F0B0F945
:1084B000192141F28832204600F030F805B030BD75
:1084C00030B585B0044618204FF480720DF1080CC9
:1084D000CDE9001000236946150120468CE82C00E8
:1084E00000F096F9182141F28832204600F016F883
:1084F00005B030BD70B50A6842624A688262C46ADB
:10850000D1E90225D1E9043624F0FF012A4333439F
:108510001A431143C162002070BD000030B5464DC2
:108520004FF4FA53434C2D68B5FBF3F353435B1EF2
:1085300002D24FF0004030BD426B2242F7D092048D
:10854000F5D4426B520703D504218163084630BD40
:10855000426BD20702D00121816306E0354A8032A6
:1085600082630269D2B28A4201D0012030BD00216B
:1085700000F02AF93149084201D1002030BD00281D
:1085800002DA4FF0007030BD410001D5402030BD0F
:10859000810001D5802030BDC10002D54FF480702C
:1085A00030BD010102D54FF4007030BD410102D54C
:1085B0004FF4806030BDC10102D54FF4006030BD82
:1085C000010202D54FF4805030BD410202D54FF474
:1085D000005030BD810202D54FF4804030BDC10251
:1085E00002D54FF4004030BD410302D54FF40030B6
:1085F00030BD810302D54FF4802030BDC10302D5C8
:108600004FF4002030BD010402D54FF4801030BD7E
:10861000410402D54FF4001030BD810402D54FF45F
:10862000800030BD000702D54FF4000030BD4FF48C
:10863000803030BD450020003000002408E0FFFD00
:10864000124B4FF4FA5141F288321B68B3FBF1F13F
:108650005143491E02D24FF000407047426B12F066
:10866000450FF6D09204F4D4416B490703D5042199
:10867000816308467047416BC90703D001218163BC
:10868000084670470249816300207047300000248B
:10869000C50020000F4B4FF4FA5141F288321B689D
:1086A000B3FBF1F15143491E02D24FF00040704735
:1086B000426B12F0450FF6D09204F4D4416B490797
:1086C00003D5042181630846704703498163002074
:1086D0007047000030000024C500200030B5204D58
:1086E0004FF4FA5341F288342D68B5FBF3F363433A
:1086F0005B1E02D24FF0004030BD446B14F0450FBA
:10870000F6D0A404F4D4436B5B0703D50421816342
:10871000084630BD436BDB0702D00121816303E0D3
:108720000369DBB28B4201D0012030BD0D4981636A
:10873000002100F049F810F4604F04D0410406D540
:108740004FF4005030BD000C1080002030BD0004FC
:1087500002D54FF4805030BD4FF4803030BD000062
:1087600030000024C5002000144B4FF4FA5141F2B0
:1087700088321B68B3FBF1F15143491E02D24FF01E
:1087800000407047426B12F0450FF6D09204F4D4CB
:10879000416B490703D50421816308467047416B4B
:1087A000C90703D00121816308467047416B490620
:1087B00001D5402181630020704700003000002473
:1087C000006800F0030070470844406970470000EB
:1087D00030B511434268DDE903542B43034D19437F
:1087E00021432A400A434260002030BD002CC0FFD4
:1087F000016821F00301016000207047016841F029
:108800000301016000207047D0F88000704700002D
:1088100070B5084D0A688260C368D1E90126D1E9C4
:1088200003412B4032430C4322431343C3600020D7
:1088300070BD0000C0E0FEFF0968C0F88010002095
:108840007047000010B5064C01202070F8F736FA8A
:1088500018B9207820F001002070207810BD0000A9
:108860001000002470B50546FAF708FB044603E043
:10887000F8F724FA002806D0FAF700FB001BA842FC
:10888000F6D34FF0FF3070BD2DE9F04F87B00D46A5
:108890000446FAF7F3FA0026069020680821B3464A
:1088A0003746FFF776FC002833D1B4F8441020682F
:1088B0000904FFF73DFC00282BD1431E4FF00809A7
:1088C0004FF0020A4FF0300C4FF00108CDF80CA029
:1088D0008DE80812CDE9046820686946FFF70AFEB2
:1088E0002068FFF743FD002813D140F22A58206882
:1088F000416B11EA080F06D1416B090315D4BBF196
:10890000000F09D011E0416B090717D5C0F8389066
:10891000082007B0BDE8F08FFFF776FF0646206815
:10892000FFF772FF07464FF0010BFAF7A7FA069917
:10893000401A401CDBD14FF00040EAE7416B890749
:1089400003D5C0F838A00220E3E7416B890603D5C0
:10895000202181630846DCE7034A39BA33BA8263CF
:108960000020C5E90013D4E73A0F0018044810B5F9
:10897000FCF7B8FC042801D0012010BD002010BD78
:108980007802002470B58CB004460020ADF82C00AD
:10899000FAF774FA05462068FFF712FF002853D053
:1089A000A06B032841D02068FFF7B2FC002849D112
:1089B00020680021FFF708FFE06604212068FFF728
:1089C00003FF206708212068FFF7FEFE60670C2187
:1089D0002068FFF7F9FEA16BA067032925D041F2BB
:1089E000883600BFBDF82C0088B3A06B03281CD0CC
:1089F000BDF82C10616420680904FFF79FFC002873
:108A000020D120680021FFF7DFFEE0650421206807
:108A1000FFF7DAFE206608212068FFF7D5FE6066C2
:108A20000C212068FFF7D0FEA06604212068FFF724
:108A3000CBFE000D694620642046FCF763FBA8B11D
:108A40004FF080500CB070BD4FF08060FAE7FFE748
:108A500020680BA9FFF7BDFC0028F3D1FAF70EFA46
:108A6000401BB042BED34FF00040EBE7B4F84410D7
:108A700020680904FFF732FCE4E700002DE9F84F15
:108A8000002604463546B04600960068FFF7B4FB62
:108A9000002829D12068FFF7D9FBB0F1004F4FF033
:108AA00001094FF0805B4FF6FF7702D0C4F83C908D
:108AB00008E0E6632068FFF79FFB002814D1E06B15
:108AC00001281ED120680021FFF732FB58B918E0B9
:108AD00020680021FFF72CFB002805D120685146B3
:108AE000FFF740FB10B15846BDE8F88F2068002121
:108AF000FFF76AFE4FEAD07805460098401C0090C8
:108B000002E0DFF828A00098B84202D2B8F1000FC6
:108B1000DED00098B84202D34FF08070E4E76800DE
:108B2000A66301D5C4F838900020DDE7000010C12D
:108B30002DE9F04186B00D460446FAF79FF9002171
:108B400007462068FFF740FE800104D54FF400601F
:108B500006B0BDE8F08120684021FFF71AFBC0B9DC
:108B6000B4F8441020680904FFF7E2FA88B94021FC
:108B70004FF0FF3060224FF0010C022300268DE8F9
:108B80004F1020686946FFF7B5FC2068FFF73AFCF4
:108B900098B1616B6163DBE7406B000407D5002689
:108BA0002068FFF731FE761C082E01C5F8D3FAF7CE
:108BB00065F9C01B401C02D127E04FF00048206837
:108BC000416B11F4957FE7D0416B090701D508206F
:108BD000BEE7416B890701D50220B9E7406B8006EB
:108BE0000AD52020B4E700BFFFF70EFE01C5FAF753
:108BF00045F9C01B401C08D02068416BC904F3D460
:108C00000146034888630020A2E74046A0E7000031
:108C10003A0F00182DE9F041344C354E3549606863
:108C2000327800270968401C002A4FF4C87804F104
:108C3000140534D0002932D0652860602DD2012877
:108C400001D100F0D1F861682BA001F0C1F9274BE8
:108C500042462D492D48083303F00CFE607055F84C
:108C600020102BA001F0B4F9607820B12DA001F004
:108C7000AFF9F8F7BBFA2548C16803F09FF86070B8
:108C800055F820102DA001F0A3F9607808B12FA0AD
:108C900027E01E4803F0A7FD3770BDE8F081314E94
:108CA0003278002AF9D00029F7D065286060F4D224
:108CB000012801D100F098F861682BA001F088F933
:108CC0000A4B42462B491148083303F0D3FD60702C
:108CD00055F8201028A001F07BF960780028D8D042
:108CE0002AA001F075F9F8F781FAD2E78000002494
:108CF00068000024740000240D0A50696E6720206B
:108D000025640D0A000000000C09002460140024F2
:108D1000665F7772697465202050696E67202573DD
:108D2000200D0A0053442077726974652050696EE3
:108D300067206572726F72200D0A0000665F6C73A7
:108D400065656B202573200D0A000000665F6C735B
:108D500065656B2050696E6720206572726F7220A6
:108D60000D0A00006900002450616E672020256410
:108D70000D0A00009C0A0024665F77726974652002
:108D80002050616E67202573200D0A005344207720
:108D9000726974652050616E67206572726F72200F
:108DA0000D0A00000D4810B5007818B90C4800787D
:108DB000002812D0FFF7DAFD00280ED1094C01225D
:108DC00002212046FAF74FF8FFF724FF0022204641
:108DD000BDE810400221FAF746B810BD6800002433
:108DE000690000240000025870B58EB03421684636
:108DF000F7F7D9FA0025FFF7FFF80646014668465F
:108E0000F7F7DCFA24496846F7F7D8FA23A0694651
:108E100001F0DEF82549684603F0C2FC1E4C0C3C0C
:108E2000C0B10020207022480A22694603F0ACFB42
:108E300019496070083151F820101EA001F0C8F8DF
:108E40006078002804D020A001F0C2F8F8F7CEF92D
:108E50000EB070BD20783421401C20706846F7F7B2
:108E6000A2FA31466846F7F7A9FA1BA16846F7F758
:108E7000A5FA20780A22294604F038F929466846DE
:108E8000F7F79CFA04496846F7F798FA13A0694681
:108E900001F09EF8C7E700008C0000240D0ACEC444
:108EA000BCFEC3FB203D2025730D0A009016002454
:108EB00060140024D0C2BDA8646174CEC4BCFE207E
:108EC0002573200D0A000000665F6F70656E2065D7
:108ED00072726F72200D0A005F000000D6D8C3FBCB
:108EE000CEC4BCFE203D2025730D0A0070B505469A
:108EF000F7F7F0FE034C18B92846FFF7A3FC2070E3
:108F0000207870BD10000024144810B58AB01446B3
:108F10000078C00702D003200AB010BD39B1012982
:108F200007D002290BD0032910D00420F4E7002039
:108F3000F2E76846F7F7BCFE069900200CE06846A9
:108F4000F7F7B6FE079900202180E5E76846F7F7B6
:108F5000AFFE07990020490A2160DDE710000024D8
:108F60002DE9F05F01261F4690460C4647F230502F
:108F7000FFF778FC002826DBDFF818B1A00701D046
:108F8000002579E03A4641462046F7F7C9FE002819
:108F90007DD182465D46CBF808A0F9F76FFF804689
:108FA00047F23059A86828B9F9F768FFA0EB080123
:108FB0004945F7D3A86828B1C5F808A0F9F75EFFBE
:108FC000054604E0012662E0F7F778FE28B1F9F7DC
:108FD00055FF411B4945F7D359E024F01F01601AA2
:108FE000002600EB4720002851DDBFF34F8F2A4AAF
:108FF0001160203820310028FADCBFF34F8FBFF317
:109000006F8F44E025480122414608F10108F7F737
:1090100087FE5FEA000931D1F9F730FF4FEA000A15
:10902000DBF8080038B9F9F729FFA0EB0A0147F28D
:1090300030508142F4D3DBF80810584621B30021A8
:10904000816016484FF4007300F01F0101F50071B4
:10905000BFF34F8F104A1060203020390029FADC0E
:10906000BFF34F8FBFF36F8F0C491A462046F7F7B7
:1090700081F96D1C04F50074BD42C3D3BD4206D115
:10908000B9F1000F02D002E00126F7E700263046D2
:10909000BDE8F09F100000245CEF00E0E006002433
:1090A000FFF7D0BB2DE9F05FDFF8289100270125FD
:1090B0001E4690460C4647F2305BC9F8047058468D
:1090C000FFF7D0FB00286DDBA00713D0424800F06B
:1090D0001F0101F50071BFF34F8F404B1860203026
:1090E00020390029FADCBFF34F8FBFF36F8F0027C1
:1090F000CB4663E024F01F00211A01EB4621002932
:109100000CDDBFF34F8F354A0C3210602030203910
:109110000029FADCBFF34F8FBFF36F8F3246414611
:109120002046F7F711FEE8BBF9F7A8FE06464C46C5
:10913000606820B9F9F7A2FE811B5945F8D3606831
:1091400028B16760F9F79AFE04465E4605E00125FE
:109150003CE000BFF7F7B2FD28B3F9F78FFE001B24
:10916000B042F7D332E00020CBF804001A484FF4A5
:1091700000722146F7F7FEF81748012204F5007443
:10918000414608F10108F7F7DFFD5FEA000A17D151
:10919000F9F774FE4FEA0009DBF8040050B9F9F75B
:1091A0006DFE01E012E010E0A0EB090147F2305043
:1091B0008142F1D3DBF8040010B17F1CB742D2D357
:1091C000B74203D1BAF1000F00D100252846BDE80F
:1091D000F09F000010000024E00600245CEF00E097
:1091E0000148FCF70BBC0000F402002410B5026833
:1091F00040F26F335169946944F008049461026845
:10920000946944F0100494610268146824F0010425
:109210001460026814699C4314610268936823F423
:109220004043936090F88120042A0CD08A060AD526
:10923000D0F8842042F08002C0F88420026893694C
:1092400043F02003936190F88120032A0CD04A0652
:109250000AD5D0F8842042F00402C0F884200268C5
:10926000936943F0400393618A050AD5D0F88420BE
:1092700042F00102C0F884200268936943F400734D
:109280009361C9050AD5D0F8841041F00801C0F8EF
:10929000841001688A6942F480728A610021A0F812
:1092A0006210A0F86A1010BD10B5806B0021012279
:1092B000A0F86A10A0F8621080F88120FCF79CFBEF
:1092C00010BD2DE9F041984616460D460746069C0E
:1092D00009E0F9F7D3FDA0EB0800A04202D3601C1F
:1092E00001D00BE054B13868406935EA000007D07E
:1092F0000020B042EDD00020BDE8F0810320FBE764
:109300000120F6E77047000070B50F4C012520786A
:1093100088B100262670A07902214000A0710B4878
:10932000F9F794FDA1790843A071F02801D0E67106
:1093300070BDE57102E0E0790128F9D1657004A003
:10934000BDE8704000F044BE40000024000C02580C
:10935000CFDECEBBB5BDB4EF200D0A0000B585B0A1
:1093600014216846F7F71FF800214FF40070CDE98B
:10937000000103486946F9F753FC05B000BD000041
:109380000004025800B585B014216846F7F70BF8C1
:1093900001214FF40070CDE9000103486946F9F757
:1093A0003FFC05B000BD000000040258F9F7E0BF23
:1093B00070B59CB04C216846F6F7F5FF202113A844
:1093C000F6F7F1FF0220FAF731F924480024244986
:1093D000026842F44042026002680A6842F00102F8
:1093E0000A60096801F001011B9101688904FCD53C
:1093F0001C4902200A680123C503502622F00302FB
:10940000921C0A60142109900A900C22CDE90B06E7
:10941000CDE90D010FA981E81500CDE900356846B9
:109420001294FBF7FBFA08B172B6FEE740201A90DF
:1094300008230501CDE9163013ABCDE918053F210E
:10944000032283E81600042113A8FBF7D7F80028AD
:1094500001D072B6FEE71CB070BD0000184802587B
:109460002C040058284402582C48F0B52C4A0168B6
:1094700041F470010160106800F00F00072804D269
:10948000106820F00F00C01D106026490020254CF8
:1094900010340B68244D43F001030B6020600B680F
:1094A0002B400B60136803F00F03072B04D91368DC
:1094B00023F00F03DB1D13601A4C1C4A18341C4B9D
:1094C000261D371D2060174C1A4D28343060261D8C
:1094D0003860371D23603B1D35601C1D3A60251D1B
:1094E0002E1D1860331D22602860326018600A68E3
:1094F0000C4B114C22F4802260330A601860206803
:109500006FF30F00B0F1005F03D20C490120C1F8E6
:10951000080143F2D2000A490860F0BD88ED00E07E
:1095200000200052004402587FEDF6EA800201015B
:10953000000202020000FF010010005C00800051E8
:10954000004000520148FDF7FCB80000F40300247D
:109550000148FDF7F6B80000D80400240148FDF7E3
:10956000F0B80000700500242DE9F047274B4FF0BC
:10957000804A274D02689842264E274F274C09D033
:10958000504507D0A84205D0B04203D0B84201D020
:10959000A04205D1D1F804C022F070024CEA0202C8
:1095A000DFF87CC0DFF87C809842DFF87C900FD039
:1095B00050450DD0A8420BD0B04209D0B84207D0D8
:1095C000A04205D0604503D0404501D0484503D1B5
:1095D000CD6822F440722A434D6922F080022A436A
:1095E000026098428A68C2620A68826207D0A0421A
:1095F00005D0604503D0404501D0484501D10969F7
:10960000016301214161BDE8F087000000000140D5
:109610000004004000080040000C0040000401402D
:1096200000400140004401400048014010B5046A78
:10963000012301F01F018B409C4304628A40016AB0
:109640001143016210BD42EA032283680A4323F4F6
:109650007F410A4382607047034B82681A400A4385
:1096600042F00701816070478FFFCFFF2DE9F04F77
:10967000026ADFF88880DFF8889022F00102DFF8C4
:1096800084A0DFF884B0214F0262DFF884C0066A4C
:109690004268836926F002060D68B8428C6803EAC6
:1096A0000C0323F0030344EA060445EA030507D04C
:1096B000404505D0484503D0504501D0584505D117
:1096C000CB6824F00804234323F00404B84207D0F5
:1096D000404505D0484503D0504501D0584505D1F7
:1096E00022F44076D1E9053233431A434260856162
:1096F000496841630462BDE8F08F00000004014046
:109700000040014000440140004801400000014089
:109710008FFFFEFFF0B5026A1E4E1F4C22F01002B2
:10972000DFF878E00262056A4368826925F0200567
:10973000D1F808C0A0420F6802EA060222F4407283
:1097400045EA0C1542EA072201D0704506D1CE68E1
:1097500025F0800545EA061525F04005A0420AD00F
:10976000704508D00E4CA04205D00E4CA04202D04D
:109770000D4CA04207D1D1E9054623F4406343EAEA
:10978000840343EA8603436082614968816305621A
:10979000F0BD0000FF8FFFFE00000140000401400B
:1097A000004001400044014000480140F0B5026A19
:1097B0001E4F1F4E22F48072DFF878E00262056AC5
:1097C0004368C26925F40075D1F808C0B0420C683E
:1097D00002EA070222F0030245EA0C2544EA0204E9
:1097E00001D0704506D1CF6825F4006242EA072215
:1097F00022F48065B0420AD0704508D00E4A9042EB
:1098000005D00E4A904202D00D4A904207D123F46F
:109810004052D1E9053642EA031242EA0613436098
:10982000C4614968C1630562F0BD00008FFFFEFF9F
:10983000000001400004014000400140004401409C
:1098400000480140F0B5026A174B164F22F48052CF
:1098500098420262046A4268C36924F400548E6824
:109860000D6803EA070323F4407344EA063443EA2D
:1098700005230BD00D4DA84208D00D4DA84205D0B0
:109880000C4DA84202D00C4DA84204D14D6922F4DF
:10989000804242EA85124260C36149680164046201
:1098A000F0BD0000FF8FFFFE0000014000040140FA
:1098B000004001400044014000480140F0B5026A08
:1098C000DFF854C022F480320262056A4268446DB7
:1098D00025F400350E896045104F0B6804EA070433
:1098E00045EA064543EA04030BD00D4CA04208D0DC
:1098F0000C4CA04205D00C4CA04202D00B4CA04214
:1099000004D14C6922F4803242EA04224260436569
:10991000496881650562F0BD000001408FFFFEFFD0
:109920000004014000400140004401400048014063
:10993000F0B5026ADFF854C022F480120262046AB1
:109940004268436D24F400140E896045104F0D6881
:1099500003EA070344EA065443EA05230BD00D4DFE
:10996000A84208D00C4DA84205D00C4DA84202D008
:109970000B4DA84204D14D6922F4802242EA85228F
:10998000426043654968C1650462F0BD0000014062
:10999000FF8FFFFE000401400040014000440140F1
:1099A0000048014010B5036A046A23F00A0324F05A
:1099B0000104046284690B4324F0F00141EA0211BE
:1099C0008161036210BD10B5036A23F010030362C6
:1099D0008369046A23F4704324F0A00443EA02324A
:1099E000826144EA0111016210BD000030B5416E90
:1099F000B9B101680D4B03F108048A688968C2F3A4
:109A00004262490F5D5C615C2D01B5FBF1F1A0F88C
:109A10006A10995CA25C0901B1FBF2F1A0F8681030
:109A200030BD0121A0F86A10F8E7000010DE000840
:109A300090F82810C90706D00168C36A4A6822F462
:109A400000321A434A6090F82810890706D5016849
:109A5000036B4A6822F480321A434A6090F8281057
:109A6000490706D50168436B4A6822F480221A43ED
:109A70004A6090F82810090706D50168836B4A6888
:109A800022F400421A434A6090F82810C90606D50D
:109A90000168C36B8A6822F480521A438A6090F886
:109AA0002810890606D50168036C8A6822F40052E2
:109AB0001A438A6090F82810490611D50168436C52
:109AC0004A6822F480121A434A60416CB1F5801F43
:109AD00006D10168836C4A6822F4C0021A434A60C6
:109AE00090F82810090606D50168C26C486820F471
:109AF0000020104348607047F8B500260446C0F8BF
:109B00008C60F9F7BBF9054620686FF07E47006866
:109B1000000708D500222B464FF40011204600977D
:109B200000F0F0F960B92068006840070AD500220B
:109B30002B464FF480012046009700F0E3F908B16E
:109B40000320F8BD2020C4F88400C4F88800E6662D
:109B5000002084F88060F8BD2DE9F0430446806859
:109B6000D84E87B0D84B2168D4E90427D4F81CC05C
:109B700010430A68002547EA0C0738433240024385
:109B80000A602068E268416821F440511143416055
:109B90002268A1699A4201D0206A01439768DFF8E0
:109BA0002CC3CB4ECB4807EA0C070F4397602168C4
:109BB000676ACA6A22F00F023A43CA622268B24256
:109BC0000ED1006800F03800182873D047DCB8B315
:109BD000082879D010286FD178E028287ED17BE042
:109BE000BD498A4209D1006800F00700062875D2F5
:109BF000DFE800F0546A6C6E7072B8498A4209D18D
:109C0000006800F00700062868D2DFE800F0475D32
:109C10005F616365B2498A4209D1006800F00700BC
:109C200006285BD2DFE800F03A5052545658AD494E
:109C30008A420BD1006800F0070006284ED200E0EF
:109C400010E0DFE800F02B4143454749A6498A422E
:109C50000AD1006800F03800182839D0B7DD202874
:109C6000BBD13CE001203AE0A0498A4209D100681A
:109C700000F00700062831D2DFE800F01026282A7D
:109C80002C2E9B498A420BD1006800F00700062861
:109C900024D2DFE800F003191B1D1F2100201EE065
:109CA0009A421BD18B48001D006800F0070006286F
:109CB00014D202E00CE007E010E0DFE800F003055A
:109CC00007090B0D02200AE0042008E0082006E046
:109CD000102004E0202002E0402000E080208549A0
:109CE000DFF814829A42854A4FF400434FEA211765
:109CF0004FF000064ED110281AD006DC022809D0F9
:109D000004280BD008287CD10DE020283ED0402824
:109D100077D13DE0F9F7D8FC014610E06846F9F745
:109D200089FD01990BE003A8F9F726FE049906E0E6
:109D30001068800605D51068C0F3C100C140002935
:109D400070D0606A676838F8102007EB4703B1FBF2
:109D5000F2F0834255D8B0EB073F52D800230846B3
:109D60001946F6F7B5FA02467808130E120243EACE
:109D7000012110183A4671410023F6F7A9FA604A0A
:109D8000A0F5407191423CD821688FE03946D8E770
:109D90001946D6E7D4F81CC04FF6EF799C4546D15A
:109DA000082819D005DC58B101280CD0042875D139
:109DB0000DE0102815D0202835D040286ED134E091
:109DC000FAF76CFD01E0FAF77BFD014610E068460A
:109DD000F9F730FD01990BE003A8F9F7CDFD0499DF
:109DE00006E01068800604D51068C0F3C100C140C9
:109DF000C1B1636A606838F81330B1FBF3F1490010
:109E000000E04BE001EB5001B1FBF0F0A0F11001DC
:109E1000494543D84FF6F0732168C0F34202184019
:109E2000104343E043E03946E3E71946E1E70828F9
:109E300019D005DC58B101280CD004282ED10DE032
:109E4000102815D020282BD0402827D12AE0FAF757
:109E500025FD01E0FAF734FD014610E06846F9F708
:109E6000E9FC01990BE003A8F9F786FD049906E0E7
:109E70001068800604D51068C0F3C100C140B1B1BC
:109E8000636A606838F81330B1FBF3F101EB5001FD
:109E9000B1FBF0F0A0F11001494505D9012506E01C
:109EA0003946EDE71946EBE7216880B2C86001202A
:109EB000A4F86A00A4F8680028462667666707B019
:109EC000BDE8F083F369FFCF000C0058FFF4FF11E9
:109ED0000010014054440258004400400048004033
:109EE000004C004000500040001401400078004049
:109EF000007C00400090D003F8DD000800440258C8
:109F0000FFFC0F002DE9F0479A4617460E4604461F
:109F1000089D4FF000094FF020084CE0681C4AD023
:109F2000F8F7ACFFA0EB0A00A8422AD84DB320688E
:109F3000016849073FD5C069C04300053BD421688B
:109F40004FF400600862216851E8000F20F4D070DF
:109F500041E80002002AF6D12068083050E8001FCE
:109F600021F0010140E80012002AF5D1C4F88480F4
:109F700084F88090C4F88880C4F88C800320BDE801
:109F8000F087206850E8001F21F4D07140E80012EB
:109F9000002AF6D12068083050E8001F21F00101A6
:109FA00040E80012002AF5D1C4F8848084F880903B
:109FB000C4F88880E2E72068C06936EA000004D06F
:109FC0000020B842AAD00020D9E70120F9E7FEE737
:109FD0000FB4054B10B503A9044A029800F0E8FD40
:109FE00010BC5DF814FB0000A1CD00085401002452
:109FF00003B401984100009850EAC12018BF042022
:10A000004A0D18BF40F0010040F2FF72B2EB515F01
:10A0100008BF40F00200012808BF052002B07047C9
:10A02000090700284FEA116104DB00F1E02080F805
:10A030000014704700F00F0000F1E02080F8141DBC
:10A04000704700000000000010B52F499FED2C1B49
:10A050002DED020B84B0059820F000408842D8BF57
:10A060009DED040B2DDD2949884209D1049840B9A2
:10A070004FF0010000F0D4FC00F0A2FC06B010BDCF
:10A0800005DB9DED040B00F08FFC06B010BD6846AB
:10A090009DED040B00F0A0F810F0030004BF9DED4F
:10A0A000021B9DED000B0CD001280ED09DED021B74
:10A0B0009DED000B022817D0012000F0DDFB06B05B
:10A0C00010BD00F0A5FA06B010BD9DED021B9DED80
:10A0D000000B012000F0D0FB51EC100B81F000418F
:10A0E00006B041EC100B10BD00F092FA51EC100BD1
:10A0F00081F0004106B041EC100B10BD00000000E3
:10A100000000000000000000FB21E93F0000F07F9C
:10A1100010B52F499FED2C1B2DED020B84B0059837
:10A1200020F000408842DCBF00209DED040B32DDB2
:10A130002849884209D1049840B94FF0010000F045
:10A140006FFC00F03DFC06B010BD05DB9DED040B7F
:10A1500000F02AFC06B010BD68469DED040B00F02F
:10A160003BF810F0030011D0012818D09DED021B20
:10A170009DED000B02281AD000F04AFA51EC100BAA
:10A1800081F0004106B041EC100B10BD9DED021BAB
:10A190009DED000B012000F06FFB06B010BD9DEDA2
:10A1A000021B9DED000B00F033FA06B010BD01203C
:10A1B00000F062FB51EC100B81F0004106B041EC65
:10A1C000100B10BD000000000000000000000000A7
:10A1D000FB21E93F0000F07F2DE9F14F04462DED12
:10A1E000020B2DED088B8AB09FEDE70B80ED020B83
:10A1F000139EE74826F0004585420ADC9DED120BD0
:10A20000002084ED000B0AB0BDEC088B03B0BDE864
:10A21000F08FE0489FEDE0AB9FEDE1BBA84247DD4A
:10A22000E14F9FEDE39B9FEDE48B9DED120B53EC13
:10A230001A2B51EC100B002E1CDDF6F77CF941ECCB
:10A24000100BBD4208D053EC1B2B51EC100BF6F752
:10A2500072F9C4E900010BE053EC192B51EC100B1F
:10A26000F6F769F953EC182BF6F765F9C4E9000124
:10A270000120C8E7F6F7BEF841EC100BBD4208D04C
:10A2800053EC1B2B51EC100BF6F7B4F8C4E90001AA
:10A290000BE053EC192B51EC100BF6F7ABF853EC29
:10A2A000182BF6F7A7F8C4E900014FF0FF30AAE732
:10A2B000C348A84279DB9DED120B51EC100B02F064
:10A2C0009FFB41EC180B9FEDC00B53EC102BF6F7E6
:10A2D00038F99FEDBF1B53EC112BF6F78BF8F6F70F
:10A2E0005BFB0746F6F70EFA41EC190B53EC1A2B01
:10A2F000F6F727F953EC182BF6F720F941EC180B79
:10A3000053EC1B2B51EC190BF6F71BF9DFF8C8A225
:10A3100041EC100B4FEA15580125FA4453EC102B71
:10A3200051EC180BF6F707F9032DC4E900013DD0F5
:10A33000C1F30A5005EB4511A8EB00001139814229
:10A3400034DA0AEB051BB0EE48AA9BED000BF0EEE9
:10A3500068AA53EC102B51EC190BF6F7F2F841EC0C
:10A360001B0B51EC1A0B53EC1B2BF6F7E4F841ECEA
:10A37000180B51EC1A0B53EC182BF6F7DCF853ECD6
:10A380001B2BF6F7D8F89BED020B41EC1A0B53ECA4
:10A39000102B51EC190BF6F7D4F853EC1A2BF6F7F7
:10A3A000CAF841EC100B6D1CB8E70EE0002EA8BFF8
:10A3B0003846BFF628AF94ED000B51EC100B81F03E
:10A3C0000041C4E9000178421DE7C6F3130040F4E0
:10A3D000801EC6F30A50A0F2F530471100F01F05A9
:10A3E000C5F12000DDF848B00890002006900790E5
:10A3F0000520EC467949002D07EB0002794408BF9F
:10A4000051F8221009D051F8223001EB8201AB4003
:10A410004A68089922FA01F11943A1FB0E26A1FB13
:10A420000B131A449A4234BF0123002303EB06089E
:10A430000CEB8003D3E901A60E448E4234BF012108
:10A44000002192448A4411B1924502D903E0924519
:10A4500001D2012100E00021C3E901A641444CF8EA
:10A460002010011EA0F10100C4DC029800F1005090
:10A47000850F0298DDE903678000DDF81480F6F7A8
:10A4800041F941EC1A0B3046F6F74DF99FED541B9C
:10A4900053EC112BF6F755F841EC1B0B3846F6F749
:10A4A00042F99FED511B53EC112BF6F74AF841ECA2
:10A4B000180B4046F6F737F99FED4D1B53EC112B67
:10A4C000F6F73FF841EC190B51EC180B53EC192B34
:10A4D000F5F790FF53EC1B2BF5F78CFF53EC1A2B81
:10A4E000F5F788FFCDE90801002008909DED080BE5
:10A4F00053EC1A2B51EC100BF6F71DF853EC1B2BF9
:10A50000F6F719F853EC182BF6F715F853EC192B4E
:10A51000F6F714F89FED381B53EC112BF6F711F8F2
:10A520009FED370B41EC180B53EC102B9DED080BF6
:10A5300051EC100BF6F705F853EC182BF5F75AFF12
:10A540009FED310B41EC180B53EC102B9DED080BDC
:10A5500051EC100BF5F7F5FF53EC182BF5F74AFF0C
:10A5600041EC100B139810F0004F06D06D4251ECE7
:10A57000100B81F0004141EC100B284684ED000BDC
:10A5800041E60000000000000000000000000000A4
:10A59000FB21E93F7CD9024000004054FB21F93FF8
:10A5A0003163621A61B4D03DFB21F93F0000000025
:10A5B0000000601A61B4D03D7370032E8A19A33B6A
:10A5C000FB2139410000000083C8C96D305FE43FC2
:10A5D000000000000000E03FEA3F0000383F0000BC
:10A5E000000000000000103E000000000000103CD1
:10A5F000000000000000103A182D4454FB21F93DE2
:10A600003326A611460B113C00000054FB21F93DF6
:10A6100010B52DED040B2DED088B82B0B0EE419AF4
:10A62000F0EE619A0B9820F000449FED4BABB4F133
:10A63000795F11DA9DED0A0B51EC100BF6F7ACF9CE
:10A64000002801BFB0EE4A0AF0EE6A0A02B0BDEC83
:10A65000088B04BF04B010BD9DED0A0B53EC102B0A
:10A6600051EC100BF5F76DFF41EC180B3C4806213F
:10A67000B0EE480AF0EE680A784400F081F853EC36
:10A68000182B51EC100BF5F75CFF9DED0A0B41EC1C
:10A690001B0B53EC192B51EC100BF5F752FF41EC4F
:10A6A000190B53EC1B2B51EC180BF5F74AFF53EC2D
:10A6B000192BF5F740FF9FED2C0B41EC190B53ECD8
:10A6C000102B51EC180BF5F73CFF41EC100B284810
:10A6D000844210DA53EC192B51EC100BF5F72BFFD9
:10A6E00053EC1A2BF5F72AFF41EC100B02B0BDEC2E
:10A6F000088B04B010BD1F48A042BCBF9FED1E1BBD
:10A700008DED001B06DBA4F50010019000200090E9
:10A710009DED001B51EC100B53EC112BF5F70BFFCB
:10A720009DED000B41EC180B53EC102B51EC1A0B68
:10A73000F5F701FF41EC1A0B53EC192B51EC180BF8
:10A74000F5F7F9FE53EC1A2BF5F7F8FE41EC100B78
:10A75000CCE7000000000000000000000000F03F17
:10A760005C3C000000000000000000000000E03F32
:10A770003333D33F0000E93F000000000000D23F28
:10A7800070B504462DED028B4D1E00EBC500B0EEFA
:10A79000408AF0EE608A90ED000B35F0060017D08D
:10A7A00053EC182B51EC100BF5F7CBFE41EC100BD2
:10A7B0006D1E04EBC50090ED001B51EC100B53EC2B
:10A7C000112BF5F717FE41EC100B35F00600E7D121
:10A7D000022D36D0042D1CD0062D1CBFBDEC028BE3
:10A7E00070BD53EC182B51EC100BF5F7AAFE94ED4D
:10A7F0000A1B53EC112BF5F7FDFD53EC182BF5F765
:10A80000A0FE94ED081B53EC112BF5F7F3FD41EC82
:10A81000100B53EC182B51EC100BF5F792FE94ED46
:10A82000061B53EC112BF5F7E5FD53EC182BF5F750
:10A8300088FE94ED040B53EC102BF5F7DBFD41EC97
:10A84000100B53EC182B51EC100BF5F77AFE94ED2E
:10A85000021B53EC112BF5F7CDFD53EC182BF5F73C
:10A8600070FE94ED001B53EC112BF5F7C3FDBDEC0E
:10A87000028B41EC100B70BD31B504462DED040B7D
:10A880002DED0A8BB0EE41BAF0EE61BA0B989DED5A
:10A890000A0B20F00040B0F1795F0DDA51EC100B9B
:10A8A000FFF7A6FB042808BF00F09AF89DED0A0BFD
:10A8B000BDEC0A8B05B030BD53EC102B51EC100BE6
:10A8C000F5F73FFE41EC180B9DED0A0B53EC182BEE
:10A8D00051EC100BF5F735FE41EC190B2C48B0EE9E
:10A8E000480AF0EE680A05217844FFF749FF9FED1A
:10A8F0002ACBB0EE40AAF0EE60AA9CB353EC1C2B1E
:10A9000051EC190BF5F71DFE41EC1C0B53EC1A2B07
:10A9100051EC190BF5F715FE9FED210B41EC190BCE
:10A9200053EC102B51EC1B0BF5F70BFE53EC192BD2
:10A93000F5F701FE53EC182BF5F703FE53EC1B2B38
:10A94000F5F7F9FD53EC1C2BF5F7F5FD9DED0A1B12
:10A9500053EC112BF5F7F2FDBDEC0A8B05B041EC81
:10A96000100B30BDFFE753EC1A2B51EC180BF5F729
:10A97000E8FD53EC1C2BF5F73DFD53EC192BF5F7D7
:10A98000E0FD9DED0A1B53EC112BF5F733FDE3E7DA
:10A99000E43A000000000000495555555555C5BF23
:10A9A000000000000000E03F10B553EC102B51EC0C
:10A9B000100BF5F71FFD41EC100B10BD000000005F
:10A9C0009FED050B10B553EC102B51EC100BF5F768
:10A9D0002AFE41EC100B10BD00000000000000003A
:10A9E0009FED050B10B553EC102B51EC100BF5F748
:10A9F000A8FD41EC100B10BD00000000000000108D
:10AA000002E008C8121F08C1002AFAD17047704737
:10AA1000002001E001C1121F002AFBD17047000095
:10AA20000149086070470000580100242DE9FF5FCC
:10AA300082B00021DDE90430020DDDF840B00343AF
:10AA400018D044F61050A2F2FF3242431514119868
:10AA500001281FD0A5EB0B00401C5FEA000A4FF055
:10AA600000064E4FDFF83891B046504615D5CAF172
:10AA7000000413E0119801244AA3012801D16FEAD0
:10AA80000B010298119AC0E90031C0E9024206B0F8
:10AA9000BDE8F09FCBF10000DFE704460021404A0B
:10AAA000491842EB0450CDE9001012E0E00707D04E
:10AAB00032463B4640464946F5F743FD80468946C7
:10AAC00032463B4610461946F5F73BFD06460F4613
:10AAD0006410002CEAD1DDE90401DDE90023BAF1BC
:10AAE000000F06DAF5F72DFD42464B46F5F729FD36
:10AAF00005E0F5F798FD42464B46F5F794FD044610
:10AB00000E460022284BF5F72FFE03D84FF0FF30FA
:10AB1000014607E00022254B20463146F5F76AFC46
:10AB2000F5F710FF102409E0002C0ADB0A220023AD
:10AB3000F5F7CEFB039B30321A55641E50EA010232
:10AB4000F2D1641C039AC4F111031444119A012A2E
:10AB500003D0012208430DD10AE0084304D00020AD
:10AB60004FF0110B119072E7A3EB0B056D1E0DE07A
:10AB70005B4504DD4FF0000205F1010504E003DA56
:10AB80004FF00002A5F10105002AECD002981199BE
:10AB9000C0E90231C0E9004579E700000000144037
:10ABA0000000F03F300000000000F0430000E03FF4
:10ABB0002DE9FF4F95B09B468946064600250FE2DA
:10ABC000252877D100242746F84A0121059400E082
:10ABD000044316F8013F203B01FA03F01042F7D17D
:10ABE00030782A2811D06FF02F033078A0F130028E
:10ABF000092A16D8059A44F0020402EB820203EBFC
:10AC000042021044761C0590EFE759F8042B059298
:10AC1000002A03DA504244F40054059044F0020440
:10AC2000761C30782E2816D116F8010F44F0040453
:10AC30002A280DD06FF02F023078A0F13003092BB5
:10AC400009D807EB870302EB4303C718761CF3E729
:10AC500059F8047B761C30786C280FD006DC4C2821
:10AC600017D068280DD06A2814D104E0742810D0B9
:10AC70007A280FD10DE044F400140AE044F4801463
:10AC800001E044F440147278824202D104F5801449
:10AC9000761C761C307866280BD013DC582877D0C9
:10ACA00009DC002875D04528F6D04628F4D047287E
:10ACB0001AD19DE118E0632835D0642879D0652841
:10ACC00012D195E1702873D008DC6728F1D069288B
:10ACD0006FD06E280DD06F2806D1B5E073282CD028
:10ACE000752875D0782874D05A46179990476D1CEE
:10ACF00075E1C4F30250022809D003280DD0D9F819
:10AD0000001004280DD00D6009F1040967E1D9F89D
:10AD10000010EA17C1E90052F6E7D9F800100D80DB
:10AD2000F2E70D70F0E719F8041B8DF80010002011
:10AD30008DF80100EA46012003E059F804AB4FF01A
:10AD4000FF3061074FF0000102D40DE008F101016E
:10AD50008846B9420FDA8045F8DB1AF80810002956
:10AD6000F4D108E008F1010188468142FADB1AF8C3
:10AD700008100029F6D105985B46A0EB080721468C
:10AD80003846179A00F094FA284400EB080507E0CB
:10AD90004DE029E10DE01AF8010B5A46179990474A
:10ADA000B8F10108F7D25B4621463846179A13E1FD
:10ADB00042E00A220092C4F302524FF0000A022A33
:10ADC00008D059F804CB032A4FEAEC710AD00DE001
:10ADD00029E02AE009F1070121F00702F2E802C1A7
:10ADE000914609E00FFA8CFC4FEAEC71042A03D17A
:10ADF0004FFA8CFC4FEAEC71002907DA0A46002171
:10AE0000DCF1000C61EB02012D2202E0220504D5E9
:10AE10002B228DF80420012203E0E20701D020223A
:10AE2000F7E7904659E00A2102E010220DE01021D8
:10AE30004FF0000A00910BE010224FF0000A44F09E
:10AE400004040827009203E008224FF0000A009251
:10AE5000C4F30252022A05D059F804CB0021032A78
:10AE600008D009E009F1070121F00702F2E802C168
:10AE7000914605E01FFA8CFC042A01D10CF0FF0C6E
:10AE80004FF00008220728D5702806D0009B83F0D9
:10AE9000100353EA0A0305D00EE040228DF8042087
:10AEA000012208E05CEA010206D030228DF804207D
:10AEB0008DF8050002229046009B83F0080353EAB8
:10AEC0000A030AD15CEA010201D1620705D53022EA
:10AED0008DF804204FF001087F1E582804D034A0BC
:10AEE00003900EA802900DE036A0F9E753466046A5
:10AEF000009AF5F7EDF984460398825C0298401EAB
:10AF0000029002705CEA0100F0D1029806A9081ACA
:10AF100000F1200A600702D524F4803400E0012704
:10AF2000574502DDA7EB0A0000E0002000EB0A0114
:10AF3000009005984144401A0590E00306D45B4612
:10AF40002146179A059800F0B3F90544002706E05A
:10AF500001A85A46C05D179990476D1C7F1C474554
:10AF6000F6DBE0030CD55B462146179A059800F006
:10AF70009FF9054404E030205A46179990476D1C0C
:10AF80000099481E00900029F5DC08E0029802991B
:10AF90005A460078491C0291179990476D1CBAF1E6
:10AFA0000001AAF1010AF1DC65E1000009280100B5
:10AFB000303132333435363738396162636465662F
:10AFC00000000000303132333435363738394142F1
:10AFD000434445460000000000F058F90544761C43
:10AFE000307800287FF4ECAD19B02846BDE8F08F2A
:10AFF000620700D4062709F1070222F0070CFCE8DB
:10B000000223E14603F000485FEA080C02D00FF289
:10B01000702C0DE05FEA045C02D50FF2682C07E0AB
:10B020005FEAC47C02D00FF2602C01E0AFF2700C3A
:10B030004FF0FF3823F00043CDF850C065280CD006
:10B0400006DC452809D046281DD047283DD13DE0E3
:10B05000662818D067287ED138E00021112F01DB47
:10B06000112000E0781CCDE9000106A90EA8FFF729
:10B07000DDFCDDE90F010E9A03910021009207F13A
:10B08000010A04914DE04FF000400097CDE9011016
:10B0900006A90EA8FFF7CAFCDDE90F0203920E9B7A
:10B0A00011990022DDF80CA00093049211B9791CCB
:10B0B00000EB010AB7EB0A0004D4C0F1FF3007F13E
:10B0C000010A0490AAEB0700019044E0012F00DA86
:10B0D00001270021112F01DD112000E03846CDE9C4
:10B0E000000106A90EA8FFF7A1FCDDE90F010E9AE9
:10B0F0000391002104910092BA4621070CD40399D0
:10B10000514500DA8A46BAF1010F05DD009AAAF12D
:10B110000101515C302908D0B84202DA10F1040F65
:10B1200006DA0121CDE9011015E0AAF10101E9E7F4
:10B13000002805DC049901440491AAEB000102E017
:10B14000411C514500DD8A460499401A401C01907B
:10B150004FF000400290200704D40198504501DBD5
:10B16000CDF8048000208DF84F0002980DF14F07B4
:10B17000B0F1004F25D02B200E9002984FF002081E
:10B1800000280CDA404202902D200E9007E00A21A0
:10B190000298F5F71DFB3031029007F8011DB8F158
:10B1A0000001A8F10108F2DC02980028EFD1791E15
:10B1B0000E980870307800F0200040F0450007F845
:10B1C000020D12A8C01B00F107081498007800B106
:10B1D000012000EB0A01019801EBE0710598414460
:10B1E000401A401E0590E00306D45B462146179A9C
:10B1F000059800F05DF805441498007818B15A4697
:10B20000179990476D1CE00324D55B462146179A99
:10B21000059800F04DF805441CE00498002807DB71
:10B22000DDE90301884203DD0098405C179901E0E5
:10B23000179930205A469047049805F10105401CA3
:10B2400004900198401E019004D12E205A4617996F
:10B2500090476D1CBAF10001AAF1010ADDDC05E09E
:10B2600017F8010B5A46179990476D1CB8F1000169
:10B27000A8F10108F4DC5B462146179A0598ABE675
:10B280002D0000002B000000200000002DE9F041FF
:10B29000044600251E461746880404D405E03946B6
:10B2A0002020B0476D1C641EF9D52846BDE8F0810A
:10B2B0002DE9F041044600251E469046C80301D5FD
:10B2C000302700E02027880404D505E041463846B1
:10B2D000B0476D1C641EF9D52846BDE8F08100001A
:10B2E0001148002110B5FBF787FC104C01221021FA
:10B2F0002046F7F7B8FD002220461021F7F7B3FDEE
:10B300000320F5F72BFF012220461021F7F7ABFDB4
:10B310000220F7F74FFB074905488860C8601720EF
:10B32000BDE81040F8F743B924050024000802588E
:10B330000C0900246800002470B500244FEA0402C0
:10B340005FF0000341F8224003EB820551F82260D0
:10B350005B1C042B50F8255045EA460541F8225065
:10B36000F2DB521C142AEBDB70BD0000144810B550
:10B370004188642922D3134A00240123448002F522
:10B38000C8718468944214D10370C16081606421E3
:10B39000104602F0A1F90B48642102F001FA0948B5
:10B3A000642102F063FABDE810400648642102F00F
:10B3B000C5BA8C4202D14370C260826010BD0000E9
:10B3C000680000240C09002410B504460022501E19
:10B3D000E2702063204602F0E6F808B1042010BDB8
:10B3E00004F2322001F0F2FEA0F52A41553901D0D5
:10B3F000032010BD94F83400E92805D0EB2814D1BF
:10B4000094F83600902810D104F16A0001F0D3FEC0
:10B410000749B1EB002F06D004F1860001F0CBFE06
:10B420000449884201D1002010BD022010BD000057
:10B43000004641544641543300E0401C02780AB1B2
:10B440008A42FAD1D0B27047F0B5154D00221346AA
:10B4500005EB021426685EB10768BE4209D1666832
:10B460008768BE4205D1A4684669B44204D000E0B2
:10B470000123521C022AEBD3022A01D069B904E04D
:10B480004BB9022907D01220F0BD05EB02108089CC
:10B49000B0F5807F01D00020F0BD1020F0BD00008D
:10B4A000E008002430B5064B0024214603EB0112CE
:10B4B0001568854200D11460491C0229F6D330BDBD
:10B4C000E0080024C26A490A00684089B1FBF0F034
:10B4D000121D02CA19B1884203D3401AF8E70020AE
:10B4E00070471168084470478269891E921E8A421B
:10B4F00001D800207047C26A408901FB00207047D4
:10B500002DE9F05F0C46824601F11A0001F05EFE63
:10B5100078BB207801270026DFF8609000F03F001C
:10B520004FF6FF7B401E00EB800101EBC00500BF22
:10B5300019F80600204401F049FE80466FB1FF2D46
:10B5400017D201F087FA07463AF815006D1C01F092
:10B5500081FA87420DD1474601E0D84509D1761CD2
:10B560000D2EE5D32078400606D52FB13AF8150008
:10B5700010B10020BDE8F09F0120FBE7B0DE00081D
:10B580002DE9F04105680F00804606D001F054FC1B
:10B59000022809D20120BDE8F0812E6916B1A86900
:10B5A000B04207D8012605E0411CF4D0A9698142C8
:10B5B000F1D83E463446A869641CA04203D8022E46
:10B5C0004FF002040AD32146404601F035FC38B161
:10B5D0000128E0D0411CDED0B442ECD10020DAE7F3
:10B5E0004FF0FF3621463246284602F08FFA30B936
:10B5F00057B122463946284602F088FA20B1012880
:10B600000FD001242046C6E7D5E905012C61891E2B
:10B61000884201D8401E6861287940F001002871F5
:10B62000F0E73446EEE700002DE9F84F8846016860
:10B63000002482462546D8F80060CF68705D6D1CF6
:10B6400020281AD32F2813D05C2811D0FF2C38D2F1
:10B65000012101F0E1F95FEA000932D0B9F1800F70
:10B6600012D201466BA0FFF7E7FE50BB0CE06D1C49
:10B67000715D2F29FBD05C29F9D07119C8F8001031
:10B68000202805D204250EE027F81490641CD5E785
:10B69000002508E007EB440030F8020C202801D018
:10B6A0002E2802D1641E002CF4D1002027F81400AB
:10B6B0003CB10B2220210AF1240001F06DFF00268D
:10B6C00003E00620BDE8F88F761C37F81600202826
:10B6D000FAD02E28F8D01EB145F0030500E0641E14
:10B6E0002CB107EB440030F8020C2E28F7D14FF0B4
:10B6F00000094FF0080BCDF8009000BF37F8160096
:10B7000006F101065FEA000824D0B8F1200F04D04A
:10B71000B8F12E0F04D1A64202D045F00305EDE7A3
:10B720000098584501D2A64219D1BBF10B0F0FD09A
:10B73000A64201D045F003050CD84FEA89612646A0
:10B740004FF008004FF00B0B4FEA11690090D5E75E
:10B7500045F003059AF82400E52836D038E0B8F122
:10B76000800F404610D3002101F056F95FEA00082F
:10B7700005D02B4901EB080010F8800C8046B8F189
:10B78000000F45F0020504D0014626A0FFF754FE45
:10B7900018B15F2045F003050EE0A8F1410019281B
:10B7A00002D849F0020908E0A8F16100192804D87C
:10B7B000413080B249F001098046009A0099524414
:10B7C000491C009182F8248098E705218AF824100A
:10B7D000BBF1080F03D14FEA89604FEA1069C9F342
:10B7E0008100032803D06FEA0901890701D145F0E0
:10B7F0000205A90709D409F00301012901D145F087
:10B800001005012801D145F008058AF82F500020C5
:10B8100058E70000222A3A3C3E3F7C7F00000000AF
:10B8200030DE00082B2C3B3D5B5D00002DE9F0472E
:10B83000D0F800900021044600F0CEF900285CD139
:10B84000471E2763FF25A846E169484601F0ABFE85
:10B85000060051D1216A087850B1CA7AE52802F071
:10B860003F02A27140D0130704D50F2A3CD105E056
:10B87000042641E00F2A01D0E5B120E094F82F2002
:10B88000520633D4420606D591F80D8000F0BF0071
:10B89000636905462363A84209D14A7B424506D124
:10B8A000D9F80C00FFF72CFE08B16D1E00E0FF2553
:10B8B000EDB21BE0084602F0FBF940451CD094F8BD
:10B8C0002F00C00710D1D4F820100B2204F124005F
:10B8D000521E11F8013B10F8015BA3EB050302D0E7
:10B8E000002BF5D000E03BB1FF2527630021204667
:10B8F00000F006F80600A7D03046BDE8F08700004B
:10B900002DE9F04705464769C069894620372C680C
:10B9100010B1B7F5001F02D30420BDE8F087F90588
:10B9200060D1A969401C4FF00008E86129B1608925
:10B93000401E10EA572F05D054E02089B0EB571F66
:10B940001DD94FE0284601F077FA012806461BD999
:10B95000701C33D0A069B0423ED8B9F1000F0ED0B0
:10B96000A9692846FFF70CFE06000BD0012E0BD06C
:10B97000701C23D0204602F0EDF9F8B906E0C5F8B6
:10B980001C80C9E70720C8E70220C6E700214FF462
:10B99000007204F1340001F0FFFD4FF00008314661
:10B9A0002046FFF7A1FD4FF0010920630DE000BF25
:10B9B000204684F8039002F0CDF908B10120ACE7ED
:10B9C000216B08F10108491C216361894145EFD8C9
:10B9D000216BA1EB0800206331462046AE61FFF7E2
:10B9E00083FDE861C7F3080020446F6134302862AA
:10B9F000002092E72DE9F04F044690F82F008FB019
:10BA000010F0A00FD4F8009003D006200FB0BDE8CE
:10BA1000F08FD9F80C00002500E06D1C30F81510EF
:10BA20000029FAD10C2204F12401029108A801F0A6
:10BA3000A9FD9DF82B00C00719D0402084F82F00E5
:10BA40000126D9F80C20029808A9334601F0B4F970
:10BA50002046FFF7EBFE10B9761C642EF1D3642E5E
:10BA60000FD00428D2D19DF82B0084F82F009DF828
:10BA70002B00800707D50D200C35B5FBF0F56D1CAC
:10BA800002E00720C2E7012527680021204600F0D8
:10BA9000A3F888B90026E169384601F084FD58B959
:10BAA000206A0078E5280AD048B100262046012106
:10BAB000FFF726FF0028EED0042812D012E0761CF3
:10BAC0002846AE42F2D1451E0B9567D061696842A7
:10BAD00001EB4011204600F07FF85FEA000803D038
:10BAE00076E00720804673E0029802F0E1F84FF616
:10BAF000FF7B0C90E169484601F055FD5FEA0008C4
:10BB000066D10B990F23D4F82080C9B20391D9F8DC
:10BB10000C100C980591002188F80D0008F11A000E
:10BB200088F80B3088F80C1002F0BEF80399002753
:10BB3000DFF8A0A0491E01EB810202EBC10601E083
:10BB40005D4503D0059830F81650761C1AF807109A
:10BB500001EB0800294602F0A7F805B95D467F1CF5
:10BB60000D2FEDD35D4505D0059830F8160008B1CE
:10BB7000039803E0039840F04000039088F8000029
:10BB80000120002189F803002046FFF7B9FE5FEA93
:10BB900000081DD10B98401E0B90ABD1E1694846BF
:10BBA00001F001FD5FEA000812D1206A2022002185
:10BBB00001F0F2FC206A0B22029901F0E3FC226AF8
:10BBC000012094F82F1001F01801117389F8030077
:10BBD00040461BE7B0DE00082DE9F0410768B1F5EB
:10BBE000001F0E46054636D2F00634D1AC686E61B1
:10BBF00024B93878032805D3BC6A1CB178894FEA88
:10BC0000402812E03889B0EB561F24D9B86A12E0F8
:10BC1000284601F011F90446401C1AD0022C1AD310
:10BC2000B869A04217D9A6EB080621464645EFD2CF
:10BC30003846FFF759FCC5E9064060B100EB5622D3
:10BC4000C6F30801C8193430C5E907200020BDE853
:10BC5000F0810120FBE70220F9E7000008490022FB
:10BC600010B50B5C4BB901220A5401EB8002084469
:10BC70005168007A096888470246104610BD0000E6
:10BC800000090024044B30B403EB800418446368BB
:10BC9000007A1B6930BC18470009002430B4054CF9
:10BCA00004EB800520446C68007AA468A44630BC8C
:10BCB0006047000000090024034901EB80020844AA
:10BCC0005168007A496808470009002430B4054CDF
:10BCD00004EB800520446C68007AE468A44630BC1C
:10BCE00060470000000900242DE9F0410122184DB1
:10BCF000160228463146F7F7B6F8164C00207700B2
:10BD00006070002231462846F7F7ADF80120F5F7BC
:10BD100025FAA07839464008A0702846F7F796F82B
:10BD2000012803D1A07840F08000A07001223146A4
:10BD30002846F7F798F80120F5F710FA6078401CCC
:10BD4000C0B260700828DCD3A078BDE8F0810000A4
:10BD500000040258180100242DE9F041154C054655
:10BD6000154F00204FF400784FF4807620700022A9
:10BD700031463846F7F777F8E80701D0012200E0AE
:10BD8000002241463846F7F76EF80120F5F7E6F94C
:10BD9000012231463846F7F766F80120F5F7DEF95B
:10BDA00020786D08401CC0B220700828DFD3BDE8A1
:10BDB000F081000018010024000402582DE9FE4F14
:10BDC0000D460446694601F0EEFF070067D1677D26
:10BDD000002FFBD1E06A04F1300B4FF0020A4FF064
:10BDE000010800286DD0691C2CD0E068A84200D260
:10BDF0000546A561002D52D0691E2046FFF762FB63
:10BE0000E06101460098FFF76FFB002879D0009BA6
:10BE1000A5F10105218B5A89C905A2F1010202EAA7
:10BE2000552202EB0005E6D0226AAA42E3D0207D2B
:10BE300000063BD5587801235946FFF747FF0028F5
:10BE40006FD12FE004C8A168022583460192F1B1A9
:10BE500000260291AD1C8946761C204600F0ECFFBE
:10BE6000012801464DD9481C5BD009F101008142EF
:10BE7000F1D00198854206D80BF10402CBF800609E
:10BE8000029801C29346009880698842E0D8E16A2E
:10BE9000019885420D6003D80021CBF8001098E08E
:10BEA000112796E0207D00F07F0020750098012387
:10BEB0002A4659464078FFF7F1FE002831D1256225
:10BEC00087E0E068A84203D2217D890700D40546B7
:10BED000A0694FF00009C4F818900DB30099498982
:10BEE0004FEA412670B1691E401EB1FBF6F1B0FB6E
:10BEF000F6F2914206D3721EE1699043A0612D1AB9
:10BF00000DE04FE0A16849B900212046FFF738FB5A
:10BF10000128014646D0481C55D0A160E161D9B93D
:10BF200027E050E0227DAD1BA0693044A06192075C
:10BF3000204605D5FFF724FB010004D100250DE0C4
:10BF400000F07AFF0146481C3DD001292AD900980B
:10BF50008069884226D9E161B542E3D8A069EA0543
:10BF60002844A06105D00098FFF7BEFAD0B100EBDD
:10BF70005529E168A069884204D9217DE06041F03B
:10BF800040012175C00524D0226A4A4521D0207D78
:10BF9000000610D50098012359464078FFF796FE19
:10BFA00088B904E0022084F815A0BDE8FE8F207D4A
:10BFB00000F07F002075009801234A4659464078DA
:10BFC000FFF76CFE18B1012084F81580EDE7C4F886
:10BFD00020903846E9E700002DE9FF4F91B01D465B
:10BFE0004FF40076144611A81E9F00F0FAFF0028B7
:10BFF00003DA0B2015B0BDE8F08FF94951F8201095
:10C0000009B100220A70C0B20490FFF727FEC107F1
:10C0100001D00320EEE7400701D50A20EAE70498A3
:10C0200003210FAAFFF72EFE38B90F9828B1B0F5FB
:10C03000004F02D8411E084201D001200F90B246A5
:10C0400024B154453AD3B4F1807F37D8601E0442FE
:10C0500034D1B7FBFAFBB4FBFAF72C465FEA4B206E
:10C0600010907DD00498012109AAFFF70BFE00284B
:10C0700077D11298010709986FEAA1114FEA9169E7
:10C0800048456DD3A0EB090009908028864667D308
:10C09000802F13D812984FF6F57240F6F57380078B
:10C0A000129807D500F0070002287DD01298C0072B
:10C0B0007AD001E0C00701D002269AE0132099E768
:10C0C0003D000ED10020C74901254FEA5E4801E03E
:10C0D0006D00401C31F810C0BCF1000F01D0C44508
:10C0E000F6D9BEFBF5F020210D9100210C91904274
:10C0F0000AEB800101F10701B1FBFAF830D9BA4926
:10C1000088422DD82AE0B74900204FEA1E380E3960
:10C11000012501E06D00401C31F810C0BCF1000F9A
:10C1200001D0C445F6D9BEFBF5F0984203D90421ED
:10C1300001EB400006E00321012600EB4000401C1B
:10C1400001EB500000EB0A0101200D90491E4FF455
:10C15000804CB1FBFAF8BCFBFAF00C900D9801E0B2
:10C160005AE03CE148440B9000EB080C0C980F9906
:10C17000032E6044A1F1010C0144A1F1010121EA67
:10C180000C01A1EB00011BD008EB010800EB05112D
:10C19000A1EB090171453FD80D99032E0C98AEEB28
:10C1A0000101A1EB080100E029E0A1EB0000B0FBD8
:10C1B000F5F001900ED0022E13D0012E2AD02DE0E2
:10C1C000DDF834C08C44CDF834C0DDF82CC06144B7
:10C1D0000B91DBE7904221D8F7B96F087FF470AF7D
:10C1E0001AE0904211D93FB94020B0EB450F03D37C
:10C1F0006F003D0097D186E71298800707D5032688
:10C200005EE76F00802FF4D906E0984206D8002F31
:10C21000F7D001E0984201D90E20EBE6002152460A
:10C22000204601F0B9F90B22204670A101F0AAF9CD
:10C2300004F10B00514601F037FD65730D9881B292
:10C2400004F10E0001F030FD01202074032E0FD008
:10C250004FEA0A0104F1110001F026FD0999B1F538
:10C26000803F07D289B204F1130001F01DFD05E003
:10C270000021EFE704F1200001F00EFDF8206075C9
:10C280003F2104F1180001F00FFDFF2104F11A0015
:10C2900001F00AFD04F11C00494601F0FDFC802775
:10C2A000032E27D000F027FE014604F1270001F0FD
:10C2B000F3FC1FFA88F104F1160001F0F5FC2920C7
:10C2C00084F82470132284F826004BA104F12B007B
:10C2D00001F058F904F5FF704AF655210D9001F070
:10C2E000E3FC049801234A462146FFF7EFFC0028AF
:10C2F00075D124E000F0FFFD014604F1430001F098
:10C30000CBFC04F12400414601F0C6FC022104F1FB
:10C310002C0001F0C1FC012104F1300001F0C4FC4B
:10C32000062104F1320001F0BFFC292084F840709E
:10C33000132284F8420035A104F14700C8E7032E18
:10C3400032D10498012309F106022146FFF7BEFC11
:10C3500000215246204601F01FF93149204601F0E4
:10C360009BFC304904F5F27001F096FC019904F54C
:10C37000F470491E01F090FC022104F5F67001F002
:10C380008BFC0D984AF6552101F08EFC0498012390
:10C3900009F107022146FFF799FC0498012309F1EE
:10C3A00001022146FFF792FC109A0021204601F07D
:10C3B000F3F80B98032E6FF00701059002D0012EC1
:10C3C00032D032E0204601F067FC201D4FF0FF31F3
:10C3D00001F062FC6FF0704104F1080026E073E0A8
:10C3E0003C000024CCDE0008F5FFFF0FEBFE904D73
:10C3F00053444F53352E30004E4F204E414D452073
:10C400002020204641542020202020004E4F204E46
:10C41000414D452020202046415433322020200029
:10C4200052526141727241614049204601F034FC30
:10C43000474658465F4500D8384621468046034661
:10C44000DDE90402FFF742FCF0BB00215246204622
:10C4500001F0A2F80598B7EB080740440590E8D131
:10C46000032E00D00C9D58465D4501D9074600E0DB
:10C470002F462146DDE904023B46FFF727FC18BBA7
:10C480000598ED1B38440590EDD1032E05D0099891
:10C49000B0F5803F03D3062604E00C2602E0022E0E
:10C4A00038D001261298000736D400215246204683
:10C4B00001F072F80D984AF6552101F0F5FB0020C5
:10C4C000012104F5DF7500E02EE0287043F6C1621B
:10C4D000E870FE236970A9703F212E71099E6B716F
:10C4E00009EB0600B0FBF2F041EA9001A971494660
:10C4F000E87105F1080001F0CFFB099905F10C0086
:10C5000001F0CAFB0498012300222146FFF7DEFB5D
:10C5100050B901E00426C5E7002204981146FFF750
:10C52000B1FB00283FF476AD012063E5F8FFFF0082
:10C530002DE9F74181B0904602980090684600F0DE
:10C5400050FD040003D50B2004B0BDE8F0810D4E72
:10C55000002756F824501DB12846FEF7A3FF2F7080
:10C560000198002800D0077046F8240002D0B8F1E6
:10C57000010F01D00020E7E7002201A902A800F086
:10C58000A9FAE1E73C0000242DE9F7430500ADF5E9
:10C59000147D0BD002F03F06694695A8324600F0A4
:10C5A00099FA04004FF0000805D0F0E009200DF5DD
:10C5B000177DBDE8F083009801A98290C16082A830
:10C5C000959900F0B3FB04000ED19DF837020006E8
:10C5D00001D5062408E0700801D0012100E0002107
:10C5E00082A8FEF731FF044616F01C0F5DD04FF015
:10C5F0000109C4B1042C10D16849002002E0401C9C
:10C60000022804D201EB00121268002AF7D1022896
:10C6100007D082A8FFF7EEF9044646F008065CB1A1
:10C62000B5E01224B3E09DF80E0210F0110F47D1CF
:10C63000700701D50824AAE0300747D500F05BFC5D
:10C6400007468A9839460E3001F026FB8A9839460B
:10C65000163001F021FB8A992020C8728A9900982F
:10C6600000F096FD8A9900220746009801F000FB31
:10C670008A9800211C3001F00FFB009981F803908B
:10C6800017B3D1F83090002282A8394601F0B6FAEB
:10C6900004007CD10098494600F085FF0400009812
:10C6A000A7F1010707610DD071E0E4BB9DF80E0210
:10C6B000C10601D504246AE0B10703D5C00701D043
:10C6C000072464E0300701D546F040060098006B6F
:10C6D00068628A98A862700801D0012100E00021F8
:10C6E00082A800F09DFC2861C0B38A99009800F0F0
:10C6F0004FFDA8608A981C3000F05DFDC5F82C80C5
:10C700000146E96005F1300000994FF4007229609C
:10C7100081460099C988A98000212E7585F8158069
:10C72000C5F8208000E032E0C5F8188000F034FF42
:10C73000B0062ED5EE6866B3AE610098A968408950
:10C7400047020FE0284600F077FB0128014600D899
:10C750000224481C03D0F61B24B105E01BE0012491
:10C76000F61B01E0BE42EDD8E96184B9F00510D0B6
:10C770000098FEF7B9FE70B100EB56222A620098CD
:10C78000012349464078FFF789FA10B10124C5F822
:10C79000008020460BE70224F9E70000E0080024AF
:10C7A00033B5ADF50F7D0D46002269468FA800F028
:10C7B00091F9040013D100990DA8C86068468F99BB
:10C7C00000F0B4FA04000AD19DF82F00000601D54C
:10C7D000062404E01DB12946684600F08EFB0DF5E5
:10C7E000117D204630BDF8B50446694601F0DBFAFC
:10C7F00000280ED1217D4A060BD508060ED50098DB
:10C800000123226A04F130014078FFF75FFA08B192
:10C810000120F8BD207D00F07F00207500F06BFB4B
:10C82000616A0646009800F0BEFE0028F1D1A56AB4
:10C830002946E87A40F02000E872A268206801F0FA
:10C8400017FAE16805F11C0001F026FA05F116005F
:10C85000314601F021FA002105F1120001F024FA1D
:10C8600000980121C17001F031FA217D01F0BF0172
:10C870002175F8BD2DE9F04F89B015460022994683
:10C880000446884602A91A6001F08DFA002806D1F4
:10C89000607D002803D1207D800703D4072009B0E4
:10C8A000BDE8F08FA069012704F1300B4FF0020AB8
:10C8B000411900D3C5439AE0A169C80574D1029813
:10C8C0004089401E10EA512618D129B1E06A38B1DA
:10C8D0002046FEF7F7FD07E0A06838B9002100E028
:10C8E000E1692046FEF74CFE00287DD001282DD0BE
:10C8F000411C53D0A168E06101B9A060207D000611
:10C900000BD502980123226A59464078FFF7DEF9D9
:10C91000A0BB207D00F07F002075E1690298FEF742
:10C92000E3FD98B1690A03913044019027D0029841
:10C93000721841898A4201D9891B03914078414686
:10C94000039B019AFFF7C2F9C0B903E0022084F803
:10C9500015A0A4E7216A0198081A039988420AD20F
:10C9600008EB402158464FF4007200F00BFE207D8A
:10C9700000F07F0020750398460227E00EE0216A50
:10C9800081420FD0E168A06988420BD2029801234E
:10C99000019A59464078FFF781F918B1012067756F
:10C9A0007DE701E001982062208BC0F30800C0F50C
:10C9B0000076AE4200D92E46414620443246303001
:10C9C00000F0E0FD207D40F080002075A269B044B9
:10C9D000E1689019A061884200D80846E060D9F863
:10C9E0000000AD1B811900E004E0C9F80010002D23
:10C9F0007FF462AF207D40F04000207500204EE7BC
:10CA000082B0CDE9000121F0004001909DED000BC6
:10CA100002B051EC100B7047802804D30C4A51B17E
:10CA2000FF2801D90020704702EB4000A0F580509C
:10CA3000B0F8000F7047002132F81130834203D064
:10CA4000491C89B28029F7D38031C8B270470000F1
:10CA5000DADE000830B5B0F5805F01D21B4900E096
:10CA60001B4931F8022B002A15D0904213D331F81C
:10CA7000024B52FA84F5230A8542E4B221D9092BEC
:10CA800009D2DFE803F005090E11131517191B0071
:10CA9000801A31F8100030BD811A01F00101401AEE
:10CAA00000E0103880B230BD2038FBE73038F9E7BD
:10CAB0001A38F7E70830F5E75038F3E7A0F5E35008
:10CAC000F0E7002BCDD101EB4401CAE7DADF000823
:10CAD000CCE100082DE9FF41002790460E460F608B
:10CAE00000F07FFA050003D50B2004B0BDE8F0810B
:10CAF0008B4850F825409CB1346008F0FE06207841
:10CB000020B16078FFF7D8F8C1070BD02770B8467E
:10CB1000E8B26070FFF7A2F8C10708D00320E4E78D
:10CB20000C20E2E70EB1400704D40020DDE71EB17F
:10CB3000400701D50A20D8E7002620463146FEF7F7
:10CB400043FC022822D100254FEA0D0704EB051013
:10CB500090F8F61100F5F97019B1083000F02BFBD0
:10CB600000E0002047F825006D1C042DEED30025C1
:10CB700057F8256036B131462046FEF725FC0228DD
:10CB800001D203E003206D1C042DF1D3042809D049
:10CB900002286FD204F13F0000F018FBB0F5007FCF
:10CBA00068D101E00120A0E704F14A0000F00EFB8B
:10CBB000010004D104F1580000F0FDFA014694F898
:10CBC0004450E161012DA57001D0022D52D14D4399
:10CBD00094F841006081E8B3411E08424AD104F153
:10CBE000450000F0F3FA0107208143D104F147002A
:10CBF00000F0ECFA070004D104F1540000F0DBFA75
:10CC0000074604F1420000F0E1FA020032D0238925
:10CC1000501900EB13118F422CD360897F1AB7FB98
:10CC2000F0F0B8B103274FF6F57C604500D8022735
:10CC300040F6F57C604500D801273244801C314421
:10CC4000E162A061032FC4E9086215D013B1511944
:10CC5000022F00E00EE0A1621FD000F0010100EB06
:10CC6000400001EB500000BFE16900F2FF10B1EBA2
:10CC7000502F14D20D2038E704F15E0000F0A6FA20
:10CC80000028F7D120890028F4D104F1600000F0D9
:10CC900092FAA169A0628800E6E74000E4E74FF05D
:10CCA000FF31616180202161032F20712CD104F1BB
:10CCB000640000F08BFA012826D1711C204600F098
:10CCC00072FC08BB04F2322084F8048000F07EFA83
:10CCD000A0F52A41553917D104F1340000F06BFA60
:10CCE0001049884210D104F5067000F064FA0E492C
:10CCF000884209D104F5077000F05DFA606104F51F
:10CD0000087000F058FA206105492770091F08884B
:10CD1000401C0880E0802046FEF7C4FB05E70000C9
:10CD20003C000024525261417272416173B5056842
:10CD30000446019801E0401C019001782F29FAD0A7
:10CD40005C29F8D00021A16001980078202806D243
:10CD5000802084F82F002046FEF73EFF7CBD01A90D
:10CD60002046FEF761FC0028F8D12046FEF75EFD64
:10CD700094F82F1028B10428F0D14907EED40520EB
:10CD80007CBD4907FCD4A079C006F8D5A08AC0F3C1
:10CD9000080041192846343100F0FAF9A060DEE7B6
:10CDA00013B5044801224FF6FF736946FAF702F9FA
:10CDB0001CBD00004C0600247CB51C4616460B2208
:10CDC000054600F0DFFB052C11D91A4A0CE00021C2
:10CDD000B61C23460446400863F35F04E30300D512
:10CDE0005440491C1029F4D330880028EFD1072182
:10CDF0004FEA0D0204F00F003030392800D9C01D71
:10CE000050542409A1F10101F4D17E230020535490
:10CE100000E0401C884202D22B5C202BF9D108296B
:10CE200002D2535C491C00E020232B54401C0828EC
:10CE3000F5D37CBD211001002DE9F04104680229E1
:10CE40000D460BD3A069A84208D920784FF0FF36D1
:10CE5000012807D002282BD0032839D001263046DC
:10CE6000BDE8F081606A05EB550700EB57212046CD
:10CE700000F099FB0028F2D1C7F3080020447F1C82
:10CE800090F83480606A00EB5721204600F08BFB5D
:10CE90000028E4D1C7F308002044E90790F83420C3
:10CEA00048EA022001D00609D9E7C0F30B06D6E70D
:10CEB000606A00EB1521204600F075FB0028CED1FA
:10CEC000E8B204EB4000343000F080F90646C6E7D3
:10CED000606A00EBD511204600F065FB0028BED14A
:10CEE00040F2FF1000EA85002044343000F063F97E
:10CEF00020F07046B3E7002070472DE9F047D0F8E6
:10CF000000804FF0000981F816900646C0690C4673
:10CF1000002864D0306B401C17D000252F460AE053
:10CF20000021FFF779FD08B1FF2D01D3002509E0AD
:10CF300061196D1C8875D8F80C0030F817007F1C3B
:10CF40000028EDD1611981F816900021A37D2E25CE
:10CF50000A46306A405C491C202824D0052800D1AC
:10CF6000E520092905D10BB9A718BD75A718521CD2
:10CF70007D7204EB020C8CF809009BB9A0F141070B
:10CF8000192F0DD8376A09293F7B02D34FF01008BB
:10CF900001E04FF0080817EA080F01D02030C0B2B6
:10CFA0008CF81600521C0B29D3D333B9A11881F881
:10CFB0001690306A007B00B90022A11881F8099010
:10CFC000306AC07A2072306A1C3000F0F4F82060B9
:10CFD000306A163000F0EFF8E080010CA180BDE867
:10CFE000F08710B5026804464FF0FF30002A13D0D6
:10CFF000114600E0491C0B78202B0ED33A2BF9D1B7
:10D0000012F8013B303B0A2B06D28A4204D1002B96
:10D0100002D1491C1846216010BD002010BD00003F
:10D02000F0B51E4A034605685FF0000002EB0014ED
:10D030002668AE4207D166689F68BE4203D1A468E5
:10D040005E69B44202D0401C0228EFD3022814D1FA
:10D05000002002E0401C022804D202EB00142468E5
:10D06000002CF7D102280ED002EB00140026256018
:10D070009D6865605B69A360A681002902EB0011D1
:10D08000898902D019B10020F0BD491C01E04FF49C
:10D09000807102EB0012401C9181F0BDE008002479
:10D0A000DFED0D0A10B5C0ED000AC0ED010A04461F
:10D0B00010EE100AF3F744FB9FED081B53EC112B05
:10D0C000F3F73FFA9FED071B53EC112BF3F7ABFA85
:10D0D000F3F762FBA06010BD00000000182D44545F
:10D0E000FB211940000000008084EE4070B58AB03A
:10D0F000164628220D461CA104466846F3F73AF965
:10D100000A2E4FF0000005D1002C03DA2D202870E4
:10D11000644201206946B4FBF6F32246B4FBF6F400
:10D1200006FB1322002C8A5C2A5400F10100F2D184
:10D130002146295429782D2905D00022411E10446A
:10D1400001EBD1710AE00122F8E7831AAC5C2B44B1
:10D1500013F8016CAE54521C03F8014CB2EB610F92
:10D16000F3DD0AB0284670BD3031323334353637FE
:10D1700038394142434445464748494A4B4C4D4E55
:10D180004F505152535455565758595A00000000A9
:10D1900070B50D46064601F11A0000F017F8044676
:10D1A0003078032805D105F1140000F00FF844EAA7
:10D1B0000044204670BD837842780178C07843EA05
:10D1C000002042EA002041EA0020704701784078C0
:10D1D00041EA0020704700001FB50024009401942C
:10D1E00002940394F6F7A4F901258DF80C4012215E
:10D1F0008DF808108DF809404FF010508DF80D4053
:10D2000003228DF800508DF80A508DF80E508DF8DD
:10D210000140019068468DF80B208DF80F50F6F70D
:10D2200059F90420F6F792F983490868800311D46C
:10D23000BFF34F8FBFF36F8F80480460BFF34F8FF2
:10D24000BFF36F8F086840F400300860BFF34F8F62
:10D25000BFF36F8F0868C00324D477487030046030
:10D26000BFF34F8F001F43F6FF780068734E1036F0
:10D27000C0F34E32C0F3C90308EA4217184600BF94
:10D2800047EA807CC6F800C0401EF9D2521EF3D295
:10D29000BFF34F8F086840F480300860BFF34F8FB2
:10D2A000BFF36F8FF6F76CF8FCF782F8FAF7E5FC3E
:10D2B000FAF704FA1720F6F769F9FAF753FEFAF7C6
:10D2C000A5FC5F485F4E0068C00700D03570DFF8EE
:10D2D00078A131785DA05AF82110FCF779FE3078FA
:10D2E00001283DD1FAF73AFCDFF87891D9F800002F
:10D2F000016841F0010101605BA0FCF769FE5E4F2F
:10D3000042F20F7BDFF874815D490A685A457CD18F
:10D31000D9F8000041F21113026A1A4207D1026AD9
:10D320009B101A4203D1026822F0010202605448A5
:10D33000046054A0FCF74CFED8F800103868B1EB3C
:10D34000500F4CD357A0FCF743FED8F800203968A3
:10D3500058A0FCF73DFE0220307065A0FCF738FEB7
:10D3600067A0FCF735FE317838A05AF82110FCF799
:10D370002FFEFAF7BFFC6420F5F71CFBFAF77AF9E9
:10D38000FAF784FAFAF7BCFAFAF7C4FBFAF736F9B7
:10D39000FAF750FAFAF7C6FAFAF704FCFAF780F946
:10D3A000FAF7ECFAFAF730FBFAF714FBFAF7D6FBC8
:10D3B000FAF75EFB57496FF001000D705649096896
:10D3C00008615548F9F7F8F854A0FCF701FE57A09A
:10D3D000FCF7FEFDF3F702FCF3F75CFCFCE75AA058
:10D3E000FCF7F6FD264A1849091F1460D9F8000019
:10D3F000026842F0010202600878401CC0B2421C80
:10D400000A70062807D90C7000E008E055A0FCF768
:10D41000DFFDF3F7C5FE3C60C8F8004074E75849EB
:10D420003868401C38600869C007F7D1D8F8001088
:10D43000491CC8F8001067E714ED00E050EF00E069
:10D440002448025842000024040000242053797329
:10D4500074656D5F5374617465203D202573200DE4
:10D460000A000000D804002420BFAACABCBCC6CA57
:10D47000B13153200D0A0000600000246400002434
:10D480002414004020BCC6CAB13153BDE1CAF8A380
:10D49000ACBFAACABCC5D0B6CFD0C5BAC5200D0A8C
:10D4A0000000000020D0C5BAC5D3D0D0A7200D0AF7
:10D4B000000000002057616B6575705F7369676ECF
:10D4C000616C5F636E74203D202025640D0A205737
:10D4D000616B6575705F7369676E616C5F4C6F77C8
:10D4E0005F636E74203D202564200D0A000000005B
:10D4F00020BBBDD0D1B3C9B9A6200D0A00000000E1
:10D5000020C6E4D3E0CDE2C9E8BFAAC6F4200D0AE4
:10D510000000000044000024F40300240D0A20B39E
:10D52000F5CABCBBAFCDEAB3C90D0A002A2A2A2A24
:10D53000BDF8C8EBD3C3BBA7B3CCD0F22A2A2A2AA2
:10D540000D0A0D0A0000000020D0C5BAC5CEDED0FD
:10D55000A7A3ACD6D8D0C2BFAACABCBCC6CAFD203D
:10D560000D0A000020BBBDD0D1CAA7B0DCB6E0B424
:10D57000CEA3ACBCCCD0F8D0DDC3DF200D0A0000B8
:10D5800000000258002A05D011F8013B521E00F895
:10D59000013BF9D1704700005FFA81F1521E00F89B
:10D5A000011BFBD1704770B50446006B00260D4689
:10D5B000A8420FD0204600F0CDFB06000AD16078CB
:10D5C000012304F134012A46FEF768FB08B1751EF9
:10D5D00001262563304670BD70B50C4C05462DED17
:10D5E000028BB0EE408AA06A30B90A489FED080A63
:10D5F000FFF756FD0120A062B0EE480A2946054813
:10D60000BDEC028BBDE8704000F0FAB91C010024AB
:10D6100000A00C461018002470B50C4C05462DEDEA
:10D62000028BB0EE408AE06A30B90A489FED080AE2
:10D63000FFF736FD0120E062B0EE480A29460548B2
:10D64000BDEC028BBDE8704000F0DAB91C0100248B
:10D6500000401C461C18002470B50C4C05462DEDEE
:10D66000028BB0EE408A206B30B90A489FED080A61
:10D67000FFF716FD01202063B0EE480A2946054851
:10D68000BDEC028BBDE8704000F0BAB91C0100246B
:10D6900000E02B462818002470B50C4C05462DEDF3
:10D6A000028BB0EE408A606B30B90A489FED080AE1
:10D6B000FFF7F6FC01206063B0EE480A29460548F2
:10D6C000BDEC028BBDE8704000F09AB91C0100244B
:10D6D00000803B46341800242DE9F05F4FF0000A2B
:10D6E0002B4C0F46834655464EE000BF0BEB8500A2
:10D6F00090ED000A2846FFF76FFFB0EEC00A10EE6B
:10D70000100AB0F17C5F01DC9FED220AD4ED000A23
:10D7100030EE800A84ED000AD4ED010AB4EEE00A8E
:10D72000F1EE10FA2BDDF5F7A9FBA1688146401A4E
:10D73000112824D3184E626A511C901C46F822A06E
:10D7400046F821A05028606217DBA6F18001304620
:10D75000FDF7F2FDA6F180085FF000060FA058F873
:10D760002610FCF735FC761C142EF7DB0A484FF424
:10D77000A071F2F718FEC4F824A0C4F808906D1C3C
:10D7800094ED000A84ED010ABD42AFDBBDE8F09FD5
:10D790001C0100240000000040180024255800004F
:10D7A0002DE9F05F4FF0000A2C4C0F46834655469A
:10D7B00050E000BF0BEB850090ED000A2846FFF714
:10D7C0002BFFB0EEC00A10EE100AB0F17C5F01DC56
:10D7D0009FED230AD4ED030A30EE800A84ED030A9C
:10D7E000D4ED040AB4EEE00AF1EE10FA2DDDF5F7FF
:10D7F00045FBA1688146401A112826D3194B012602
:10D80000626A511C901C43F822A043F82160502802
:10D81000606218DBA3F180011846FDF78DFDDFF88B
:10D8200044800026A8F180080FA058F82610FCF7C5
:10D83000CFFB761C142EF7DB0A484FF4A071F2F7E9
:10D84000B2FDC4F824A0C4F808906D1C94ED030A3E
:10D8500084ED040ABD42ADDBBDE8F09F1C0100244D
:10D860000000000040180024255800002DE9F05F5A
:10D870004FF0000A2D4C0F468346554652E000BF3C
:10D880000BEB850090ED000A2846FFF7E5FEB0EEB1
:10D89000C00A10EE100AB0F17C5F01DC9FED240A93
:10D8A000D4ED050A30EE800A84ED050AD4ED060AAF
:10D8B000B4EEE00AF1EE10FA2FDDF5F7DFFAA16819
:10D8C0008146401A112828D31A4B4FF0010C626A86
:10D8D000511C901C43F822C043F821A050286062DC
:10D8E00019DBA3F180011846FDF726FDDFF844801F
:10D8F0005FF00006A8F180080FA058F82610FCF78A
:10D9000067FB761C142EF7DB0A484FF4A071F2F780
:10D910004AFDC4F824A0C4F808906D1C94ED050AD3
:10D9200084ED060ABD42ABDBBDE8F09F1C0100247C
:10D930000000000040180024255800002DE9F047A1
:10D940002B4C00250F4682464EE000BF0AEB8500B7
:10D9500090ED000A2846FFF79FFEB0EEC00A10EED9
:10D96000100AB0F17C5F01DC9FED220AD4ED080AB9
:10D9700030EE800A84ED080AD4ED070AB4EEE00A1E
:10D98000F1EE10FA2BDDF5F779FAA1688146401A1D
:10D99000112824D3184E0123626A511C901C46F8AA
:10D9A000223046F821305028606216DBA6F1800153
:10D9B0003046FDF7C1FCA6F1800800260FA058F8FC
:10D9C0002610FCF705FB761C142EF7DB0A484FF4F3
:10D9D000A071F2F7E8FC00206062C4F808906D1CAA
:10D9E00094ED080A84ED070ABD42AFDBBDE8F0877D
:10D9F0001C010024000000004018002425580000ED
:10DA000070B50D4604462DED0A8BF0EE408A00EE0F
:10DA1000105AB8EEC00AD0ED020A20EE800A10EECD
:10DA2000100AF2F78DFE41EC100BFCF70DFB51ECE8
:10DA3000100BF2F7B1FE00EE105AD4ED020A09EE17
:10DA4000900AB8EEC00A20EE800A10EE100AF2F733
:10DA500077FE41EC100BFCF75BFB51EC100BF2F77F
:10DA60009BFED4ED00AA08EE100A94ED01AA2AEE5E
:10DA7000A99A19EE900A0AEE089A78EEC98AF2F786
:10DA80005FFE41EC1B0B18EE900AF2F759FE9FED7A
:10DA90001DCB53EC1C2BF2F754FD53EC1B2BF2F770
:10DAA00050FD41EC1B0B1AEE900AF2F749FE53ECC5
:10DAB0001B2BF2F79FFCF2F76FFE206018EE100AA6
:10DAC000F2F73EFE41EC1B0B18EE900AF2F738FE1F
:10DAD00053EC1C2BF2F735FD53EC1B2BF2F731FD09
:10DAE00041EC180B1AEE100AF2F72AFE53EC182B31
:10DAF000F2F780FCF2F750FE6060B0EE490ABDEC30
:10DB00000A8B70BD7B14AE47E17A943F2DE9F04754
:10DB1000022917460D4604464FF002066BD3A06952
:10DB2000A84268D920784FF00109012804D00228C2
:10DB300038D003285FD145E0616A05EB55082046DF
:10DB400001EB5821FFF72FFD060054D1C8F3080060
:10DB50002044EA0708F1010800F1340004D00178FC
:10DB6000FAB262F31F1100E03946017084F80390A5
:10DB70002046616A01EB5821FFF715FD06003AD1F6
:10DB8000C8F308002044E90700F1340002D0C7F3CD
:10DB9000071105E00178C7F3032201F0F0011143FA
:10DBA000017026E0606A00EB15212046FFF7FBFCC0
:10DBB000060020D1E8B2B9B204EB4000343000F0E6
:10DBC00073F816E0606A00EBD5112046FFF7EBFC16
:10DBD000060010D140F2FF1000EA850020443430E6
:10DBE0000546FFF7E8FA0146284667F31B0100F0F7
:10DBF00053F884F803903046BDE8F0872DE9F041F2
:10DC00000568022913460E4607462DD3A869B0427F
:10DC10002AD93BB14FF0FF3219462846FFF776FF6D
:10DC200000281FD131463846FFF706F9040018D006
:10DC3000012C19D0601C19D0002231462846FFF76C
:10DC400065FF00280ED1D5E90510821E914205D24C
:10DC50002A79491C696142F001022A712646B042C4
:10DC6000E0D80020BDE8F0810220FBE70120F9E7C1
:10DC700070B50C46154691B2064604F11A0000F044
:10DC800013F83078032806D1290C04F11400BDE8FC
:10DC9000704000F009B870BD0A0A01704270110AA4
:10DCA00081700A0AC27070470A0A01704270704798
:10DCB000014600200B2210B5440811F8013B04EB8B
:10DCC000C0101844521EC0B2F6D110BD70B5044643
:10DCD00000F040F8050036D1207803282CD12079B7
:10DCE000012829D1420204F1340000210646FFF741
:10DCF00053FC04F232204AF65521FFF7D5FF1349B1
:10DD00003046FFF7C9FF124904F50670FFF7C4FF5C
:10DD1000616904F50770FFF7BFFF216904F508701A
:10DD2000FFF7BAFF226A01233146521C2263607852
:10DD3000FDF7CCFF00202071002260781146FDF72E
:10DD4000A1FF00B10125284670BD0000525261417B
:10DD5000727241612DE9F0410446C0780027F8B1A4
:10DD6000256B04F13401607801232A468846FDF7CB
:10DD7000ADFF08B1012713E0626A0020E169AA1A29
:10DD8000E0708A420CD2A67808E0E069012341469F
:10DD9000054460782A46FDF799FF761E022EF4D2DC
:10DDA0003846BDE8F08170B504000E464FF0090515
:10DDB0000CD0206850B1017841B1A188C28891424D
:10DDC00004D14078FDF778FFC00703D00020306011
:10DDD000284670BD20680025F9E70000ED8E000898
:10DDE000A1900008618F0008A5900008098F000825
:10DDF00000061016000610160100020004000600BE
:10DE000008000A000C001000200040008000000103
:10DE100001010103070100000804020408010101D7
:10DE200000000000010203040102030406070809C0
:10DE3000809A45418E418F804545454949498E8F9D
:10DE40009092924F994F555559999A9B9C9D9E9FA0
:10DE500041494F55A5A5A6A7A8A9AAABACADAEAFA1
:10DE6000B0B1B2B3B4B5B6B7B8B9BABBBCBDBEBF3A
:10DE7000C0C1C2C3C4C5C6C7C8C9CACBCCCDCECF2A
:10DE8000D0D1D2D3D4D5D6D7D8D9DADBDCDDDEDF1A
:10DE9000E0E1E2E3E4E5E6E7E8E9EAEBECEDEEEF0A
:10DEA000F0F1F2F3F4F5F6F7F8F9FAFBFCFDFEFFFA
:10DEB00001030507090E10121416181C1E0001009C
:10DEC00004001000400000010002000001000200F8
:10DED00004000800100020000000C700FC00E9005A
:10DEE000E200E400E000E500E700EA00EB00E80003
:10DEF000EF00EE00EC00C400C500C900E600C6005B
:10DF0000F400F600F200FB00F900FF00D600DC0090
:10DF1000A200A300A500A7209201E100ED00F300FC
:10DF2000FA00F100D100AA00BA00BF001023AC0033
:10DF3000BD00BC00A100AB00BB009125922593253C
:10DF40000225242561256225562555256325512561
:10DF500057255D255C255B251025142534252C25AA
:10DF60001C2500253C255E255F255A25542569255D
:10DF70006625602550256C2567256825642565255F
:10DF800059255825522553256B256A2518250C251A
:10DF9000882584258C2590258025B103DF009303F7
:10DFA000C003A303C303B500C403A6039803A903D6
:10DFB000B4031E22C603B50329226122B1006522E3
:10DFC000642220232123F7004822B0001922B70041
:10DFD0001A227F20B200A025A00061001A03E000F1
:10DFE0001703F8000703FF0001007801000130016A
:10DFF00032010601390110014A012E0179010601A1
:10E0000080014D004302810182018201840184016B
:10E0100086018701870189018A018B018B018D01AE
:10E020008E018F0190019101910193019401F601FC
:10E0300096019701980198013D029B019C019D0169
:10E0400020029F01A001A001A201A201A401A4013C
:10E05000A601A701A701A901AA01AB01AC01AC016E
:10E06000AE01AF01AF01B101B201B301B301B5011E
:10E07000B501B701B801B801BA01BB01BC01BC01CF
:10E08000BE01F701C001C101C201C301C401C50144
:10E09000C401C701C801C701CA01CB01CA01CD0132
:10E0A0001001DD0101008E01DE011201F301030008
:10E0B000F101F401F401F8012801220212013A02EF
:10E0C0000900652C3B023B023D02662C3F024002E8
:10E0D0004102410246020A015302400081018601C9
:10E0E000550289018A0158028F015A0290015C028F
:10E0F0005D025E025F0293016102620294016402AA
:10E10000650266026702970196016A02622C6C0240
:10E110006D026E029C01700271029D017302740215
:10E120009F0176027702780279027A027B027C02F2
:10E13000642C7E027F02A60181028202A901840270
:10E14000850286028702AE014402B101B201450296
:10E150008D028E028F0290029102B7017B030300B1
:10E16000FD03FE03FF03AC03040086038803890359
:10E170008A03B1031103C2030200A303A303C40370
:10E180000803CC0303008C038E038F03D80318010C
:10E19000F2030A00F903F303F403F503F603F703AC
:10E1A000F703F903FA03FA033004200350041007BD
:10E1B000600422018A043601C1040E01CF0401006B
:10E1C000C004D00444016105260400007D1D010047
:10E1D000632C001E9601A01E5A01001F0806101F86
:10E1E0000606201F0806301F0806401F0606511F9E
:10E1F0000700591F521F5B1F541F5D1F561F5F1FD3
:10E20000601F0806701F0E00BA1FBB1FC81FC91F62
:10E21000CA1FCB1FDA1FDB1FF81FF91FEA1FEB1FF6
:10E22000FA1FFB1F801F0806901F0806A01F080684
:10E23000B01F0400B81FB91FB21FBC1FCC1F0100C4
:10E24000C31FD01F0206E01F0206E51F0100EC1FDE
:10E25000F21F0100FC1F4E2101003221702110022B
:10E26000842101008321D0241A05302C2F04602C36
:10E270000201672C0601752C0201802C6401002D1F
:10E28000260841FF1A0300003230000000000000A1
:10E29000000000000000000000000000000000007E
:10E2A000000000000000000000000000000000006E
:10E2B000000000000000000000000000010001015B
:10E2C0004000000080190024801D0024001E00244E
:10E2D00000000000000000004C5555555555A53F65
:10E2E0007751C1166CC156BF9015CB19A001FA3EEB
:10E2F000AD529C804F7E92BEC4B1B4BD9EEE213E15
:10E30000D43888BEE9FAA8BD00004054FB21F93F8B
:10E310003163621A61B4D03D0000601A61B4D03D2F
:10E320007370032E8A19A33B0000002E8A19A33BA9
:10E33000C14920259A837B390000000000000000BD
:10E340006E83F9A22915444ED15727FCC0DD34F560
:10E35000999562DB4190433CAB6351FE61C5BBDEE6
:10E360003A6E24B7E0D24D42EA2E49061C92D109FA
:10E370001CEB1DFE3EA729B1F53582E88444BB2E77
:10E3800026709CE9417E5FB439D69139F4395383C4
:10E390008B5F849C3B28F9BDFF97F81F0F9805DE23
:10E3A0008B112FEF1F6D0A5ACF7E366DB709CB2721
:10E3B000663F464F2DEA5F9EC7BA27757BF1E5EBB6
:10E3C000F739073DEA92528AB15FFB6B085D8D1FFA
:10E3D000A6F810111111813FD561C119A0012ABF02
:10E3E0007DFEB157E31DC73EEB9C2B8AE6E55ABE86
:10E3F0007CD5CF5A3AD9E53D57616B655F576F724F
:10E400006B0000004E6F726D616C000057616B65B0
:10E410005F55700046525F544F4F5F4D414E595FFC
:10E420004F50454E5F46494C4553A3BAB5B1C7B0AE
:10E43000B4F2BFAAB5C4CEC4BCFECAFDB4F3D3DAED
:10E440005F46535F534841524500000046525F57B4
:10E45000524954455F50524F544543544544A3BA22
:10E46000CEEFC0EDC7FDB6AFB1BBD0B4B1A3BBA476
:10E470000000000046525F4F4BA3BAB3C9B9A600D3
:10E4800046525F494E56414C49445F4452495645B5
:10E49000A3BAC2DFBCADC7FDB6AFBAC5CEDED0A74A
:10E4A0000000000046525F494E56414C49445F4FC0
:10E4B000424A454354A3BACEC4BCFEBBF2D5DFC426
:10E4C000BFC2BCB6D4CFF3CEDED0A70046525F4960
:10E4D0004E56414C49445F504152414D455445527E
:10E4E000A3BAB2CECAFDCEDED0A7000046525F4D21
:10E4F0004B46535F41424F52544544A3BAD3C9D30C
:10E50000DAB2CECAFDB4EDCEF3665F6D6B667328EA
:10E5100029B1BBD6D5D6B90046525F54494D454FB7
:10E520005554A3BAD4DAB9E6B6A8B5C4CAB1BCE4A6
:10E53000C4DACEDEB7A8BBF1B5C3B7C3CECABEED51
:10E54000B5C4D0EDBFC9000046525F455849535489
:10E55000A3BACEC4BCFED2D1BEADB4E6D4DA0000BC
:10E5600046525F4E4F5F50415448A3BAC2B7BEB641
:10E57000B2BBB4E6D4DA000046525F4E4F5F464964
:10E580004C45A3BACEC4BCFEB2BBB4E6D4DA00009C
:10E5900046525F494E545F455252A3BAB6CFD1D4CA
:10E5A000CAA7B0DC0000000046525F4E4F5F4649EC
:10E5B0004C4553595354454DA3BAC3BBD3D0D3D0C4
:10E5C000D0A7B5C4464154BEED00000046525F449A
:10E5D00049534B5F455252A3BAB5D7B2E3D3B2BC4D
:10E5E000FEB4EDCEF300000046525F4E4F545F5232
:10E5F00045414459A3BACEEFC0EDC7FDB6AFC3BB8A
:10E60000D3D0B9A4D7F7000046525F44454E4945E0
:10E6100044A3BAD3C9D3DABDFBD6B9B7C3CECABBFC
:10E62000F2D5DFC4BFC2BCD2D1C2FAB7C3CECAB121
:10E63000BBBEDCBEF800000046525F4C4F434B456A
:10E6400044A3BAD3C9D3DACEC4BCFEB9B2CFEDB2BB
:10E65000DFC2D4B2D9D7F7B1BBBEDCBEF800000030
:10E6600046525F4E4F545F454E41424C4544A3BA1B
:10E67000BEEDD6D0CEDEB9A4D7F7C7F800000000B3
:10E6800046525F4E4F545F454E4F5547485F434F8C
:10E690005245A3BACEDEB7A8B7D6C5E4B3A4CEC45C
:10E6A000BCFEC3FBB9A4D7F7C7F8000046525F49C8
:10E6B0004E56414C49445F4E414D45A3BACEDED043
:10E6C000A7CEC4BCFEC3FB00E8E60008000000249F
:10E6D0005C010000D609000874E700085C01002412
:10E6E000CC3C000010AA0008411304E41B080C04F1
:10E6F00013F8E303130801291482103C90D003049B
:10E700000153452E6461741A748C13CCE51B089078
:10E71000041AE8041A78041A600413ACE61B08080B
:10E72000041A480C1AA4241A4C041A80041A6014FF
:10E730001AA8141AEC0C1A18081A38101A80042A8D
:10E74000144819041E54686973200320176E6577F6
:10E750002068617665205344202B206661746673BF
:10E760002E0D0A380A5253323332207465737E01FB
:04E770004A0000005B
:040000050800029954
:00000001FF
